recipient_name,normalized_recipient_name,recipient_role,match_status,sec_cik,sec_ticker,sec_title,subaward_rows_all_year,subaward_amount_all_year_usd,subaward_rows_primary_year,subaward_amount_primary_year_usd,prime_transaction_rows_all_year,prime_transaction_amount_all_year_usd,prime_transaction_rows_primary_year,prime_transaction_amount_primary_year_usd
2G ENGINEERING LLC,2GENGINEERINGLLC,downstream_subaward,NO_EXACT_MATCH,,,,1,431029.98,1,431029.98,0,0.0,0,0.0
323 CAPITAL LLC,323CAPITALLLC,downstream_subaward,NO_EXACT_MATCH,,,,1,16525.0,0,0.0,0,0.0,0,0.0
"3M TECHNICAL CERAMICS QUAPAW, LLC",3MTECHNICALCERAMICSQUAPAWLLC,downstream_subaward,NO_EXACT_MATCH,,,,2,135800.0,2,135800.0,0,0.0,0,0.0
"4 STAR TECHNOLOGIES, INC.",4STARTECHNOLOGIESINC,prime_award,NO_EXACT_MATCH,,,,0,0.0,0,0.0,1,0.0,1,0.0
49CHESTNUT LLC,49CHESTNUTLLC,prime_award,NO_EXACT_MATCH,,,,0,0.0,0,0.0,1,16723.0,1,16723.0
5S COMPONENTS INC,5SCOMPONENTSINC,downstream_subaward,NO_EXACT_MATCH,,,,1,79580.0,0,0.0,0,0.0,0,0.0
"6K ADDITIVE, INC.",6KADDITIVEINC,downstream_subaward,NO_EXACT_MATCH,,,,2,135600.0,0,0.0,0,0.0,0,0.0
908 DEVICES INC,908DEVICESINC,downstream_subaward,EXACT_UNIQUE,0001555279,MASS,908 Devices Inc.,4,269370.0,3,205150.0,0,0.0,0,0.0
"A-1 PEST CONTROL, LLC",A1PESTCONTROLLLC,downstream_subaward,NO_EXACT_MATCH,,,,1,176600.0,1,176600.0,0,0.0,0,0.0
"A. BLAIR POWELL COMPANY, INC.",ABLAIRPOWELLCOMPANYINC,downstream_subaward,NO_EXACT_MATCH,,,,9,1761111.66,1,1279913.0,0,0.0,0,0.0
"A. V. LAUTTAMUS COMMUNICATIONS, INC.",AVLAUTTAMUSCOMMUNICATIONSINC,downstream_subaward,NO_EXACT_MATCH,,,,5,701350.18,3,145632.25,0,0.0,0,0.0
"A. W. MILLER TECHNICAL SALES, INC.",AWMILLERTECHNICALSALESINC,downstream_subaward,NO_EXACT_MATCH,,,,3,1055322.0,3,1055322.0,0,0.0,0,0.0
"A.C.I. CONTROLS, INC.",ACICONTROLSINC,downstream_subaward,NO_EXACT_MATCH,,,,1,67855.0,0,0.0,0,0.0,0,0.0
"ABBA TECHNOLOGIES, INC.",ABBATECHNOLOGIESINC,downstream_subaward+prime_award,NO_EXACT_MATCH,,,,4,524601.13,2,213107.17,2,9308.06,2,9308.06
ABM ELECTRICAL POWER SOLUTIONS LLC,ABMELECTRICALPOWERSOLUTIONSLLC,downstream_subaward,NO_EXACT_MATCH,,,,1,98320.0,0,0.0,0,0.0,0,0.0
"ABM FACILITY SUPPORT SERVICES, LLC",ABMFACILITYSUPPORTSERVICESLLC,prime_award,NO_EXACT_MATCH,,,,0,0.0,0,0.0,1,373683.88,1,373683.88
ACADEMI TRAINING CENTER LLC,ACADEMITRAININGCENTERLLC,downstream_subaward,NO_EXACT_MATCH,,,,3,123544.86,0,0.0,0,0.0,0,0.0
"ACATO INFORMATION MANAGEMENT, LLC",ACATOINFORMATIONMANAGEMENTLLC,prime_award,NO_EXACT_MATCH,,,,0,0.0,0,0.0,1,4373679.5,1,4373679.5
ACCENTURE FEDERAL SERVICES LLC,ACCENTUREFEDERALSERVICESLLC,prime_award,NO_EXACT_MATCH,,,,0,0.0,0,0.0,7,8357387.45,7,8357387.45
ACCESS ANVIL CORP,ACCESSANVILCORP,downstream_subaward,NO_EXACT_MATCH,,,,2,380158.1,1,132857.2,0,0.0,0,0.0
"ACCU-TIME SYSTEMS, INC.",ACCUTIMESYSTEMSINC,downstream_subaward,NO_EXACT_MATCH,,,,1,121686.27,0,0.0,0,0.0,0,0.0
ACCUTREX PRODUCTS INC,ACCUTREXPRODUCTSINC,downstream_subaward,NO_EXACT_MATCH,,,,1,122150.0,0,0.0,0,0.0,0,0.0
"ACE FEDERAL REPORTERS, INC.",ACEFEDERALREPORTERSINC,prime_award,NO_EXACT_MATCH,,,,0,0.0,0,0.0,1,242047.19,1,242047.19
ACE GLASS INC,ACEGLASSINC,downstream_subaward,NO_EXACT_MATCH,,,,1,36184.0,0,0.0,0,0.0,0,0.0
ACOPIAN TECHNICAL COMPANY,ACOPIANTECHNICALCOMPANY,downstream_subaward,NO_EXACT_MATCH,,,,2,135756.39,2,135756.39,0,0.0,0,0.0
"ACOUSTICAL INTERIORS, INC.",ACOUSTICALINTERIORSINC,downstream_subaward,NO_EXACT_MATCH,,,,1,39655.0,1,39655.0,0,0.0,0,0.0
ACQUISITION RESEARCH & LOGISTICS INC,ACQUISITIONRESEARCHANDLOGISTICSINC,prime_award,NO_EXACT_MATCH,,,,0,0.0,0,0.0,1,142033.5,1,142033.5
"ADEK TECHNICAL SALES, INC.",ADEKTECHNICALSALESINC,downstream_subaward,NO_EXACT_MATCH,,,,3,205181.0,1,35397.12,0,0.0,0,0.0
"ADVA CERA, LLC",ADVACERALLC,downstream_subaward,NO_EXACT_MATCH,,,,1,2500.0,0,0.0,0,0.0,0,0.0
"ADVANCED COMPUTER CONCEPTS, INC.",ADVANCEDCOMPUTERCONCEPTSINC,prime_award,NO_EXACT_MATCH,,,,0,0.0,0,0.0,1,362258.52,1,362258.52
"ADVANCED INDUSTRIAL, LLC",ADVANCEDINDUSTRIALLLC,downstream_subaward,NO_EXACT_MATCH,,,,3,266350.53,1,35796.6,0,0.0,0,0.0
"ADVANCED MAGNET LAB, INC.",ADVANCEDMAGNETLABINC,downstream_subaward,NO_EXACT_MATCH,,,,1,283000.0,0,0.0,0,0.0,0,0.0
ADVANCED MEASUREMENT TECHNOLOGY INC,ADVANCEDMEASUREMENTTECHNOLOGYINC,downstream_subaward+prime_award,NO_EXACT_MATCH,,,,2,57257.91,0,0.0,1,119121.0,1,119121.0
ADVANCED OPTICAL TECHNOLOGIES INC,ADVANCEDOPTICALTECHNOLOGIESINC,downstream_subaward,NO_EXACT_MATCH,,,,1,82000.0,0,0.0,0,0.0,0,0.0
"ADVANCED PRECISION MACHINING, INC",ADVANCEDPRECISIONMACHININGINC,downstream_subaward,NO_EXACT_MATCH,,,,3,103259.0,0,0.0,0,0.0,0,0.0
"ADVANCED SIMULATION TECHNOLOGY, INC.",ADVANCEDSIMULATIONTECHNOLOGYINC,downstream_subaward,NO_EXACT_MATCH,,,,1,206135.0,1,206135.0,0,0.0,0,0.0
"ADVANCEDPCB, INC.",ADVANCEDPCBINC,downstream_subaward,NO_EXACT_MATCH,,,,1,100000.0,0,0.0,0,0.0,0,0.0
ADVANTAGE ENGINEERING INC,ADVANTAGEENGINEERINGINC,downstream_subaward,NO_EXACT_MATCH,,,,1,30715.0,0,0.0,0,0.0,0,0.0
ADVETAGE SOLUTIONS LLC,ADVETAGESOLUTIONSLLC,downstream_subaward,NO_EXACT_MATCH,,,,1,382888.0,0,0.0,0,0.0,0,0.0
"AEGEUS INSPECTION SOLUTIONS, INC.",AEGEUSINSPECTIONSOLUTIONSINC,downstream_subaward,NO_EXACT_MATCH,,,,1,80410.0,0,0.0,0,0.0,0,0.0
"AEROG, LLC",AEROGLLC,downstream_subaward,NO_EXACT_MATCH,,,,1,25000.0,0,0.0,0,0.0,0,0.0
"AFFIGENT, LLC",AFFIGENTLLC,prime_award,NO_EXACT_MATCH,,,,0,0.0,0,0.0,3,124420.57,3,124420.57
"AGGREKO, LLC",AGGREKOLLC,downstream_subaward,NO_EXACT_MATCH,,,,3,194793.87,0,0.0,0,0.0,0,0.0
AGILENT TECHNOLOGIES INC,AGILENTTECHNOLOGIESINC,downstream_subaward,EXACT_UNIQUE,0001090872,A,"AGILENT TECHNOLOGIES, INC.",2,239967.16,2,239967.16,0,0.0,0,0.0
"AGSI, LLC",AGSILLC,downstream_subaward,NO_EXACT_MATCH,,,,5,1427763.26,2,536278.6,0,0.0,0,0.0
AGX INC,AGXINC,downstream_subaward,NO_EXACT_MATCH,,,,1,948771.0,0,0.0,0,0.0,0,0.0
AHLBERG CAMERAS INC,AHLBERGCAMERASINC,downstream_subaward,NO_EXACT_MATCH,,,,2,249288.0,2,249288.0,0,0.0,0,0.0
AHLBERG CAMERAS INC.,AHLBERGCAMERASINC,downstream_subaward,NO_EXACT_MATCH,,,,1,95014.0,0,0.0,0,0.0,0,0.0
"AIMTEK, INC.",AIMTEKINC,downstream_subaward,NO_EXACT_MATCH,,,,1,483000.0,1,483000.0,0,0.0,0,0.0
AIP PUBLISHING LLC,AIPPUBLISHINGLLC,prime_award,NO_EXACT_MATCH,,,,0,0.0,0,0.0,1,0.0,1,0.0
AIR MONITOR CORPORATION,AIRMONITORCORPORATION,downstream_subaward,NO_EXACT_MATCH,,,,1,208717.0,0,0.0,0,0.0,0,0.0
AIRTECH LLC,AIRTECHLLC,downstream_subaward,NO_EXACT_MATCH,,,,2,593595.0,0,0.0,0,0.0,0,0.0
AK MATERIAL HANDLING SYSTEMS INC,AKMATERIALHANDLINGSYSTEMSINC,downstream_subaward,NO_EXACT_MATCH,,,,1,80158.0,1,80158.0,0,0.0,0,0.0
AKIMA SYSTEMS ENGINEERING LLC,AKIMASYSTEMSENGINEERINGLLC,prime_award,NO_EXACT_MATCH,,,,0,0.0,0,0.0,4,1434828.59,4,1434828.59
"ALABAMA SPECIALTY PRODUCTS, INC.",ALABAMASPECIALTYPRODUCTSINC,downstream_subaward,NO_EXACT_MATCH,,,,1,480800.0,0,0.0,0,0.0,0,0.0
"ALARON, LLC",ALARONLLC,downstream_subaward,NO_EXACT_MATCH,,,,6,366429.4,4,224579.4,0,0.0,0,0.0
"ALBA ENTERPRISES, LLC",ALBAENTERPRISESLLC,downstream_subaward,NO_EXACT_MATCH,,,,1,27550.0,0,0.0,0,0.0,0,0.0
"ALBANY VALVE & FITTING CO., INC.",ALBANYVALVEANDFITTINGCOINC,downstream_subaward,NO_EXACT_MATCH,,,,3,173524.37,0,0.0,0,0.0,0,0.0
ALDEC INC,ALDECINC,downstream_subaward,NO_EXACT_MATCH,,,,1,61366.66,1,61366.66,0,0.0,0,0.0
ALEXTON INCORPORATED,ALEXTONINCORPORATED,prime_award,NO_EXACT_MATCH,,,,0,0.0,0,0.0,1,92811.25,1,92811.25
"ALL AMERICAN TRAILER CONNECTION ,INC.",ALLAMERICANTRAILERCONNECTIONINC,prime_award,NO_EXACT_MATCH,,,,0,0.0,0,0.0,1,236966.92,1,236966.92
"ALL WATER SYSTEMS, INC.",ALLWATERSYSTEMSINC,downstream_subaward,NO_EXACT_MATCH,,,,3,1576736.0,1,394560.0,0,0.0,0,0.0
ALLEGHENY MACHINE TOOL SYSTEMS INC,ALLEGHENYMACHINETOOLSYSTEMSINC,downstream_subaward,NO_EXACT_MATCH,,,,1,57143.0,0,0.0,0,0.0,0,0.0
ALLEGHENY SCIENCE & TECHNOLOGY CORPORATION,ALLEGHENYSCIENCEANDTECHNOLOGYCORPORATION,prime_award,NO_EXACT_MATCH,,,,0,0.0,0,0.0,5,2810778.32,5,2810778.32
"ALLIANCE FOR ENERGY INNOVATION, LLC",ALLIANCEFORENERGYINNOVATIONLLC,prime_award,NO_EXACT_MATCH,,,,0,0.0,0,0.0,4,190573563.48,4,190573563.48
ALLIANCE LAUNDRY SYSTEMS LLC,ALLIANCELAUNDRYSYSTEMSLLC,downstream_subaward,NO_EXACT_MATCH,,,,1,25290.0,0,0.0,0,0.0,0,0.0
"ALLIANCE TECHNOLOGY GROUP, LLC",ALLIANCETECHNOLOGYGROUPLLC,downstream_subaward,NO_EXACT_MATCH,,,,1,66745.0,0,0.0,0,0.0,0,0.0
"ALLIED CONTROLS, INC.",ALLIEDCONTROLSINC,downstream_subaward,NO_EXACT_MATCH,,,,1,62060.49,1,62060.49,0,0.0,0,0.0
"ALLIED HIGH TECH PRODUCTS, INC.",ALLIEDHIGHTECHPRODUCTSINC,downstream_subaward,NO_EXACT_MATCH,,,,2,114512.0,0,0.0,0,0.0,0,0.0
ALLIUM US HOLDING LLC,ALLIUMUSHOLDINGLLC,downstream_subaward+prime_award,NO_EXACT_MATCH,,,,2,1172499.0,1,1172499.0,1,62800.0,1,62800.0
"ALLUXIO, INC.",ALLUXIOINC,downstream_subaward,NO_EXACT_MATCH,,,,1,710000.0,0,0.0,0,0.0,0,0.0
ALPHA OMEGA SHELVING INC,ALPHAOMEGASHELVINGINC,downstream_subaward,NO_EXACT_MATCH,,,,3,222124.94,1,144471.8,0,0.0,0,0.0
"ALPHA SPECTRA, INC.",ALPHASPECTRAINC,downstream_subaward,NO_EXACT_MATCH,,,,5,481920.0,2,198870.0,0,0.0,0,0.0
ALPHATRONX LTD,ALPHATRONXLTD,downstream_subaward,NO_EXACT_MATCH,,,,2,128330.0,1,96330.0,0,0.0,0,0.0
ALTAIR ENGINEERING INC.,ALTAIRENGINEERINGINC,downstream_subaward,NO_EXACT_MATCH,,,,2,79200.0,1,46200.0,0,0.0,0,0.0
ALTITUDE ENERGY LLC,ALTITUDEENERGYLLC,prime_award,NO_EXACT_MATCH,,,,0,0.0,0,0.0,1,436814.21,1,436814.21
ALUTIIQ COMMERCIAL ENTERPRISES LLC,ALUTIIQCOMMERCIALENTERPRISESLLC,prime_award,NO_EXACT_MATCH,,,,0,0.0,0,0.0,1,293264.0,1,293264.0
"ALUTIIQ LOGISTICS & MAINTENANCE SERVICES, LLC",ALUTIIQLOGISTICSANDMAINTENANCESERVICESLLC,prime_award,NO_EXACT_MATCH,,,,0,0.0,0,0.0,1,0.0,1,0.0
ALVAREZ LLC,ALVAREZLLC,downstream_subaward,NO_EXACT_MATCH,,,,1,1960786.28,1,1960786.28,0,0.0,0,0.0
"AMAZON WEB SERVICES, INC.",AMAZONWEBSERVICESINC,prime_award,NO_EXACT_MATCH,,,,0,0.0,0,0.0,1,0.0,1,0.0
"AMEE BAY, LLC",AMEEBAYLLC,downstream_subaward,NO_EXACT_MATCH,,,,1,128492.0,0,0.0,0,0.0,0,0.0
"AMENTUM ENVIRONMENT & ENERGY, INC.",AMENTUMENVIRONMENTANDENERGYINC,downstream_subaward+prime_award,NO_EXACT_MATCH,,,,3,88994921.63,0,0.0,1,0.0,1,0.0
AMENTUM HOLDINGS LLC,AMENTUMHOLDINGSLLC,downstream_subaward,NO_EXACT_MATCH,,,,1,438167.0,0,0.0,0,0.0,0,0.0
"AMENTUM SERVICES, INC.",AMENTUMSERVICESINC,prime_award,NO_EXACT_MATCH,,,,0,0.0,0,0.0,1,-146685.18,1,-146685.18
"AMENTUM TECHNOLOGY, INC.",AMENTUMTECHNOLOGYINC,downstream_subaward,NO_EXACT_MATCH,,,,1,24517939.4,0,0.0,0,0.0,0,0.0
AMERICAN CRANE & EQUIPMENT CORP,AMERICANCRANEANDEQUIPMENTCORP,downstream_subaward,NO_EXACT_MATCH,,,,6,14549159.55,4,1495159.55,0,0.0,0,0.0
AMERICAN FABRICATION INC,AMERICANFABRICATIONINC,downstream_subaward,NO_EXACT_MATCH,,,,10,1562440.03,3,598805.03,0,0.0,0,0.0
AMERICAN INDUSTRIAL HYGIENE ASSOCIATION,AMERICANINDUSTRIALHYGIENEASSOCIATION,downstream_subaward,NO_EXACT_MATCH,,,,1,6490.0,0,0.0,0,0.0,0,0.0
AMERICAN ISOSTATIC PRESSES INC,AMERICANISOSTATICPRESSESINC,downstream_subaward,NO_EXACT_MATCH,,,,1,725000.0,0,0.0,0,0.0,0,0.0
"AMERICAN MATERIAL HANDLING, INC.",AMERICANMATERIALHANDLINGINC,prime_award,NO_EXACT_MATCH,,,,0,0.0,0,0.0,2,284849.0,2,284849.0
AMERICAN PHYSICAL SOCIETY,AMERICANPHYSICALSOCIETY,downstream_subaward,NO_EXACT_MATCH,,,,3,108216.0,1,36161.0,0,0.0,0,0.0
AMERICAN PRODUCTIVITY & QUALITY CENTER INC,AMERICANPRODUCTIVITYANDQUALITYCENTERINC,downstream_subaward,NO_EXACT_MATCH,,,,1,157972.0,1,157972.0,0,0.0,0,0.0
"AMES 1, LLC",AMES1LLC,prime_award,NO_EXACT_MATCH,,,,0,0.0,0,0.0,1,0.0,1,0.0
"AMET, INC.",AMETINC,downstream_subaward,NO_EXACT_MATCH,,,,1,17500.0,0,0.0,0,0.0,0,0.0
"AMETEK PROGRAMMABLE POWER, INC.",AMETEKPROGRAMMABLEPOWERINC,downstream_subaward,NO_EXACT_MATCH,,,,1,73290.0,0,0.0,0,0.0,0,0.0
AML3D USA INC.,AML3DUSAINC,downstream_subaward,NO_EXACT_MATCH,,,,1,240000.0,0,0.0,0,0.0,0,0.0
AMPHENOL (MARYLAND) INC,AMPHENOLMARYLANDINC,downstream_subaward,NO_EXACT_MATCH,,,,1,59500.0,1,59500.0,0,0.0,0,0.0
"AMPLITUDE LASER, INC.",AMPLITUDELASERINC,downstream_subaward,NO_EXACT_MATCH,,,,1,58056.0,1,58056.0,0,0.0,0,0.0
ANALEX CORPORATION,ANALEXCORPORATION,prime_award,NO_EXACT_MATCH,,,,0,0.0,0,0.0,2,0.0,2,0.0
ANARK CORPORATION,ANARKCORPORATION,downstream_subaward,NO_EXACT_MATCH,,,,1,97662.5,1,97662.5,0,0.0,0,0.0
ANIXTER INC.,ANIXTERINC,downstream_subaward,NO_EXACT_MATCH,,,,3,163325.0,0,0.0,0,0.0,0,0.0
"ANTECH SALES, INC.",ANTECHSALESINC,downstream_subaward,NO_EXACT_MATCH,,,,1,38000.0,1,38000.0,0,0.0,0,0.0
"ANTECH SYSTEMS, INC.",ANTECHSYSTEMSINC,downstream_subaward,NO_EXACT_MATCH,,,,1,231100.0,0,0.0,0,0.0,0,0.0
"ANTENNA HOUSE, INC.",ANTENNAHOUSEINC,downstream_subaward,NO_EXACT_MATCH,,,,1,230858.84,0,0.0,0,0.0,0,0.0
"ANTON PAAR USA, INC",ANTONPAARUSAINC,downstream_subaward,NO_EXACT_MATCH,,,,1,665123.0,0,0.0,0,0.0,0,0.0
APACHE STAINLESS EQUIPMENT CORP,APACHESTAINLESSEQUIPMENTCORP,downstream_subaward,NO_EXACT_MATCH,,,,1,15916.0,0,0.0,0,0.0,0,0.0
"APALACHEE, LLC",APALACHEELLC,downstream_subaward,NO_EXACT_MATCH,,,,1,507900.0,0,0.0,0,0.0,0,0.0
"APEX INSTRUMENTS, INCORPORATED",APEXINSTRUMENTSINCORPORATED,prime_award,NO_EXACT_MATCH,,,,0,0.0,0,0.0,1,0.0,1,0.0
APPLEGATE EDM LLC,APPLEGATEEDMLLC,downstream_subaward,NO_EXACT_MATCH,,,,1,201734.0,0,0.0,0,0.0,0,0.0
"APPLIED AVIONICS, LLC",APPLIEDAVIONICSLLC,downstream_subaward,NO_EXACT_MATCH,,,,1,96516.0,1,96516.0,0,0.0,0,0.0
APPLIED FLOW TECHNOLOGY LLC,APPLIEDFLOWTECHNOLOGYLLC,downstream_subaward,NO_EXACT_MATCH,,,,2,75576.2,0,0.0,0,0.0,0,0.0
"APPLIED POWER SYSTEMS, INC.",APPLIEDPOWERSYSTEMSINC,downstream_subaward,NO_EXACT_MATCH,,,,3,2609047.19,1,64450.19,0,0.0,0,0.0
"APPLIED TECHNICAL SYSTEMS, INCORPORATED",APPLIEDTECHNICALSYSTEMSINCORPORATED,downstream_subaward,NO_EXACT_MATCH,,,,1,38022.47,0,0.0,0,0.0,0,0.0
"APPLIED TEST SYSTEMS, LLC",APPLIEDTESTSYSTEMSLLC,downstream_subaward,NO_EXACT_MATCH,,,,3,161057.0,1,54679.0,0,0.0,0,0.0
"APTIM FEDERAL SERVICES, LLC",APTIMFEDERALSERVICESLLC,prime_award,NO_EXACT_MATCH,,,,0,0.0,0,0.0,1,2000000.0,1,2000000.0
AQUA-AEROBIC SYSTEMS INC,AQUAAEROBICSYSTEMSINC,downstream_subaward,NO_EXACT_MATCH,,,,1,96828.0,0,0.0,0,0.0,0,0.0
AQUATECH LLC,AQUATECHLLC,downstream_subaward,NO_EXACT_MATCH,,,,3,210.0,0,0.0,0,0.0,0,0.0
"ARAMSCO, INC.",ARAMSCOINC,downstream_subaward,NO_EXACT_MATCH,,,,1,40777.44,0,0.0,0,0.0,0,0.0
ARCHITECHTURE SOLUTIONS LLC,ARCHITECHTURESOLUTIONSLLC,prime_award,NO_EXACT_MATCH,,,,0,0.0,0,0.0,1,0.0,1,0.0
"ARCTOS TECHNOLOGY SOLUTIONS, LLC",ARCTOSTECHNOLOGYSOLUTIONSLLC,downstream_subaward,NO_EXACT_MATCH,,,,1,1875830.0,1,1875830.0,0,0.0,0,0.0
ARGUS SERVICES INC,ARGUSSERVICESINC,prime_award,NO_EXACT_MATCH,,,,0,0.0,0,0.0,2,65445.68,2,65445.68
ARI INDUSTRIES INC,ARIINDUSTRIESINC,downstream_subaward,NO_EXACT_MATCH,,,,2,237760.0,0,0.0,0,0.0,0,0.0
ARM GROUP LLC,ARMGROUPLLC,downstream_subaward,NO_EXACT_MATCH,,,,1,153230.0,0,0.0,0,0.0,0,0.0
ARNOLD MACHINERY CO,ARNOLDMACHINERYCO,downstream_subaward,NO_EXACT_MATCH,,,,4,1033792.0,2,462082.0,0,0.0,0,0.0
"ASCYNDENT, LLC",ASCYNDENTLLC,downstream_subaward,NO_EXACT_MATCH,,,,3,230000.0,0,0.0,0,0.0,0,0.0
"ASPEN TECHNOLOGY, INC.",ASPENTECHNOLOGYINC,downstream_subaward,NO_EXACT_MATCH,,,,1,106874.0,1,106874.0,0,0.0,0,0.0
ASSURANCE DATA INC,ASSURANCEDATAINC,downstream_subaward,NO_EXACT_MATCH,,,,7,799879.0,1,355000.0,0,0.0,0,0.0
ASSURANCE TECHNICAL SERVICES INC,ASSURANCETECHNICALSERVICESINC,downstream_subaward,NO_EXACT_MATCH,,,,1,220000.0,0,0.0,0,0.0,0,0.0
"ASTLEY PRECISION MACHINE COMPANY, INC.",ASTLEYPRECISIONMACHINECOMPANYINC,downstream_subaward,NO_EXACT_MATCH,,,,6,1386071.0,1,922836.0,0,0.0,0,0.0
"AT&T ENTERPRISES, LLC",ATANDTENTERPRISESLLC,prime_award,NO_EXACT_MATCH,,,,0,0.0,0,0.0,1,60000.0,1,60000.0
"ATI SPECIALTY ALLOYS & COMPONENTS, LLC",ATISPECIALTYALLOYSANDCOMPONENTSLLC,downstream_subaward,NO_EXACT_MATCH,,,,1,1469640.0,1,1469640.0,0,0.0,0,0.0
ATKINSREALIS ENERGY FEDERAL EPC INC.,ATKINSREALISENERGYFEDERALEPCINC,prime_award,NO_EXACT_MATCH,,,,0,0.0,0,0.0,1,-42100.27,1,-42100.27
ATKINSREALIS NUCLEAR SECURED LLC,ATKINSREALISNUCLEARSECUREDLLC,downstream_subaward,NO_EXACT_MATCH,,,,1,42200.0,0,0.0,0,0.0,0,0.0
"ATLANTIC CONTRACTING & SPECIALTIES, LLC",ATLANTICCONTRACTINGANDSPECIALTIESLLC,downstream_subaward,NO_EXACT_MATCH,,,,1,735415.0,1,735415.0,0,0.0,0,0.0
"ATLANTIC COUNCIL OF THE UNITED STATES, INC. (THE)",ATLANTICCOUNCILOFTHEUNITEDSTATESINCTHE,prime_award,NO_EXACT_MATCH,,,,0,0.0,0,0.0,1,-0.87,1,-0.87
ATLAS ERGONOMICS LLC,ATLASERGONOMICSLLC,downstream_subaward,NO_EXACT_MATCH,,,,1,128400.0,0,0.0,0,0.0,0,0.0
ATLAS SCIENTIFIC LLC,ATLASSCIENTIFICLLC,downstream_subaward,NO_EXACT_MATCH,,,,1,33000.0,0,0.0,0,0.0,0,0.0
ATT MOBILITY LLC,ATTMOBILITYLLC,prime_award,NO_EXACT_MATCH,,,,0,0.0,0,0.0,1,0.0,1,0.0
AUDIO-VIDEO CORPORATION.,AUDIOVIDEOCORPORATION,downstream_subaward,NO_EXACT_MATCH,,,,1,297261.0,0,0.0,0,0.0,0,0.0
"AUTHENTIC8, INC",AUTHENTIC8INC,downstream_subaward,NO_EXACT_MATCH,,,,2,1147220.0,0,0.0,0,0.0,0,0.0
AUTOCLEAR LLC,AUTOCLEARLLC,downstream_subaward,NO_EXACT_MATCH,,,,1,58600.0,1,58600.0,0,0.0,0,0.0
"AVANTECH, LLC",AVANTECHLLC,downstream_subaward,NO_EXACT_MATCH,,,,1,9674990.45,1,9674990.45,0,0.0,0,0.0
AVNET INC,AVNETINC,downstream_subaward,EXACT_UNIQUE,0000008858,AVT,AVNET INC,2,225489.06,1,101440.06,0,0.0,0,0.0
AVO MULTI-AMP CORP,AVOMULTIAMPCORP,downstream_subaward,NO_EXACT_MATCH,,,,1,50036.5,1,50036.5,0,0.0,0,0.0
B & H INTERNATIONAL LLC,BANDHINTERNATIONALLLC,prime_award,NO_EXACT_MATCH,,,,0,0.0,0,0.0,1,173690.5,1,173690.5
B M KRAMER & COMPANY INC,BMKRAMERANDCOMPANYINC,downstream_subaward,NO_EXACT_MATCH,,,,10,1252733.41,2,128372.0,0,0.0,0,0.0
BAKER AND ASSOCIATES,BAKERANDASSOCIATES,downstream_subaward,NO_EXACT_MATCH,,,,21,4207486.63,6,994961.0,0,0.0,0,0.0
BARCHART.COM INC,BARCHARTCOMINC,prime_award,NO_EXACT_MATCH,,,,0,0.0,0,0.0,1,48000.0,1,48000.0
BARNETT INDUSTRIES INC,BARNETTINDUSTRIESINC,downstream_subaward,NO_EXACT_MATCH,,,,1,33500.0,0,0.0,0,0.0,0,0.0
BARON FILTRATION COMPANY INC,BARONFILTRATIONCOMPANYINC,downstream_subaward,NO_EXACT_MATCH,,,,1,57916.95,0,0.0,0,0.0,0,0.0
"BART & ASSOCIATES, LLC",BARTANDASSOCIATESLLC,downstream_subaward,NO_EXACT_MATCH,,,,1,22157327.0,0,0.0,0,0.0,0,0.0
"BATTELLE ENERGY ALLIANCE, LLC",BATTELLEENERGYALLIANCELLC,downstream_subaward+prime_award,NO_EXACT_MATCH,,,,24,47897378.21,15,10869670.21,2,139457390.22,2,139457390.22
BATTELLE MEMORIAL INSTITUTE,BATTELLEMEMORIALINSTITUTE,downstream_subaward+prime_award,NO_EXACT_MATCH,,,,1,150000.0,1,150000.0,2,16139409.08,2,16139409.08
"BATTELLE SAVANNAH RIVER ALLIANCE, LLC",BATTELLESAVANNAHRIVERALLIANCELLC,downstream_subaward+prime_award,NO_EXACT_MATCH,,,,5,672042.83,2,136610.32,2,10000.0,2,10000.0
BCS INDUSTRIAL COMPANY,BCSINDUSTRIALCOMPANY,downstream_subaward,NO_EXACT_MATCH,,,,1,451.0,0,0.0,0,0.0,0,0.0
BEAR COMMUNICATIONS INC,BEARCOMMUNICATIONSINC,downstream_subaward,NO_EXACT_MATCH,,,,1,172306.0,0,0.0,0,0.0,0,0.0
"BEARDSLEY DESIGN ASSOCIATES ARCHITECTURE, ENGINEERING, LANDSCAPE ARCHITECTURE, D.P.C.",BEARDSLEYDESIGNASSOCIATESARCHITECTUREENGINEERINGLANDSCAPEARCHITECTUREDPC,downstream_subaward,NO_EXACT_MATCH,,,,28,4730543.0,9,2433617.0,0,0.0,0,0.0
BEAST CODE LLC,BEASTCODELLC,downstream_subaward,NO_EXACT_MATCH,,,,1,124761.29,1,124761.29,0,0.0,0,0.0
"BECHTEL PLANT MACHINERY, INC.",BECHTELPLANTMACHINERYINC,downstream_subaward,NO_EXACT_MATCH,,,,4,1075579.0,0,0.0,0,0.0,0,0.0
BEITZ LAURETTE D,BEITZLAURETTED,prime_award,NO_EXACT_MATCH,,,,0,0.0,0,0.0,1,-142484.96,1,-142484.96
"BERG ENGINEERING & SALES CO., INC.",BERGENGINEERINGANDSALESCOINC,downstream_subaward,NO_EXACT_MATCH,,,,1,130520.0,1,130520.0,0,0.0,0,0.0
"BIO-LOGIC USA, LLC",BIOLOGICUSALLC,prime_award,NO_EXACT_MATCH,,,,0,0.0,0,0.0,1,0.0,1,0.0
"BIOCENTURION, LLC",BIOCENTURIONLLC,downstream_subaward,NO_EXACT_MATCH,,,,1,73000.0,0,0.0,0,0.0,0,0.0
"BISCO INDUSTRIES, INC.",BISCOINDUSTRIESINC,downstream_subaward,NO_EXACT_MATCH,,,,1,64950.0,0,0.0,0,0.0,0,0.0
"BIZON GROUP, INC",BIZONGROUPINC,downstream_subaward,NO_EXACT_MATCH,,,,2,52042.0,0,0.0,0,0.0,0,0.0
BLACK & DECKER (U.S.) INC.,BLACKANDDECKERUSINC,downstream_subaward,NO_EXACT_MATCH,,,,1,47613.43,0,0.0,0,0.0,0,0.0
BLACK GOLD INDUSTRIES,BLACKGOLDINDUSTRIES,prime_award,NO_EXACT_MATCH,,,,0,0.0,0,0.0,1,86499.28,1,86499.28
BLACKHAWK INDUSTRIAL DISTRIBUTION INC,BLACKHAWKINDUSTRIALDISTRIBUTIONINC,downstream_subaward,NO_EXACT_MATCH,,,,2,77368.12,2,77368.12,0,0.0,0,0.0
"BLAKE GROUP HOLDINGS, INC.",BLAKEGROUPHOLDINGSINC,downstream_subaward,NO_EXACT_MATCH,,,,1,32172.33,0,0.0,0,0.0,0,0.0
"BLOOD HOUND, LLC",BLOODHOUNDLLC,downstream_subaward,NO_EXACT_MATCH,,,,1,38144.38,0,0.0,0,0.0,0,0.0
BLUCO CORP,BLUCOCORP,downstream_subaward,NO_EXACT_MATCH,,,,1,91069.0,1,91069.0,0,0.0,0,0.0
BLUE TECH INC.,BLUETECHINC,downstream_subaward+prime_award,NO_EXACT_MATCH,,,,2,371160.0,0,0.0,2,2000000.0,2,2000000.0
"BLUEBEAM, INC.",BLUEBEAMINC,downstream_subaward,NO_EXACT_MATCH,,,,1,668181.0,1,668181.0,0,0.0,0,0.0
BNC CORP.,BNCCORP,downstream_subaward,NO_EXACT_MATCH,,,,3,257100.0,0,0.0,0,0.0,0,0.0
BOBCAT OF SCHENECTADY LLC,BOBCATOFSCHENECTADYLLC,downstream_subaward,NO_EXACT_MATCH,,,,1,119061.26,1,119061.26,0,0.0,0,0.0
"BODYCOTE IMT, INC.",BODYCOTEIMTINC,downstream_subaward,NO_EXACT_MATCH,,,,3,541857.22,2,377280.72,0,0.0,0,0.0
"BOLD ZEBRAS, LLC",BOLDZEBRASLLC,downstream_subaward,NO_EXACT_MATCH,,,,1,48100.0,0,0.0,0,0.0,0,0.0
BONNEVILLE INDUSTRIAL SUPPLY CO,BONNEVILLEINDUSTRIALSUPPLYCO,downstream_subaward,NO_EXACT_MATCH,,,,1,32400.0,0,0.0,0,0.0,0,0.0
BOOZ ALLEN HAMILTON INC,BOOZALLENHAMILTONINC,prime_award,NO_EXACT_MATCH,,,,0,0.0,0,0.0,2,-38758.84,2,-38758.84
"BOSTON DYNAMICS, INC.",BOSTONDYNAMICSINC,downstream_subaward,NO_EXACT_MATCH,,,,2,406500.0,2,406500.0,0,0.0,0,0.0
"BOSTON GOVERNMENT SERVICES, LLC",BOSTONGOVERNMENTSERVICESLLC,prime_award,NO_EXACT_MATCH,,,,0,0.0,0,0.0,6,-1432109.3,6,-1432109.3
BOTACH INC.,BOTACHINC,downstream_subaward,NO_EXACT_MATCH,,,,1,50625.0,0,0.0,0,0.0,0,0.0
BOTTOM LINE TECHNOLOGIES INC,BOTTOMLINETECHNOLOGIESINC,downstream_subaward,NO_EXACT_MATCH,,,,2,520667.0,2,520667.0,0,0.0,0,0.0
BPI MECHANICAL CONSTRUCTION INC,BPIMECHANICALCONSTRUCTIONINC,prime_award,NO_EXACT_MATCH,,,,0,0.0,0,0.0,2,-7377.54,2,-7377.54
"BRAVO, INC.",BRAVOINC,downstream_subaward,NO_EXACT_MATCH,,,,1,29792.0,0,0.0,0,0.0,0,0.0
BRECHBUHLER SCALES INC,BRECHBUHLERSCALESINC,downstream_subaward,NO_EXACT_MATCH,,,,1,65076.0,0,0.0,0,0.0,0,0.0
"BRG MACHINERY CONSULTING, LLC",BRGMACHINERYCONSULTINGLLC,downstream_subaward,NO_EXACT_MATCH,,,,4,6700000.0,1,150000.0,0,0.0,0,0.0
"BRINKMANN INSTRUMENTS, INC.",BRINKMANNINSTRUMENTSINC,downstream_subaward,NO_EXACT_MATCH,,,,2,112699.78,1,71220.78,0,0.0,0,0.0
BROOKHAVEN SCIENCE ASSOCIATES LLC,BROOKHAVENSCIENCEASSOCIATESLLC,prime_award,NO_EXACT_MATCH,,,,0,0.0,0,0.0,4,39578527.74,4,39578527.74
BRUKER AXS LLC,BRUKERAXSLLC,downstream_subaward,NO_EXACT_MATCH,,,,4,872077.49,1,72278.82,0,0.0,0,0.0
"BRUKER NANO, INC",BRUKERNANOINC,downstream_subaward,NO_EXACT_MATCH,,,,3,613255.0,3,613255.0,0,0.0,0,0.0
BRUNSON INSTRUMENT COMPANY,BRUNSONINSTRUMENTCOMPANY,downstream_subaward,NO_EXACT_MATCH,,,,1,842.0,0,0.0,0,0.0,0,0.0
BS&B SAFETY SYSTEMS LLC,BSANDBSAFETYSYSTEMSLLC,downstream_subaward,NO_EXACT_MATCH,,,,1,44404.0,0,0.0,0,0.0,0,0.0
BUREAU VERITAS INSPECTION AND INSURANCE COMPANY,BUREAUVERITASINSPECTIONANDINSURANCECOMPANY,downstream_subaward,NO_EXACT_MATCH,,,,1,128550.0,1,128550.0,0,0.0,0,0.0
"BURNS INDUSTRIAL EQUIPMENT, INC",BURNSINDUSTRIALEQUIPMENTINC,downstream_subaward,NO_EXACT_MATCH,,,,4,481848.45,1,83980.7,0,0.0,0,0.0
"BURT PROCESS EQUIPMENT, INC.",BURTPROCESSEQUIPMENTINC,downstream_subaward,NO_EXACT_MATCH,,,,1,49300.0,1,49300.0,0,0.0,0,0.0
"BUSINESS MANAGEMENT RESEARCH ASSOCIATES, INC.",BUSINESSMANAGEMENTRESEARCHASSOCIATESINC,prime_award,NO_EXACT_MATCH,,,,0,0.0,0,0.0,2,91455.32,2,91455.32
BUTLER BROTHERS SUPPLY DIVISION,BUTLERBROTHERSSUPPLYDIVISION,downstream_subaward,NO_EXACT_MATCH,,,,1,39498.48,0,0.0,0,0.0,0,0.0
BWSR LLC,BWSRLLC,downstream_subaward,NO_EXACT_MATCH,,,,1,24997979.0,0,0.0,0,0.0,0,0.0
BWXT ADVANCED TECHNOLOGIES LLC,BWXTADVANCEDTECHNOLOGIESLLC,downstream_subaward,NO_EXACT_MATCH,,,,1,4553268.0,0,0.0,0,0.0,0,0.0
"BWXT NUCLEAR OPERATIONS GROUP, INC.",BWXTNUCLEAROPERATIONSGROUPINC,downstream_subaward,NO_EXACT_MATCH,,,,2,1787845.0,1,1697040.0,0,0.0,0,0.0
BY LIGHT PROFESSIONAL IT SERVICES LLC,BYLIGHTPROFESSIONALITSERVICESLLC,prime_award,NO_EXACT_MATCH,,,,0,0.0,0,0.0,1,1075049.0,1,1075049.0
C6I SERVICES CORP,C6ISERVICESCORP,downstream_subaward,NO_EXACT_MATCH,,,,3,1430809.8,2,689245.0,0,0.0,0,0.0
CADENCE DESIGN SYSTEMS INC,CADENCEDESIGNSYSTEMSINC,downstream_subaward,EXACT_UNIQUE,0000813672,CDNS,CADENCE DESIGN SYSTEMS INC,2,66040.0,0,0.0,0,0.0,0,0.0
"CADIMENSIONS, INC.",CADIMENSIONSINC,downstream_subaward,NO_EXACT_MATCH,,,,2,181475.0,0,0.0,0,0.0,0,0.0
CAMBRIDGE FLOW SOLUTIONS LIMITED,CAMBRIDGEFLOWSOLUTIONSLIMITED,downstream_subaward,NO_EXACT_MATCH,,,,1,123812.0,0,0.0,0,0.0,0,0.0
CAMBRIDGE VALLEY MACHINING INC,CAMBRIDGEVALLEYMACHININGINC,downstream_subaward,NO_EXACT_MATCH,,,,3,254942.0,0,0.0,0,0.0,0,0.0
"CANARY LABS, INC.",CANARYLABSINC,downstream_subaward,NO_EXACT_MATCH,,,,2,111705.0,1,60930.0,0,0.0,0,0.0
CAPITAL TECHNICAL RESCUE & SAFETY CONSULTANTS LLC,CAPITALTECHNICALRESCUEANDSAFETYCONSULTANTSLLC,downstream_subaward,NO_EXACT_MATCH,,,,1,54720.0,0,0.0,0,0.0,0,0.0
CAPITAL TRACTOR INC,CAPITALTRACTORINC,downstream_subaward,NO_EXACT_MATCH,,,,1,244674.0,0,0.0,0,0.0,0,0.0
"CAPITOL POWER GROUP, L.L.C.",CAPITOLPOWERGROUPLLC,downstream_subaward,NO_EXACT_MATCH,,,,1,166119.0,1,166119.0,0,0.0,0,0.0
"CAPRICE ELECTRONICS, INC",CAPRICEELECTRONICSINC,prime_award,NO_EXACT_MATCH,,,,0,0.0,0,0.0,1,0.0,1,0.0
CARAHSOFT TECHNOLOGY CORP,CARAHSOFTTECHNOLOGYCORP,downstream_subaward+prime_award,NO_EXACT_MATCH,,,,10,1370708.98,4,659841.2,3,2404578.6,3,2404578.6
"CARDIO PARTNERS, INC.",CARDIOPARTNERSINC,downstream_subaward,NO_EXACT_MATCH,,,,2,100500.0,0,0.0,0,0.0,0,0.0
CAREERARC GROUP LLC,CAREERARCGROUPLLC,downstream_subaward,NO_EXACT_MATCH,,,,1,59400.0,1,59400.0,0,0.0,0,0.0
CARL ZEISS INDUSTRIAL QUALITY SOLUTIONS LLC,CARLZEISSINDUSTRIALQUALITYSOLUTIONSLLC,downstream_subaward,NO_EXACT_MATCH,,,,2,650414.02,0,0.0,0,0.0,0,0.0
"CARL ZEISS MICROSCOPY, LLC",CARLZEISSMICROSCOPYLLC,downstream_subaward,NO_EXACT_MATCH,,,,3,94567.32,1,30131.52,0,0.0,0,0.0
CARPENTER ADDITIVE U.S. LLC,CARPENTERADDITIVEUSLLC,downstream_subaward,NO_EXACT_MATCH,,,,3,206967.71,0,0.0,0,0.0,0,0.0
CARPENTER TECHNOLOGY CORPORATION,CARPENTERTECHNOLOGYCORPORATION,downstream_subaward,NO_EXACT_MATCH,,,,3,281932.58,0,0.0,0,0.0,0,0.0
"CASELLA MAJOR ACCOUNT SERVICES, LLC",CASELLAMAJORACCOUNTSERVICESLLC,downstream_subaward,NO_EXACT_MATCH,,,,2,5538740.01,0,0.0,0,0.0,0,0.0
"CATE INDUSTRIAL SOLUTIONS, LLC",CATEINDUSTRIALSOLUTIONSLLC,downstream_subaward,NO_EXACT_MATCH,,,,2,378654.12,2,378654.12,0,0.0,0,0.0
CATERPILLAR INC,CATERPILLARINC,downstream_subaward,EXACT_UNIQUE,0000018230,CAT,CATERPILLAR INC,2,455732.0,0,0.0,0,0.0,0,0.0
CBM FABRICATION INC,CBMFABRICATIONINC,downstream_subaward,NO_EXACT_MATCH,,,,2,170575.0,2,170575.0,0,0.0,0,0.0
"CBM FABRICATIONS, INC",CBMFABRICATIONSINC,downstream_subaward,NO_EXACT_MATCH,,,,1,6000.0,0,0.0,0,0.0,0,0.0
CDM FEDERAL PROGRAMS CORPORATION,CDMFEDERALPROGRAMSCORPORATION,downstream_subaward,NO_EXACT_MATCH,,,,6,1017071.99,0,0.0,0,0.0,0,0.0
CDW GOVERNMENT LLC,CDWGOVERNMENTLLC,downstream_subaward+prime_award,NO_EXACT_MATCH,,,,4,627818.04,1,115064.04,1,0.0,1,0.0
CELLCO PARTNERSHIP,CELLCOPARTNERSHIP,downstream_subaward+prime_award,NO_EXACT_MATCH,,,,2,39922.41,1,32922.41,1,31604.72,1,31604.72
"CENTERRA GROUP, LLC",CENTERRAGROUPLLC,prime_award,NO_EXACT_MATCH,,,,0,0.0,0,0.0,1,3081467.97,1,3081467.97
CENTRAL DIVERS L.L.C,CENTRALDIVERSLLC,prime_award,NO_EXACT_MATCH,,,,0,0.0,0,0.0,1,43800.0,1,43800.0
"CENTRAL PLATEAU CLEANUP COMPANY, LLC",CENTRALPLATEAUCLEANUPCOMPANYLLC,prime_award,NO_EXACT_MATCH,,,,0,0.0,0,0.0,4,43232448.69,4,43232448.69
CENTRAL PRODUCTS LLC,CENTRALPRODUCTSLLC,downstream_subaward,NO_EXACT_MATCH,,,,1,64552.0,0,0.0,0,0.0,0,0.0
CENTRAL VALLEY MACHINE INC,CENTRALVALLEYMACHINEINC,downstream_subaward,NO_EXACT_MATCH,,,,2,234919.18,1,54553.18,0,0.0,0,0.0
"CH2M HILL BWXT WEST VALLEY, LLC",CH2MHILLBWXTWESTVALLEYLLC,prime_award,NO_EXACT_MATCH,,,,0,0.0,0,0.0,2,13724957.38,2,13724957.38
CHAINBRIDGE SOLUTIONS INCORPORATED,CHAINBRIDGESOLUTIONSINCORPORATED,prime_award,NO_EXACT_MATCH,,,,0,0.0,0,0.0,1,44935.1,1,44935.1
"CHAMPION, INC.",CHAMPIONINC,downstream_subaward,NO_EXACT_MATCH,,,,9,52786060.19,0,0.0,0,0.0,0,0.0
CHANT ENGINEERING CO INC,CHANTENGINEERINGCOINC,downstream_subaward,NO_EXACT_MATCH,,,,1,38820.0,0,0.0,0,0.0,0,0.0
"CHEMCUT HOLDINGS, LLC",CHEMCUTHOLDINGSLLC,downstream_subaward,NO_EXACT_MATCH,,,,1,37920.0,0,0.0,0,0.0,0,0.0
"CHENEGA ARCHITECTURE AND DESIGN SOLUTIONS, LLC",CHENEGAARCHITECTUREANDDESIGNSOLUTIONSLLC,prime_award,NO_EXACT_MATCH,,,,0,0.0,0,0.0,1,182954.75,1,182954.75
"CHENEGA WORLDWIDE SUPPORT, LLC",CHENEGAWORLDWIDESUPPORTLLC,prime_award,NO_EXACT_MATCH,,,,0,0.0,0,0.0,1,49149.71,1,49149.71
"CHEROKEE NATION STRATEGIC PROGRAMS, L.L.C.",CHEROKEENATIONSTRATEGICPROGRAMSLLC,prime_award,NO_EXACT_MATCH,,,,0,0.0,0,0.0,1,0.0,1,0.0
"CHESTER SUPPLY, LLC",CHESTERSUPPLYLLC,prime_award,NO_EXACT_MATCH,,,,0,0.0,0,0.0,1,0.0,1,0.0
"CHICKASAW MANAGEMENT SERVICES, LLC",CHICKASAWMANAGEMENTSERVICESLLC,prime_award,NO_EXACT_MATCH,,,,0,0.0,0,0.0,2,7500000.0,2,7500000.0
"CHICKASAW STRATEGIC POINTE, LLC",CHICKASAWSTRATEGICPOINTELLC,prime_award,NO_EXACT_MATCH,,,,0,0.0,0,0.0,1,-195326.01,1,-195326.01
CHROMALOX INC,CHROMALOXINC,downstream_subaward,NO_EXACT_MATCH,,,,2,842294.0,0,0.0,0,0.0,0,0.0
CIMQUEST INC,CIMQUESTINC,downstream_subaward,NO_EXACT_MATCH,,,,4,124158.0,1,38163.0,0,0.0,0,0.0
"CIS SECURE COMPUTING, INC.",CISSECURECOMPUTINGINC,downstream_subaward,NO_EXACT_MATCH,,,,1,209475.0,1,209475.0,0,0.0,0,0.0
CLARK-MXR INC,CLARKMXRINC,downstream_subaward,NO_EXACT_MATCH,,,,1,412490.0,0,0.0,0,0.0,0,0.0
CLARKE HESS COMMUNICATION RESEARCH CORP,CLARKEHESSCOMMUNICATIONRESEARCHCORP,downstream_subaward,NO_EXACT_MATCH,,,,1,43900.0,0,0.0,0,0.0,0,0.0
CLAYTON ENGINEERING CO,CLAYTONENGINEERINGCO,downstream_subaward,NO_EXACT_MATCH,,,,17,2035711.97,4,1305423.84,0,0.0,0,0.0
CLEAN HARBORS ENVIRONMENTAL SERVICES INC,CLEANHARBORSENVIRONMENTALSERVICESINC,downstream_subaward,NO_EXACT_MATCH,,,,10,1735376.22,0,0.0,0,0.0,0,0.0
CLYDE ARMORY INC,CLYDEARMORYINC,downstream_subaward,NO_EXACT_MATCH,,,,1,38289.3,0,0.0,0,0.0,0,0.0
CMB CONSULTANTS LC,CMBCONSULTANTSLC,downstream_subaward,NO_EXACT_MATCH,,,,1,125985.0,0,0.0,0,0.0,0,0.0
CMS CIRCUITS INC,CMSCIRCUITSINC,downstream_subaward,NO_EXACT_MATCH,,,,1,73578.0,0,0.0,0,0.0,0,0.0
COASPIRE LLC,COASPIRELLC,downstream_subaward,NO_EXACT_MATCH,,,,1,3330264.29,1,3330264.29,0,0.0,0,0.0
COFFMAN ELECTRICAL EQUIPMENT CO.,COFFMANELECTRICALEQUIPMENTCO,downstream_subaward,NO_EXACT_MATCH,,,,1,35854.0,1,35854.0,0,0.0,0,0.0
"COHERENT NA, INC.",COHERENTNAINC,prime_award,NO_EXACT_MATCH,,,,0,0.0,0,0.0,1,0.0,1,0.0
COHNREZNICK LLP,COHNREZNICKLLP,prime_award,NO_EXACT_MATCH,,,,0,0.0,0,0.0,3,157104.65,3,157104.65
"COLLEAGUE CONSULTING, LLC",COLLEAGUECONSULTINGLLC,prime_award,NO_EXACT_MATCH,,,,0,0.0,0,0.0,1,481030.0,1,481030.0
COLORADO ENGINEERING EXPERIMENT STATION INC,COLORADOENGINEERINGEXPERIMENTSTATIONINC,downstream_subaward,NO_EXACT_MATCH,,,,1,32719.0,0,0.0,0,0.0,0,0.0
COLOSSAL CONTRACTING LLC,COLOSSALCONTRACTINGLLC,downstream_subaward,NO_EXACT_MATCH,,,,231,65916438.59,83,21975954.37,0,0.0,0,0.0
"COLUMBIA ENERGY & ENVIRONMENTAL SERVICES, INC.",COLUMBIAENERGYANDENVIRONMENTALSERVICESINC,downstream_subaward,NO_EXACT_MATCH,,,,2,444943.5,1,255561.5,0,0.0,0,0.0
COMBUSTION SERVICE & EQUIPMENT CO,COMBUSTIONSERVICEANDEQUIPMENTCO,downstream_subaward,NO_EXACT_MATCH,,,,1,32800.0,1,32800.0,0,0.0,0,0.0
"COMFORT SUPPLY, INC",COMFORTSUPPLYINC,downstream_subaward,NO_EXACT_MATCH,,,,1,19337.0,0,0.0,0,0.0,0,0.0
"COMMUNICATIONS CONSULTING, INC",COMMUNICATIONSCONSULTINGINC,downstream_subaward,NO_EXACT_MATCH,,,,1,41377.03,1,41377.03,0,0.0,0,0.0
"COMPASS SYSTEMS, INC.",COMPASSSYSTEMSINC,downstream_subaward,NO_EXACT_MATCH,,,,1,226438.0,0,0.0,0,0.0,0,0.0
COMPLEX FABRICATORS INC,COMPLEXFABRICATORSINC,downstream_subaward,NO_EXACT_MATCH,,,,1,66400.0,0,0.0,0,0.0,0,0.0
"COMPREX, LLC",COMPREXLLC,downstream_subaward,NO_EXACT_MATCH,,,,1,245000.0,0,0.0,0,0.0,0,0.0
"COMPUCOM, INC.",COMPUCOMINC,downstream_subaward,NO_EXACT_MATCH,,,,1,76730.0,0,0.0,0,0.0,0,0.0
COMPUTER AIDED TECHNOLOGY LLC,COMPUTERAIDEDTECHNOLOGYLLC,downstream_subaward,NO_EXACT_MATCH,,,,1,49347.0,0,0.0,0,0.0,0,0.0
"COMPUTERIZED FACILITY INTEGRATION, LLC",COMPUTERIZEDFACILITYINTEGRATIONLLC,downstream_subaward,NO_EXACT_MATCH,,,,1,334327.01,1,334327.01,0,0.0,0,0.0
"COMSOL, INC.",COMSOLINC,downstream_subaward,NO_EXACT_MATCH,,,,1,87940.0,0,0.0,0,0.0,0,0.0
CONAX TECHNOLOGIES LLC,CONAXTECHNOLOGIESLLC,downstream_subaward,NO_EXACT_MATCH,,,,1,61300.0,1,61300.0,0,0.0,0,0.0
"CONCEPTS NREC, LLC",CONCEPTSNRECLLC,downstream_subaward,NO_EXACT_MATCH,,,,1,291784.0,0,0.0,0,0.0,0,0.0
"CONCUR TECHNOLOGIES, INC.",CONCURTECHNOLOGIESINC,downstream_subaward,NO_EXACT_MATCH,,,,1,700126.32,0,0.0,0,0.0,0,0.0
"CONFERENCE TECHNOLOGIES, INC.",CONFERENCETECHNOLOGIESINC,prime_award,NO_EXACT_MATCH,,,,0,0.0,0,0.0,1,0.0,1,0.0
"CONNECTICUT TRAILERS, INC.",CONNECTICUTTRAILERSINC,downstream_subaward,NO_EXACT_MATCH,,,,1,31803.0,0,0.0,0,0.0,0,0.0
"CONSIGLI CONSTRUCTION CO., INC.",CONSIGLICONSTRUCTIONCOINC,downstream_subaward,NO_EXACT_MATCH,,,,2,14228995.0,0,0.0,0,0.0,0,0.0
"CONSOLIDATED ELECTRICAL DISTRIBUTORS, INC.",CONSOLIDATEDELECTRICALDISTRIBUTORSINC,downstream_subaward,NO_EXACT_MATCH,,,,1,17284.0,0,0.0,0,0.0,0,0.0
"CONSOLIDATED NUCLEAR SECURITY, LLC",CONSOLIDATEDNUCLEARSECURITYLLC,prime_award,NO_EXACT_MATCH,,,,0,0.0,0,0.0,2,20181891.73,2,20181891.73
CONTAINER ALLIANCE CO,CONTAINERALLIANCECO,downstream_subaward,NO_EXACT_MATCH,,,,1,13200.0,0,0.0,0,0.0,0,0.0
CONTAINER PRODUCTS CORPORATION,CONTAINERPRODUCTSCORPORATION,downstream_subaward,NO_EXACT_MATCH,,,,6,705732.0,1,48300.0,0,0.0,0,0.0
CONTAINER PROVIDERS INC.,CONTAINERPROVIDERSINC,downstream_subaward,NO_EXACT_MATCH,,,,1,82200.0,0,0.0,0,0.0,0,0.0
"CONTROL DESIGN, INC",CONTROLDESIGNINC,downstream_subaward,NO_EXACT_MATCH,,,,1,63520.0,1,63520.0,0,0.0,0,0.0
COOLING AND POWER RENTALS INC,COOLINGANDPOWERRENTALSINC,downstream_subaward,NO_EXACT_MATCH,,,,1,143166.0,1,143166.0,0,0.0,0,0.0
"COPYRIGHT CLEARANCE CENTER, INC.",COPYRIGHTCLEARANCECENTERINC,downstream_subaward,NO_EXACT_MATCH,,,,2,244036.0,0,0.0,0,0.0,0,0.0
CORITY SOFTWARE (USA) INC.,CORITYSOFTWAREUSAINC,downstream_subaward,NO_EXACT_MATCH,,,,1,280830.0,0,0.0,0,0.0,0,0.0
"COYOTE CREEK CONSULTING, INC.",COYOTECREEKCONSULTINGINC,downstream_subaward,NO_EXACT_MATCH,,,,1,132650.0,0,0.0,0,0.0,0,0.0
"CQ-ROLL CALL, INC",CQROLLCALLINC,prime_award,NO_EXACT_MATCH,,,,0,0.0,0,0.0,1,15447.0,1,15447.0
CREAFORM USA INC,CREAFORMUSAINC,downstream_subaward,NO_EXACT_MATCH,,,,2,167640.0,1,98005.0,0,0.0,0,0.0
CRISTO DEMOLITION INC,CRISTODEMOLITIONINC,downstream_subaward,NO_EXACT_MATCH,,,,1,783662.0,0,0.0,0,0.0,0,0.0
"CRITERION SYSTEMS, L.L.C.",CRITERIONSYSTEMSLLC,prime_award,NO_EXACT_MATCH,,,,0,0.0,0,0.0,2,-388785.03,2,-388785.03
CRONMILLER MARKETING,CRONMILLERMARKETING,downstream_subaward,NO_EXACT_MATCH,,,,1,35550.0,1,35550.0,0,0.0,0,0.0
CROWN CASTLE FIBER LLC,CROWNCASTLEFIBERLLC,downstream_subaward,NO_EXACT_MATCH,,,,1,42000.0,0,0.0,0,0.0,0,0.0
"CRYSTAL GROUP, INC",CRYSTALGROUPINC,downstream_subaward,NO_EXACT_MATCH,,,,1,150702.0,0,0.0,0,0.0,0,0.0
"CTG FEDERAL, LLC",CTGFEDERALLLC,downstream_subaward+prime_award,NO_EXACT_MATCH,,,,42,32308871.59,15,15431212.71,1,451900.0,1,451900.0
"CTI AND ASSOCIATES, INC.",CTIANDASSOCIATESINC,prime_award,NO_EXACT_MATCH,,,,0,0.0,0,0.0,1,0.0,1,0.0
CUMMINS KENNETH L,CUMMINSKENNETHL,prime_award,NO_EXACT_MATCH,,,,0,0.0,0,0.0,1,-3306.22,1,-3306.22
"CUMMINS-WAGNER COMPANY, INC.",CUMMINSWAGNERCOMPANYINC,downstream_subaward,NO_EXACT_MATCH,,,,1,31700.0,0,0.0,0,0.0,0,0.0
CURTIS A VANCURA,CURTISAVANCURA,downstream_subaward,NO_EXACT_MATCH,,,,1,87582.0,0,0.0,0,0.0,0,0.0
"CURTISS-WRIGHT FLOW CONTROL SERVICE, LLC",CURTISSWRIGHTFLOWCONTROLSERVICELLC,downstream_subaward,NO_EXACT_MATCH,,,,2,130115.0,0,0.0,0,0.0,0,0.0
CUSTOM ENGINEERING CO.,CUSTOMENGINEERINGCO,downstream_subaward,NO_EXACT_MATCH,,,,11,1554695.0,1,87435.0,0,0.0,0,0.0
CUSTOM TOOL & MODEL CORP,CUSTOMTOOLANDMODELCORP,downstream_subaward,NO_EXACT_MATCH,,,,1,36980.0,0,0.0,0,0.0,0,0.0
CUSTOM TOOL & MODEL CORP.,CUSTOMTOOLANDMODELCORP,downstream_subaward,NO_EXACT_MATCH,,,,4,424365.0,2,355875.0,0,0.0,0,0.0
CYKOR LLC,CYKORLLC,downstream_subaward,NO_EXACT_MATCH,,,,1,111470.44,0,0.0,0,0.0,0,0.0
CYNERGY PROFESSIONAL SYSTEMS LLC,CYNERGYPROFESSIONALSYSTEMSLLC,downstream_subaward,NO_EXACT_MATCH,,,,2,847220.04,0,0.0,0,0.0,0,0.0
D & S ENTERPRISES INC,DANDSENTERPRISESINC,downstream_subaward,NO_EXACT_MATCH,,,,1,41229.05,0,0.0,0,0.0,0,0.0
DAC WORLDWIDE LLC,DACWORLDWIDELLC,downstream_subaward,NO_EXACT_MATCH,,,,2,316850.0,1,112270.0,0,0.0,0,0.0
"DALE HUFFAKER TRUCK AND BACKHOE, L.L.C.",DALEHUFFAKERTRUCKANDBACKHOELLC,downstream_subaward,NO_EXACT_MATCH,,,,5,2131934.93,0,0.0,0,0.0,0,0.0
"DANTEC DYNAMICS, INC.",DANTECDYNAMICSINC,downstream_subaward,NO_EXACT_MATCH,,,,1,67227.4,1,67227.4,0,0.0,0,0.0
DATA CLEAN LLC,DATACLEANLLC,downstream_subaward,NO_EXACT_MATCH,,,,1,111237.0,0,0.0,0,0.0,0,0.0
DATA PHYSICS CORPORATION,DATAPHYSICSCORPORATION,downstream_subaward,NO_EXACT_MATCH,,,,3,1911140.0,1,1196240.0,0,0.0,0,0.0
"DATA SECURITY, INC",DATASECURITYINC,downstream_subaward,NO_EXACT_MATCH,,,,1,46804.0,0,0.0,0,0.0,0,0.0
"DATRON USA, INC.",DATRONUSAINC,downstream_subaward,NO_EXACT_MATCH,,,,1,164381.5,0,0.0,0,0.0,0,0.0
"DAVIES OFFICE REFURBISHING, INC.",DAVIESOFFICEREFURBISHINGINC,downstream_subaward,NO_EXACT_MATCH,,,,17,3334472.29,6,375658.12,0,0.0,0,0.0
DAVIS CONTROLS CORP,DAVISCONTROLSCORP,downstream_subaward,NO_EXACT_MATCH,,,,1,64830.0,1,64830.0,0,0.0,0,0.0
"DAVIS-ULMER SPRINKLER COMPANY, INC.",DAVISULMERSPRINKLERCOMPANYINC,downstream_subaward,NO_EXACT_MATCH,,,,1,668218.25,1,668218.25,0,0.0,0,0.0
DBM INC,DBMINC,prime_award,NO_EXACT_MATCH,,,,0,0.0,0,0.0,1,37000.0,1,37000.0
DCAA CENTRAL REGION,DCAACENTRALREGION,downstream_subaward,NO_EXACT_MATCH,,,,2,90520.47,2,90520.47,0,0.0,0,0.0
DEC USA INC,DECUSAINC,downstream_subaward,NO_EXACT_MATCH,,,,2,844083.05,0,0.0,0,0.0,0,0.0
"DEFENSHIELD, INC.",DEFENSHIELDINC,downstream_subaward,NO_EXACT_MATCH,,,,1,216118.44,0,0.0,0,0.0,0,0.0
DELOITTE CONSULTING LLP,DELOITTECONSULTINGLLP,prime_award,NO_EXACT_MATCH,,,,0,0.0,0,0.0,2,1624446.95,2,1624446.95
DEPENDABLE TOOL & DIE CO INC,DEPENDABLETOOLANDDIECOINC,downstream_subaward,NO_EXACT_MATCH,,,,17,1998264.0,6,1296615.0,0,0.0,0,0.0
"DEPENDABLE TOOL & DIE CO., INC.",DEPENDABLETOOLANDDIECOINC,downstream_subaward,NO_EXACT_MATCH,,,,10,1150660.0,0,0.0,0,0.0,0,0.0
DESERT PEAK GENERAL CONTRACTORS LLC,DESERTPEAKGENERALCONTRACTORSLLC,downstream_subaward,NO_EXACT_MATCH,,,,1,63038.0,0,0.0,0,0.0,0,0.0
"DESIGN & SOFTWARE INTERNATIONAL, INC",DESIGNANDSOFTWAREINTERNATIONALINC,downstream_subaward,NO_EXACT_MATCH,,,,2,208060.0,1,30700.0,0,0.0,0,0.0
DESIGN SCIENCE INC,DESIGNSCIENCEINC,downstream_subaward,NO_EXACT_MATCH,,,,1,18370.0,0,0.0,0,0.0,0,0.0
DETECTACHEM INC.,DETECTACHEMINC,downstream_subaward,NO_EXACT_MATCH,,,,3,132493.5,1,76800.5,0,0.0,0,0.0
"DEVELOPMENT CAPITAL & FINANCING, LLC",DEVELOPMENTCAPITALANDFINANCINGLLC,prime_award,NO_EXACT_MATCH,,,,0,0.0,0,0.0,1,0.0,1,0.0
"DEVELOPMENT DIMENSIONS INTERNATIONAL, INC.",DEVELOPMENTDIMENSIONSINTERNATIONALINC,downstream_subaward,NO_EXACT_MATCH,,,,1,323000.0,1,323000.0,0,0.0,0,0.0
DEWESOFT LLC,DEWESOFTLLC,downstream_subaward,NO_EXACT_MATCH,,,,2,145035.0,0,0.0,0,0.0,0,0.0
"DH TECHNOLOGIES, INC.",DHTECHNOLOGIESINC,downstream_subaward,NO_EXACT_MATCH,,,,10,2929443.99,2,147967.46,0,0.0,0,0.0
"DIAKONT ADVANCED TECHNOLOGIES, INC.",DIAKONTADVANCEDTECHNOLOGIESINC,downstream_subaward,NO_EXACT_MATCH,,,,1,1193440.0,1,1193440.0,0,0.0,0,0.0
"DIAMOND SYSTEMS, LLC",DIAMONDSYSTEMSLLC,downstream_subaward,NO_EXACT_MATCH,,,,1,54092.0,1,54092.0,0,0.0,0,0.0
"DIAMONDROCK DC M STREET TENANT, LLC",DIAMONDROCKDCMSTREETTENANTLLC,prime_award,NO_EXACT_MATCH,,,,0,0.0,0,0.0,1,183994.2,1,183994.2
DICK BUILDING CO LLC,DICKBUILDINGCOLLC,downstream_subaward,NO_EXACT_MATCH,,,,1,294968.0,0,0.0,0,0.0,0,0.0
DICK BUILDING COMPANY LLC,DICKBUILDINGCOMPANYLLC,downstream_subaward,NO_EXACT_MATCH,,,,1,2179019.0,0,0.0,0,0.0,0,0.0
DIGI-KEY CORP,DIGIKEYCORP,downstream_subaward,NO_EXACT_MATCH,,,,1,3933.0,0,0.0,0,0.0,0,0.0
DIGITAL ARCHETYPE LLC,DIGITALARCHETYPELLC,downstream_subaward,NO_EXACT_MATCH,,,,1,47784.0,0,0.0,0,0.0,0,0.0
DIGITAL CHECK CORP,DIGITALCHECKCORP,downstream_subaward+prime_award,NO_EXACT_MATCH,,,,1,5425.0,0,0.0,1,56856.0,1,56856.0
DIGITAL TRANSITIONS INC.,DIGITALTRANSITIONSINC,downstream_subaward,NO_EXACT_MATCH,,,,1,193270.0,0,0.0,0,0.0,0,0.0
DIMARCO CONSTRUCTION CO. INC.,DIMARCOCONSTRUCTIONCOINC,downstream_subaward,NO_EXACT_MATCH,,,,1,250165.0,1,250165.0,0,0.0,0,0.0
DIMENSIONAL MEASUREMENT INC.,DIMENSIONALMEASUREMENTINC,downstream_subaward,NO_EXACT_MATCH,,,,1,43200.0,0,0.0,0,0.0,0,0.0
"DIMPLEX THERMAL SOLUTIONS, INC.",DIMPLEXTHERMALSOLUTIONSINC,downstream_subaward,NO_EXACT_MATCH,,,,2,90507.46,2,90507.46,0,0.0,0,0.0
DIRECT DIMENSIONS INC,DIRECTDIMENSIONSINC,downstream_subaward,NO_EXACT_MATCH,,,,2,157600.0,1,81200.0,0,0.0,0,0.0
DIRECT PARCEL EXPRESS LLC,DIRECTPARCELEXPRESSLLC,prime_award,NO_EXACT_MATCH,,,,0,0.0,0,0.0,1,0.0,1,0.0
DISK-O-TAPE INC,DISKOTAPEINC,downstream_subaward,NO_EXACT_MATCH,,,,2,180872.8,1,136752.8,0,0.0,0,0.0
DISTRIBUTED TECHNOLOGY GROUP LLC,DISTRIBUTEDTECHNOLOGYGROUPLLC,prime_award,NO_EXACT_MATCH,,,,0,0.0,0,0.0,2,170394.13,2,170394.13
"DISTRIBUTION MANAGEMENT COMPANY, INC.",DISTRIBUTIONMANAGEMENTCOMPANYINC,downstream_subaward,NO_EXACT_MATCH,,,,2,201530.0,0,0.0,0,0.0,0,0.0
"DIVERSIFIED METAL PRODUCTS, INC",DIVERSIFIEDMETALPRODUCTSINC,downstream_subaward,NO_EXACT_MATCH,,,,5,622907.02,0,0.0,0,0.0,0,0.0
DLC ELECTRIC LLC,DLCELECTRICLLC,downstream_subaward,NO_EXACT_MATCH,,,,2,628684.7,1,489684.7,0,0.0,0,0.0
"DLT SOLUTIONS, LLC",DLTSOLUTIONSLLC,downstream_subaward,NO_EXACT_MATCH,,,,5,1216637.06,0,0.0,0,0.0,0,0.0
"DMG MORI FEDERAL SERVICES, INC.",DMGMORIFEDERALSERVICESINC,downstream_subaward,NO_EXACT_MATCH,,,,1,2762856.0,0,0.0,0,0.0,0,0.0
"DMG MORI USA, INC.",DMGMORIUSAINC,downstream_subaward,NO_EXACT_MATCH,,,,1,70730.84,0,0.0,0,0.0,0,0.0
"DNI EMERGING TECHNOLOGIES, LLC",DNIEMERGINGTECHNOLOGIESLLC,prime_award,NO_EXACT_MATCH,,,,0,0.0,0,0.0,1,49295.45,1,49295.45
DNV USA INC.,DNVUSAINC,prime_award,NO_EXACT_MATCH,,,,0,0.0,0,0.0,1,-351399.23,1,-351399.23
DOALL COMPANY,DOALLCOMPANY,downstream_subaward,NO_EXACT_MATCH,,,,1,40740.0,0,0.0,0,0.0,0,0.0
"DOCUMENT SOLUTIONS, INC.",DOCUMENTSOLUTIONSINC,downstream_subaward,NO_EXACT_MATCH,,,,1,36625.0,0,0.0,0,0.0,0,0.0
"DOMINION ENGINEERING, INC.",DOMINIONENGINEERINGINC,downstream_subaward,NO_EXACT_MATCH,,,,1,149954.0,0,0.0,0,0.0,0,0.0
"DOOSAN BOBCAT NORTH AMERICA, INC.",DOOSANBOBCATNORTHAMERICAINC,downstream_subaward,NO_EXACT_MATCH,,,,1,104664.0,0,0.0,0,0.0,0,0.0
"DOVER ENGINEERED PRODUCTS SEGMENT, INC.",DOVERENGINEEREDPRODUCTSSEGMENTINC,downstream_subaward,NO_EXACT_MATCH,,,,15,5534103.0,6,1284669.0,0,0.0,0,0.0
DOXCELERATE CORPORATION,DOXCELERATECORPORATION,prime_award,NO_EXACT_MATCH,,,,0,0.0,0,0.0,1,45765.0,1,45765.0
DRD TECHNOLOGY CORP,DRDTECHNOLOGYCORP,downstream_subaward,NO_EXACT_MATCH,,,,8,5127251.0,6,4647451.0,0,0.0,0,0.0
DRD TECHNOLOGY CORPORATION,DRDTECHNOLOGYCORPORATION,downstream_subaward,NO_EXACT_MATCH,,,,2,420390.11,0,0.0,0,0.0,0,0.0
DRS ARCHITECTS INC,DRSARCHITECTSINC,prime_award,NO_EXACT_MATCH,,,,0,0.0,0,0.0,1,363210.0,1,363210.0
DRS NAVAL POWER SYSTEMS INC,DRSNAVALPOWERSYSTEMSINC,downstream_subaward,NO_EXACT_MATCH,,,,1,534126.52,0,0.0,0,0.0,0,0.0
DS GOVERNMENT SOLUTIONS CORP,DSGOVERNMENTSOLUTIONSCORP,downstream_subaward,NO_EXACT_MATCH,,,,6,1280310.79,2,644798.02,0,0.0,0,0.0
"DS SERVICES OF AMERICA, INC.",DSSERVICESOFAMERICAINC,downstream_subaward,NO_EXACT_MATCH,,,,1,331473.36,1,331473.36,0,0.0,0,0.0
DSPACE INC,DSPACEINC,downstream_subaward,NO_EXACT_MATCH,,,,2,101252.44,0,0.0,0,0.0,0,0.0
"DUBOSE NATIONAL ENERGY SERVICES, INC.",DUBOSENATIONALENERGYSERVICESINC,downstream_subaward,NO_EXACT_MATCH,,,,2,111570.0,1,38490.0,0,0.0,0,0.0
DYNAMIC BUILDING SYSTEMS INC,DYNAMICBUILDINGSYSTEMSINC,prime_award,NO_EXACT_MATCH,,,,0,0.0,0,0.0,1,145500.0,1,145500.0
"DYNAMIC MANAGEMENT SOLUTIONS, LLC",DYNAMICMANAGEMENTSOLUTIONSLLC,prime_award,NO_EXACT_MATCH,,,,0,0.0,0,0.0,1,0.0,1,0.0
DYNAMIC SYSTEMS INC,DYNAMICSYSTEMSINC,downstream_subaward+prime_award,NO_EXACT_MATCH,,,,24,10107991.38,4,2833997.34,1,0.0,1,0.0
DYNAMIC SYSTEMS INC.,DYNAMICSYSTEMSINC,downstream_subaward,NO_EXACT_MATCH,,,,1,5680.0,0,0.0,0,0.0,0,0.0
DYNAPOWER COMPANY LLC,DYNAPOWERCOMPANYLLC,downstream_subaward,NO_EXACT_MATCH,,,,2,4173273.0,1,75000.0,0,0.0,0,0.0
"DYTRAN INSTRUMENTS, INC.",DYTRANINSTRUMENTSINC,downstream_subaward,NO_EXACT_MATCH,,,,1,90000.0,1,90000.0,0,0.0,0,0.0
"E.F. KEARNEY, LIMITED",EFKEARNEYLIMITED,prime_award,NO_EXACT_MATCH,,,,0,0.0,0,0.0,1,0.0,1,0.0
E.J. BROOKS COMPANY,EJBROOKSCOMPANY,downstream_subaward,NO_EXACT_MATCH,,,,1,36250.0,1,36250.0,0,0.0,0,0.0
EASTERN POWER TECHNOLOGIES INC,EASTERNPOWERTECHNOLOGIESINC,downstream_subaward,NO_EXACT_MATCH,,,,15,674096.98,2,89900.31,0,0.0,0,0.0
EASY LIFT EQUIPMENT CO INC,EASYLIFTEQUIPMENTCOINC,downstream_subaward,NO_EXACT_MATCH,,,,1,31870.0,0,0.0,0,0.0,0,0.0
"EASY STREET JD&S, LLC",EASYSTREETJDANDSLLC,downstream_subaward,NO_EXACT_MATCH,,,,1,128950.02,0,0.0,0,0.0,0,0.0
"EC AMERICA, INC",ECAMERICAINC,downstream_subaward,NO_EXACT_MATCH,,,,1,40167.61,1,40167.61,0,0.0,0,0.0
ECCO SELECT CORPORATION,ECCOSELECTCORPORATION,prime_award,NO_EXACT_MATCH,,,,0,0.0,0,0.0,1,430120.55,1,430120.55
"ECKERT & ZIEGLER ANALYTICS, INC",ECKERTANDZIEGLERANALYTICSINC,downstream_subaward,NO_EXACT_MATCH,,,,5,165945.0,1,33275.0,0,0.0,0,0.0
"ECKERT & ZIEGLER ISOTOPE PRODUCTS, INC.",ECKERTANDZIEGLERISOTOPEPRODUCTSINC,downstream_subaward,NO_EXACT_MATCH,,,,1,11720.0,0,0.0,0,0.0,0,0.0
"ECOMASS TECHNOLOGIES, LP",ECOMASSTECHNOLOGIESLP,downstream_subaward,NO_EXACT_MATCH,,,,1,44492.0,0,0.0,0,0.0,0,0.0
EDDYFI CORP,EDDYFICORP,downstream_subaward,NO_EXACT_MATCH,,,,7,1377364.0,2,236090.0,0,0.0,0,0.0
"EDGEWATER FEDERAL SOLUTIONS, INC.",EDGEWATERFEDERALSOLUTIONSINC,prime_award,NO_EXACT_MATCH,,,,0,0.0,0,0.0,1,3024903.75,1,3024903.75
EDISON WELDING INSTITUTE INC,EDISONWELDINGINSTITUTEINC,downstream_subaward,NO_EXACT_MATCH,,,,3,193147.0,0,0.0,0,0.0,0,0.0
EDUCATIONAL SOLUTIONS ENTERPRISES LLC,EDUCATIONALSOLUTIONSENTERPRISESLLC,downstream_subaward,NO_EXACT_MATCH,,,,1,49738.0,0,0.0,0,0.0,0,0.0
ELECTRIC POWER RESEARCH INSTITUTE INC,ELECTRICPOWERRESEARCHINSTITUTEINC,downstream_subaward+prime_award,NO_EXACT_MATCH,,,,10,2635000.0,1,414000.0,1,122553.0,1,122553.0
ELECTRICAL WHOLESALE SUPPLY CO INC,ELECTRICALWHOLESALESUPPLYCOINC,downstream_subaward,NO_EXACT_MATCH,,,,1,41500.0,0,0.0,0,0.0,0,0.0
"ELECTRO OPTICAL COMPONENTS, INC",ELECTROOPTICALCOMPONENTSINC,downstream_subaward,NO_EXACT_MATCH,,,,3,139820.0,0,0.0,0,0.0,0,0.0
ELECTRON ENERGY LLC,ELECTRONENERGYLLC,downstream_subaward,NO_EXACT_MATCH,,,,2,52871.78,0,0.0,0,0.0,0,0.0
ELEMENT MATERIALS TECHNOLOGY CLEVELAND INC.,ELEMENTMATERIALSTECHNOLOGYCLEVELANDINC,downstream_subaward,NO_EXACT_MATCH,,,,2,179037.0,0,0.0,0,0.0,0,0.0
ELLOS GLOBAL LLC,ELLOSGLOBALLLC,prime_award,NO_EXACT_MATCH,,,,0,0.0,0,0.0,1,0.0,1,0.0
ELMET EUCLID LLC,ELMETEUCLIDLLC,downstream_subaward,NO_EXACT_MATCH,,,,1,86278.32,0,0.0,0,0.0,0,0.0
ELOOP LLC,ELOOPLLC,downstream_subaward,NO_EXACT_MATCH,,,,1,12000.0,0,0.0,0,0.0,0,0.0
ELSEVIER INC.,ELSEVIERINC,downstream_subaward,NO_EXACT_MATCH,,,,1,95000.0,0,0.0,0,0.0,0,0.0
"EMA DESIGN AUTOMATION, INC.",EMADESIGNAUTOMATIONINC,downstream_subaward,NO_EXACT_MATCH,,,,2,89995.99,0,0.0,0,0.0,0,0.0
"EMCOR GOVERNMENT SERVICES, INC",EMCORGOVERNMENTSERVICESINC,prime_award,NO_EXACT_MATCH,,,,0,0.0,0,0.0,2,1073247.81,2,1073247.81
EMD MILLIPORE CORP,EMDMILLIPORECORP,downstream_subaward,NO_EXACT_MATCH,,,,3,131821.89,1,52853.46,0,0.0,0,0.0
EMERSON LLLP,EMERSONLLLP,downstream_subaward,NO_EXACT_MATCH,,,,6,439585.05,2,182457.05,0,0.0,0,0.0
"EMP2, INC.",EMP2INC,prime_award,NO_EXACT_MATCH,,,,0,0.0,0,0.0,3,-7553.43,3,-7553.43
EMPIRE MAGNETICS INC.,EMPIREMAGNETICSINC,downstream_subaward,NO_EXACT_MATCH,,,,5,2033394.93,1,73554.0,0,0.0,0,0.0
ENCORE GROUP USA LLC,ENCOREGROUPUSALLC,downstream_subaward,NO_EXACT_MATCH,,,,1,75614.96,0,0.0,0,0.0,0,0.0
ENDRESS + HAUSER INC,ENDRESSHAUSERINC,downstream_subaward,NO_EXACT_MATCH,,,,2,54294.0,0,0.0,0,0.0,0,0.0
ENERGY & PROCESS CORP,ENERGYANDPROCESSCORP,downstream_subaward,NO_EXACT_MATCH,,,,3,775150.18,1,58930.62,0,0.0,0,0.0
ENERGY BY NATIVE AMERICAN DESIGN CORP,ENERGYBYNATIVEAMERICANDESIGNCORP,prime_award,NO_EXACT_MATCH,,,,0,0.0,0,0.0,1,0.0,1,0.0
"ENERGY IDAHO OPERATIONS OFFICE, UNITED STATES DEPT OF",ENERGYIDAHOOPERATIONSOFFICEUNITEDSTATESDEPTOF,downstream_subaward,NO_EXACT_MATCH,,,,1,269813.31,0,0.0,0,0.0,0,0.0
ENERGY RESOURCES INTERNATIONAL INC,ENERGYRESOURCESINTERNATIONALINC,prime_award,NO_EXACT_MATCH,,,,0,0.0,0,0.0,1,-40902.63,1,-40902.63
ENERGY TECHNOLOGY ALLIANCE LLC,ENERGYTECHNOLOGYALLIANCELLC,prime_award,NO_EXACT_MATCH,,,,0,0.0,0,0.0,34,25521183.94,34,25521183.94
ENERGYSOLUTIONS FEDERAL SUPPORT LLC,ENERGYSOLUTIONSFEDERALSUPPORTLLC,downstream_subaward,NO_EXACT_MATCH,,,,37,3049522.93,10,674261.38,0,0.0,0,0.0
"ENERGYSOLUTIONS, LLC",ENERGYSOLUTIONSLLC,downstream_subaward,NO_EXACT_MATCH,,,,6,409126.74,0,0.0,0,0.0,0,0.0
ENFIELD ENTERPRISES LLC,ENFIELDENTERPRISESLLC,downstream_subaward,NO_EXACT_MATCH,,,,13,6939325.52,8,3999757.78,0,0.0,0,0.0
"ENGINE SYSTEMS, INC.",ENGINESYSTEMSINC,downstream_subaward,NO_EXACT_MATCH,,,,7,338079.14,2,149400.0,0,0.0,0,0.0
"ENGINEERING & COMPUTER SIMULATIONS, INC.",ENGINEERINGANDCOMPUTERSIMULATIONSINC,downstream_subaward,NO_EXACT_MATCH,,,,1,108698.46,0,0.0,0,0.0,0,0.0
ENGINEERING GRAPHICS INC,ENGINEERINGGRAPHICSINC,downstream_subaward,NO_EXACT_MATCH,,,,1,37500.0,0,0.0,0,0.0,0,0.0
ENGYS LLC,ENGYSLLC,downstream_subaward,NO_EXACT_MATCH,,,,1,43500.0,0,0.0,0,0.0,0,0.0
ENGYS LTD,ENGYSLTD,downstream_subaward,NO_EXACT_MATCH,,,,2,258580.0,1,126140.0,0,0.0,0,0.0
"ENTERPRISE TECHNOLOGY SOLUTIONS, INC.",ENTERPRISETECHNOLOGYSOLUTIONSINC,prime_award,NO_EXACT_MATCH,,,,0,0.0,0,0.0,1,0.0,1,0.0
"ENVIRONMENTAL RESOURCE ASSOCIATES, INC.",ENVIRONMENTALRESOURCEASSOCIATESINC,downstream_subaward,NO_EXACT_MATCH,,,,1,3883.0,0,0.0,0,0.0,0,0.0
"ENVIRONMENTAL SYSTEMS RESEARCH INSTITUTE, INC.",ENVIRONMENTALSYSTEMSRESEARCHINSTITUTEINC,downstream_subaward+prime_award,NO_EXACT_MATCH,,,,3,275671.53,1,36255.14,2,0.0,2,0.0
"EOS OF NORTH AMERICA, INC.",EOSOFNORTHAMERICAINC,downstream_subaward,NO_EXACT_MATCH,,,,2,374300.0,0,0.0,0,0.0,0,0.0
EPSILON TECHNOLOGY CORPORATION,EPSILONTECHNOLOGYCORPORATION,downstream_subaward,NO_EXACT_MATCH,,,,1,54540.0,0,0.0,0,0.0,0,0.0
"EQ INDUSTRIAL SERVICES, INC.",EQINDUSTRIALSERVICESINC,downstream_subaward,NO_EXACT_MATCH,,,,3,94237.25,0,0.0,0,0.0,0,0.0
EQUIFAX WORKFORCE SOLUTIONS LLC,EQUIFAXWORKFORCESOLUTIONSLLC,downstream_subaward,NO_EXACT_MATCH,,,,1,50734.0,0,0.0,0,0.0,0,0.0
"EQUIPMENT & CONTROLS, INC.",EQUIPMENTANDCONTROLSINC,downstream_subaward,NO_EXACT_MATCH,,,,1,118960.0,0,0.0,0,0.0,0,0.0
ERIE TECHNICAL SYSTEMS,ERIETECHNICALSYSTEMS,downstream_subaward,NO_EXACT_MATCH,,,,1,124800.0,0,0.0,0,0.0,0,0.0
ERIE TECHNICAL SYSTEMS INC,ERIETECHNICALSYSTEMSINC,downstream_subaward,NO_EXACT_MATCH,,,,2,210985.0,0,0.0,0,0.0,0,0.0
ERNST & YOUNG LLP,ERNSTANDYOUNGLLP,prime_award,NO_EXACT_MATCH,,,,0,0.0,0,0.0,1,47884.8,1,47884.8
"ESTECO NORTH AMERICA, INC.",ESTECONORTHAMERICAINC,downstream_subaward,NO_EXACT_MATCH,,,,3,448119.5,1,162127.0,0,0.0,0,0.0
"EUROFINS ENVIRONMENT TESTING NORTHERN CALIFORNIA, LLC",EUROFINSENVIRONMENTTESTINGNORTHERNCALIFORNIALLC,downstream_subaward,NO_EXACT_MATCH,,,,1,2800.0,0,0.0,0,0.0,0,0.0
EVANS RIGHT OF WAY CLEARING INC,EVANSRIGHTOFWAYCLEARINGINC,prime_award,NO_EXACT_MATCH,,,,0,0.0,0,0.0,1,0.0,1,0.0
EVCO PARTNERS LP,EVCOPARTNERSLP,downstream_subaward,NO_EXACT_MATCH,,,,1,56789.38,0,0.0,0,0.0,0,0.0
"EVERBRIDGE, INC.",EVERBRIDGEINC,prime_award,NO_EXACT_MATCH,,,,0,0.0,0,0.0,1,0.0,1,0.0
"EVEY HARDWARE CO, INC",EVEYHARDWARECOINC,downstream_subaward,NO_EXACT_MATCH,,,,1,58446.0,0,0.0,0,0.0,0,0.0
EVOLV SOLUTIONS LLC,EVOLVSOLUTIONSLLC,downstream_subaward,NO_EXACT_MATCH,,,,1,180960.0,1,180960.0,0,0.0,0,0.0
"EVOQUA WATER TECHNOLOGIES, LLC",EVOQUAWATERTECHNOLOGIESLLC,downstream_subaward,NO_EXACT_MATCH,,,,3,383999.74,1,98094.0,0,0.0,0,0.0
EX LIBRIS USA INC,EXLIBRISUSAINC,downstream_subaward,NO_EXACT_MATCH,,,,1,32403.0,0,0.0,0,0.0,0,0.0
EXCELCO/NEWBROOK INC,EXCELCONEWBROOKINC,downstream_subaward,NO_EXACT_MATCH,,,,2,117352.0,1,57981.0,0,0.0,0,0.0
"EXECUTIVE INFORMATION SYSTEMS, L.L.C.",EXECUTIVEINFORMATIONSYSTEMSLLC,downstream_subaward,NO_EXACT_MATCH,,,,6,349384.0,3,167989.0,0,0.0,0,0.0
"EXIDA CONSULTING, LLC",EXIDACONSULTINGLLC,downstream_subaward,NO_EXACT_MATCH,,,,1,31990.0,1,31990.0,0,0.0,0,0.0
"EXPORT BOXING & CRATING, INC.",EXPORTBOXINGANDCRATINGINC,downstream_subaward,NO_EXACT_MATCH,,,,2,3210.0,0,0.0,0,0.0,0,0.0
"EXTENDE, INC.",EXTENDEINC,downstream_subaward,NO_EXACT_MATCH,,,,3,165300.0,1,49200.0,0,0.0,0,0.0
EXTRUDE HONE LLC,EXTRUDEHONELLC,downstream_subaward,NO_EXACT_MATCH,,,,1,18000.0,0,0.0,0,0.0,0,0.0
EXXACT CORPORATION,EXXACTCORPORATION,downstream_subaward,NO_EXACT_MATCH,,,,1,78100.0,0,0.0,0,0.0,0,0.0
FABER ASSOCIATES INC,FABERASSOCIATESINC,downstream_subaward,NO_EXACT_MATCH,,,,8,262603.0,2,76073.0,0,0.0,0,0.0
FACILITY SUPPORT SERVICES LLC,FACILITYSUPPORTSERVICESLLC,downstream_subaward,NO_EXACT_MATCH,,,,23,34727372.0,8,3602677.0,0,0.0,0,0.0
FALCON STAINLESS & ALLOYS CORP,FALCONSTAINLESSANDALLOYSCORP,downstream_subaward,NO_EXACT_MATCH,,,,1,55864.0,0,0.0,0,0.0,0,0.0
"FARMER'S COPPER, LTD.",FARMERSCOPPERLTD,downstream_subaward,NO_EXACT_MATCH,,,,1,253795.49,0,0.0,0,0.0,0,0.0
FARO TECHNOLOGIES INC,FAROTECHNOLOGIESINC,downstream_subaward,NO_EXACT_MATCH,,,,1,97749.9,1,97749.9,0,0.0,0,0.0
FASTECH LLC,FASTECHLLC,downstream_subaward,NO_EXACT_MATCH,,,,4,614770.03,2,199477.03,0,0.0,0,0.0
"FCN, INC.",FCNINC,downstream_subaward,NO_EXACT_MATCH,,,,6,1185871.92,1,210624.49,0,0.0,0,0.0
"FEDCORP SERVICES, INC.",FEDCORPSERVICESINC,prime_award,NO_EXACT_MATCH,,,,0,0.0,0,0.0,1,0.0,1,0.0
FEDERAL CONTRACTS LLC,FEDERALCONTRACTSLLC,downstream_subaward,NO_EXACT_MATCH,,,,2,80179.0,1,31216.0,0,0.0,0,0.0
FEDERAL EMPLOYMENT LAW TRAINING GROUP LLC,FEDERALEMPLOYMENTLAWTRAININGGROUPLLC,downstream_subaward,NO_EXACT_MATCH,,,,1,54955.0,1,54955.0,0,0.0,0,0.0
FEDERAL EXPRESS CORPORATION,FEDERALEXPRESSCORPORATION,prime_award,NO_EXACT_MATCH,,,,0,0.0,0,0.0,2,0.0,2,0.0
FEDERAL RESOURCES CORPORATION,FEDERALRESOURCESCORPORATION,downstream_subaward,NO_EXACT_MATCH,,,,2,110923.0,1,33327.0,0,0.0,0,0.0
"FEDWRITERS, INC.",FEDWRITERSINC,prime_award,NO_EXACT_MATCH,,,,0,0.0,0,0.0,1,1147847.12,1,1147847.12
FEI COMPANY,FEICOMPANY,downstream_subaward,NO_EXACT_MATCH,,,,4,4399786.13,2,1552698.13,0,0.0,0,0.0
"FERMI FORWARD DISCOVERY GROUP, LLC",FERMIFORWARDDISCOVERYGROUPLLC,prime_award,NO_EXACT_MATCH,,,,0,0.0,0,0.0,1,0.0,1,0.0
"FERMI RESEARCH ALLIANCE, LLC",FERMIRESEARCHALLIANCELLC,prime_award,NO_EXACT_MATCH,,,,0,0.0,0,0.0,2,6126361.26,2,6126361.26
FERRO CERAMIC GRINDING INC,FERROCERAMICGRINDINGINC,downstream_subaward,NO_EXACT_MATCH,,,,1,48284.0,0,0.0,0,0.0,0,0.0
FIERCE SOFTWARE CORP,FIERCESOFTWARECORP,downstream_subaward,NO_EXACT_MATCH,,,,1,344802.35,0,0.0,0,0.0,0,0.0
"FINLEY AND MULVENA, INC",FINLEYANDMULVENAINC,downstream_subaward,NO_EXACT_MATCH,,,,1,76911.0,1,76911.0,0,0.0,0,0.0
"FISHER AND ARNOLD, INC.",FISHERANDARNOLDINC,prime_award,NO_EXACT_MATCH,,,,0,0.0,0,0.0,1,-9626.62,1,-9626.62
FISHER SCIENTIFIC COMPANY L.L.C.,FISHERSCIENTIFICCOMPANYLLC,downstream_subaward,NO_EXACT_MATCH,,,,1,58.0,0,0.0,0,0.0,0,0.0
"FITNESS ARTIST, LLC",FITNESSARTISTLLC,downstream_subaward,NO_EXACT_MATCH,,,,1,679725.0,0,0.0,0,0.0,0,0.0
"FLANDERS FILTERS, INC",FLANDERSFILTERSINC,downstream_subaward,NO_EXACT_MATCH,,,,2,179266.52,1,101558.8,0,0.0,0,0.0
"FLASHOVER FIRE APPARATUS, LLC",FLASHOVERFIREAPPARATUSLLC,downstream_subaward,NO_EXACT_MATCH,,,,1,39685.36,0,0.0,0,0.0,0,0.0
FLEXERA SOFTWARE LLC,FLEXERASOFTWARELLC,downstream_subaward,NO_EXACT_MATCH,,,,1,33057.7,1,33057.7,0,0.0,0,0.0
FLOW GRINDING CORP.,FLOWGRINDINGCORP,downstream_subaward,NO_EXACT_MATCH,,,,1,57280.0,1,57280.0,0,0.0,0,0.0
"FLOW SCIENCE, INC",FLOWSCIENCEINC,prime_award,NO_EXACT_MATCH,,,,0,0.0,0,0.0,1,48750.0,1,48750.0
FLUKE ELECTRONICS CORP,FLUKEELECTRONICSCORP,downstream_subaward,NO_EXACT_MATCH,,,,7,463868.67,1,33629.5,0,0.0,0,0.0
"FLUOR FEDERAL PETROLEUM OPERATIONS, LLC",FLUORFEDERALPETROLEUMOPERATIONSLLC,prime_award,NO_EXACT_MATCH,,,,0,0.0,0,0.0,1,-89282.9,1,-89282.9
FLUOR FEDERAL SERVICES INC,FLUORFEDERALSERVICESINC,downstream_subaward,NO_EXACT_MATCH,,,,2,2809926.0,0,0.0,0,0.0,0,0.0
"FLUOR MARINE PROPULSION, LLC",FLUORMARINEPROPULSIONLLC,downstream_subaward+prime_award,NO_EXACT_MATCH,,,,85,61916132.0,0,0.0,1,1105441.0,1,1105441.0
FLUOR-BWXT PORTSMOUTH LLC,FLUORBWXTPORTSMOUTHLLC,prime_award,NO_EXACT_MATCH,,,,0,0.0,0,0.0,3,31210102.72,3,31210102.72
"FLYMOTION, LLC",FLYMOTIONLLC,downstream_subaward,NO_EXACT_MATCH,,,,1,52075.0,0,0.0,0,0.0,0,0.0
FORTEC UNITED STATES CORP,FORTECUNITEDSTATESCORP,downstream_subaward,NO_EXACT_MATCH,,,,1,52500.0,0,0.0,0,0.0,0,0.0
FOUR LLC,FOURLLC,downstream_subaward+prime_award,NO_EXACT_MATCH,,,,1,72450.0,0,0.0,1,9120.28,1,9120.28
"FOURINOX, INC.",FOURINOXINC,downstream_subaward,NO_EXACT_MATCH,,,,1,862460.0,1,862460.0,0,0.0,0,0.0
"FPOLISOLUTIONS, LLC",FPOLISOLUTIONSLLC,downstream_subaward,NO_EXACT_MATCH,,,,3,424584.0,0,0.0,0,0.0,0,0.0
FRAMATOME INC,FRAMATOMEINC,downstream_subaward,NO_EXACT_MATCH,,,,2,84839.0,0,0.0,0,0.0,0,0.0
FRANKLIN COVEY CLIENT SALES INC,FRANKLINCOVEYCLIENTSALESINC,downstream_subaward,NO_EXACT_MATCH,,,,1,30600.0,1,30600.0,0,0.0,0,0.0
"FRANKLIN INTERIORS, INC",FRANKLININTERIORSINC,downstream_subaward,NO_EXACT_MATCH,,,,1,18449.0,0,0.0,0,0.0,0,0.0
FRIED BROS INC,FRIEDBROSINC,downstream_subaward,NO_EXACT_MATCH,,,,1,34440.0,1,34440.0,0,0.0,0,0.0
FUELTEC SYSTEMS LLC,FUELTECSYSTEMSLLC,downstream_subaward,NO_EXACT_MATCH,,,,1,13071.0,0,0.0,0,0.0,0,0.0
G & RK CONSULTING ASSOCIATES LLC,GANDRKCONSULTINGASSOCIATESLLC,prime_award,NO_EXACT_MATCH,,,,0,0.0,0,0.0,2,405123.35,2,405123.35
"G. A. FLEET ASSOCIATES, INC",GAFLEETASSOCIATESINC,downstream_subaward,NO_EXACT_MATCH,,,,1,69400.0,1,69400.0,0,0.0,0,0.0
G. C. MICRO CORPORATION,GCMICROCORPORATION,downstream_subaward,NO_EXACT_MATCH,,,,8,2042972.53,4,821867.6,0,0.0,0,0.0
"G2IT, LLC",G2ITLLC,downstream_subaward,NO_EXACT_MATCH,,,,3,934343.54,1,409968.12,0,0.0,0,0.0
GARRISON FIRE & RESCUE CORP.,GARRISONFIREANDRESCUECORP,downstream_subaward,NO_EXACT_MATCH,,,,3,235322.98,1,47547.0,0,0.0,0,0.0
"GARTEN SERVICES, INC.",GARTENSERVICESINC,prime_award,NO_EXACT_MATCH,,,,0,0.0,0,0.0,1,203250.0,1,203250.0
"GARTNER, INC.",GARTNERINC,downstream_subaward,EXACT_UNIQUE,0000749251,IT,GARTNER INC,9,3497980.26,3,406844.26,0,0.0,0,0.0
GATAN INC,GATANINC,downstream_subaward+prime_award,NO_EXACT_MATCH,,,,3,524588.0,1,65751.0,1,0.0,1,0.0
"GATES UNDERWATER PRODUCTS, INC",GATESUNDERWATERPRODUCTSINC,downstream_subaward,NO_EXACT_MATCH,,,,2,152816.0,1,31436.0,0,0.0,0,0.0
GAVISH INC.,GAVISHINC,downstream_subaward,NO_EXACT_MATCH,,,,1,44400.0,1,44400.0,0,0.0,0,0.0
GC LASER SYSTEMS INC,GCLASERSYSTEMSINC,downstream_subaward,NO_EXACT_MATCH,,,,1,531060.0,1,531060.0,0,0.0,0,0.0
GE VERNOVA OPERATIONS LLC,GEVERNOVAOPERATIONSLLC,downstream_subaward,NO_EXACT_MATCH,,,,7,8795884.65,4,2953199.83,0,0.0,0,0.0
GEL LABORATORIES LLC,GELLABORATORIESLLC,downstream_subaward,NO_EXACT_MATCH,,,,28,1072592.16,2,64977.0,0,0.0,0,0.0
GENERAL ATOMICS,GENERALATOMICS,prime_award,NO_EXACT_MATCH,,,,0,0.0,0,0.0,1,5625000.0,1,5625000.0
GENERAL CONTROL SYSTEMS INC,GENERALCONTROLSYSTEMSINC,downstream_subaward,NO_EXACT_MATCH,,,,1,238325.0,0,0.0,0,0.0,0,0.0
"GENERAL DYNAMICS INFORMATION TECHNOLOGY, INC.",GENERALDYNAMICSINFORMATIONTECHNOLOGYINC,prime_award,NO_EXACT_MATCH,,,,0,0.0,0,0.0,4,8410984.5,4,8410984.5
"GENERAL DYNAMICS MISSION SYSTEMS, INC.",GENERALDYNAMICSMISSIONSYSTEMSINC,downstream_subaward,NO_EXACT_MATCH,,,,2,263650.0,0,0.0,0,0.0,0,0.0
GENERAL NUCLEAR CORP,GENERALNUCLEARCORP,downstream_subaward,NO_EXACT_MATCH,,,,1,39576.0,1,39576.0,0,0.0,0,0.0
"GENESYS CONSULTING SERVICES, INC.",GENESYSCONSULTINGSERVICESINC,downstream_subaward,NO_EXACT_MATCH,,,,3,855219.0,0,0.0,0,0.0,0,0.0
"GENSCAPE, INC.",GENSCAPEINC,prime_award,NO_EXACT_MATCH,,,,0,0.0,0,0.0,1,79887.49,1,79887.49
"GEORGE J. PETRONIS ENTERPRISES, INC.",GEORGEJPETRONISENTERPRISESINC,downstream_subaward,NO_EXACT_MATCH,,,,1,59447.02,0,0.0,0,0.0,0,0.0
GEORGIA EXPOSITION MANUFACTURING CORPORATION,GEORGIAEXPOSITIONMANUFACTURINGCORPORATION,downstream_subaward,NO_EXACT_MATCH,,,,2,94945.2,1,42008.0,0,0.0,0,0.0
GEORGIA TECH RESEARCH CORP,GEORGIATECHRESEARCHCORP,downstream_subaward,NO_EXACT_MATCH,,,,1,387408.0,0,0.0,0,0.0,0,0.0
GEOTEK LIMITED,GEOTEKLIMITED,prime_award,NO_EXACT_MATCH,,,,0,0.0,0,0.0,1,715847.4,1,715847.4
GHA TECHNOLOGIES INC,GHATECHNOLOGIESINC,downstream_subaward,NO_EXACT_MATCH,,,,16,1752300.21,4,1025341.4,0,0.0,0,0.0
"GLASSMERE FUEL SERVICE, INC.",GLASSMEREFUELSERVICEINC,downstream_subaward,NO_EXACT_MATCH,,,,1,104292.5,1,104292.5,0,0.0,0,0.0
"GLENAIR, INC.",GLENAIRINC,downstream_subaward,NO_EXACT_MATCH,,,,1,40277.0,0,0.0,0,0.0,0,0.0
GLOBAFONE INC,GLOBAFONEINC,downstream_subaward,NO_EXACT_MATCH,,,,1,25507.0,0,0.0,0,0.0,0,0.0
GLOBAL MONTELLO GROUP CORP,GLOBALMONTELLOGROUPCORP,downstream_subaward,NO_EXACT_MATCH,,,,1,1080000.0,1,1080000.0,0,0.0,0,0.0
"GLOBAL QUANTUM INTELLIGENCE, LLC",GLOBALQUANTUMINTELLIGENCELLC,downstream_subaward,NO_EXACT_MATCH,,,,1,180000.0,0,0.0,0,0.0,0,0.0
GMW ASSOCIATES,GMWASSOCIATES,downstream_subaward,NO_EXACT_MATCH,,,,2,82047.0,2,82047.0,0,0.0,0,0.0
GOENGINEER LLC,GOENGINEERLLC,downstream_subaward,NO_EXACT_MATCH,,,,2,85125.73,0,0.0,0,0.0,0,0.0
"GOLDBELT OPERATIONS SUPPORT SERVICES, LLC",GOLDBELTOPERATIONSSUPPORTSERVICESLLC,prime_award,NO_EXACT_MATCH,,,,0,0.0,0,0.0,1,122641.0,1,122641.0
"GONZALES-STOLLER REMEDIATION SERVICES, LLC",GONZALESSTOLLERREMEDIATIONSERVICESLLC,prime_award,NO_EXACT_MATCH,,,,0,0.0,0,0.0,1,0.0,1,0.0
GOTTLIEB PAUL A,GOTTLIEBPAULA,prime_award,NO_EXACT_MATCH,,,,0,0.0,0,0.0,1,0.0,1,0.0
"GOVAGE, INC.",GOVAGEINC,prime_award,NO_EXACT_MATCH,,,,0,0.0,0,0.0,1,75825.77,1,75825.77
"GOVCIO, LLC",GOVCIOLLC,downstream_subaward,NO_EXACT_MATCH,,,,1,1294253.0,0,0.0,0,0.0,0,0.0
"GOVERNMENT MARKETING AND PROCUREMENT, LLC",GOVERNMENTMARKETINGANDPROCUREMENTLLC,prime_award,NO_EXACT_MATCH,,,,0,0.0,0,0.0,1,139084.91,1,139084.91
GOVERNMENT SCIENTIFIC SOURCE INC,GOVERNMENTSCIENTIFICSOURCEINC,downstream_subaward,NO_EXACT_MATCH,,,,3,387813.38,2,222182.63,0,0.0,0,0.0
"GOVSMART, INC.",GOVSMARTINC,downstream_subaward,NO_EXACT_MATCH,,,,5,2273822.36,1,42290.59,0,0.0,0,0.0
GP STRATEGIES CORPORATION,GPSTRATEGIESCORPORATION,downstream_subaward,NO_EXACT_MATCH,,,,1,42260.0,1,42260.0,0,0.0,0,0.0
GRAHAM CORP,GRAHAMCORP,downstream_subaward,EXACT_UNIQUE,0000716314,GHM,GRAHAM CORP,2,183510.0,0,0.0,0,0.0,0,0.0
"GRANITE TELECOMMUNICATIONS, LLC",GRANITETELECOMMUNICATIONSLLC,prime_award,NO_EXACT_MATCH,,,,0,0.0,0,0.0,1,0.0,1,0.0
"GRANSBERG AND ASSOCIATES, INC.",GRANSBERGANDASSOCIATESINC,downstream_subaward,NO_EXACT_MATCH,,,,1,171531.0,0,0.0,0,0.0,0,0.0
"GRANT INDUSTRIAL CONTROLS, INC.",GRANTINDUSTRIALCONTROLSINC,downstream_subaward,NO_EXACT_MATCH,,,,2,72808.53,0,0.0,0,0.0,0,0.0
GRANT THORNTON PUBLIC SECTOR LLC,GRANTTHORNTONPUBLICSECTORLLC,downstream_subaward,NO_EXACT_MATCH,,,,1,442250.0,0,0.0,0,0.0,0,0.0
GRAY BEARDS ENGINEERING LLC,GRAYBEARDSENGINEERINGLLC,downstream_subaward,NO_EXACT_MATCH,,,,1,83000.0,1,83000.0,0,0.0,0,0.0
"GRAYBAR ELECTRIC COMPANY, INC",GRAYBARELECTRICCOMPANYINC,downstream_subaward,NO_EXACT_MATCH,,,,2,231022.22,1,65424.62,0,0.0,0,0.0
"GRAYBAR ELECTRIC COMPANY, INC.",GRAYBARELECTRICCOMPANYINC,downstream_subaward,NO_EXACT_MATCH,,,,4,654800.94,2,530709.66,0,0.0,0,0.0
"GRAYLOC PRODUCTS, L.L.C",GRAYLOCPRODUCTSLLC,downstream_subaward,NO_EXACT_MATCH,,,,6,511975.85,1,85649.85,0,0.0,0,0.0
GREEN HILLS SOFTWARE LLC,GREENHILLSSOFTWARELLC,downstream_subaward,NO_EXACT_MATCH,,,,2,210253.7,1,112566.0,0,0.0,0,0.0
"GREEN MOUNTAIN ELECTRIC SUPPLY, INC.",GREENMOUNTAINELECTRICSUPPLYINC,downstream_subaward,NO_EXACT_MATCH,,,,3,119902.23,0,0.0,0,0.0,0,0.0
GREGORY POOLE EQUIPMENT COMPANY,GREGORYPOOLEEQUIPMENTCOMPANY,downstream_subaward,NO_EXACT_MATCH,,,,1,131265.0,0,0.0,0,0.0,0,0.0
GRM KONTRACTING LLC,GRMKONTRACTINGLLC,downstream_subaward,NO_EXACT_MATCH,,,,19,16007121.56,9,2970955.56,0,0.0,0,0.0
"GRM KONTRACTING, LLC",GRMKONTRACTINGLLC,downstream_subaward,NO_EXACT_MATCH,,,,8,7346674.0,0,0.0,0,0.0,0,0.0
"GSE PERFORMANCE SOLUTIONS, LLC",GSEPERFORMANCESOLUTIONSLLC,downstream_subaward,NO_EXACT_MATCH,,,,8,2014462.42,5,1405045.5,0,0.0,0,0.0
GUIDEPOINT SECURITY LLC,GUIDEPOINTSECURITYLLC,downstream_subaward,NO_EXACT_MATCH,,,,1,98796.38,1,98796.38,0,0.0,0,0.0
HACH COMPANY,HACHCOMPANY,downstream_subaward,NO_EXACT_MATCH,,,,10,1665100.24,3,252511.12,0,0.0,0,0.0
HAMILTON ASSOCIATES INC,HAMILTONASSOCIATESINC,downstream_subaward,NO_EXACT_MATCH,,,,1,36984.0,1,36984.0,0,0.0,0,0.0
HAMILTON COMPANY,HAMILTONCOMPANY,downstream_subaward,NO_EXACT_MATCH,,,,1,35145.6,0,0.0,0,0.0,0,0.0
HANFORD LABORATORY MANAGEMENT AND INTEGRATION LLC,HANFORDLABORATORYMANAGEMENTANDINTEGRATIONLLC,prime_award,NO_EXACT_MATCH,,,,0,0.0,0,0.0,2,0.0,2,0.0
HANFORD OCCUPATIONAL HEALTHCARE AND WELLNESS INC.,HANFORDOCCUPATIONALHEALTHCAREANDWELLNESSINC,prime_award,NO_EXACT_MATCH,,,,0,0.0,0,0.0,1,-4400.57,1,-4400.57
HANSON JANITORIAL SUPPLY INC,HANSONJANITORIALSUPPLYINC,downstream_subaward,NO_EXACT_MATCH,,,,3,771765.6,0,0.0,0,0.0,0,0.0
HARRINGTON INDUSTRIAL PLASTICS LLC,HARRINGTONINDUSTRIALPLASTICSLLC,downstream_subaward,NO_EXACT_MATCH,,,,1,67420.05,0,0.0,0,0.0,0,0.0
HAWORTH INC,HAWORTHINC,downstream_subaward,NO_EXACT_MATCH,,,,1,108000.0,0,0.0,0,0.0,0,0.0
"HB SPRAGUE, LLC",HBSPRAGUELLC,downstream_subaward,NO_EXACT_MATCH,,,,1,30274.0,0,0.0,0,0.0,0,0.0
"HB WORKPLACES, LLC",HBWORKPLACESLLC,downstream_subaward,NO_EXACT_MATCH,,,,1,312274.81,0,0.0,0,0.0,0,0.0
HDF GROUP,HDFGROUP,downstream_subaward,NO_EXACT_MATCH,,,,3,150000.0,0,0.0,0,0.0,0,0.0
HEATH CONSULTANTS INC,HEATHCONSULTANTSINC,downstream_subaward,NO_EXACT_MATCH,,,,1,33556.0,0,0.0,0,0.0,0,0.0
"HEBCO, INC.",HEBCOINC,downstream_subaward,NO_EXACT_MATCH,,,,1,948860.0,0,0.0,0,0.0,0,0.0
"HEILIND MIL-AERO, LLC",HEILINDMILAEROLLC,downstream_subaward,NO_EXACT_MATCH,,,,4,154077.33,0,0.0,0,0.0,0,0.0
HELMEL ENGINEERING PRODUCTS INC.,HELMELENGINEERINGPRODUCTSINC,downstream_subaward,NO_EXACT_MATCH,,,,1,74265.0,0,0.0,0,0.0,0,0.0
HERC RENTALS INC,HERCRENTALSINC,downstream_subaward,NO_EXACT_MATCH,,,,1,41183.34,1,41183.34,0,0.0,0,0.0
HERITAGE INTERIORS LLC,HERITAGEINTERIORSLLC,prime_award,NO_EXACT_MATCH,,,,0,0.0,0,0.0,1,725638.48,1,725638.48
"HERZAN, LLC",HERZANLLC,downstream_subaward,NO_EXACT_MATCH,,,,1,30472.0,1,30472.0,0,0.0,0,0.0
HEWLETT PACKARD ENTERPRISE COMPANY,HEWLETTPACKARDENTERPRISECOMPANY,downstream_subaward,NO_EXACT_MATCH,,,,1,50831.52,1,50831.52,0,0.0,0,0.0
"HEXAGON MANUFACTURING INTELLIGENCE, LLC",HEXAGONMANUFACTURINGINTELLIGENCELLC,downstream_subaward,NO_EXACT_MATCH,,,,5,1781381.7,3,1509752.0,0,0.0,0,0.0
"HEXAGON US FEDERAL, INC",HEXAGONUSFEDERALINC,downstream_subaward,NO_EXACT_MATCH,,,,2,21962642.0,0,0.0,0,0.0,0,0.0
"HEXATECH, INC",HEXATECHINC,downstream_subaward,NO_EXACT_MATCH,,,,1,48230.0,0,0.0,0,0.0,0,0.0
HI-Q ENVIRONMENTAL PRODUCTS CO INC,HIQENVIRONMENTALPRODUCTSCOINC,downstream_subaward,NO_EXACT_MATCH,,,,2,82149.0,0,0.0,0,0.0,0,0.0
"HI-TEST LABORATORIES, INC.",HITESTLABORATORIESINC,downstream_subaward,NO_EXACT_MATCH,,,,1,115000.0,0,0.0,0,0.0,0,0.0
"HIGH VOLTAGE ELECTRIC SERVICE, INC.",HIGHVOLTAGEELECTRICSERVICEINC,downstream_subaward,NO_EXACT_MATCH,,,,2,1172340.0,0,0.0,0,0.0,0,0.0
"HILL & MARKES, LLC",HILLANDMARKESLLC,downstream_subaward,NO_EXACT_MATCH,,,,2,67758.12,0,0.0,0,0.0,0,0.0
"HILL ENGINEERING, LLC",HILLENGINEERINGLLC,downstream_subaward,NO_EXACT_MATCH,,,,4,278750.0,0,0.0,0,0.0,0,0.0
"HILL INTERNATIONAL, INC.",HILLINTERNATIONALINC,downstream_subaward,NO_EXACT_MATCH,,,,2,853918.96,1,304348.96,0,0.0,0,0.0
HITACHI ENERGY USA INC.,HITACHIENERGYUSAINC,prime_award,NO_EXACT_MATCH,,,,0,0.0,0,0.0,2,150198.13,2,150198.13
"HITACHI HIGH TECHNOLOGIES AMERICA, INC",HITACHIHIGHTECHNOLOGIESAMERICAINC,downstream_subaward,NO_EXACT_MATCH,,,,1,259372.0,0,0.0,0,0.0,0,0.0
"HITACHI HIGH-TECH AMERICA, INC.",HITACHIHIGHTECHAMERICAINC,downstream_subaward,NO_EXACT_MATCH,,,,1,231924.0,0,0.0,0,0.0,0,0.0
HOEGANAES CORPORATION,HOEGANAESCORPORATION,downstream_subaward,NO_EXACT_MATCH,,,,1,93025.0,0,0.0,0,0.0,0,0.0
HOJ INNOVATIONS LLC,HOJINNOVATIONSLLC,downstream_subaward,NO_EXACT_MATCH,,,,2,356226.09,1,40877.45,0,0.0,0,0.0
HOLMANS USA CORPORATION,HOLMANSUSACORPORATION,downstream_subaward,NO_EXACT_MATCH,,,,2,5758407.61,0,0.0,0,0.0,0,0.0
HOLTEC GOVERNMENT SERVICES LLC,HOLTECGOVERNMENTSERVICESLLC,downstream_subaward,NO_EXACT_MATCH,,,,1,278207.04,0,0.0,0,0.0,0,0.0
"HOLTS PRECISION, INC.",HOLTSPRECISIONINC,downstream_subaward,NO_EXACT_MATCH,,,,1,54771.0,0,0.0,0,0.0,0,0.0
HOMELAND LANGUAGE SERVICES LLC,HOMELANDLANGUAGESERVICESLLC,prime_award,NO_EXACT_MATCH,,,,0,0.0,0,0.0,1,-6719.75,1,-6719.75
"HONEYWELL FEDERAL MANUFACTURING & TECHNOLOGIES, LLC",HONEYWELLFEDERALMANUFACTURINGANDTECHNOLOGIESLLC,prime_award,NO_EXACT_MATCH,,,,0,0.0,0,0.0,2,81404913.75,2,81404913.75
"HOOSICK VALLEY CONTRACTORS, INC.",HOOSICKVALLEYCONTRACTORSINC,downstream_subaward,NO_EXACT_MATCH,,,,5,3196880.0,1,1347000.0,0,0.0,0,0.0
"HOPEWELL DESIGNS, INC.",HOPEWELLDESIGNSINC,downstream_subaward+prime_award,NO_EXACT_MATCH,,,,1,191550.0,0,0.0,1,41100.0,1,41100.0
HOTTINGER BRUEL & KJAER INC.,HOTTINGERBRUELANDKJAERINC,downstream_subaward,NO_EXACT_MATCH,,,,6,643632.93,3,435261.63,0,0.0,0,0.0
HUDSON VALLEY COMMUNITY COLLEGE,HUDSONVALLEYCOMMUNITYCOLLEGE,downstream_subaward,NO_EXACT_MATCH,,,,1,128450.0,0,0.0,0,0.0,0,0.0
HUGH AND ASSOCIATES INC,HUGHANDASSOCIATESINC,prime_award,NO_EXACT_MATCH,,,,0,0.0,0,0.0,2,49796.16,2,49796.16
HUGHES CORP,HUGHESCORP,downstream_subaward,NO_EXACT_MATCH,,,,1,93392.0,0,0.0,0,0.0,0,0.0
HUNTINGTON INGALLS INC,HUNTINGTONINGALLSINC,downstream_subaward,NO_EXACT_MATCH,,,,1,750000.0,0,0.0,0,0.0,0,0.0
HY-TECH SALES INC,HYTECHSALESINC,downstream_subaward,NO_EXACT_MATCH,,,,1,270963.0,1,270963.0,0,0.0,0,0.0
HYDRATIGHT OPERATIONS INC,HYDRATIGHTOPERATIONSINC,downstream_subaward,NO_EXACT_MATCH,,,,2,209091.26,2,209091.26,0,0.0,0,0.0
"I. MILLER PRECISION OPTICAL INSTRUMENTS, INC.",IMILLERPRECISIONOPTICALINSTRUMENTSINC,downstream_subaward,NO_EXACT_MATCH,,,,2,303070.0,0,0.0,0,0.0,0,0.0
"ICF INCORPORATED, L.L.C.",ICFINCORPORATEDLLC,prime_award,NO_EXACT_MATCH,,,,0,0.0,0,0.0,1,2057330.08,1,2057330.08
IDAHO ENVIRONMENTAL COALITION LLC,IDAHOENVIRONMENTALCOALITIONLLC,downstream_subaward+prime_award,NO_EXACT_MATCH,,,,1,150331.0,0,0.0,3,1839435.0,3,1839435.0
"IDEAL SYSTEM SOLUTIONS, INC.",IDEALSYSTEMSOLUTIONSINC,downstream_subaward,NO_EXACT_MATCH,,,,15,2685924.81,2,1215242.29,0,0.0,0,0.0
IHS GLOBAL INC,IHSGLOBALINC,downstream_subaward+prime_award,NO_EXACT_MATCH,,,,2,1073602.99,0,0.0,1,0.0,1,0.0
ILLINOIS TOOL WORKS INC,ILLINOISTOOLWORKSINC,downstream_subaward,EXACT_UNIQUE,0000049826,ITW,ILLINOIS TOOL WORKS INC,3,572467.0,0,0.0,0,0.0,0,0.0
ILLINOIS TOOL WORKS INC.,ILLINOISTOOLWORKSINC,downstream_subaward,EXACT_UNIQUE,0000049826,ITW,ILLINOIS TOOL WORKS INC,8,740670.47,4,329391.47,0,0.0,0,0.0
"ILLINOIS TOOL WORKS, INC.",ILLINOISTOOLWORKSINC,downstream_subaward,EXACT_UNIQUE,0000049826,ITW,ILLINOIS TOOL WORKS INC,1,8276.0,0,0.0,0,0.0,0,0.0
"IMAGE ONE UNIFORMS, INC.",IMAGEONEUNIFORMSINC,downstream_subaward,NO_EXACT_MATCH,,,,6,7368.0,0,0.0,0,0.0,0,0.0
"IMMIXGROUP, INC",IMMIXGROUPINC,downstream_subaward,NO_EXACT_MATCH,,,,1,85978.82,0,0.0,0,0.0,0,0.0
IMPLAN GROUP LLC,IMPLANGROUPLLC,prime_award,NO_EXACT_MATCH,,,,0,0.0,0,0.0,1,0.0,1,0.0
INDEPENDENT STRATEGIC MANAGEMENT SOLUTIONS INC,INDEPENDENTSTRATEGICMANAGEMENTSOLUTIONSINC,prime_award,NO_EXACT_MATCH,,,,0,0.0,0,0.0,1,-155981.0,1,-155981.0
INDUSTRIAL ECONOMICS INC,INDUSTRIALECONOMICSINC,prime_award,NO_EXACT_MATCH,,,,0,0.0,0,0.0,1,164672.0,1,164672.0
INDUSTRIAL FLOW NORTH AMERICA LLC,INDUSTRIALFLOWNORTHAMERICALLC,downstream_subaward,NO_EXACT_MATCH,,,,3,131411.0,2,66278.0,0,0.0,0,0.0
INDUSTRIAL SOLUTIONS & INNOVATIONS LLC,INDUSTRIALSOLUTIONSANDINNOVATIONSLLC,downstream_subaward,NO_EXACT_MATCH,,,,1,40020.0,0,0.0,0,0.0,0,0.0
INFICON INC,INFICONINC,prime_award,NO_EXACT_MATCH,,,,0,0.0,0,0.0,1,0.0,1,0.0
INFORMATION MANAGEMENT GROUP INCORPORATED,INFORMATIONMANAGEMENTGROUPINCORPORATED,downstream_subaward,NO_EXACT_MATCH,,,,10,12742353.16,6,5298400.66,0,0.0,0,0.0
"INFORMATION SYSTEMS LABORATORIES, INC",INFORMATIONSYSTEMSLABORATORIESINC,downstream_subaward,NO_EXACT_MATCH,,,,11,735317.18,3,174634.58,0,0.0,0,0.0
"INFORMATION SYSTEMS LABORATORIES, INC.",INFORMATIONSYSTEMSLABORATORIESINC,downstream_subaward,NO_EXACT_MATCH,,,,2,144345.0,0,0.0,0,0.0,0,0.0
"INFORMATION TECHNOLOGIES SERVICES, INC.",INFORMATIONTECHNOLOGIESSERVICESINC,downstream_subaward,NO_EXACT_MATCH,,,,1,46960.0,1,46960.0,0,0.0,0,0.0
INNOVATIONONE LLC,INNOVATIONONELLC,prime_award,NO_EXACT_MATCH,,,,0,0.0,0,0.0,1,262000.0,1,262000.0
"INNOVATIVE CLAIM SOLUTIONS, INC",INNOVATIVECLAIMSOLUTIONSINC,prime_award,NO_EXACT_MATCH,,,,0,0.0,0,0.0,1,811336.6,1,811336.6
"INSIGHT INVESTMENTS, LLC",INSIGHTINVESTMENTSLLC,downstream_subaward,NO_EXACT_MATCH,,,,1,3223440.0,0,0.0,0,0.0,0,0.0
"INSIGHT PIPE CONTRACTING, LLC",INSIGHTPIPECONTRACTINGLLC,downstream_subaward,NO_EXACT_MATCH,,,,1,225680.0,0,0.0,0,0.0,0,0.0
INSTITUTE OF ELECTRICAL & ELECTRONICS ENGINEERS INC,INSTITUTEOFELECTRICALANDELECTRONICSENGINEERSINC,downstream_subaward,NO_EXACT_MATCH,,,,1,152300.0,0,0.0,0,0.0,0,0.0
"INSTRUMENT CALIBRATION SOLUTIONS, LLC",INSTRUMENTCALIBRATIONSOLUTIONSLLC,downstream_subaward,NO_EXACT_MATCH,,,,1,40696.0,0,0.0,0,0.0,0,0.0
"INTEGRATED SOLUTIONS FOR SYSTEMS, INC.",INTEGRATEDSOLUTIONSFORSYSTEMSINC,downstream_subaward,NO_EXACT_MATCH,,,,1,774815.0,0,0.0,0,0.0,0,0.0
INTELLIGENT INTERNATIONAL INC.,INTELLIGENTINTERNATIONALINC,prime_award,NO_EXACT_MATCH,,,,0,0.0,0,0.0,1,0.0,1,0.0
INTEPROS FEDERAL INCORPORATED,INTEPROSFEDERALINCORPORATED,prime_award,NO_EXACT_MATCH,,,,0,0.0,0,0.0,1,48150.28,1,48150.28
INTERGRAPH CORPORATION,INTERGRAPHCORPORATION,downstream_subaward,NO_EXACT_MATCH,,,,1,19500.0,0,0.0,0,0.0,0,0.0
INVADER PEST MANAGEMENT INC,INVADERPESTMANAGEMENTINC,prime_award,NO_EXACT_MATCH,,,,0,0.0,0,0.0,1,0.0,1,0.0
"INVERIS TRAINING SOLUTIONS, INC",INVERISTRAININGSOLUTIONSINC,downstream_subaward,NO_EXACT_MATCH,,,,1,51120.0,1,51120.0,0,0.0,0,0.0
IOP PUBLISHING INCORPORATED,IOPPUBLISHINGINCORPORATED,downstream_subaward,NO_EXACT_MATCH,,,,2,130131.0,1,61946.0,0,0.0,0,0.0
IOWA STATE UNIVERSITY OF SCIENCE AND TECHNOLOGY,IOWASTATEUNIVERSITYOFSCIENCEANDTECHNOLOGY,prime_award,NO_EXACT_MATCH,,,,0,0.0,0,0.0,2,2491399.0,2,2491399.0
"ISOTEK SYSTEMS, LLC",ISOTEKSYSTEMSLLC,prime_award,NO_EXACT_MATCH,,,,0,0.0,0,0.0,2,3151942.0,2,3151942.0
"ISTO, INC.",ISTOINC,downstream_subaward,NO_EXACT_MATCH,,,,2,326210.0,1,162620.0,0,0.0,0,0.0
ITM4G LLC,ITM4GLLC,prime_award,NO_EXACT_MATCH,,,,0,0.0,0,0.0,2,52356.24,2,52356.24
ITRON INC,ITRONINC,prime_award,EXACT_UNIQUE,0000780571,ITRI,"ITRON, INC.",0,0.0,0,0.0,1,17941.0,1,17941.0
"J. MARCOZ, INC.",JMARCOZINC,downstream_subaward,NO_EXACT_MATCH,,,,1,32358.0,0,0.0,0,0.0,0,0.0
J. SMITH RENTALS LIMITED LIABILITY COMPANY,JSMITHRENTALSLIMITEDLIABILITYCOMPANY,downstream_subaward,NO_EXACT_MATCH,,,,1,237802.0,1,237802.0,0,0.0,0,0.0
JAMES A EDGAR CO INC,JAMESAEDGARCOINC,downstream_subaward,NO_EXACT_MATCH,,,,1,1002012.04,0,0.0,0,0.0,0,0.0
JAMES H. MALOY INC,JAMESHMALOYINC,downstream_subaward,NO_EXACT_MATCH,,,,6,1396539.29,2,625939.29,0,0.0,0,0.0
JCTM LLC,JCTMLLC,downstream_subaward,NO_EXACT_MATCH,,,,1,63540.0,0,0.0,0,0.0,0,0.0
"JEFFERSON SCIENCE ASSOCIATES, LLC",JEFFERSONSCIENCEASSOCIATESLLC,prime_award,NO_EXACT_MATCH,,,,0,0.0,0,0.0,1,2638410.0,1,2638410.0
"JENSEN HUGHES, INC.",JENSENHUGHESINC,downstream_subaward,NO_EXACT_MATCH,,,,1,36961.94,1,36961.94,0,0.0,0,0.0
"JEROME FIRE EQUIPMENT CO., INC.",JEROMEFIREEQUIPMENTCOINC,downstream_subaward,NO_EXACT_MATCH,,,,1,259360.0,0,0.0,0,0.0,0,0.0
JESKELL SYSTEMS LLC,JESKELLSYSTEMSLLC,downstream_subaward,NO_EXACT_MATCH,,,,1,715664.11,0,0.0,0,0.0,0,0.0
JGMS GOVERNMENT SERVICES LLC,JGMSGOVERNMENTSERVICESLLC,downstream_subaward,NO_EXACT_MATCH,,,,3,730512.0,0,0.0,0,0.0,0,0.0
JMR DEVELOPMENT COMPANY LLC,JMRDEVELOPMENTCOMPANYLLC,downstream_subaward,NO_EXACT_MATCH,,,,1,1196316.0,0,0.0,0,0.0,0,0.0
"JOHN C. BERRY & SONS, INC.",JOHNCBERRYANDSONSINC,downstream_subaward,NO_EXACT_MATCH,,,,25,2594410.02,7,1576230.0,0,0.0,0,0.0
"JOHN J. YIM & ASSOCIATES, LLC",JOHNJYIMANDASSOCIATESLLC,prime_award,NO_EXACT_MATCH,,,,0,0.0,0,0.0,1,0.0,1,0.0
"JOHNSON CONTROLS BUILDING AUTOMATION SYSTEMS, LLC",JOHNSONCONTROLSBUILDINGAUTOMATIONSYSTEMSLLC,downstream_subaward,NO_EXACT_MATCH,,,,5,4011663.75,2,849301.61,0,0.0,0,0.0
JOHNSON CONTROLS FIRE PROTECTION LP,JOHNSONCONTROLSFIREPROTECTIONLP,prime_award,NO_EXACT_MATCH,,,,0,0.0,0,0.0,2,-1.4,2,-1.4
"JOHNSON CONTROLS, INC",JOHNSONCONTROLSINC,downstream_subaward,NO_EXACT_MATCH,,,,1,36374.0,1,36374.0,0,0.0,0,0.0
JOHNSON MATTHEY INC.,JOHNSONMATTHEYINC,downstream_subaward,NO_EXACT_MATCH,,,,1,416885.0,1,416885.0,0,0.0,0,0.0
JOSEPH B. SCHROEDER,JOSEPHBSCHROEDER,prime_award,NO_EXACT_MATCH,,,,0,0.0,0,0.0,1,98500.0,1,98500.0
JP WHELAN CO,JPWHELANCO,prime_award,NO_EXACT_MATCH,,,,0,0.0,0,0.0,5,731113.82,5,731113.82
"JPW DESIGN & MANUFACTURING, INC",JPWDESIGNANDMANUFACTURINGINC,downstream_subaward,NO_EXACT_MATCH,,,,1,32642.0,0,0.0,0,0.0,0,0.0
JTF BUSINESS SYSTEMS CORPORATION,JTFBUSINESSSYSTEMSCORPORATION,downstream_subaward,NO_EXACT_MATCH,,,,1,64750.0,1,64750.0,0,0.0,0,0.0
K & D ELECTRIC INC,KANDDELECTRICINC,downstream_subaward,NO_EXACT_MATCH,,,,2,181811.0,2,181811.0,0,0.0,0,0.0
"K & D ELECTRIC, INC.",KANDDELECTRICINC,downstream_subaward,NO_EXACT_MATCH,,,,5,776844.0,0,0.0,0,0.0,0,0.0
KABAR MANUFACTURING CORP.,KABARMANUFACTURINGCORP,downstream_subaward,NO_EXACT_MATCH,,,,1,94785.0,0,0.0,0,0.0,0,0.0
KAMPI COMPONENTS CO INC,KAMPICOMPONENTSCOINC,downstream_subaward,NO_EXACT_MATCH,,,,1,61290.0,0,0.0,0,0.0,0,0.0
KARPINSKI ENGINEERING INC,KARPINSKIENGINEERINGINC,downstream_subaward,NO_EXACT_MATCH,,,,1,452950.0,0,0.0,0,0.0,0,0.0
KBC ENERGY SOLUTIONS LLC,KBCENERGYSOLUTIONSLLC,prime_award,NO_EXACT_MATCH,,,,0,0.0,0,0.0,3,4624598.0,3,4624598.0
KEMP CURT,KEMPCURT,prime_award,NO_EXACT_MATCH,,,,0,0.0,0,0.0,1,0.0,1,0.0
KEYENCE CORPORATION OF AMERICA,KEYENCECORPORATIONOFAMERICA,downstream_subaward,NO_EXACT_MATCH,,,,11,970816.9,3,327969.9,0,0.0,0,0.0
"KEYLOGIC, LLC",KEYLOGICLLC,prime_award,NO_EXACT_MATCH,,,,0,0.0,0,0.0,2,4648076.0,2,4648076.0
"KEYSIGHT TECHNOLOGIES, INC.",KEYSIGHTTECHNOLOGIESINC,downstream_subaward,EXACT_UNIQUE,0001601046,KEYS,"Keysight Technologies, Inc.",1,89831.69,0,0.0,0,0.0,0,0.0
KIEWIT POWER CONSTRUCTORS CO,KIEWITPOWERCONSTRUCTORSCO,downstream_subaward,NO_EXACT_MATCH,,,,6,1473967454.0,1,51997000.0,0,0.0,0,0.0
KIN-TECH MFG INC,KINTECHMFGINC,downstream_subaward,NO_EXACT_MATCH,,,,8,836951.22,2,77817.1,0,0.0,0,0.0
"KING MACHINE, INC.",KINGMACHINEINC,downstream_subaward,NO_EXACT_MATCH,,,,1,167710.0,0,0.0,0,0.0,0,0.0
"KINGSLEY ARMS, INC.",KINGSLEYARMSINC,downstream_subaward,NO_EXACT_MATCH,,,,7,1210807.0,0,0.0,0,0.0,0,0.0
KITWARE INC,KITWAREINC,downstream_subaward,NO_EXACT_MATCH,,,,1,35000.0,0,0.0,0,0.0,0,0.0
KLA CORPORATION,KLACORPORATION,downstream_subaward,NO_EXACT_MATCH,,,,1,42300.0,0,0.0,0,0.0,0,0.0
KNIME INC.,KNIMEINC,downstream_subaward,NO_EXACT_MATCH,,,,1,160000.0,1,160000.0,0,0.0,0,0.0
"KOI COMPUTERS, INC.",KOICOMPUTERSINC,prime_award,NO_EXACT_MATCH,,,,0,0.0,0,0.0,2,609840.0,2,609840.0
KURT J LESKER CO,KURTJLESKERCO,downstream_subaward,NO_EXACT_MATCH,,,,1,64927.6,0,0.0,0,0.0,0,0.0
"L&S ENERGY SERVICES, INC",LANDSENERGYSERVICESINC,downstream_subaward,NO_EXACT_MATCH,,,,1,157974.0,0,0.0,0,0.0,0,0.0
"L3HARRIS MARITIME POWER & ENERGY SOLUTIONS, INC",L3HARRISMARITIMEPOWERANDENERGYSOLUTIONSINC,downstream_subaward,NO_EXACT_MATCH,,,,1,760033.0,1,760033.0,0,0.0,0,0.0
"LABORATORY TESTING, LLC",LABORATORYTESTINGLLC,downstream_subaward,NO_EXACT_MATCH,,,,5,294624.36,0,0.0,0,0.0,0,0.0
LASER MECHANISMS INC,LASERMECHANISMSINC,downstream_subaward,NO_EXACT_MATCH,,,,1,1600.0,0,0.0,0,0.0,0,0.0
"LASER TECHNIQUES COMPANY, LLC",LASERTECHNIQUESCOMPANYLLC,downstream_subaward,NO_EXACT_MATCH,,,,1,39200.88,0,0.0,0,0.0,0,0.0
"LASER THERMAL ANALYSIS, INC",LASERTHERMALANALYSISINC,downstream_subaward,NO_EXACT_MATCH,,,,1,240000.0,0,0.0,0,0.0,0,0.0
"LASPINA LAWN, GARDEN & TURF EQUIPMENT, INC.",LASPINALAWNGARDENANDTURFEQUIPMENTINC,downstream_subaward,NO_EXACT_MATCH,,,,2,101856.0,0,0.0,0,0.0,0,0.0
"LAVISION, INC.",LAVISIONINC,downstream_subaward,NO_EXACT_MATCH,,,,3,273596.0,1,144360.0,0,0.0,0,0.0
"LAWRENCE LIVERMORE NATIONAL SECURITY, LLC",LAWRENCELIVERMORENATIONALSECURITYLLC,prime_award,NO_EXACT_MATCH,,,,0,0.0,0,0.0,2,86292410.33,2,86292410.33
LAYHER INC,LAYHERINC,downstream_subaward,NO_EXACT_MATCH,,,,1,344845.69,0,0.0,0,0.0,0,0.0
"LBYD FEDERAL, LLC",LBYDFEDERALLLC,prime_award,NO_EXACT_MATCH,,,,0,0.0,0,0.0,1,1659077.42,1,1659077.42
"LC TECHNOLOGY SOLUTIONS, INC",LCTECHNOLOGYSOLUTIONSINC,downstream_subaward,NO_EXACT_MATCH,,,,1,64785.0,1,64785.0,0,0.0,0,0.0
"LCPTRACKER, INC.",LCPTRACKERINC,downstream_subaward,NO_EXACT_MATCH,,,,1,500535.0,0,0.0,0,0.0,0,0.0
LECO CORP,LECOCORP,downstream_subaward,NO_EXACT_MATCH,,,,3,262342.36,1,145755.95,0,0.0,0,0.0
"LEIDOS SECURITY DETECTION & AUTOMATION, INC.",LEIDOSSECURITYDETECTIONANDAUTOMATIONINC,downstream_subaward,NO_EXACT_MATCH,,,,3,207419.6,1,98000.0,0,0.0,0,0.0
"LEIDOS, INC.",LEIDOSINC,prime_award,NO_EXACT_MATCH,,,,0,0.0,0,0.0,1,3916131.0,1,3916131.0
LEMO USA INC,LEMOUSAINC,downstream_subaward,NO_EXACT_MATCH,,,,1,84811.83,0,0.0,0,0.0,0,0.0
LENAPE FORGED PRODUCTS CORP,LENAPEFORGEDPRODUCTSCORP,downstream_subaward,NO_EXACT_MATCH,,,,1,252218.0,0,0.0,0,0.0,0,0.0
LEYBOLD USA INC.,LEYBOLDUSAINC,downstream_subaward,NO_EXACT_MATCH,,,,1,8657.0,0,0.0,0,0.0,0,0.0
LIBURDI DIMETRICS CORPORATION,LIBURDIDIMETRICSCORPORATION,downstream_subaward,NO_EXACT_MATCH,,,,2,167869.75,0,0.0,0,0.0,0,0.0
LINDA M YATES,LINDAMYATES,downstream_subaward,NO_EXACT_MATCH,,,,2,133786.0,0,0.0,0,0.0,0,0.0
LINK TECHNOLOGIES INC,LINKTECHNOLOGIESINC,prime_award,NO_EXACT_MATCH,,,,0,0.0,0,0.0,2,496573.34,2,496573.34
LINSEIS INC,LINSEISINC,prime_award,NO_EXACT_MATCH,,,,0,0.0,0,0.0,1,73823.0,1,73823.0
"LINTECH MOTION CONTROL, INC",LINTECHMOTIONCONTROLINC,downstream_subaward,NO_EXACT_MATCH,,,,2,273720.0,1,58400.0,0,0.0,0,0.0
LION FIRST RESPONDER PPE INC,LIONFIRSTRESPONDERPPEINC,downstream_subaward,NO_EXACT_MATCH,,,,1,54936.0,0,0.0,0,0.0,0,0.0
LOCKMASTERS INC,LOCKMASTERSINC,downstream_subaward,NO_EXACT_MATCH,,,,1,159479.0,0,0.0,0,0.0,0,0.0
LOGISTICS365 INC,LOGISTICS365INC,downstream_subaward+prime_award,NO_EXACT_MATCH,,,,32,5056315.57,8,3245609.09,1,0.0,1,0.0
LONG OIL HEAT INC,LONGOILHEATINC,downstream_subaward,NO_EXACT_MATCH,,,,1,754256.25,1,754256.25,0,0.0,0,0.0
"LONGENECKER & ASSOCIATES, LLC",LONGENECKERANDASSOCIATESLLC,prime_award,NO_EXACT_MATCH,,,,0,0.0,0,0.0,1,35000.0,1,35000.0
LUDLUM MEASUREMENTS INC,LUDLUMMEASUREMENTSINC,downstream_subaward,NO_EXACT_MATCH,,,,3,205231.0,0,0.0,0,0.0,0,0.0
"LUMEN TECHNOLOGIES GOVERNMENT SOLUTIONS, INC",LUMENTECHNOLOGIESGOVERNMENTSOLUTIONSINC,prime_award,NO_EXACT_MATCH,,,,0,0.0,0,0.0,1,2493.1,1,2493.1
"LUMEN TECHNOLOGIES GOVERNMENT SOLUTIONS, INC.",LUMENTECHNOLOGIESGOVERNMENTSOLUTIONSINC,prime_award,NO_EXACT_MATCH,,,,0,0.0,0,0.0,2,-136413.4,2,-136413.4
LUMIVERO LLC,LUMIVEROLLC,downstream_subaward,NO_EXACT_MATCH,,,,1,77875.0,0,0.0,0,0.0,0,0.0
LUNA INNOVATIONS INCORPORATED,LUNAINNOVATIONSINCORPORATED,downstream_subaward,NO_EXACT_MATCH,,,,7,2173482.0,3,595812.0,0,0.0,0,0.0
"LYME COMPUTER SYSTEMS, INC.",LYMECOMPUTERSYSTEMSINC,downstream_subaward+prime_award,NO_EXACT_MATCH,,,,4,162167.36,2,96730.43,1,0.0,1,0.0
"M. M. HAYES COMPANY, INC.",MMHAYESCOMPANYINC,downstream_subaward,NO_EXACT_MATCH,,,,1,367183.0,0,0.0,0,0.0,0,0.0
MACHINERY WEST INC,MACHINERYWESTINC,downstream_subaward,NO_EXACT_MATCH,,,,10,658389.75,3,209878.25,0,0.0,0,0.0
MADHOUZ LLC,MADHOUZLLC,downstream_subaward,NO_EXACT_MATCH,,,,1,55000.0,0,0.0,0,0.0,0,0.0
MAEHR MACHINERY INC.,MAEHRMACHINERYINC,downstream_subaward,NO_EXACT_MATCH,,,,2,334240.0,1,116400.0,0,0.0,0,0.0
MAGNA-POWER ELECTRONICS INC,MAGNAPOWERELECTRONICSINC,downstream_subaward,NO_EXACT_MATCH,,,,1,867185.0,1,867185.0,0,0.0,0,0.0
"MAHONEY NOTIFY-PLUS, INC.",MAHONEYNOTIFYPLUSINC,downstream_subaward,NO_EXACT_MATCH,,,,4,368059.0,1,344014.0,0,0.0,0,0.0
"MANAGEMENT CONCEPTS, INC",MANAGEMENTCONCEPTSINC,downstream_subaward+prime_award,NO_EXACT_MATCH,,,,1,124412.0,0,0.0,1,0.0,1,0.0
MANAGEMENT SOLUTIONS LLC,MANAGEMENTSOLUTIONSLLC,prime_award,NO_EXACT_MATCH,,,,0,0.0,0,0.0,1,0.0,1,0.0
MARCOM LLC,MARCOMLLC,downstream_subaward,NO_EXACT_MATCH,,,,3,443309.84,0,0.0,0,0.0,0,0.0
MASCARO CONSTRUCTION CO LP,MASCAROCONSTRUCTIONCOLP,downstream_subaward,NO_EXACT_MATCH,,,,7,71630341.0,0,0.0,0,0.0,0,0.0
"MASS VIRTUAL, INC.",MASSVIRTUALINC,downstream_subaward,NO_EXACT_MATCH,,,,1,100000.0,0,0.0,0,0.0,0,0.0
"MASTER-LEE ENERGY SERVICES, CORP.",MASTERLEEENERGYSERVICESCORP,downstream_subaward,NO_EXACT_MATCH,,,,1,68191.2,0,0.0,0,0.0,0,0.0
"MATERIALS DESIGN, INC.",MATERIALSDESIGNINC,downstream_subaward,NO_EXACT_MATCH,,,,4,435375.0,0,0.0,0,0.0,0,0.0
MATSYS INCORPORATED,MATSYSINCORPORATED,downstream_subaward,NO_EXACT_MATCH,,,,1,80250.0,0,0.0,0,0.0,0,0.0
"MAXIMUS FEDERAL SERVICES, INC.",MAXIMUSFEDERALSERVICESINC,prime_award,NO_EXACT_MATCH,,,,0,0.0,0,0.0,2,600000.0,2,600000.0
"MAXIMUS FEDERAL TECHNOLOGY SOLUTIONS, LLC",MAXIMUSFEDERALTECHNOLOGYSOLUTIONSLLC,prime_award,NO_EXACT_MATCH,,,,0,0.0,0,0.0,1,634115.0,1,634115.0
"MC MACHINERY SYSTEMS, INC",MCMACHINERYSYSTEMSINC,downstream_subaward,NO_EXACT_MATCH,,,,2,161316.75,0,0.0,0,0.0,0,0.0
MCCALL INDUSTRIAL SUPPLY CO LLC,MCCALLINDUSTRIALSUPPLYCOLLC,prime_award,NO_EXACT_MATCH,,,,0,0.0,0,0.0,1,0.0,1,0.0
"MCCONWAY & TORLEY, LLC",MCCONWAYANDTORLEYLLC,downstream_subaward,NO_EXACT_MATCH,,,,1,322889.0,1,322889.0,0,0.0,0,0.0
MCFARLAND TECHNOLOGY INC,MCFARLANDTECHNOLOGYINC,downstream_subaward,NO_EXACT_MATCH,,,,6,5986736.8,0,0.0,0,0.0,0,0.0
MCKESSON MEDICAL-SURGICAL GOVERNMENT SOLUTIONS LLC,MCKESSONMEDICALSURGICALGOVERNMENTSOLUTIONSLLC,downstream_subaward,NO_EXACT_MATCH,,,,1,376900.0,0,0.0,0,0.0,0,0.0
MCMASTER-CARR SUPPLY CO,MCMASTERCARRSUPPLYCO,downstream_subaward,NO_EXACT_MATCH,,,,1,32715.99,1,32715.99,0,0.0,0,0.0
"MCPEAK CO., INC.",MCPEAKCOINC,downstream_subaward,NO_EXACT_MATCH,,,,1,122350.0,1,122350.0,0,0.0,0,0.0
MDA PRECISION LLC,MDAPRECISIONLLC,downstream_subaward,NO_EXACT_MATCH,,,,1,63394.1,0,0.0,0,0.0,0,0.0
"MEASUREMENT TECHNOLOGIES & SUPPLY, INC.",MEASUREMENTTECHNOLOGIESANDSUPPLYINC,downstream_subaward,NO_EXACT_MATCH,,,,1,37418.0,0,0.0,0,0.0,0,0.0
MECA CONSULTING INC,MECACONSULTINGINC,prime_award,NO_EXACT_MATCH,,,,0,0.0,0,0.0,1,0.0,1,0.0
MEDIA CYBERNETICS INC.,MEDIACYBERNETICSINC,downstream_subaward,NO_EXACT_MATCH,,,,1,166045.0,1,166045.0,0,0.0,0,0.0
MEL PRAGER INC,MELPRAGERINC,downstream_subaward,NO_EXACT_MATCH,,,,1,220880.0,0,0.0,0,0.0,0,0.0
MELE ASSOCIATES INC,MELEASSOCIATESINC,prime_award,NO_EXACT_MATCH,,,,0,0.0,0,0.0,2,10000.0,2,10000.0
"MELWOOD HORTICULTURAL TRAINING CENTER, INC.",MELWOODHORTICULTURALTRAININGCENTERINC,prime_award,NO_EXACT_MATCH,,,,0,0.0,0,0.0,1,20972.28,1,20972.28
MERIDIAN KNOWLEDGE SOLUTIONS LLC,MERIDIANKNOWLEDGESOLUTIONSLLC,downstream_subaward,NO_EXACT_MATCH,,,,3,264434.64,0,0.0,0,0.0,0,0.0
"MES SERVICE COMPANY, LLC",MESSERVICECOMPANYLLC,downstream_subaward,NO_EXACT_MATCH,,,,1,36682.0,0,0.0,0,0.0,0,0.0
MESSER LLC,MESSERLLC,downstream_subaward,NO_EXACT_MATCH,,,,2,690193.96,1,357607.46,0,0.0,0,0.0
METACOMP TECHNOLOGIES INC,METACOMPTECHNOLOGIESINC,downstream_subaward,NO_EXACT_MATCH,,,,1,11232.0,0,0.0,0,0.0,0,0.0
"METAL IMPROVEMENT COMPANY, LLC",METALIMPROVEMENTCOMPANYLLC,downstream_subaward,NO_EXACT_MATCH,,,,7,429225.22,4,237322.0,0,0.0,0,0.0
METALS TREATMENT TECHNOLOGIES LLC,METALSTREATMENTTECHNOLOGIESLLC,downstream_subaward,NO_EXACT_MATCH,,,,1,7500.0,0,0.0,0,0.0,0,0.0
"METALWERKS, INC.",METALWERKSINC,downstream_subaward,NO_EXACT_MATCH,,,,1,59000.0,1,59000.0,0,0.0,0,0.0
"METHODS MACHINE TOOLS, INC.",METHODSMACHINETOOLSINC,downstream_subaward,NO_EXACT_MATCH,,,,1,350821.0,1,350821.0,0,0.0,0,0.0
METTLER-TOLEDO LLC,METTLERTOLEDOLLC,downstream_subaward,NO_EXACT_MATCH,,,,9,496380.53,3,213972.56,0,0.0,0,0.0
"MH PROFESSIONAL ENGINEERING, PLLC",MHPROFESSIONALENGINEERINGPLLC,downstream_subaward,NO_EXACT_MATCH,,,,2,519500.0,0,0.0,0,0.0,0,0.0
"MHF PACKAGING SOLUTIONS, LLC",MHFPACKAGINGSOLUTIONSLLC,downstream_subaward,NO_EXACT_MATCH,,,,17,2001804.56,2,144048.0,0,0.0,0,0.0
"MICHAEL BAKER INTERNATIONAL, INC.",MICHAELBAKERINTERNATIONALINC,downstream_subaward,NO_EXACT_MATCH,,,,1,98200.0,1,98200.0,0,0.0,0,0.0
"MICHAEL STAPLETON ASSOCIATES, LTD.",MICHAELSTAPLETONASSOCIATESLTD,downstream_subaward,NO_EXACT_MATCH,,,,1,1713190.0,0,0.0,0,0.0,0,0.0
"MICRO MOTION, INC.",MICROMOTIONINC,downstream_subaward,NO_EXACT_MATCH,,,,1,42599.96,0,0.0,0,0.0,0,0.0
MICRO-OPTICS PRECISION INSTRUMENTS INC,MICROOPTICSPRECISIONINSTRUMENTSINC,downstream_subaward,NO_EXACT_MATCH,,,,2,245211.73,1,97075.03,0,0.0,0,0.0
MICROMERITICS INSTRUMENT CORPORATION,MICROMERITICSINSTRUMENTCORPORATION,prime_award,NO_EXACT_MATCH,,,,0,0.0,0,0.0,1,0.0,1,0.0
"MICROTRAC, INC.",MICROTRACINC,downstream_subaward,NO_EXACT_MATCH,,,,1,108650.0,1,108650.0,0,0.0,0,0.0
"MID-AMERICA CONVERSION SERVICES, LLC",MIDAMERICACONVERSIONSERVICESLLC,prime_award,NO_EXACT_MATCH,,,,0,0.0,0,0.0,2,14540685.83,2,14540685.83
MIDWAY INDUSTRIAL SUPPLY INC.,MIDWAYINDUSTRIALSUPPLYINC,downstream_subaward,NO_EXACT_MATCH,,,,2,105676.38,1,33319.5,0,0.0,0,0.0
"MIDWAY TRAILERS, INC.",MIDWAYTRAILERSINC,prime_award,NO_EXACT_MATCH,,,,0,0.0,0,0.0,3,0.0,3,0.0
"MIDWEST ENGINEERED SYSTEMS, INC.",MIDWESTENGINEEREDSYSTEMSINC,downstream_subaward,NO_EXACT_MATCH,,,,1,59000.0,0,0.0,0,0.0,0,0.0
"MINBURN TECHNOLOGY GROUP, LLC",MINBURNTECHNOLOGYGROUPLLC,downstream_subaward+prime_award,NO_EXACT_MATCH,,,,1,19407999.72,1,19407999.72,5,1411127.1,5,1411127.1
"MIRION TECHNOLOGIES (CANBERRA), INC.",MIRIONTECHNOLOGIESCANBERRAINC,downstream_subaward,NO_EXACT_MATCH,,,,36,9248064.96,10,2644820.0,0,0.0,0,0.0
MISSION SUPPORT & TEST SERVICES LLC,MISSIONSUPPORTANDTESTSERVICESLLC,prime_award,NO_EXACT_MATCH,,,,0,0.0,0,0.0,3,5980203.03,3,5980203.03
"MJ ENGINEERING, ARCHITECTURE, LANDSCAPE ARCHITECTURE, AND LAND SURVEYING P.C.",MJENGINEERINGARCHITECTURELANDSCAPEARCHITECTUREANDLANDSURVEYINGPC,downstream_subaward,NO_EXACT_MATCH,,,,1,66703.0,0,0.0,0,0.0,0,0.0
"MJL ENTERPRISES, LLC",MJLENTERPRISESLLC,downstream_subaward,NO_EXACT_MATCH,,,,1,65758.53,0,0.0,0,0.0,0,0.0
MKS INC.,MKSINC,downstream_subaward,EXACT_UNIQUE,0001049502,MKSI,MKS INC,1,1.0,0,0.0,0,0.0,0,0.0
"MOBOMO, LLC",MOBOMOLLC,prime_award,NO_EXACT_MATCH,,,,0,0.0,0,0.0,1,10488.13,1,10488.13
"MOCA SYSTEMS, INC",MOCASYSTEMSINC,prime_award,NO_EXACT_MATCH,,,,0,0.0,0,0.0,1,45000.0,1,45000.0
MODEL HOLDINGS LLC,MODELHOLDINGSLLC,downstream_subaward,NO_EXACT_MATCH,,,,3,6001.0,0,0.0,0,0.0,0,0.0
MODELON INC.,MODELONINC,downstream_subaward,NO_EXACT_MATCH,,,,2,131400.0,1,86400.0,0,0.0,0,0.0
MONARCH LATHES LP,MONARCHLATHESLP,downstream_subaward,NO_EXACT_MATCH,,,,2,570603.0,1,98990.0,0,0.0,0,0.0
MONO MACHINES LLC,MONOMACHINESLLC,downstream_subaward,NO_EXACT_MATCH,,,,1,210988.92,0,0.0,0,0.0,0,0.0
"MONSTER GOVERNMENT SOLUTIONS, LLC",MONSTERGOVERNMENTSOLUTIONSLLC,downstream_subaward,NO_EXACT_MATCH,,,,1,803436.0,0,0.0,0,0.0,0,0.0
MONTECH INC,MONTECHINC,prime_award,NO_EXACT_MATCH,,,,0,0.0,0,0.0,1,-9410.57,1,-9410.57
MOSEBACH MANUFACTURING CO,MOSEBACHMANUFACTURINGCO,downstream_subaward,NO_EXACT_MATCH,,,,1,8099.0,0,0.0,0,0.0,0,0.0
"MOTION INDUSTRIES, INC.",MOTIONINDUSTRIESINC,downstream_subaward,NO_EXACT_MATCH,,,,5,273602.8,2,161328.62,0,0.0,0,0.0
MOTT CORP,MOTTCORP,downstream_subaward,NO_EXACT_MATCH,,,,1,157348.0,1,157348.0,0,0.0,0,0.0
"MOUNTAIN F. ENTERPRISES, INC.",MOUNTAINFENTERPRISESINC,prime_award,NO_EXACT_MATCH,,,,0,0.0,0,0.0,4,125211.0,4,125211.0
"MOUSER ELECTRONICS, INC",MOUSERELECTRONICSINC,downstream_subaward,NO_EXACT_MATCH,,,,1,48279.0,1,48279.0,0,0.0,0,0.0
MP MACHINERY & TESTING LLC,MPMACHINERYANDTESTINGLLC,downstream_subaward,NO_EXACT_MATCH,,,,2,147050.0,2,147050.0,0,0.0,0,0.0
"MSA SAFETY SALES, LLC",MSASAFETYSALESLLC,downstream_subaward,NO_EXACT_MATCH,,,,1,386838.0,1,386838.0,0,0.0,0,0.0
"MSC INDUSTRIAL DIRECT CO., INC.",MSCINDUSTRIALDIRECTCOINC,downstream_subaward,EXACT_UNIQUE,0001003078,MSM,MSC INDUSTRIAL DIRECT CO INC,1,33925.2,1,33925.2,0,0.0,0,0.0
"MSS SERVICES, INC.",MSSSERVICESINC,prime_award,NO_EXACT_MATCH,,,,0,0.0,0,0.0,1,263560.0,1,263560.0
MTS SYSTEMS CORPORATION,MTSSYSTEMSCORPORATION,downstream_subaward,NO_EXACT_MATCH,,,,9,8996193.0,2,527800.0,0,0.0,0,0.0
MULTI PHASE CONTRACTING CORP,MULTIPHASECONTRACTINGCORP,downstream_subaward,NO_EXACT_MATCH,,,,1,88855.0,0,0.0,0,0.0,0,0.0
MULTI-PHASE CONTRACTING CORP.,MULTIPHASECONTRACTINGCORP,downstream_subaward,NO_EXACT_MATCH,,,,10,18407602.35,6,16405241.5,0,0.0,0,0.0
MULTIQUIP INC.,MULTIQUIPINC,downstream_subaward,NO_EXACT_MATCH,,,,1,93900.89,0,0.0,0,0.0,0,0.0
MURN INCORPORATED,MURNINCORPORATED,downstream_subaward,NO_EXACT_MATCH,,,,4,1021659.6,1,57250.0,0,0.0,0,0.0
MUTUAL TELECOM SERVICES INC.,MUTUALTELECOMSERVICESINC,downstream_subaward+prime_award,NO_EXACT_MATCH,,,,3,833999.33,1,329754.18,1,11560.0,1,11560.0
"MYTHICS, LLC",MYTHICSLLC,downstream_subaward,NO_EXACT_MATCH,,,,2,319412.5,0,0.0,0,0.0,0,0.0
NAC LPT LLC,NACLPTLLC,downstream_subaward,NO_EXACT_MATCH,,,,1,35850.0,0,0.0,0,0.0,0,0.0
NANOSCIENCE INSTRUMENTS INC,NANOSCIENCEINSTRUMENTSINC,downstream_subaward,NO_EXACT_MATCH,,,,2,241862.3,1,55252.3,0,0.0,0,0.0
NANOSONIC INC.,NANOSONICINC,downstream_subaward,NO_EXACT_MATCH,,,,1,293441.29,1,293441.29,0,0.0,0,0.0
"NANOVEA, INC.",NANOVEAINC,downstream_subaward,NO_EXACT_MATCH,,,,1,180000.0,1,180000.0,0,0.0,0,0.0
NATIONAL ACADEMY OF SCIENCES,NATIONALACADEMYOFSCIENCES,prime_award,NO_EXACT_MATCH,,,,0,0.0,0,0.0,1,280000.0,1,280000.0
"NATIONAL CORPORATE COLLEGE CONSULTANTS, INC",NATIONALCORPORATECOLLEGECONSULTANTSINC,downstream_subaward,NO_EXACT_MATCH,,,,1,55600.0,0,0.0,0,0.0,0,0.0
NATIONAL INSTRUMENTS CORP,NATIONALINSTRUMENTSCORP,downstream_subaward,NO_EXACT_MATCH,,,,1,67105.0,0,0.0,0,0.0,0,0.0
"NATIONAL JET COMPANY, INC.",NATIONALJETCOMPANYINC,downstream_subaward,NO_EXACT_MATCH,,,,2,166900.0,2,166900.0,0,0.0,0,0.0
"NATIONAL TECHNOLOGY & ENGINEERING SOLUTIONS OF SANDIA, LLC",NATIONALTECHNOLOGYANDENGINEERINGSOLUTIONSOFSANDIALLC,prime_award,NO_EXACT_MATCH,,,,0,0.0,0,0.0,4,160522510.61,4,160522510.61
"NAVARRO RESEARCH AND ENGINEERING, INC.",NAVARRORESEARCHANDENGINEERINGINC,downstream_subaward,NO_EXACT_MATCH,,,,18,6217573.56,10,2158982.56,0,0.0,0,0.0
NAVCON ENGINEERING NETWORK,NAVCONENGINEERINGNETWORK,downstream_subaward,NO_EXACT_MATCH,,,,1,6750.0,0,0.0,0,0.0,0,0.0
"NAVEX GLOBAL, INC",NAVEXGLOBALINC,downstream_subaward,NO_EXACT_MATCH,,,,1,95750.0,0,0.0,0,0.0,0,0.0
NEFF EXPANSION NE LLC,NEFFEXPANSIONNELLC,downstream_subaward,NO_EXACT_MATCH,,,,3,199045.87,0,0.0,0,0.0,0,0.0
"NEFF EXPANSION PA, LLC",NEFFEXPANSIONPALLC,downstream_subaward,NO_EXACT_MATCH,,,,1,106913.92,1,106913.92,0,0.0,0,0.0
"NEPTUNE AND COMPANY, INCORPORATED",NEPTUNEANDCOMPANYINCORPORATED,prime_award,NO_EXACT_MATCH,,,,0,0.0,0,0.0,1,250000.0,1,250000.0
"NETZSCH INSTRUMENTS NORTH AMERICA, LLC",NETZSCHINSTRUMENTSNORTHAMERICALLC,downstream_subaward,NO_EXACT_MATCH,,,,5,654630.67,3,425312.14,0,0.0,0,0.0
NEW DAY OFFICE PRODUCTS & FURNISHINGS INC,NEWDAYOFFICEPRODUCTSANDFURNISHINGSINC,downstream_subaward,NO_EXACT_MATCH,,,,1,157786.41,0,0.0,0,0.0,0,0.0
"NEW ENGLAND RESEARCH, INC.",NEWENGLANDRESEARCHINC,prime_award,NO_EXACT_MATCH,,,,0,0.0,0,0.0,1,0.0,1,0.0
"NEW TECH SOLUTIONS, INC.",NEWTECHSOLUTIONSINC,prime_award,NO_EXACT_MATCH,,,,0,0.0,0,0.0,2,31532.0,2,31532.0
NEWARK CORPORATION,NEWARKCORPORATION,downstream_subaward,NO_EXACT_MATCH,,,,1,158072.0,0,0.0,0,0.0,0,0.0
NEWARK ELECTRONICS CORPORATION,NEWARKELECTRONICSCORPORATION,downstream_subaward,NO_EXACT_MATCH,,,,3,286457.0,0,0.0,0,0.0,0,0.0
NEWCO INC,NEWCOINC,downstream_subaward,NO_EXACT_MATCH,,,,1,16500.0,0,0.0,0,0.0,0,0.0
"NEWTON DESIGN, LLC",NEWTONDESIGNLLC,downstream_subaward,NO_EXACT_MATCH,,,,1,536573.02,1,536573.02,0,0.0,0,0.0
"NEWTON RESEARCH LABS, INC",NEWTONRESEARCHLABSINC,downstream_subaward,NO_EXACT_MATCH,,,,2,220800.0,0,0.0,0,0.0,0,0.0
NEXANTECA LLC,NEXANTECALLC,prime_award,NO_EXACT_MATCH,,,,0,0.0,0,0.0,1,0.0,1,0.0
NEXIGHT GROUP LLC,NEXIGHTGROUPLLC,prime_award,NO_EXACT_MATCH,,,,0,0.0,0,0.0,1,212118.0,1,212118.0
NICKEL FASTENERS LLC,NICKELFASTENERSLLC,downstream_subaward,NO_EXACT_MATCH,,,,1,1584.0,0,0.0,0,0.0,0,0.0
"NIKON METROLOGY, LLC",NIKONMETROLOGYLLC,downstream_subaward,NO_EXACT_MATCH,,,,5,2043822.48,3,1827122.69,0,0.0,0,0.0
"NIKON SLM SOLUTIONS NA, INC.",NIKONSLMSOLUTIONSNAINC,downstream_subaward,NO_EXACT_MATCH,,,,2,1400557.0,1,237820.0,0,0.0,0,0.0
NITCO LLC,NITCOLLC,downstream_subaward,NO_EXACT_MATCH,,,,1,39469.8,0,0.0,0,0.0,0,0.0
"NONFERROUS PRODUCTS, INC.",NONFERROUSPRODUCTSINC,downstream_subaward,NO_EXACT_MATCH,,,,1,235467.01,1,235467.01,0,0.0,0,0.0
NOONEY CONTROLS CORPORATION,NOONEYCONTROLSCORPORATION,downstream_subaward,NO_EXACT_MATCH,,,,1,583400.0,0,0.0,0,0.0,0,0.0
"NORTH ARROW, INC.",NORTHARROWINC,prime_award,NO_EXACT_MATCH,,,,0,0.0,0,0.0,2,183097.1,2,183097.1
NORTH COAST TECHNICAL INC,NORTHCOASTTECHNICALINC,downstream_subaward,NO_EXACT_MATCH,,,,2,93750.0,1,79800.0,0,0.0,0,0.0
NORTH STAR IMAGING INCORPORATED,NORTHSTARIMAGINGINCORPORATED,downstream_subaward,NO_EXACT_MATCH,,,,2,69355.0,1,50800.0,0,0.0,0,0.0
NORTH WIND GENERAL CONTRACTORS LLC,NORTHWINDGENERALCONTRACTORSLLC,prime_award,NO_EXACT_MATCH,,,,0,0.0,0,0.0,1,0.0,1,0.0
"NORTH WIND PORTAGE, INC.",NORTHWINDPORTAGEINC,prime_award,NO_EXACT_MATCH,,,,0,0.0,0,0.0,1,986207.05,1,986207.05
"NORTHEAST HVAC SOLUTIONS, INC.",NORTHEASTHVACSOLUTIONSINC,downstream_subaward,NO_EXACT_MATCH,,,,1,55189.55,0,0.0,0,0.0,0,0.0
"NORTHERN SPECIALTY METALS, INC.",NORTHERNSPECIALTYMETALSINC,downstream_subaward,NO_EXACT_MATCH,,,,2,71378.0,0,0.0,0,0.0,0,0.0
NORTHROP GRUMMAN CORPORATION,NORTHROPGRUMMANCORPORATION,downstream_subaward,NO_EXACT_MATCH,,,,1,392949.0,1,392949.0,0,0.0,0,0.0
"NORTHWEST MACHINING & MFG., INC.",NORTHWESTMACHININGANDMFGINC,downstream_subaward,NO_EXACT_MATCH,,,,1,58411.0,0,0.0,0,0.0,0,0.0
"NOVEM, INC",NOVEMINC,downstream_subaward,NO_EXACT_MATCH,,,,1,68225.0,1,68225.0,0,0.0,0,0.0
"NSL ANALYTICAL SERVICES, INC",NSLANALYTICALSERVICESINC,downstream_subaward,NO_EXACT_MATCH,,,,1,51999.0,1,51999.0,0,0.0,0,0.0
NTOPOLOGY INC,NTOPOLOGYINC,downstream_subaward,NO_EXACT_MATCH,,,,4,309595.0,1,99795.0,0,0.0,0,0.0
NUCLEAR ALLOYS CORPORATION,NUCLEARALLOYSCORPORATION,downstream_subaward,NO_EXACT_MATCH,,,,2,7675.0,0,0.0,0,0.0,0,0.0
"NUVISION ENGINEERING, INC",NUVISIONENGINEERINGINC,downstream_subaward,NO_EXACT_MATCH,,,,1,133348.0,0,0.0,0,0.0,0,0.0
"O'CONNELL ELECTRIC COMPANY, INC.",OCONNELLELECTRICCOMPANYINC,downstream_subaward,NO_EXACT_MATCH,,,,20,2773461.26,6,482314.8,0,0.0,0,0.0
"OAK RIDGE ASSOCIATED UNIVERSITIES, INCORPORATED",OAKRIDGEASSOCIATEDUNIVERSITIESINCORPORATED,downstream_subaward+prime_award,NO_EXACT_MATCH,,,,1,190140.73,0,0.0,3,65809933.78,3,65809933.78
OAK RIDGE UTILITY DISTRICT,OAKRIDGEUTILITYDISTRICT,prime_award,NO_EXACT_MATCH,,,,0,0.0,0,0.0,1,0.0,1,0.0
OFFICEIMAGES INC,OFFICEIMAGESINC,downstream_subaward,NO_EXACT_MATCH,,,,6,405502.17,4,340055.49,0,0.0,0,0.0
OHIO SEMITRONICS INC,OHIOSEMITRONICSINC,downstream_subaward,NO_EXACT_MATCH,,,,1,2368.0,0,0.0,0,0.0,0,0.0
"OHIO STATE UNIVERSITY, THE",OHIOSTATEUNIVERSITYTHE,downstream_subaward,NO_EXACT_MATCH,,,,1,55000.0,1,55000.0,0,0.0,0,0.0
OHIO TRANSMISSION LLC,OHIOTRANSMISSIONLLC,downstream_subaward,NO_EXACT_MATCH,,,,2,120469.82,0,0.0,0,0.0,0,0.0
"OHIO VALLEY INDUSTRIAL SERVICES, INC",OHIOVALLEYINDUSTRIALSERVICESINC,downstream_subaward,NO_EXACT_MATCH,,,,3,109822.48,1,35205.0,0,0.0,0,0.0
"OKOS SOLUTIONS, LLC",OKOSSOLUTIONSLLC,downstream_subaward,NO_EXACT_MATCH,,,,2,561219.0,1,463000.0,0,0.0,0,0.0
OLYMPUS AMERICA INC,OLYMPUSAMERICAINC,downstream_subaward,NO_EXACT_MATCH,,,,2,154008.12,0,0.0,0,0.0,0,0.0
"OLYMPUS AMERICA, INC.",OLYMPUSAMERICAINC,downstream_subaward,NO_EXACT_MATCH,,,,1,37270.0,0,0.0,0,0.0,0,0.0
"OMEGA ENGINEERING, INC.",OMEGAENGINEERINGINC,downstream_subaward,NO_EXACT_MATCH,,,,1,386573.6,1,386573.6,0,0.0,0,0.0
"OMNI BUSINESS SYSTEMS, INC",OMNIBUSINESSSYSTEMSINC,downstream_subaward,NO_EXACT_MATCH,,,,1,95231.0,0,0.0,0,0.0,0,0.0
OMNISYNC INCORPORATED,OMNISYNCINCORPORATED,prime_award,NO_EXACT_MATCH,,,,0,0.0,0,0.0,1,310180.0,1,310180.0
ONDRIVES.US CORP.,ONDRIVESUSCORP,downstream_subaward,NO_EXACT_MATCH,,,,1,44485.5,0,0.0,0,0.0,0,0.0
ONE TECHNOLOGY CORPORATION,ONETECHNOLOGYCORPORATION,prime_award,NO_EXACT_MATCH,,,,0,0.0,0,0.0,1,38500.0,1,38500.0
"ONLOCATION, INC",ONLOCATIONINC,prime_award,NO_EXACT_MATCH,,,,0,0.0,0,0.0,1,120000.0,1,120000.0
"ONTERRIS RESPONSE AND RECOVERY, LLC",ONTERRISRESPONSEANDRECOVERYLLC,downstream_subaward,NO_EXACT_MATCH,,,,1,305000.0,0,0.0,0,0.0,0,0.0
"OPERATION TECHNOLOGY, INC.",OPERATIONTECHNOLOGYINC,downstream_subaward,NO_EXACT_MATCH,,,,1,31070.0,0,0.0,0,0.0,0,0.0
OPTI TEMP INC,OPTITEMPINC,downstream_subaward,NO_EXACT_MATCH,,,,1,44300.0,1,44300.0,0,0.0,0,0.0
"OPTICS TECHNOLOGY, INC",OPTICSTECHNOLOGYINC,downstream_subaward,NO_EXACT_MATCH,,,,1,664967.92,1,664967.92,0,0.0,0,0.0
"OPTIVOR TECHNOLOGIES, LLC",OPTIVORTECHNOLOGIESLLC,downstream_subaward,NO_EXACT_MATCH,,,,1,424873.0,0,0.0,0,0.0,0,0.0
ORANO FEDERAL SERVICES LLC,ORANOFEDERALSERVICESLLC,downstream_subaward,NO_EXACT_MATCH,,,,1,66529.0,0,0.0,0,0.0,0,0.0
ORBIS SIBRO INC,ORBISSIBROINC,downstream_subaward,NO_EXACT_MATCH,,,,1,242462.0,0,0.0,0,0.0,0,0.0
OREGON DEPARTMENT OF ENVIRONMENTAL QUALITY,OREGONDEPARTMENTOFENVIRONMENTALQUALITY,prime_award,NO_EXACT_MATCH,,,,0,0.0,0,0.0,1,33100.0,1,33100.0
"ORION TECHNOLOGIES, LLC",ORIONTECHNOLOGIESLLC,downstream_subaward,NO_EXACT_MATCH,,,,1,286790.42,0,0.0,0,0.0,0,0.0
"OXFORD INSTRUMENTS AMERICA, INC.",OXFORDINSTRUMENTSAMERICAINC,downstream_subaward,NO_EXACT_MATCH,,,,5,1234994.0,1,222910.0,0,0.0,0,0.0
OXY-GON INDUSTRIES INC,OXYGONINDUSTRIESINC,downstream_subaward,NO_EXACT_MATCH,,,,1,19469.0,0,0.0,0,0.0,0,0.0
P C RECYCLER INC,PCRECYCLERINC,downstream_subaward,NO_EXACT_MATCH,,,,2,495240.17,2,495240.17,0,0.0,0,0.0
P.J. DICK INCORPORATED,PJDICKINCORPORATED,downstream_subaward,NO_EXACT_MATCH,,,,2,1898549.0,0,0.0,0,0.0,0,0.0
PACIFIC BELL TELEPHONE COMPANY,PACIFICBELLTELEPHONECOMPANY,prime_award,NO_EXACT_MATCH,,,,0,0.0,0,0.0,1,24300.0,1,24300.0
"PACKAGE ONE INDUSTRIES, LLC",PACKAGEONEINDUSTRIESLLC,downstream_subaward,NO_EXACT_MATCH,,,,1,38170.0,0,0.0,0,0.0,0,0.0
"PALISADE COMPANY, LLC",PALISADECOMPANYLLC,downstream_subaward,NO_EXACT_MATCH,,,,1,60496.38,0,0.0,0,0.0,0,0.0
PAMAS PARTIKELMESS- UND ANALYSESYSTEME GMBH,PAMASPARTIKELMESSUNDANALYSESYSTEMEGMBH,downstream_subaward,NO_EXACT_MATCH,,,,1,279000.0,1,279000.0,0,0.0,0,0.0
PARAGON ENERGY SOLUTIONS LLC,PARAGONENERGYSOLUTIONSLLC,downstream_subaward,NO_EXACT_MATCH,,,,4,632210.0,1,57700.0,0,0.0,0,0.0
PARASOFT CORPORATION,PARASOFTCORPORATION,downstream_subaward,NO_EXACT_MATCH,,,,2,205716.0,1,110366.0,0,0.0,0,0.0
PARKLAND USA CORPORATION,PARKLANDUSACORPORATION,downstream_subaward,NO_EXACT_MATCH,,,,13,698230.0,2,121200.0,0,0.0,0,0.0
PARSONS GOVERNMENT SERVICES INC.,PARSONSGOVERNMENTSERVICESINC,prime_award,NO_EXACT_MATCH,,,,0,0.0,0,0.0,8,1414673.25,8,1414673.25
PARSONS GOVERNMENT SERVICES INTERNATIONAL INC.,PARSONSGOVERNMENTSERVICESINTERNATIONALINC,prime_award,NO_EXACT_MATCH,,,,0,0.0,0,0.0,1,1140489.0,1,1140489.0
"PARTNER STEEL CO., INC.",PARTNERSTEELCOINC,downstream_subaward,NO_EXACT_MATCH,,,,1,34761.3,0,0.0,0,0.0,0,0.0
"PCB PIEZOTRONICS OF NORTH CAROLINA, INC.",PCBPIEZOTRONICSOFNORTHCAROLINAINC,downstream_subaward,NO_EXACT_MATCH,,,,3,136994.09,1,32778.24,0,0.0,0,0.0
"PCB PIEZOTRONICS, INC.",PCBPIEZOTRONICSINC,downstream_subaward,NO_EXACT_MATCH,,,,7,690436.0,3,199690.0,0,0.0,0,0.0
PEELE INC,PEELEINC,prime_award,NO_EXACT_MATCH,,,,0,0.0,0,0.0,1,15202.0,1,15202.0
PENCO PRODUCTS INC,PENCOPRODUCTSINC,downstream_subaward,NO_EXACT_MATCH,,,,1,7669.0,0,0.0,0,0.0,0,0.0
"PENGATE HANDLING SYSTEMS, INC.",PENGATEHANDLINGSYSTEMSINC,downstream_subaward,NO_EXACT_MATCH,,,,1,123892.5,0,0.0,0,0.0,0,0.0
PENNSYLVANIA STATE UNIVERSITY,PENNSYLVANIASTATEUNIVERSITY,downstream_subaward,NO_EXACT_MATCH,,,,5,801303.0,4,701303.0,0,0.0,0,0.0
PENTEK INC,PENTEKINC,downstream_subaward,NO_EXACT_MATCH,,,,1,297690.46,0,0.0,0,0.0,0,0.0
PERIKIN ENTERPRISES LLC,PERIKINENTERPRISESLLC,prime_award,NO_EXACT_MATCH,,,,0,0.0,0,0.0,1,0.0,1,0.0
PERKINELMER U.S. LLC,PERKINELMERUSLLC,downstream_subaward,NO_EXACT_MATCH,,,,1,262520.0,1,262520.0,0,0.0,0,0.0
PETERSEN INCORPORATED,PETERSENINCORPORATED,downstream_subaward,NO_EXACT_MATCH,,,,4,4221114.6,0,0.0,0,0.0,0,0.0
"PFEIFFER VACUUM, INC.",PFEIFFERVACUUMINC,prime_award,NO_EXACT_MATCH,,,,0,0.0,0,0.0,1,0.0,1,0.0
"PH TOOL, LLC",PHTOOLLLC,downstream_subaward,NO_EXACT_MATCH,,,,1,50365.0,0,0.0,0,0.0,0,0.0
PHILLIPS CORPORATION,PHILLIPSCORPORATION,downstream_subaward,NO_EXACT_MATCH,,,,2,1558719.3,1,32808.3,0,0.0,0,0.0
"PHISTON TECHNOLOGIES, INC",PHISTONTECHNOLOGIESINC,downstream_subaward,NO_EXACT_MATCH,,,,1,171376.0,0,0.0,0,0.0,0,0.0
PHOENIX ANALYSIS & DESIGN TECHNOLOGIES INC,PHOENIXANALYSISANDDESIGNTECHNOLOGIESINC,downstream_subaward,NO_EXACT_MATCH,,,,2,80481.0,0,0.0,0,0.0,0,0.0
"PHOTONICS INDUSTRIES INTERNATIONAL, INC",PHOTONICSINDUSTRIESINTERNATIONALINC,downstream_subaward,NO_EXACT_MATCH,,,,1,370500.0,0,0.0,0,0.0,0,0.0
"PHYSICAL ELECTRONICS USA, INC.",PHYSICALELECTRONICSUSAINC,downstream_subaward+prime_award,NO_EXACT_MATCH,,,,1,0.0,0,0.0,1,0.0,1,0.0
PI PHYSIK INSTRUMENTE LP,PIPHYSIKINSTRUMENTELP,downstream_subaward,NO_EXACT_MATCH,,,,5,453229.0,0,0.0,0,0.0,0,0.0
PI2E JV LLP,PI2EJVLLP,prime_award,NO_EXACT_MATCH,,,,0,0.0,0,0.0,1,-50103.54,1,-50103.54
"PICKERING INTERFACES, INC",PICKERINGINTERFACESINC,downstream_subaward,NO_EXACT_MATCH,,,,1,34050.0,1,34050.0,0,0.0,0,0.0
PIE SCIENTIFIC LLC,PIESCIENTIFICLLC,downstream_subaward,NO_EXACT_MATCH,,,,1,44990.0,1,44990.0,0,0.0,0,0.0
"PIEZOSYSTEM JENA, INC",PIEZOSYSTEMJENAINC,downstream_subaward,NO_EXACT_MATCH,,,,1,58920.0,1,58920.0,0,0.0,0,0.0
PITTSBURGH AIR SYSTEMS INC,PITTSBURGHAIRSYSTEMSINC,downstream_subaward,NO_EXACT_MATCH,,,,1,35382.2,1,35382.2,0,0.0,0,0.0
"PITTSBURGH FLUID SYSTEMS, LLC",PITTSBURGHFLUIDSYSTEMSLLC,downstream_subaward,NO_EXACT_MATCH,,,,17,1032726.1,5,411053.71,0,0.0,0,0.0
"PLAINVILLE ELECTRICAL PRODUCTS COMPANY, THE",PLAINVILLEELECTRICALPRODUCTSCOMPANYTHE,downstream_subaward,NO_EXACT_MATCH,,,,1,66544.0,0,0.0,0,0.0,0,0.0
"PLANK, LLC",PLANKLLC,downstream_subaward,NO_EXACT_MATCH,,,,3,4202871.0,2,2884171.0,0,0.0,0,0.0
PLEASANT HILLS CLEANING CENTER INC,PLEASANTHILLSCLEANINGCENTERINC,downstream_subaward,NO_EXACT_MATCH,,,,1,2710.0,0,0.0,0,0.0,0,0.0
POLARIS SALES INC,POLARISSALESINC,downstream_subaward,NO_EXACT_MATCH,,,,3,117133.98,0,0.0,0,0.0,0,0.0
"POLITICO, LLC",POLITICOLLC,prime_award,NO_EXACT_MATCH,,,,0,0.0,0,0.0,1,0.0,1,0.0
"PORTERSVILLE PRD, LLC",PORTERSVILLEPRDLLC,downstream_subaward,NO_EXACT_MATCH,,,,1,2587.0,0,0.0,0,0.0,0,0.0
POWDERS ON DEMAND LLC,POWDERSONDEMANDLLC,downstream_subaward,NO_EXACT_MATCH,,,,1,156000.0,0,0.0,0,0.0,0,0.0
"POWERSPORTS, INC",POWERSPORTSINC,downstream_subaward,NO_EXACT_MATCH,,,,3,232034.85,3,232034.85,0,0.0,0,0.0
PRAECIPIO CONSULTING LLC,PRAECIPIOCONSULTINGLLC,downstream_subaward,NO_EXACT_MATCH,,,,1,325870.0,0,0.0,0,0.0,0,0.0
PRECISION BUILD INTEGRATION LLC,PRECISIONBUILDINTEGRATIONLLC,downstream_subaward,NO_EXACT_MATCH,,,,1,247965.0,0,0.0,0,0.0,0,0.0
PRECISION DEFENSE SERVICES INC,PRECISIONDEFENSESERVICESINC,downstream_subaward,NO_EXACT_MATCH,,,,1,59920.0,0,0.0,0,0.0,0,0.0
"PRECISION FILTERS, INC.",PRECISIONFILTERSINC,downstream_subaward,NO_EXACT_MATCH,,,,4,411315.0,2,182261.0,0,0.0,0,0.0
"PRECISION WELDING TECHNOLOGIES, INC.",PRECISIONWELDINGTECHNOLOGIESINC,downstream_subaward,NO_EXACT_MATCH,,,,1,49200.0,0,0.0,0,0.0,0,0.0
PREMIER AUTOMATION LLC,PREMIERAUTOMATIONLLC,downstream_subaward,NO_EXACT_MATCH,,,,7,632977.75,3,287347.63,0,0.0,0,0.0
PREMIER FIRE APPARATUS,PREMIERFIREAPPARATUS,downstream_subaward,NO_EXACT_MATCH,,,,1,12565.0,0,0.0,0,0.0,0,0.0
"PREMIER TECHNOLOGY, INC.",PREMIERTECHNOLOGYINC,downstream_subaward,NO_EXACT_MATCH,,,,1,159834.0,0,0.0,0,0.0,0,0.0
PRIMARY ARMS LLC,PRIMARYARMSLLC,downstream_subaward,NO_EXACT_MATCH,,,,1,41798.86,0,0.0,0,0.0,0,0.0
"PRIME MACHINE, INC.",PRIMEMACHINEINC,downstream_subaward,NO_EXACT_MATCH,,,,6,1957649.74,1,148399.0,0,0.0,0,0.0
PROCESS OPTIMIZATION CORP,PROCESSOPTIMIZATIONCORP,downstream_subaward,NO_EXACT_MATCH,,,,3,430383.31,0,0.0,0,0.0,0,0.0
"PRODUCT EVALUATION SYSTEMS, LLC.",PRODUCTEVALUATIONSYSTEMSLLC,downstream_subaward,NO_EXACT_MATCH,,,,11,1269530.02,3,337980.0,0,0.0,0,0.0
"PROFESSIONAL SERVICE INDUSTRIES, INC",PROFESSIONALSERVICEINDUSTRIESINC,downstream_subaward,NO_EXACT_MATCH,,,,1,33735.0,0,0.0,0,0.0,0,0.0
PROJECT ENHANCEMENT CORPORATION,PROJECTENHANCEMENTCORPORATION,prime_award,NO_EXACT_MATCH,,,,0,0.0,0,0.0,1,-6079.52,1,-6079.52
PROOFCERT LLC,PROOFCERTLLC,downstream_subaward,NO_EXACT_MATCH,,,,1,6813.0,0,0.0,0,0.0,0,0.0
PROTEC DYNATRONIX LLC,PROTECDYNATRONIXLLC,downstream_subaward,NO_EXACT_MATCH,,,,1,65240.0,0,0.0,0,0.0,0,0.0
PROTECTION STRATEGIES INC,PROTECTIONSTRATEGIESINC,prime_award,NO_EXACT_MATCH,,,,0,0.0,0,0.0,1,1200000.0,1,1200000.0
"PROTEM USA, LIMITED LIABILITY CO",PROTEMUSALIMITEDLIABILITYCO,downstream_subaward,NO_EXACT_MATCH,,,,1,59776.0,0,0.0,0,0.0,0,0.0
PROTOSHOP LLC,PROTOSHOPLLC,downstream_subaward,NO_EXACT_MATCH,,,,1,18720.0,0,0.0,0,0.0,0,0.0
"PRYOR LEARNING, INC.",PRYORLEARNINGINC,downstream_subaward,NO_EXACT_MATCH,,,,1,180574.52,0,0.0,0,0.0,0,0.0
"PURDUE APPLIED RESEARCH INSTITUTE, LLC",PURDUEAPPLIEDRESEARCHINSTITUTELLC,prime_award,NO_EXACT_MATCH,,,,0,0.0,0,0.0,1,373700.0,1,373700.0
"PURE AQUA, INC.",PUREAQUAINC,downstream_subaward,NO_EXACT_MATCH,,,,1,143358.0,0,0.0,0,0.0,0,0.0
"Q-MATION, LLC",QMATIONLLC,downstream_subaward,NO_EXACT_MATCH,,,,5,833075.0,1,110774.0,0,0.0,0,0.0
"QDCIP FIRE, LLC",QDCIPFIRELLC,downstream_subaward,NO_EXACT_MATCH,,,,1,41310.0,1,41310.0,0,0.0,0,0.0
"QMP ENTERPRISES, INC.",QMPENTERPRISESINC,downstream_subaward,NO_EXACT_MATCH,,,,1,67835.0,1,67835.0,0,0.0,0,0.0
"QUADIENT, INC.",QUADIENTINC,prime_award,NO_EXACT_MATCH,,,,0,0.0,0,0.0,1,399064.2,1,399064.2
"QUANTA GOVERNMENT SOLUTIONS, LLC",QUANTAGOVERNMENTSOLUTIONSLLC,downstream_subaward,NO_EXACT_MATCH,,,,1,8597707.0,0,0.0,0,0.0,0,0.0
QUARTZ SCIENTIFIC INC,QUARTZSCIENTIFICINC,downstream_subaward,NO_EXACT_MATCH,,,,1,30050.0,1,30050.0,0,0.0,0,0.0
"QUEST DIAGNOSTICS CLINICAL LABORATORIES, INC.",QUESTDIAGNOSTICSCLINICALLABORATORIESINC,downstream_subaward,NO_EXACT_MATCH,,,,1,603649.0,0,0.0,0,0.0,0,0.0
QUSTOM APPS LLC,QUSTOMAPPSLLC,downstream_subaward,NO_EXACT_MATCH,,,,2,267400.0,1,250000.0,0,0.0,0,0.0
R M HEADLEE CO INC,RMHEADLEECOINC,downstream_subaward,NO_EXACT_MATCH,,,,1,36928.56,1,36928.56,0,0.0,0,0.0
"RABALAIS & ASSOCIATES, P.L.L.C.",RABALAISANDASSOCIATESPLLC,prime_award,NO_EXACT_MATCH,,,,0,0.0,0,0.0,1,10000000.0,1,10000000.0
"RACK-WILDNER & REESE, INC.",RACKWILDNERANDREESEINC,prime_award,NO_EXACT_MATCH,,,,0,0.0,0,0.0,2,508848.0,2,508848.0
"RADIATION TEST SOLUTIONS, INC.",RADIATIONTESTSOLUTIONSINC,downstream_subaward,NO_EXACT_MATCH,,,,1,147270.0,0,0.0,0,0.0,0,0.0
"RAINBOW RESEARCH OPTICS, LLC",RAINBOWRESEARCHOPTICSLLC,downstream_subaward,NO_EXACT_MATCH,,,,1,55300.0,0,0.0,0,0.0,0,0.0
"RALPH W. EARL CO., INC.",RALPHWEARLCOINC,downstream_subaward,NO_EXACT_MATCH,,,,2,126853.42,0,0.0,0,0.0,0,0.0
"RAMBOLL AMERICAS ENGINEERING SOLUTIONS, INC.",RAMBOLLAMERICASENGINEERINGSOLUTIONSINC,downstream_subaward,NO_EXACT_MATCH,,,,8,723555.0,2,234217.0,0,0.0,0,0.0
RAND WORLDWIDE SUBSIDIARY INC,RANDWORLDWIDESUBSIDIARYINC,downstream_subaward,NO_EXACT_MATCH,,,,3,248401.65,1,146026.65,0,0.0,0,0.0
"RAPID PREP, LLC",RAPIDPREPLLC,downstream_subaward,NO_EXACT_MATCH,,,,1,517740.0,1,517740.0,0,0.0,0,0.0
RAPISCAN SYSTEMS INC,RAPISCANSYSTEMSINC,downstream_subaward,NO_EXACT_MATCH,,,,1,86580.0,0,0.0,0,0.0,0,0.0
"RAVENTEK SOLUTION PARTNERS, LLC",RAVENTEKSOLUTIONPARTNERSLLC,downstream_subaward,NO_EXACT_MATCH,,,,1,52617.6,1,52617.6,0,0.0,0,0.0
RDO EQUIPMENT CO.,RDOEQUIPMENTCO,downstream_subaward,NO_EXACT_MATCH,,,,1,169741.0,1,169741.0,0,0.0,0,0.0
RED RIVER TECHNOLOGY LLC,REDRIVERTECHNOLOGYLLC,prime_award,NO_EXACT_MATCH,,,,0,0.0,0,0.0,1,6650.95,1,6650.95
"RED, INC.",REDINC,downstream_subaward,NO_EXACT_MATCH,,,,1,347310.0,0,0.0,0,0.0,0,0.0
"REDHAWK IT SOLUTIONS, LLC",REDHAWKITSOLUTIONSLLC,prime_award,NO_EXACT_MATCH,,,,0,0.0,0,0.0,2,51698.2,2,51698.2
REGAL BELOIT AMERICA INC,REGALBELOITAMERICAINC,downstream_subaward,NO_EXACT_MATCH,,,,1,153920.0,1,153920.0,0,0.0,0,0.0
REGAN TECHNOLOGIES CORP,REGANTECHNOLOGIESCORP,downstream_subaward+prime_award,NO_EXACT_MATCH,,,,1,760513.0,0,0.0,2,179354.31,2,179354.31
"REGENTS OF THE UNIVERSITY OF CALIFORNIA, THE",REGENTSOFTHEUNIVERSITYOFCALIFORNIATHE,downstream_subaward,NO_EXACT_MATCH,,,,1,205000.0,0,0.0,0,0.0,0,0.0
REGENTS OF THE UNIVERSITY OF MICHIGAN,REGENTSOFTHEUNIVERSITYOFMICHIGAN,downstream_subaward,NO_EXACT_MATCH,,,,2,151036.0,2,151036.0,0,0.0,0,0.0
"REGULATORY COMPLIANCE SERVICES, CORP",REGULATORYCOMPLIANCESERVICESCORP,downstream_subaward,NO_EXACT_MATCH,,,,1,36750.0,0,0.0,0,0.0,0,0.0
RELX INC.,RELXINC,downstream_subaward+prime_award,NO_EXACT_MATCH,,,,3,112050.0,0,0.0,2,27648.0,2,27648.0
"REMOTE OCEAN SYSTEMS, INC.",REMOTEOCEANSYSTEMSINC,downstream_subaward,NO_EXACT_MATCH,,,,4,260673.0,3,222413.0,0,0.0,0,0.0
REMOTE SOLUTIONS LLC,REMOTESOLUTIONSLLC,downstream_subaward,NO_EXACT_MATCH,,,,1,33035.51,0,0.0,0,0.0,0,0.0
"RENISHAW, INC.",RENISHAWINC,downstream_subaward,NO_EXACT_MATCH,,,,2,112910.0,1,64202.0,0,0.0,0,0.0
RENSSELAER POLYTECHNIC INSTITUTE,RENSSELAERPOLYTECHNICINSTITUTE,downstream_subaward,NO_EXACT_MATCH,,,,4,3144052.0,3,2791833.0,0,0.0,0,0.0
REPEAT BUSINESS SYSTEMS INC,REPEATBUSINESSSYSTEMSINC,downstream_subaward,NO_EXACT_MATCH,,,,4,4821774.56,0,0.0,0,0.0,0,0.0
"RESONON, INC.",RESONONINC,downstream_subaward,NO_EXACT_MATCH,,,,2,80086.0,0,0.0,0,0.0,0,0.0
RESOURCE TRAINING INSTITUTE,RESOURCETRAININGINSTITUTE,downstream_subaward,NO_EXACT_MATCH,,,,1,43382.0,1,43382.0,0,0.0,0,0.0
"REVVITY HEALTH SCIENCES, INC.",REVVITYHEALTHSCIENCESINC,downstream_subaward+prime_award,NO_EXACT_MATCH,,,,2,254528.0,1,156460.0,1,26176.02,1,26176.02
"REXBURG MOTOR SPORTS, L.L.C.",REXBURGMOTORSPORTSLLC,downstream_subaward,NO_EXACT_MATCH,,,,2,169898.96,2,169898.96,0,0.0,0,0.0
REXEL USA INC,REXELUSAINC,downstream_subaward,NO_EXACT_MATCH,,,,1,62172.0,0,0.0,0,0.0,0,0.0
"REXEL USA, INC.",REXELUSAINC,downstream_subaward,NO_EXACT_MATCH,,,,1,33247.54,0,0.0,0,0.0,0,0.0
"REYNOLDS POLYMER TECHNOLOGY, INC.",REYNOLDSPOLYMERTECHNOLOGYINC,downstream_subaward,NO_EXACT_MATCH,,,,1,193020.0,0,0.0,0,0.0,0,0.0
RG INDUSTRIES INC,RGINDUSTRIESINC,downstream_subaward,NO_EXACT_MATCH,,,,2,216641.07,2,216641.07,0,0.0,0,0.0
RG LOEWENGUTH CO INC,RGLOEWENGUTHCOINC,downstream_subaward,NO_EXACT_MATCH,,,,2,11855.0,0,0.0,0,0.0,0,0.0
RHINOCORPS LTD. CO.,RHINOCORPSLTDCO,prime_award,NO_EXACT_MATCH,,,,0,0.0,0,0.0,1,875577.19,1,875577.19
"RHOADS INDUSTRIES, INC.",RHOADSINDUSTRIESINC,downstream_subaward,NO_EXACT_MATCH,,,,1,328489.0,0,0.0,0,0.0,0,0.0
RICH INDUSTRIES INC,RICHINDUSTRIESINC,downstream_subaward,NO_EXACT_MATCH,,,,1,37482.5,1,37482.5,0,0.0,0,0.0
RICOH USA INC,RICOHUSAINC,prime_award,NO_EXACT_MATCH,,,,0,0.0,0,0.0,2,-1219.82,2,-1219.82
"RIGAKU AMERICAS HOLDING, INC.",RIGAKUAMERICASHOLDINGINC,prime_award,NO_EXACT_MATCH,,,,0,0.0,0,0.0,1,0.0,1,0.0
"RITEC, INC",RITECINC,downstream_subaward,NO_EXACT_MATCH,,,,1,41780.0,0,0.0,0,0.0,0,0.0
"ROGUE WAVE SOFTWARE, INC.",ROGUEWAVESOFTWAREINC,downstream_subaward,NO_EXACT_MATCH,,,,2,46304.61,1,34888.61,0,0.0,0,0.0
"ROHDE & SCHWARZ USA, INC.",ROHDEANDSCHWARZUSAINC,downstream_subaward,NO_EXACT_MATCH,,,,1,112374.0,1,112374.0,0,0.0,0,0.0
"ROSEDALE PRODUCTS, INC",ROSEDALEPRODUCTSINC,downstream_subaward,NO_EXACT_MATCH,,,,1,35449.43,0,0.0,0,0.0,0,0.0
ROSEMOUNT INC.,ROSEMOUNTINC,downstream_subaward,NO_EXACT_MATCH,,,,1,80634.0,0,0.0,0,0.0,0,0.0
"ROYAL MEDIA NETWORK, INC.",ROYALMEDIANETWORKINC,prime_award,NO_EXACT_MATCH,,,,0,0.0,0,0.0,2,42563.0,2,42563.0
"ROYAL SWITCHGEAR MANUFACTURING COMPANY, LLC",ROYALSWITCHGEARMANUFACTURINGCOMPANYLLC,prime_award,NO_EXACT_MATCH,,,,0,0.0,0,0.0,1,528067.0,1,528067.0
ROZELL NORTH LLC,ROZELLNORTHLLC,downstream_subaward,NO_EXACT_MATCH,,,,4,1039945.0,1,278615.0,0,0.0,0,0.0
RRC - JGMS NHO LLC,RRCJGMSNHOLLC,prime_award,NO_EXACT_MATCH,,,,0,0.0,0,0.0,1,0.0,1,0.0
RUPPERT FAMILY ELECTRONICS INC,RUPPERTFAMILYELECTRONICSINC,downstream_subaward,NO_EXACT_MATCH,,,,1,40932.0,0,0.0,0,0.0,0,0.0
RURAL ELECTRIC SUPPLY COOPERATIVE,RURALELECTRICSUPPLYCOOPERATIVE,prime_award,NO_EXACT_MATCH,,,,0,0.0,0,0.0,2,0.0,2,0.0
RVET OPERATING LLC,RVETOPERATINGLLC,downstream_subaward,NO_EXACT_MATCH,,,,1,162175.0,0,0.0,0,0.0,0,0.0
S C & A INC,SCANDAINC,prime_award,NO_EXACT_MATCH,,,,0,0.0,0,0.0,1,726937.04,1,726937.04
S&P GLOBAL LIMITED,SANDPGLOBALLIMITED,prime_award,NO_EXACT_MATCH,,,,0,0.0,0,0.0,1,382556.39,1,382556.39
SAFETY FIRST FIRE EQUIPMENT,SAFETYFIRSTFIREEQUIPMENT,downstream_subaward,NO_EXACT_MATCH,,,,1,75879.0,0,0.0,0,0.0,0,0.0
SAFRAN SOFTWARE SOLUTIONS LLC,SAFRANSOFTWARESOLUTIONSLLC,prime_award,NO_EXACT_MATCH,,,,0,0.0,0,0.0,1,33366.0,1,33366.0
"SAGE ENGINEERING ASSOCIATES, LLP",SAGEENGINEERINGASSOCIATESLLP,downstream_subaward,NO_EXACT_MATCH,,,,21,3181839.93,6,488734.01,0,0.0,0,0.0
SAGE TECHNOLOGIES CORPORATION,SAGETECHNOLOGIESCORPORATION,downstream_subaward,NO_EXACT_MATCH,,,,1,33806.0,0,0.0,0,0.0,0,0.0
"SALIENT CRGT, INC.",SALIENTCRGTINC,downstream_subaward,NO_EXACT_MATCH,,,,1,496704.0,0,0.0,0,0.0,0,0.0
"SAMYAK SOLUTIONS, INC.",SAMYAKSOLUTIONSINC,prime_award,NO_EXACT_MATCH,,,,0,0.0,0,0.0,1,594123.39,1,594123.39
SAVAGE ENGINEERING & SALES INC,SAVAGEENGINEERINGANDSALESINC,downstream_subaward,NO_EXACT_MATCH,,,,1,39215.0,1,39215.0,0,0.0,0,0.0
SAVANNAH RIVER NUCLEAR SOLUTIONS LLC,SAVANNAHRIVERNUCLEARSOLUTIONSLLC,downstream_subaward+prime_award,NO_EXACT_MATCH,,,,22,1298418.18,3,159301.17,5,35212479.27,5,35212479.27
SAVE AGAIN.COM,SAVEAGAINCOM,prime_award,NO_EXACT_MATCH,,,,0,0.0,0,0.0,1,0.0,1,0.0
SAVVY PRODUCTIONS,SAVVYPRODUCTIONS,downstream_subaward,NO_EXACT_MATCH,,,,1,68175.84,1,68175.84,0,0.0,0,0.0
SCHEDMD LLC,SCHEDMDLLC,downstream_subaward,NO_EXACT_MATCH,,,,3,216888.0,1,82858.0,0,0.0,0,0.0
SCHENCK USA CORP.,SCHENCKUSACORP,downstream_subaward,NO_EXACT_MATCH,,,,1,39999.0,0,0.0,0,0.0,0,0.0
SCHMIEDE CORPORATION,SCHMIEDECORPORATION,downstream_subaward,NO_EXACT_MATCH,,,,1,34570.0,0,0.0,0,0.0,0,0.0
"SCHNEIDER DOWNS & CO., INC.",SCHNEIDERDOWNSANDCOINC,downstream_subaward,NO_EXACT_MATCH,,,,1,40000.0,0,0.0,0,0.0,0,0.0
"SCHUF USA, INC",SCHUFUSAINC,downstream_subaward,NO_EXACT_MATCH,,,,1,148804.0,1,148804.0,0,0.0,0,0.0
SCIAKY INC,SCIAKYINC,downstream_subaward,NO_EXACT_MATCH,,,,3,261500.0,0,0.0,0,0.0,0,0.0
SCIENTIFIC FORMING TECHNOLOGIES CORPORATION,SCIENTIFICFORMINGTECHNOLOGIESCORPORATION,downstream_subaward,NO_EXACT_MATCH,,,,4,466120.0,1,112800.0,0,0.0,0,0.0
SCIFORMA CORPORATION,SCIFORMACORPORATION,downstream_subaward,NO_EXACT_MATCH,,,,1,415768.31,1,415768.31,0,0.0,0,0.0
SCOT FORGE COMPANY,SCOTFORGECOMPANY,downstream_subaward,NO_EXACT_MATCH,,,,4,631068.0,1,302247.0,0,0.0,0,0.0
"SEALASKA REMEDIATION SOLUTIONS, LLC",SEALASKAREMEDIATIONSOLUTIONSLLC,prime_award,NO_EXACT_MATCH,,,,0,0.0,0,0.0,1,0.0,1,0.0
SEALING DEVICES INC.,SEALINGDEVICESINC,downstream_subaward,NO_EXACT_MATCH,,,,1,40935.04,0,0.0,0,0.0,0,0.0
SEATECH GLOBAL SECURITY SOLUTIONS,SEATECHGLOBALSECURITYSOLUTIONS,prime_award,NO_EXACT_MATCH,,,,0,0.0,0,0.0,3,3151634.0,3,3151634.0
"SECURE SUPPLY, INC",SECURESUPPLYINC,downstream_subaward,NO_EXACT_MATCH,,,,4,257861.0,2,133452.0,0,0.0,0,0.0
"SENSA SOLUTIONS, INC.",SENSASOLUTIONSINC,downstream_subaward,NO_EXACT_MATCH,,,,1,321898.0,1,321898.0,0,0.0,0,0.0
SENTRY EQUIPMENT CORP.,SENTRYEQUIPMENTCORP,downstream_subaward,NO_EXACT_MATCH,,,,1,56375.0,0,0.0,0,0.0,0,0.0
SES CONSTRUCTORS LLC,SESCONSTRUCTORSLLC,prime_award,NO_EXACT_MATCH,,,,0,0.0,0,0.0,1,1628572.19,1,1628572.19
SETCO SALES CO,SETCOSALESCO,downstream_subaward,NO_EXACT_MATCH,,,,1,184225.0,0,0.0,0,0.0,0,0.0
"SEVENTH SENSE, LLC",SEVENTHSENSELLC,prime_award,NO_EXACT_MATCH,,,,0,0.0,0,0.0,1,0.0,1,0.0
SFC VALVE CORPORATION,SFCVALVECORPORATION,downstream_subaward,NO_EXACT_MATCH,,,,1,44436.44,1,44436.44,0,0.0,0,0.0
SFS CHEMICAL SAFETY INC,SFSCHEMICALSAFETYINC,downstream_subaward,NO_EXACT_MATCH,,,,2,250161.26,1,143675.26,0,0.0,0,0.0
SGS NORTH AMERICA INC.,SGSNORTHAMERICAINC,downstream_subaward,NO_EXACT_MATCH,,,,8,8406.0,0,0.0,0,0.0,0,0.0
"SHAWMUT EQUIPMENT COMPANY, INCORPORATED",SHAWMUTEQUIPMENTCOMPANYINCORPORATED,downstream_subaward,NO_EXACT_MATCH,,,,3,1149644.0,1,917244.0,0,0.0,0,0.0
SIEMENS GOVERNMENT TECHNOLOGIES INC,SIEMENSGOVERNMENTTECHNOLOGIESINC,downstream_subaward,NO_EXACT_MATCH,,,,4,410929.7,1,160771.73,0,0.0,0,0.0
"SIEMENS GOVERNMENT TECHNOLOGIES, INC.",SIEMENSGOVERNMENTTECHNOLOGIESINC,downstream_subaward,NO_EXACT_MATCH,,,,1,91391.0,0,0.0,0,0.0,0,0.0
SIEMENS INDUSTRY INC,SIEMENSINDUSTRYINC,downstream_subaward+prime_award,NO_EXACT_MATCH,,,,2,137967.18,1,133203.18,1,155443.44,1,155443.44
SIEMENS INDUSTRY SOFTWARE INC.,SIEMENSINDUSTRYSOFTWAREINC,downstream_subaward,NO_EXACT_MATCH,,,,2,396846.94,0,0.0,0,0.0,0,0.0
SIGMA SCIENCE INC,SIGMASCIENCEINC,prime_award,NO_EXACT_MATCH,,,,0,0.0,0,0.0,5,550004.0,5,550004.0
SILIXA LLC,SILIXALLC,downstream_subaward,NO_EXACT_MATCH,,,,2,493392.0,1,449192.0,0,0.0,0,0.0
"SIMAKAS COMPANY, INC.",SIMAKASCOMPANYINC,downstream_subaward,NO_EXACT_MATCH,,,,5,1707604.0,1,102442.0,0,0.0,0,0.0
SIMMONS & GOLDEN SECURITY LLC,SIMMONSANDGOLDENSECURITYLLC,prime_award,NO_EXACT_MATCH,,,,0,0.0,0,0.0,1,101064.0,1,101064.0
SINTEF AS,SINTEFAS,prime_award,NO_EXACT_MATCH,,,,0,0.0,0,0.0,1,620072.0,1,620072.0
"SKADDEN, ARPS, SLATE, MEAGHER & FLOM LLP",SKADDENARPSSLATEMEAGHERANDFLOMLLP,prime_award,NO_EXACT_MATCH,,,,0,0.0,0,0.0,2,102375.0,2,102375.0
"SKYWORKS, L.L.C.",SKYWORKSLLC,downstream_subaward,NO_EXACT_MATCH,,,,1,57300.0,1,57300.0,0,0.0,0,0.0
SLAC NATIONAL ACCELERATOR LABORATORY,SLACNATIONALACCELERATORLABORATORY,downstream_subaward,NO_EXACT_MATCH,,,,1,86727.0,0,0.0,0,0.0,0,0.0
"SMGS, LLC",SMGSLLC,downstream_subaward,NO_EXACT_MATCH,,,,4,279754.0,2,173828.0,0,0.0,0,0.0
SMI MANUFACTURING INC,SMIMANUFACTURINGINC,downstream_subaward,NO_EXACT_MATCH,,,,1,30660.0,0,0.0,0,0.0,0,0.0
SNK ENTERPRISES INC,SNKENTERPRISESINC,downstream_subaward,NO_EXACT_MATCH,,,,7,984398.0,1,281021.0,0,0.0,0,0.0
"SOCIAL-ENGINEER, LLC",SOCIALENGINEERLLC,prime_award,NO_EXACT_MATCH,,,,0,0.0,0,0.0,1,0.0,1,0.0
SOCIETY FOR HUMAN RESOURCE MANAGEMENT,SOCIETYFORHUMANRESOURCEMANAGEMENT,downstream_subaward,NO_EXACT_MATCH,,,,1,32850.0,0,0.0,0,0.0,0,0.0
SOCIETY FOR THE ADVANCEMENT OF CHICANOS AND NATIVE AMERICANS IN SCIENCE,SOCIETYFORTHEADVANCEMENTOFCHICANOSANDNATIVEAMERICANSINSCIENCE,prime_award,NO_EXACT_MATCH,,,,0,0.0,0,0.0,1,40000.0,1,40000.0
SOFTWARE INFORMATION RESOURCE CORP.,SOFTWAREINFORMATIONRESOURCECORP,prime_award,NO_EXACT_MATCH,,,,0,0.0,0,0.0,1,58911.36,1,58911.36
SOLAR ATMOSPHERES MANUFACTURING INC,SOLARATMOSPHERESMANUFACTURINGINC,downstream_subaward,NO_EXACT_MATCH,,,,1,452000.0,1,452000.0,0,0.0,0,0.0
SOLUTE,SOLUTE,downstream_subaward,NO_EXACT_MATCH,,,,1,665140.98,0,0.0,0,0.0,0,0.0
"SOLUTION BENCH, LLC",SOLUTIONBENCHLLC,downstream_subaward,NO_EXACT_MATCH,,,,1,149280.0,0,0.0,0,0.0,0,0.0
SOLVUS GLOBAL LLC,SOLVUSGLOBALLLC,downstream_subaward,NO_EXACT_MATCH,,,,1,127224.0,0,0.0,0,0.0,0,0.0
SOURCE CODE LLC,SOURCECODELLC,downstream_subaward,NO_EXACT_MATCH,,,,1,326993.0,0,0.0,0,0.0,0,0.0
SOURCELINQ LLC,SOURCELINQLLC,downstream_subaward,NO_EXACT_MATCH,,,,1,69367.56,0,0.0,0,0.0,0,0.0
"SOUTHERN MARYLAND CABLE, INC.",SOUTHERNMARYLANDCABLEINC,downstream_subaward,NO_EXACT_MATCH,,,,1,49253.0,0,0.0,0,0.0,0,0.0
SOUTHWEST RESEARCH INSTITUTE,SOUTHWESTRESEARCHINSTITUTE,downstream_subaward,NO_EXACT_MATCH,,,,4,697309.0,2,184625.0,0,0.0,0,0.0
"SOUTHWORTH-MILTON, INC.",SOUTHWORTHMILTONINC,downstream_subaward,NO_EXACT_MATCH,,,,1,2139886.0,0,0.0,0,0.0,0,0.0
SPATIAL CORP,SPATIALCORP,downstream_subaward,NO_EXACT_MATCH,,,,1,57485.0,1,57485.0,0,0.0,0,0.0
SPEARS CONSULTING GROUP LLC,SPEARSCONSULTINGGROUPLLC,prime_award,NO_EXACT_MATCH,,,,0,0.0,0,0.0,1,630655.43,1,630655.43
"SPECTRA TECH, INC.",SPECTRATECHINC,downstream_subaward,NO_EXACT_MATCH,,,,4,861507.0,1,206160.0,0,0.0,0,0.0
"SPECTRO ANALYTICAL INSTRUMENTS, INC.",SPECTROANALYTICALINSTRUMENTSINC,downstream_subaward,NO_EXACT_MATCH,,,,4,1832433.0,2,1515366.0,0,0.0,0,0.0
SPEEDGOAT INC,SPEEDGOATINC,downstream_subaward,NO_EXACT_MATCH,,,,2,142893.0,1,94520.0,0,0.0,0,0.0
SPENCER GROUP INC,SPENCERGROUPINC,downstream_subaward,NO_EXACT_MATCH,,,,1,113395.82,1,113395.82,0,0.0,0,0.0
"SPIKA DESIGN & MANUFACTURING, INC.",SPIKADESIGNANDMANUFACTURINGINC,downstream_subaward,NO_EXACT_MATCH,,,,1,420270.0,0,0.0,0,0.0,0,0.0
SQUARE PEG TECHNOLOGIES LLC,SQUAREPEGTECHNOLOGIESLLC,downstream_subaward,NO_EXACT_MATCH,,,,1,37768.0,1,37768.0,0,0.0,0,0.0
"SRI FIRE SPRINKLER, LLC",SRIFIRESPRINKLERLLC,downstream_subaward,NO_EXACT_MATCH,,,,2,984291.0,0,0.0,0,0.0,0,0.0
STACK HIP LLC,STACKHIPLLC,downstream_subaward,NO_EXACT_MATCH,,,,3,732500.0,0,0.0,0,0.0,0,0.0
"STACO SYSTEMS, INC.",STACOSYSTEMSINC,downstream_subaward,NO_EXACT_MATCH,,,,1,87095.0,0,0.0,0,0.0,0,0.0
STANDARD CALIBRATIONS INC,STANDARDCALIBRATIONSINC,downstream_subaward,NO_EXACT_MATCH,,,,1,52694.0,0,0.0,0,0.0,0,0.0
"STANTON INDUSTRIAL ELECTRIC SUPPLY, INC",STANTONINDUSTRIALELECTRICSUPPLYINC,downstream_subaward,NO_EXACT_MATCH,,,,7,15914938.79,4,15741528.55,0,0.0,0,0.0
"STARCOMPLIANCE OPERATING, LLC",STARCOMPLIANCEOPERATINGLLC,downstream_subaward,NO_EXACT_MATCH,,,,1,107500.0,0,0.0,0,0.0,0,0.0
STARLIMS CORPORATION,STARLIMSCORPORATION,downstream_subaward,NO_EXACT_MATCH,,,,1,39215.4,0,0.0,0,0.0,0,0.0
"STATION SQUARE LESSEE, LLC",STATIONSQUARELESSEELLC,prime_award,NO_EXACT_MATCH,,,,0,0.0,0,0.0,1,0.0,1,0.0
STERLING COMPUTERS CORPORATION,STERLINGCOMPUTERSCORPORATION,downstream_subaward+prime_award,NO_EXACT_MATCH,,,,107,19779094.8,37,6692656.07,1,0.0,1,0.0
"STRATASYS, INC",STRATASYSINC,downstream_subaward,NO_EXACT_MATCH,,,,1,74096.88,1,74096.88,0,0.0,0,0.0
"STRATASYS, INC.",STRATASYSINC,downstream_subaward,NO_EXACT_MATCH,,,,1,77000.0,0,0.0,0,0.0,0,0.0
STRATIVIA LLC,STRATIVIALLC,prime_award,NO_EXACT_MATCH,,,,0,0.0,0,0.0,1,-12262.46,1,-12262.46
STREET LEGAL INDUSTRIES LLC,STREETLEGALINDUSTRIESLLC,prime_award,NO_EXACT_MATCH,,,,0,0.0,0,0.0,1,136665.6,1,136665.6
"STRESS AEROSPACE AND DEFENSE, LLC",STRESSAEROSPACEANDDEFENSELLC,downstream_subaward,NO_EXACT_MATCH,,,,2,345000.0,1,345000.0,0,0.0,0,0.0
"STRUCTURAL INTEGRITY ASSOCIATES, INC",STRUCTURALINTEGRITYASSOCIATESINC,downstream_subaward,NO_EXACT_MATCH,,,,2,230450.0,1,54950.0,0,0.0,0,0.0
STRUERS INC,STRUERSINC,downstream_subaward,NO_EXACT_MATCH,,,,5,468943.84,2,97038.8,0,0.0,0,0.0
STRYDER CORP,STRYDERCORP,downstream_subaward,NO_EXACT_MATCH,,,,1,215000.0,0,0.0,0,0.0,0,0.0
SUFIAN MUNIR INC.,SUFIANMUNIRINC,downstream_subaward,NO_EXACT_MATCH,,,,2,87460.0,1,66450.0,0,0.0,0,0.0
"SUNBELT RENTALS, INC",SUNBELTRENTALSINC,downstream_subaward,NO_EXACT_MATCH,,,,2,74481.0,0,0.0,0,0.0,0,0.0
"SUNNKING, INC.",SUNNKINGINC,downstream_subaward,NO_EXACT_MATCH,,,,1,260030.0,1,260030.0,0,0.0,0,0.0
SUNROC CONSTRUCTION CO INC,SUNROCCONSTRUCTIONCOINC,downstream_subaward,NO_EXACT_MATCH,,,,8,6068864.21,7,5793374.21,0,0.0,0,0.0
"SUNROC CONSTRUCTION CO., INC.",SUNROCCONSTRUCTIONCOINC,downstream_subaward,NO_EXACT_MATCH,,,,1,1586000.0,0,0.0,0,0.0,0,0.0
"SUPPLYSOURCE DC, LLC",SUPPLYSOURCEDCLLC,prime_award,NO_EXACT_MATCH,,,,0,0.0,0,0.0,2,565373.02,2,565373.02
"SURPASS CHEMICAL COMPANY, INC.",SURPASSCHEMICALCOMPANYINC,downstream_subaward,NO_EXACT_MATCH,,,,1,49000.0,1,49000.0,0,0.0,0,0.0
SUSTEMA CORP.,SUSTEMACORP,downstream_subaward,NO_EXACT_MATCH,,,,1,120979.0,0,0.0,0,0.0,0,0.0
SWIFT & STALEY INC.,SWIFTANDSTALEYINC,prime_award,NO_EXACT_MATCH,,,,0,0.0,0,0.0,1,227704.0,1,227704.0
"SYNERGY MODULAR, INC.",SYNERGYMODULARINC,downstream_subaward,NO_EXACT_MATCH,,,,1,30613546.0,0,0.0,0,0.0,0,0.0
SYNERTECH PM INC.,SYNERTECHPMINC,downstream_subaward,NO_EXACT_MATCH,,,,7,1310848.0,3,390705.0,0,0.0,0,0.0
T M VACUUM PRODUCTS,TMVACUUMPRODUCTS,downstream_subaward,NO_EXACT_MATCH,,,,1,56376.0,0,0.0,0,0.0,0,0.0
T-AXEL INC.,TAXELINC,downstream_subaward,NO_EXACT_MATCH,,,,1,71250.0,0,0.0,0,0.0,0,0.0
"T-MOBILE USA, INC.",TMOBILEUSAINC,downstream_subaward,NO_EXACT_MATCH,,,,2,705284.89,0,0.0,0,0.0,0,0.0
TA INSTRUMENTS - WATERS L.L.C.,TAINSTRUMENTSWATERSLLC,downstream_subaward,NO_EXACT_MATCH,,,,2,370320.0,0,0.0,0,0.0,0,0.0
"TACTICAL & SURVIVAL SPECIALTIES, LLC",TACTICALANDSURVIVALSPECIALTIESLLC,downstream_subaward,NO_EXACT_MATCH,,,,1,44322.93,0,0.0,0,0.0,0,0.0
"TACTICAL EDGE, INC.",TACTICALEDGEINC,downstream_subaward,NO_EXACT_MATCH,,,,1,46322.0,1,46322.0,0,0.0,0,0.0
"TARGETSOLUTIONS LEARNING, LLC",TARGETSOLUTIONSLEARNINGLLC,downstream_subaward,NO_EXACT_MATCH,,,,1,32333.9,1,32333.9,0,0.0,0,0.0
TAYLOR & FRANCIS GROUP LLC,TAYLORANDFRANCISGROUPLLC,downstream_subaward,NO_EXACT_MATCH,,,,3,259153.01,1,85296.78,0,0.0,0,0.0
TAYLOR BROTHERS INC,TAYLORBROTHERSINC,downstream_subaward,NO_EXACT_MATCH,,,,1,109589.06,1,109589.06,0,0.0,0,0.0
"TDA RESEARCH, INC.",TDARESEARCHINC,downstream_subaward,NO_EXACT_MATCH,,,,1,99948.0,1,99948.0,0,0.0,0,0.0
"TDC ENGINEERING, LLC",TDCENGINEERINGLLC,downstream_subaward,NO_EXACT_MATCH,,,,1,122130.5,1,122130.5,0,0.0,0,0.0
"TDY INDUSTRIES, LLC",TDYINDUSTRIESLLC,downstream_subaward,NO_EXACT_MATCH,,,,5,643961.68,2,243410.0,0,0.0,0,0.0
TEAM CORPORATION,TEAMCORPORATION,downstream_subaward,NO_EXACT_MATCH,,,,2,601136.38,2,601136.38,0,0.0,0,0.0
TECH2 SOLUTIONS,TECH2SOLUTIONS,prime_award,NO_EXACT_MATCH,,,,0,0.0,0,0.0,1,0.0,1,0.0
TECH4IMAGING LLC,TECH4IMAGINGLLC,downstream_subaward,NO_EXACT_MATCH,,,,1,100000.0,0,0.0,0,0.0,0,0.0
TECHLAW CONSULTANTS INC,TECHLAWCONSULTANTSINC,downstream_subaward,NO_EXACT_MATCH,,,,7,2660.0,0,0.0,0,0.0,0,0.0
TECHNOMICS INC,TECHNOMICSINC,prime_award,NO_EXACT_MATCH,,,,0,0.0,0,0.0,3,532635.58,3,532635.58
"TECHSOURCE, LLC",TECHSOURCELLC,prime_award,NO_EXACT_MATCH,,,,0,0.0,0,0.0,4,344212.58,4,344212.58
TECO-WESTINGHOUSE MOTOR COMPANY,TECOWESTINGHOUSEMOTORCOMPANY,downstream_subaward,NO_EXACT_MATCH,,,,1,35817.0,0,0.0,0,0.0,0,0.0
TECPLOT INC,TECPLOTINC,downstream_subaward,NO_EXACT_MATCH,,,,4,584415.52,0,0.0,0,0.0,0,0.0
TEIKOKU USA INC.,TEIKOKUUSAINC,downstream_subaward,NO_EXACT_MATCH,,,,1,471960.0,1,471960.0,0,0.0,0,0.0
"TEKPRO SUPPORT SERVICES, LLC",TEKPROSUPPORTSERVICESLLC,prime_award,NO_EXACT_MATCH,,,,0,0.0,0,0.0,1,0.0,1,0.0
"TEKTRONIX, INC.",TEKTRONIXINC,downstream_subaward,NO_EXACT_MATCH,,,,2,154740.0,1,122520.0,0,0.0,0,0.0
"TELEDYNE BROWN ENGINEERING, INC.",TELEDYNEBROWNENGINEERINGINC,downstream_subaward,NO_EXACT_MATCH,,,,1,345567.12,1,345567.12,0,0.0,0,0.0
TELEDYNE FLIR COMMERCIAL SYSTEMS INC.,TELEDYNEFLIRCOMMERCIALSYSTEMSINC,downstream_subaward+prime_award,NO_EXACT_MATCH,,,,1,30000.0,0,0.0,1,0.0,1,0.0
"TELEDYNE INSTRUMENTS, INC.",TELEDYNEINSTRUMENTSINC,downstream_subaward,NO_EXACT_MATCH,,,,3,224850.06,0,0.0,0,0.0,0,0.0
TELETRIX CORPORATION,TELETRIXCORPORATION,downstream_subaward,NO_EXACT_MATCH,,,,5,308215.0,1,60000.0,0,0.0,0,0.0
TELOPS INC,TELOPSINC,prime_award,NO_EXACT_MATCH,,,,0,0.0,0,0.0,1,208856.0,1,208856.0
TENOVA INC,TENOVAINC,downstream_subaward,NO_EXACT_MATCH,,,,1,520400.0,0,0.0,0,0.0,0,0.0
TESCAN USA INC,TESCANUSAINC,downstream_subaward,NO_EXACT_MATCH,,,,1,41549.0,0,0.0,0,0.0,0,0.0
TESTEQUITY LLC,TESTEQUITYLLC,downstream_subaward,NO_EXACT_MATCH,,,,4,399184.69,1,100343.91,0,0.0,0,0.0
"TESTEX, INC.",TESTEXINC,downstream_subaward,NO_EXACT_MATCH,,,,1,94655.0,0,0.0,0,0.0,0,0.0
"TESTFORCE USA, INC.",TESTFORCEUSAINC,downstream_subaward,NO_EXACT_MATCH,,,,9,1278689.38,2,162329.54,0,0.0,0,0.0
"TETRA TECH, INC.",TETRATECHINC,prime_award,EXACT_UNIQUE,0000831641,TTEK,TETRA TECH INC,0,0.0,0,0.0,1,260736.0,1,260736.0
TEVET LLC,TEVETLLC,downstream_subaward+prime_award,NO_EXACT_MATCH,,,,10,1014442.95,5,667548.97,1,66928.75,1,66928.75
"TEXAS TRANSMITTER SHOP, INC",TEXASTRANSMITTERSHOPINC,downstream_subaward,NO_EXACT_MATCH,,,,1,39000.0,0,0.0,0,0.0,0,0.0
"THE AR GROUP, LLC",THEARGROUPLLC,prime_award,NO_EXACT_MATCH,,,,0,0.0,0,0.0,1,13380.86,1,13380.86
THE BARNES GLOBAL ADVISORS LLC,THEBARNESGLOBALADVISORSLLC,downstream_subaward,NO_EXACT_MATCH,,,,1,40812.0,1,40812.0,0,0.0,0,0.0
THE BOEING COMPANY,THEBOEINGCOMPANY,prime_award,NO_EXACT_MATCH,,,,0,0.0,0,0.0,1,0.0,1,0.0
THE BUILDING PEOPLE LLC,THEBUILDINGPEOPLELLC,prime_award,NO_EXACT_MATCH,,,,0,0.0,0,0.0,2,1054756.39,2,1054756.39
THE DAVEY TREE EXPERT COMPANY,THEDAVEYTREEEXPERTCOMPANY,prime_award,NO_EXACT_MATCH,,,,0,0.0,0,0.0,5,0.0,5,0.0
"THE FIELDS GROUP, LLC",THEFIELDSGROUPLLC,prime_award,NO_EXACT_MATCH,,,,0,0.0,0,0.0,6,1462452.04,6,1462452.04
"THE GORDIAN GROUP, INC.",THEGORDIANGROUPINC,downstream_subaward,NO_EXACT_MATCH,,,,1,62618.0,1,62618.0,0,0.0,0,0.0
THE GRIEVE CORPORATION,THEGRIEVECORPORATION,downstream_subaward,NO_EXACT_MATCH,,,,1,112786.0,0,0.0,0,0.0,0,0.0
THE HOLDEN CORPORATION,THEHOLDENCORPORATION,downstream_subaward,NO_EXACT_MATCH,,,,1,79650.0,0,0.0,0,0.0,0,0.0
THE JOHNS HOPKINS UNIVERSITY,THEJOHNSHOPKINSUNIVERSITY,downstream_subaward,NO_EXACT_MATCH,,,,1,98848.0,0,0.0,0,0.0,0,0.0
THE LELAND STANFORD JUNIOR UNIVERSITY,THELELANDSTANFORDJUNIORUNIVERSITY,downstream_subaward+prime_award,NO_EXACT_MATCH,,,,1,335000.0,1,335000.0,1,11120469.0,1,11120469.0
THE LINCOLN ELECTRIC COMPANY,THELINCOLNELECTRICCOMPANY,downstream_subaward,NO_EXACT_MATCH,,,,7,454755.0,4,285555.0,0,0.0,0,0.0
"THE M&P LAB, INC.",THEMANDPLABINC,downstream_subaward,NO_EXACT_MATCH,,,,21,3621920.0,7,1103045.0,0,0.0,0,0.0
THE MATTHEWS GROUP INC,THEMATTHEWSGROUPINC,prime_award,NO_EXACT_MATCH,,,,0,0.0,0,0.0,1,7865761.14,1,7865761.14
"THE METRO GROUP, INC.",THEMETROGROUPINC,downstream_subaward,NO_EXACT_MATCH,,,,1,275149.09,0,0.0,0,0.0,0,0.0
THE MILLENNIUM GROUP INT'L LLC,THEMILLENNIUMGROUPINTLLLC,prime_award,NO_EXACT_MATCH,,,,0,0.0,0,0.0,1,218504.45,1,218504.45
THE MITRE CORPORATION,THEMITRECORPORATION,prime_award,NO_EXACT_MATCH,,,,0,0.0,0,0.0,2,4836953.03,2,4836953.03
"THE MODAL SHOP, INC.",THEMODALSHOPINC,downstream_subaward,NO_EXACT_MATCH,,,,2,68500.0,1,35500.0,0,0.0,0,0.0
THE PENNSYLVANIA STATE UNIVERSITY,THEPENNSYLVANIASTATEUNIVERSITY,downstream_subaward,NO_EXACT_MATCH,,,,2,1235571.0,2,1235571.0,0,0.0,0,0.0
"THE PHASED ARRAY COMPANY, LLC",THEPHASEDARRAYCOMPANYLLC,downstream_subaward,NO_EXACT_MATCH,,,,2,87414.0,1,32709.0,0,0.0,0,0.0
THE REGENTS OF THE UNIVERSITY OF CALIFORNIA,THEREGENTSOFTHEUNIVERSITYOFCALIFORNIA,prime_award,NO_EXACT_MATCH,,,,0,0.0,0,0.0,4,54712872.47,4,54712872.47
THE REGENTS OF THE UNIVERSITY OF COLORADO,THEREGENTSOFTHEUNIVERSITYOFCOLORADO,prime_award,NO_EXACT_MATCH,,,,0,0.0,0,0.0,1,10804.0,1,10804.0
THE RESEARCH FOUNDATION FOR THE STATE UNIVERSITY OF NEW YORK,THERESEARCHFOUNDATIONFORTHESTATEUNIVERSITYOFNEWYORK,downstream_subaward,NO_EXACT_MATCH,,,,1,155442.0,0,0.0,0,0.0,0,0.0
"THE SCALE PEOPLE, INC",THESCALEPEOPLEINC,downstream_subaward,NO_EXACT_MATCH,,,,1,72075.0,0,0.0,0,0.0,0,0.0
THE TRUSTEES OF PRINCETON UNIVERSITY,THETRUSTEESOFPRINCETONUNIVERSITY,prime_award,NO_EXACT_MATCH,,,,0,0.0,0,0.0,3,39411967.58,3,39411967.58
THERMAL TECHNOLOGY LLC,THERMALTECHNOLOGYLLC,downstream_subaward,NO_EXACT_MATCH,,,,1,895000.0,0,0.0,0,0.0,0,0.0
THERMO CIDTEC INC,THERMOCIDTECINC,downstream_subaward,NO_EXACT_MATCH,,,,2,127600.0,0,0.0,0,0.0,0,0.0
THERMO EBERLINE LLC,THERMOEBERLINELLC,downstream_subaward,NO_EXACT_MATCH,,,,1,151115.42,1,151115.42,0,0.0,0,0.0
THERMO ELECTRON NORTH AMERICA LLC,THERMOELECTRONNORTHAMERICALLC,downstream_subaward+prime_award,NO_EXACT_MATCH,,,,6,874677.06,3,540350.06,2,33692.0,2,33692.0
THERMO FISHER SCIENTIFIC (ASHEVILLE) LLC,THERMOFISHERSCIENTIFICASHEVILLELLC,downstream_subaward,NO_EXACT_MATCH,,,,2,84383.0,0,0.0,0,0.0,0,0.0
THERMO-CALC SOFTWARE INC.,THERMOCALCSOFTWAREINC,downstream_subaward,NO_EXACT_MATCH,,,,3,386597.14,1,129388.49,0,0.0,0,0.0
"THERMOFLO EQUIPMENT COMPANY, INC.",THERMOFLOEQUIPMENTCOMPANYINC,downstream_subaward,NO_EXACT_MATCH,,,,2,97844.4,2,97844.4,0,0.0,0,0.0
THG AUTOMATION LLC,THGAUTOMATIONLLC,downstream_subaward,NO_EXACT_MATCH,,,,1,128570.0,1,128570.0,0,0.0,0,0.0
"THICK FILM TECHNOLOGIES, INC.",THICKFILMTECHNOLOGIESINC,downstream_subaward,NO_EXACT_MATCH,,,,1,112338.0,0,0.0,0,0.0,0,0.0
"THOMPSON & JOHNSON EQUIPMENT CO., INC.",THOMPSONANDJOHNSONEQUIPMENTCOINC,downstream_subaward,NO_EXACT_MATCH,,,,1,78952.0,0,0.0,0,0.0,0,0.0
"THUNDERCAT TECHNOLOGY, LLC",THUNDERCATTECHNOLOGYLLC,downstream_subaward+prime_award,NO_EXACT_MATCH,,,,7,1548487.71,1,188210.0,3,1102677.82,3,1102677.82
TIGER-VAC INC.,TIGERVACINC,downstream_subaward,NO_EXACT_MATCH,,,,5,311382.73,2,114763.74,0,0.0,0,0.0
"TILLEY MECHANICAL TECHNOLOGIES, INC.",TILLEYMECHANICALTECHNOLOGIESINC,downstream_subaward,NO_EXACT_MATCH,,,,1,131276.0,0,0.0,0,0.0,0,0.0
TIMILON CORPORATION,TIMILONCORPORATION,downstream_subaward,NO_EXACT_MATCH,,,,1,40458.0,0,0.0,0,0.0,0,0.0
TOOLWATCH CORPORATION,TOOLWATCHCORPORATION,downstream_subaward,NO_EXACT_MATCH,,,,1,52500.0,1,52500.0,0,0.0,0,0.0
TOTAL EQUIPMENT COMPANY,TOTALEQUIPMENTCOMPANY,downstream_subaward,NO_EXACT_MATCH,,,,2,117923.92,2,117923.92,0,0.0,0,0.0
"TOTALLY JOINED FOR ACHIEVING COLLABORATIVE TECHNIQUES (TJFACT), LLC",TOTALLYJOINEDFORACHIEVINGCOLLABORATIVETECHNIQUESTJFACTLLC,prime_award,NO_EXACT_MATCH,,,,0,0.0,0,0.0,1,200000.0,1,200000.0
TRANE U.S. INC.,TRANEUSINC,downstream_subaward,NO_EXACT_MATCH,,,,5,6363663.82,4,6307683.82,0,0.0,0,0.0
TRANSOURCE SERVICES CORP.,TRANSOURCESERVICESCORP,prime_award,NO_EXACT_MATCH,,,,0,0.0,0,0.0,1,375750.0,1,375750.0
TRANSPACIFIC COMMUNICATIONS LLC,TRANSPACIFICCOMMUNICATIONSLLC,prime_award,NO_EXACT_MATCH,,,,0,0.0,0,0.0,1,-1827.0,1,-1827.0
TRI NUCLEAR CORP,TRINUCLEARCORP,downstream_subaward,NO_EXACT_MATCH,,,,1,212394.0,0,0.0,0,0.0,0,0.0
TRI-LIFT INC,TRILIFTINC,downstream_subaward,NO_EXACT_MATCH,,,,3,82793.0,0,0.0,0,0.0,0,0.0
TRI-STATE TECHNICAL SALES CORP,TRISTATETECHNICALSALESCORP,downstream_subaward,NO_EXACT_MATCH,,,,3,241940.0,2,241940.0,0,0.0,0,0.0
"TRIAD NATIONAL SECURITY, LLC",TRIADNATIONALSECURITYLLC,prime_award,NO_EXACT_MATCH,,,,0,0.0,0,0.0,2,44350366.64,2,44350366.64
TRIANGLE PRECISION INDUSTRIES INC,TRIANGLEPRECISIONINDUSTRIESINC,downstream_subaward,NO_EXACT_MATCH,,,,1,13103.0,0,0.0,0,0.0,0,0.0
"TRIMECH SOLUTIONS, LLC",TRIMECHSOLUTIONSLLC,downstream_subaward,NO_EXACT_MATCH,,,,1,36400.0,0,0.0,0,0.0,0,0.0
TRINITY CONSULTANTS INC,TRINITYCONSULTANTSINC,downstream_subaward,NO_EXACT_MATCH,,,,1,11000.0,0,0.0,0,0.0,0,0.0
TRISTAR INC,TRISTARINC,downstream_subaward,NO_EXACT_MATCH,,,,1,53100.0,0,0.0,0,0.0,0,0.0
"TROY BOILER WORKS, INC",TROYBOILERWORKSINC,downstream_subaward,NO_EXACT_MATCH,,,,1,109200.0,1,109200.0,0,0.0,0,0.0
TROY WEB CONSULTING LLC,TROYWEBCONSULTINGLLC,downstream_subaward,NO_EXACT_MATCH,,,,2,85840.0,1,42920.0,0,0.0,0,0.0
TRUMBULL CORPORATION,TRUMBULLCORPORATION,downstream_subaward,NO_EXACT_MATCH,,,,1,6852838.35,1,6852838.35,0,0.0,0,0.0
"TRUSTED SYSTEMS, INC.",TRUSTEDSYSTEMSINC,downstream_subaward,NO_EXACT_MATCH,,,,2,64136.0,1,31799.0,0,0.0,0,0.0
"TRUSTEES OF THE UNIVERSITY OF PENNSYLVANIA, THE",TRUSTEESOFTHEUNIVERSITYOFPENNSYLVANIATHE,downstream_subaward,NO_EXACT_MATCH,,,,1,33014.0,0,0.0,0,0.0,0,0.0
"TSAY PROFESSIONAL SERVICES, INC.",TSAYPROFESSIONALSERVICESINC,prime_award,NO_EXACT_MATCH,,,,0,0.0,0,0.0,1,0.0,1,0.0
TSI INCORPORATED,TSIINCORPORATED,downstream_subaward,NO_EXACT_MATCH,,,,1,87574.0,1,87574.0,0,0.0,0,0.0
TUKNIK GOVERNMENT SERVICES LLC,TUKNIKGOVERNMENTSERVICESLLC,prime_award,NO_EXACT_MATCH,,,,0,0.0,0,0.0,1,24531.32,1,24531.32
"TURF EQUIPMENT & IRRIGATION, INC.",TURFEQUIPMENTANDIRRIGATIONINC,downstream_subaward,NO_EXACT_MATCH,,,,2,110500.0,0,0.0,0,0.0,0,0.0
TURNER CONSTRUCTION COMPANY,TURNERCONSTRUCTIONCOMPANY,downstream_subaward,NO_EXACT_MATCH,,,,1,81578.0,0,0.0,0,0.0,0,0.0
"U.S. FOAM & ETCH, INC",USFOAMANDETCHINC,downstream_subaward,NO_EXACT_MATCH,,,,1,44807.81,0,0.0,0,0.0,0,0.0
"UBERETHER, INC.",UBERETHERINC,downstream_subaward,NO_EXACT_MATCH,,,,1,300000.0,0,0.0,0,0.0,0,0.0
"UCHICAGO ARGONNE, LLC",UCHICAGOARGONNELLC,prime_award,NO_EXACT_MATCH,,,,0,0.0,0,0.0,2,66721984.95,2,66721984.95
UE SYSTEMS INC,UESYSTEMSINC,downstream_subaward,NO_EXACT_MATCH,,,,1,87536.8,1,87536.8,0,0.0,0,0.0
"ULTIMATE TRAINING MUNITIONS, INC.",ULTIMATETRAININGMUNITIONSINC,downstream_subaward,NO_EXACT_MATCH,,,,1,92674.0,1,92674.0,0,0.0,0,0.0
ULTRAFLEX POWER TECHNOLOGIES CORP,ULTRAFLEXPOWERTECHNOLOGIESCORP,downstream_subaward,NO_EXACT_MATCH,,,,1,33450.0,1,33450.0,0,0.0,0,0.0
UNEX CORP,UNEXCORP,downstream_subaward,NO_EXACT_MATCH,,,,1,28283.0,0,0.0,0,0.0,0,0.0
UNIFIRST CORPORATION,UNIFIRSTCORPORATION,downstream_subaward,NO_EXACT_MATCH,,,,1,36952.0,0,0.0,0,0.0,0,0.0
UNISON COST ENGINEERING LLC,UNISONCOSTENGINEERINGLLC,downstream_subaward,NO_EXACT_MATCH,,,,1,161489.42,0,0.0,0,0.0,0,0.0
UNITECH SERVICES GROUP,UNITECHSERVICESGROUP,downstream_subaward,NO_EXACT_MATCH,,,,3,138586.2,0,0.0,0,0.0,0,0.0
UNITED CLEANUP OAK RIDGE LLC,UNITEDCLEANUPOAKRIDGELLC,prime_award,NO_EXACT_MATCH,,,,0,0.0,0,0.0,1,34123958.81,1,34123958.81
UNITED MACHINING NORTH AMERICA LLC,UNITEDMACHININGNORTHAMERICALLC,downstream_subaward,NO_EXACT_MATCH,,,,3,542206.0,1,440224.0,0,0.0,0,0.0
UNITED OFFICE SOLUTIONS INC,UNITEDOFFICESOLUTIONSINC,prime_award,NO_EXACT_MATCH,,,,0,0.0,0,0.0,1,44062.2,1,44062.2
UNITED PARCEL SERVICE CO.,UNITEDPARCELSERVICECO,prime_award,NO_EXACT_MATCH,,,,0,0.0,0,0.0,1,10000.0,1,10000.0
"UNITED PERFORMANCE METALS, LLC",UNITEDPERFORMANCEMETALSLLC,downstream_subaward,NO_EXACT_MATCH,,,,1,50150.0,0,0.0,0,0.0,0,0.0
"UNITED REFRIGERATION, INC",UNITEDREFRIGERATIONINC,downstream_subaward,NO_EXACT_MATCH,,,,1,78122.11,0,0.0,0,0.0,0,0.0
"UNITED RENTALS (NORTH AMERICA), INC.",UNITEDRENTALSNORTHAMERICAINC,downstream_subaward,NO_EXACT_MATCH,,,,1,35520.0,0,0.0,0,0.0,0,0.0
"UNITED RENTALS, INC.",UNITEDRENTALSINC,downstream_subaward,EXACT_UNIQUE,0001067701,URI,"UNITED RENTALS, INC.",4,512717.0,1,32350.0,0,0.0,0,0.0
UNIVERSITY OF ILLINOIS,UNIVERSITYOFILLINOIS,downstream_subaward,NO_EXACT_MATCH,,,,1,340000.0,0,0.0,0,0.0,0,0.0
UNIVERSITY OF NOTRE DAME,UNIVERSITYOFNOTREDAME,downstream_subaward,NO_EXACT_MATCH,,,,1,480051.0,0,0.0,0,0.0,0,0.0
UNIVERSITY OF PITTSBURGH - OF THE COMMONWEALTH SYSTEM OF HIGHER EDUCATION,UNIVERSITYOFPITTSBURGHOFTHECOMMONWEALTHSYSTEMOFHIGHEREDUCATION,downstream_subaward,NO_EXACT_MATCH,,,,1,40000.0,0,0.0,0,0.0,0,0.0
UNIVERSITY OF TENNESSEE,UNIVERSITYOFTENNESSEE,downstream_subaward,NO_EXACT_MATCH,,,,1,217059.0,0,0.0,0,0.0,0,0.0
UNIVERSITY OF UTAH,UNIVERSITYOFUTAH,downstream_subaward,NO_EXACT_MATCH,,,,1,101708.0,0,0.0,0,0.0,0,0.0
UNIVERSITY OF WISCONSIN SYSTEM,UNIVERSITYOFWISCONSINSYSTEM,downstream_subaward,NO_EXACT_MATCH,,,,2,708749.0,1,193504.0,0,0.0,0,0.0
UNIVERSITY SYSTEM OF NEW HAMPSHIRE,UNIVERSITYSYSTEMOFNEWHAMPSHIRE,downstream_subaward,NO_EXACT_MATCH,,,,1,147626.0,1,147626.0,0,0.0,0,0.0
"UPSTATE TESTING AND CONTROLS, INC",UPSTATETESTINGANDCONTROLSINC,downstream_subaward,NO_EXACT_MATCH,,,,1,34532.0,1,34532.0,0,0.0,0,0.0
"USA WASTE OF CALIFORNIA, INC.",USAWASTEOFCALIFORNIAINC,prime_award,NO_EXACT_MATCH,,,,0,0.0,0,0.0,1,12233.06,1,12233.06
UT-BATTELLE LLC,UTBATTELLELLC,downstream_subaward+prime_award,NO_EXACT_MATCH,,,,1,199764.0,0,0.0,2,219807816.02,2,219807816.02
UTAH STATE UNIVERSITY,UTAHSTATEUNIVERSITY,downstream_subaward,NO_EXACT_MATCH,,,,1,35012.0,1,35012.0,0,0.0,0,0.0
"V & H MATERIAL HANDLING, LLC",VANDHMATERIALHANDLINGLLC,downstream_subaward,NO_EXACT_MATCH,,,,2,146281.49,0,0.0,0,0.0,0,0.0
"V3GATE, LLC",V3GATELLC,downstream_subaward,NO_EXACT_MATCH,,,,3,3226746.01,0,0.0,0,0.0,0,0.0
"VACUUM PROCESS ENGINEERING, INC.",VACUUMPROCESSENGINEERINGINC,downstream_subaward,NO_EXACT_MATCH,,,,1,159380.0,1,159380.0,0,0.0,0,0.0
VADATECH INC,VADATECHINC,downstream_subaward,NO_EXACT_MATCH,,,,2,519142.95,0,0.0,0,0.0,0,0.0
VALI COOPER INTERNATIONAL LLC,VALICOOPERINTERNATIONALLLC,prime_award,NO_EXACT_MATCH,,,,0,0.0,0,0.0,3,33031.32,3,33031.32
VALLEY DESIGN CORP,VALLEYDESIGNCORP,downstream_subaward,NO_EXACT_MATCH,,,,1,4800.0,0,0.0,0,0.0,0,0.0
VANDERMOLEN INC,VANDERMOLENINC,downstream_subaward,NO_EXACT_MATCH,,,,1,237500.0,1,237500.0,0,0.0,0,0.0
"VANGURA TOOL, INC.",VANGURATOOLINC,downstream_subaward,NO_EXACT_MATCH,,,,24,2107918.0,5,252773.0,0,0.0,0,0.0
"VANTAGE VEHICLE INTERNATIONAL, INC",VANTAGEVEHICLEINTERNATIONALINC,downstream_subaward,NO_EXACT_MATCH,,,,1,34239.0,0,0.0,0,0.0,0,0.0
VAREX IMAGING CORPORATION,VAREXIMAGINGCORPORATION,downstream_subaward,NO_EXACT_MATCH,,,,1,29860.0,0,0.0,0,0.0,0,0.0
VCLOUD TECH INC,VCLOUDTECHINC,downstream_subaward+prime_award,NO_EXACT_MATCH,,,,1,59994.0,0,0.0,1,26963.04,1,26963.04
VECTOR RESOURCE INC,VECTORRESOURCEINC,prime_award,NO_EXACT_MATCH,,,,0,0.0,0,0.0,3,1097614.06,3,1097614.06
VEOLIA ENVIRONMENTAL SERVICES (AUSTRALIA) PTY LTD,VEOLIAENVIRONMENTALSERVICESAUSTRALIAPTYLTD,downstream_subaward,NO_EXACT_MATCH,,,,2,103723.0,0,0.0,0,0.0,0,0.0
VEOLIA ES TECHNICAL SOLUTIONS LLC,VEOLIAESTECHNICALSOLUTIONSLLC,downstream_subaward,NO_EXACT_MATCH,,,,4,184677.5,1,51736.5,0,0.0,0,0.0
VERDANTAS LLC,VERDANTASLLC,downstream_subaward,NO_EXACT_MATCH,,,,1,151932.0,1,151932.0,0,0.0,0,0.0
VERIZON BUSINESS NETWORK SERVICES LLC,VERIZONBUSINESSNETWORKSERVICESLLC,downstream_subaward,NO_EXACT_MATCH,,,,1,511806.08,1,511806.08,0,0.0,0,0.0
VERMONT MOLD & TOOL CORPORATION,VERMONTMOLDANDTOOLCORPORATION,downstream_subaward,NO_EXACT_MATCH,,,,1,39560.0,0,0.0,0,0.0,0,0.0
"VERRILLON, INC.",VERRILLONINC,downstream_subaward,NO_EXACT_MATCH,,,,2,203800.0,0,0.0,0,0.0,0,0.0
VERTILON CORPORATION,VERTILONCORPORATION,downstream_subaward,NO_EXACT_MATCH,,,,1,0.0,0,0.0,0,0.0,0,0.0
"VESTIS SERVICES, LLC",VESTISSERVICESLLC,downstream_subaward,NO_EXACT_MATCH,,,,1,46385.02,1,46385.02,0,0.0,0,0.0
VIBRANT CORPORATION,VIBRANTCORPORATION,downstream_subaward,NO_EXACT_MATCH,,,,1,30000.0,0,0.0,0,0.0,0,0.0
VIBRANT TECHNOLOGY INC,VIBRANTTECHNOLOGYINC,downstream_subaward,NO_EXACT_MATCH,,,,1,49096.0,0,0.0,0,0.0,0,0.0
"VIDEO DYNAMICS, INC.",VIDEODYNAMICSINC,downstream_subaward,NO_EXACT_MATCH,,,,4,958428.06,0,0.0,0,0.0,0,0.0
VIEWPOINT SYSTEMS INC,VIEWPOINTSYSTEMSINC,downstream_subaward,NO_EXACT_MATCH,,,,5,2395321.0,0,0.0,0,0.0,0,0.0
"VISION RESEARCH, INC",VISIONRESEARCHINC,downstream_subaward,NO_EXACT_MATCH,,,,1,193720.0,0,0.0,0,0.0,0,0.0
"VITREK, LLC",VITREKLLC,prime_award,NO_EXACT_MATCH,,,,0,0.0,0,0.0,1,0.0,1,0.0
"W. & O. SUPPLY, INC.",WANDOSUPPLYINC,downstream_subaward,NO_EXACT_MATCH,,,,1,38519.8,0,0.0,0,0.0,0,0.0
"W.M. SCHULTZ CONSTRUCTION, INC.",WMSCHULTZCONSTRUCTIONINC,downstream_subaward,NO_EXACT_MATCH,,,,1,905860.0,0,0.0,0,0.0,0,0.0
"W.W. GRAINGER, INC.",WWGRAINGERINC,downstream_subaward,EXACT_UNIQUE,0000277135,GWW,"W.W. GRAINGER, INC.",3,121737.93,1,50554.48,0,0.0,0,0.0
"WABTEC INSPECTION TECHNOLOGIES, INC.",WABTECINSPECTIONTECHNOLOGIESINC,downstream_subaward,NO_EXACT_MATCH,,,,2,164422.0,2,164422.0,0,0.0,0,0.0
"WAINSCHAF ASSOCIATES, INC.",WAINSCHAFASSOCIATESINC,downstream_subaward,NO_EXACT_MATCH,,,,1,37118461.0,0,0.0,0,0.0,0,0.0
WALL COLMONOY CORP,WALLCOLMONOYCORP,downstream_subaward,NO_EXACT_MATCH,,,,1,41141.0,0,0.0,0,0.0,0,0.0
"WALSH ENGINEERING SERVICES, PC",WALSHENGINEERINGSERVICESPC,downstream_subaward,NO_EXACT_MATCH,,,,8,3123608.75,3,1169078.75,0,0.0,0,0.0
"WALTERS CO. AIRCONDITIONING, INC., THE",WALTERSCOAIRCONDITIONINGINCTHE,downstream_subaward,NO_EXACT_MATCH,,,,2,5779777.62,1,146752.62,0,0.0,0,0.0
WASHINGTON MILLS ELECTRO MINERALS CORPORATION,WASHINGTONMILLSELECTROMINERALSCORPORATION,downstream_subaward,NO_EXACT_MATCH,,,,9,10632853.0,4,800050.0,0,0.0,0,0.0
WASHINGTON RIVER PROTECTION SOLUTIONS LLC,WASHINGTONRIVERPROTECTIONSOLUTIONSLLC,prime_award,NO_EXACT_MATCH,,,,0,0.0,0,0.0,2,23125401.2,2,23125401.2
WASTE CONTROL SPECIALISTS LLC,WASTECONTROLSPECIALISTSLLC,downstream_subaward,NO_EXACT_MATCH,,,,1,53016.0,1,53016.0,0,0.0,0,0.0
"WATTEREDGE, LLC",WATTEREDGELLC,downstream_subaward,NO_EXACT_MATCH,,,,1,37806.0,0,0.0,0,0.0,0,0.0
WAYGATE TECHNOLOGIES USA LP,WAYGATETECHNOLOGIESUSALP,downstream_subaward,NO_EXACT_MATCH,,,,1,31138.65,0,0.0,0,0.0,0,0.0
WAYNE WEAVER DBA JANI KING,WAYNEWEAVERDBAJANIKING,downstream_subaward,NO_EXACT_MATCH,,,,1,50737.2,1,50737.2,0,0.0,0,0.0
"WCD ENTERPRISES, LLC",WCDENTERPRISESLLC,prime_award,NO_EXACT_MATCH,,,,0,0.0,0,0.0,1,0.0,1,0.0
WE2 SUPPORT SERVICES 8A JV LLC,WE2SUPPORTSERVICES8AJVLLC,prime_award,NO_EXACT_MATCH,,,,0,0.0,0,0.0,1,804596.0,1,804596.0
WEISS ACQUISITION LLC,WEISSACQUISITIONLLC,downstream_subaward,NO_EXACT_MATCH,,,,1,417500.01,1,417500.01,0,0.0,0,0.0
"WESCO DISTRIBUTION, INC.",WESCODISTRIBUTIONINC,downstream_subaward,NO_EXACT_MATCH,,,,1,46718.5,1,46718.5,0,0.0,0,0.0
WEST PENN LACO INC,WESTPENNLACOINC,downstream_subaward,NO_EXACT_MATCH,,,,2,135545.57,1,74087.0,0,0.0,0,0.0
WEST PUBLISHING CORPORATION,WESTPUBLISHINGCORPORATION,prime_award,NO_EXACT_MATCH,,,,0,0.0,0,0.0,2,238617.0,2,238617.0
"WESTERN STATES CIRCUIT BREAKERS, INC",WESTERNSTATESCIRCUITBREAKERSINC,downstream_subaward,NO_EXACT_MATCH,,,,1,58950.0,1,58950.0,0,0.0,0,0.0
WESTERN STATES EQUIPMENT COMPANY,WESTERNSTATESEQUIPMENTCOMPANY,downstream_subaward,NO_EXACT_MATCH,,,,1,103591.82,1,103591.82,0,0.0,0,0.0
WESTINGHOUSE GOVERNMENT SERVICES LLC,WESTINGHOUSEGOVERNMENTSERVICESLLC,downstream_subaward,NO_EXACT_MATCH,,,,1,46944.0,0,0.0,0,0.0,0,0.0
WESTMORELAND COUNTY COMMUNITY COLLEGE,WESTMORELANDCOUNTYCOMMUNITYCOLLEGE,downstream_subaward,NO_EXACT_MATCH,,,,3,156145.0,1,103570.0,0,0.0,0,0.0
"WESTMORELAND MECHANICAL TESTING & RESEARCH, INC.",WESTMORELANDMECHANICALTESTINGANDRESEARCHINC,downstream_subaward,NO_EXACT_MATCH,,,,11,864754.39,5,341830.0,0,0.0,0,0.0
WESTONE LOGISTICS LLC,WESTONELOGISTICSLLC,downstream_subaward,NO_EXACT_MATCH,,,,2,304500.0,1,40000.0,0,0.0,0,0.0
"WESTWIND COMPUTER PRODUCTS, INC.",WESTWINDCOMPUTERPRODUCTSINC,downstream_subaward,NO_EXACT_MATCH,,,,67,23691920.12,27,8726716.0,0,0.0,0,0.0
WHEELER MACHINERY CO,WHEELERMACHINERYCO,downstream_subaward,NO_EXACT_MATCH,,,,1,4544530.06,1,4544530.06,0,0.0,0,0.0
"WHITE BEAR CONSTRUCTION, INC.",WHITEBEARCONSTRUCTIONINC,prime_award,NO_EXACT_MATCH,,,,0,0.0,0,0.0,1,0.0,1,0.0
"WILDFLOWER INTERNATIONAL, LTD.",WILDFLOWERINTERNATIONALLTD,downstream_subaward+prime_award,NO_EXACT_MATCH,,,,1,89037.0,0,0.0,1,0.0,1,0.0
WILSEA CORP,WILSEACORP,downstream_subaward,NO_EXACT_MATCH,,,,1,49273.4,1,49273.4,0,0.0,0,0.0
WILSEA CORPORATION,WILSEACORPORATION,downstream_subaward,NO_EXACT_MATCH,,,,1,32837.52,0,0.0,0,0.0,0,0.0
WINTER COMPLIANCE LLC,WINTERCOMPLIANCELLC,downstream_subaward,NO_EXACT_MATCH,,,,1,30000.0,1,30000.0,0,0.0,0,0.0
WISETEK SOLUTIONS INC,WISETEKSOLUTIONSINC,downstream_subaward,NO_EXACT_MATCH,,,,1,120362.32,0,0.0,0,0.0,0,0.0
WM. S. TRIMBLE CO. INC.,WMSTRIMBLECOINC,prime_award,NO_EXACT_MATCH,,,,0,0.0,0,0.0,1,19540.0,1,19540.0
WOLFRAM RESEARCH INC,WOLFRAMRESEARCHINC,downstream_subaward,NO_EXACT_MATCH,,,,1,73447.0,0,0.0,0,0.0,0,0.0
"WOLTERS KLUWER FINANCIAL SERVICES, INC.",WOLTERSKLUWERFINANCIALSERVICESINC,prime_award,NO_EXACT_MATCH,,,,0,0.0,0,0.0,1,54481.24,1,54481.24
WORLD DINING LLC,WORLDDININGLLC,downstream_subaward,NO_EXACT_MATCH,,,,1,194234.0,1,194234.0,0,0.0,0,0.0
WSC FEDERAL LLC,WSCFEDERALLLC,downstream_subaward,NO_EXACT_MATCH,,,,2,221798.38,0,0.0,0,0.0,0,0.0
"WULBERN-KOVAL COMPANY, INC.",WULBERNKOVALCOMPANYINC,downstream_subaward,NO_EXACT_MATCH,,,,1,106944.0,0,0.0,0,0.0,0,0.0
XEI SCIENTIFIC INC,XEISCIENTIFICINC,downstream_subaward,NO_EXACT_MATCH,,,,1,32180.0,0,0.0,0,0.0,0,0.0
"XENTEGRA, LLC",XENTEGRALLC,downstream_subaward,NO_EXACT_MATCH,,,,1,87305.0,0,0.0,0,0.0,0,0.0
"XENTEGRA-GOV, LLC",XENTEGRAGOVLLC,downstream_subaward,NO_EXACT_MATCH,,,,2,1083272.0,0,0.0,0,0.0,0,0.0
YSI INC,YSIINC,downstream_subaward,NO_EXACT_MATCH,,,,1,28669.0,0,0.0,0,0.0,0,0.0
ZETEC INC,ZETECINC,downstream_subaward,NO_EXACT_MATCH,,,,1,89389.0,0,0.0,0,0.0,0,0.0
ZIBRA CORPORATION,ZIBRACORPORATION,downstream_subaward,NO_EXACT_MATCH,,,,2,93401.0,1,52418.0,0,0.0,0,0.0
"ZWICKROELL, LP",ZWICKROELLLP,downstream_subaward,NO_EXACT_MATCH,,,,1,115425.0,0,0.0,0,0.0,0,0.0
