transaction_id,award_id,recipient_name,recipient_uei,action_date,transaction_amount_usd,award_type,awarding_agency,awarding_sub_agency,funding_agency,funding_sub_agency,naics_code,naics_description,psc_code,psc_description,transaction_description,primary_place_of_performance
292027123,89233121FNA400379,"CRITERION SYSTEMS, L.L.C.",MPGNDNHHWM33,2024-09-24,-153432.37,DELIVERY ORDER,Department of Energy,Department of Energy,Department of Energy,Department of Energy,541513,COMPUTER FACILITIES MANAGEMENT SERVICES,DF01,IT AND TELECOM - IT MANAGEMENT SUPPORT SERVICES (LABOR),NATIONAL NUCLEAR SECURITY ADMINISTRATION (DOE/NNSA) CYBER SECURITY SUPPORT SERVICES,"{'city_name': 'WASHINGTON', 'congressional_code': '98', 'country_name': 'UNITED STATES', 'county_code': '001', 'county_name': 'DISTRICT OF COLUMBIA', 'location_country_code': 'USA', 'state_code': 'DC', 'state_name': 'District Of Columbia', 'zip4': '0001', 'zip5': '20585'}"
292030927,89243423FEE000263,ACCENTURE FEDERAL SERVICES LLC,C47BNA8GM833,2024-09-24,625031.0,BPA CALL,Department of Energy,Department of Energy,Department of Energy,Department of Energy,541512,COMPUTER SYSTEMS DESIGN SERVICES,DA01,IT AND TELECOM - BUSINESS APPLICATION/APPLICATION DEVELOPMENT SUPPORT SERVICES (LABOR),ORDER FOR THE DOE EERE CIO BUSINESS OPERATIONS SUPPORT SERVICES (CBOSS) FOR THE INFORMATION TECHNOLOGY SUPPORT OFFICE (ITSO) CUSTOMER SUPPORT. MOD P00012 - INCREMENTAL FUNDING,"{'city_name': 'WASHINGTON', 'congressional_code': '98', 'country_name': 'UNITED STATES', 'county_code': '001', 'county_name': 'DISTRICT OF COLUMBIA', 'location_country_code': 'USA', 'state_code': 'DC', 'state_name': 'District Of Columbia', 'zip4': '0110', 'zip5': '20585'}"
292031041,89243424FEE000356,ENERGY TECHNOLOGY ALLIANCE LLC,WDTLX4NKRKC8,2024-09-24,83076.75,BPA CALL,Department of Energy,Department of Energy,Department of Energy,Department of Energy,562910,REMEDIATION SERVICES,R425,SUPPORT- PROFESSIONAL: ENGINEERING/TECHNICAL,"SCIENTIFIC, ENGINEERING AND TECHNICAL SUPPORT (SETS) FOR THE HYDROGEN & FUEL CELL TECHNOLOGIES OFFICE (HFTO). P00006 IS TO INCORPORATE FUNDING.","{'city_name': 'WASHINGTON', 'congressional_code': '98', 'country_name': 'UNITED STATES', 'county_code': '001', 'county_name': 'DISTRICT OF COLUMBIA', 'location_country_code': 'USA', 'state_code': 'DC', 'state_name': 'District Of Columbia', 'zip4': '2542', 'zip5': '20024'}"
292031043,89243424FEE000359,ENERGY TECHNOLOGY ALLIANCE LLC,WDTLX4NKRKC8,2024-09-24,2670050.0,BPA CALL,Department of Energy,Department of Energy,Department of Energy,Department of Energy,562910,REMEDIATION SERVICES,R425,SUPPORT- PROFESSIONAL: ENGINEERING/TECHNICAL,"SCIENTIFIC, ENGINEERING AND TECHNICAL SUPPORT (SETS) FOR ADVANCED MANUFACTURING - OPERATIONS TEAM SUPPORT - 6-MONTH EXTENSION TO BASE YEAR.","{'city_name': 'GOLDEN', 'congressional_code': '07', 'country_name': 'UNITED STATES', 'county_code': '059', 'county_name': 'JEFFERSON', 'location_country_code': 'USA', 'state_code': 'CO', 'state_name': 'Colorado', 'zip4': '3916', 'zip5': '80401'}"
292031044,89243424FEE000360,ENERGY TECHNOLOGY ALLIANCE LLC,WDTLX4NKRKC8,2024-09-24,2200617.89,BPA CALL,Department of Energy,Department of Energy,Department of Energy,Department of Energy,562910,REMEDIATION SERVICES,R425,SUPPORT- PROFESSIONAL: ENGINEERING/TECHNICAL,"SCIENTIFIC, ENGINEERING AND TECHNICAL SUPPORT (SETS) FOR VEHICLE TECHNOLOGIES OFFICE. MOD P00005 - 6-MONTH EXTENSION TO BASE YEAR.","{'city_name': 'GOLDEN', 'congressional_code': '07', 'country_name': 'UNITED STATES', 'county_code': '059', 'county_name': 'JEFFERSON', 'location_country_code': 'USA', 'state_code': 'CO', 'state_name': 'Colorado', 'zip4': '2142', 'zip5': '80401'}"
292031049,89243424FEE000366,ENERGY TECHNOLOGY ALLIANCE LLC,WDTLX4NKRKC8,2024-09-24,431991.0,BPA CALL,Department of Energy,Department of Energy,Department of Energy,Department of Energy,562910,REMEDIATION SERVICES,R425,SUPPORT- PROFESSIONAL: ENGINEERING/TECHNICAL,"SCIENTIFIC, ENGINEERING, TECHNICAL SUPPORT SERVICES- OFFICE OF WIND ENERGY TECHNOLOGIES-P00003- 6 MONTH EXTENSION","{'city_name': 'BEND', 'congressional_code': '05', 'country_name': 'UNITED STATES', 'county_code': '017', 'county_name': 'DESCHUTES', 'location_country_code': 'USA', 'state_code': 'OR', 'state_name': 'Oregon', 'zip4': '2762', 'zip5': '97703'}"
292031050,89243424FEE000367,ENERGY TECHNOLOGY ALLIANCE LLC,WDTLX4NKRKC8,2024-09-24,1027000.0,BPA CALL,Department of Energy,Department of Energy,Department of Energy,Department of Energy,562910,REMEDIATION SERVICES,R425,SUPPORT- PROFESSIONAL: ENGINEERING/TECHNICAL,"SCIENTIFIC, ENGINEERING AND TECHNICAL SUPPORT (SETS) FOR THE OFFICE OF INDIAN ENERGY (OIE)-MOD P00005-6 MONTH EXTENSION","{'city_name': 'BEND', 'congressional_code': '05', 'country_name': 'UNITED STATES', 'county_code': '017', 'county_name': 'DESCHUTES', 'location_country_code': 'USA', 'state_code': 'OR', 'state_name': 'Oregon', 'zip4': '2762', 'zip5': '97703'}"
292031055,89243424FEE000373,ENERGY TECHNOLOGY ALLIANCE LLC,WDTLX4NKRKC8,2024-09-24,150000.0,BPA CALL,Department of Energy,Department of Energy,Department of Energy,Department of Energy,562910,REMEDIATION SERVICES,R425,SUPPORT- PROFESSIONAL: ENGINEERING/TECHNICAL,SCIENTIFIC ENGINEERING AND TECHNICAL SUPPORT SETS OFFICE OF THE DEPUTY ASSISTANT SECRETARY OF OPERATIONS DASO-MOD 004- 6 MONTH EXTENSION,"{'city_name': 'BEND', 'congressional_code': '05', 'country_name': 'UNITED STATES', 'county_code': '017', 'county_name': 'DESCHUTES', 'location_country_code': 'USA', 'state_code': 'OR', 'state_name': 'Oregon', 'zip4': '2762', 'zip5': '97703'}"
292031077,89243424FEE000405,ENERGY TECHNOLOGY ALLIANCE LLC,WDTLX4NKRKC8,2024-09-24,4415671.14,BPA CALL,Department of Energy,Department of Energy,Department of Energy,Department of Energy,562910,REMEDIATION SERVICES,R425,SUPPORT- PROFESSIONAL: ENGINEERING/TECHNICAL,"SCIENTIFIC, ENGINEERING, TECHNICAL SUPPORT SERVICES- OFFICE OF INDUSTRIAL & EFFICIENCY DECARBONIZATION-MOD P00007- 6 MONTH EXTENSION","{'city_name': 'BEND', 'congressional_code': '05', 'country_name': 'UNITED STATES', 'county_code': '017', 'county_name': 'DESCHUTES', 'location_country_code': 'USA', 'state_code': 'OR', 'state_name': 'Oregon', 'zip4': '2762', 'zip5': '97703'}"
292033519,89303020CMA000053,"MELWOOD HORTICULTURAL TRAINING CENTER, INC.",ZVX7ZJ5WZ576,2024-09-24,20972.28,DEFINITIVE CONTRACT,Department of Energy,Department of Energy,Department of Energy,Department of Energy,561730,LANDSCAPING SERVICES,S208,HOUSEKEEPING- LANDSCAPING/GROUNDSKEEPING,"THE PURPOSE OF THIS MODIFICATION IS TO:  ADD FUNDING TO OPTION PERIOD 4 IN THE AMOUNT OF $20,972.28.00, IAW THE APPROVED EQUITABLE ADJUSTMENT REQUEST BASED UPON THE LATES LABOR WAGE RATES.","{'city_name': 'UPPER MARLBORO', 'congressional_code': '05', 'country_name': 'UNITED STATES', 'county_code': '033', 'county_name': 'PRINCE GEORGES', 'location_country_code': 'USA', 'state_code': 'MD', 'state_name': 'Maryland', 'zip4': '2403', 'zip5': '20772'}"
292034425,89303022CMA000085,CHAINBRIDGE SOLUTIONS INCORPORATED,K7UNTJVBN6M3,2024-09-24,44935.1,DEFINITIVE CONTRACT,Department of Energy,Department of Energy,Department of Energy,Department of Energy,541519,OTHER COMPUTER RELATED SERVICES,R706,SUPPORT- MANAGEMENT: LOGISTICS SUPPORT,"THE PURPOSE OF THIS MODIFICATION IS TO:  1. FUND OPTION PERIOD 2 OF THE CHAINBRIDGE SOLUTIONS INC. CONTRACT # 89303022CMA000085, IN THE AMOUNT OF $44,935.10.","{'city_name': 'WASHINGTON', 'congressional_code': '98', 'country_name': 'UNITED STATES', 'county_code': '001', 'county_name': 'DISTRICT OF COLUMBIA', 'location_country_code': 'USA', 'state_code': 'DC', 'state_name': 'District Of Columbia', 'zip4': '0001', 'zip5': '20585'}"
292034614,89303022FMA400474,"SEVENTH SENSE, LLC",NKDGL87VMHM4,2024-09-24,0.0,DELIVERY ORDER,Department of Energy,Department of Energy,Department of Energy,Department of Energy,541611,ADMINISTRATIVE MANAGEMENT AND GENERAL MANAGEMENT CONSULTING SERVICES,R499,SUPPORT- PROFESSIONAL: OTHER,THE PURPOSE OF THIS MODIFICATION IS TO EXERCISE OPTION PERIOD 2.,"{'city_name': 'WASHINGTON', 'congressional_code': '98', 'country_name': 'UNITED STATES', 'county_code': '001', 'county_name': 'DISTRICT OF COLUMBIA', 'location_country_code': 'USA', 'state_code': 'DC', 'state_name': 'District Of Columbia', 'zip4': '0106', 'zip5': '20585'}"
292034841,89303023CLP000051,DNV USA INC.,T7T8ZK8JRYL8,2024-09-24,-351399.23,DEFINITIVE CONTRACT,Department of Energy,Department of Energy,Department of Energy,Department of Energy,541330,ENGINEERING SERVICES,R699,SUPPORT- ADMINISTRATIVE: OTHER,INDEPENDENT TECHNICAL AND ENGINEERING ADVISORY SERVICES: U.S. DEPARTMENT OF ENERGY IN SUPPORT OF A LOAN APPLICATION FROM LONGPATH TECHNOLOGIES FOR THE BASIN SCAN PROJECT. THE DOE LOAN PROGRAMS OFFICE (LPO) SEEKS AN INDEPENDENT ENGINEERING ADVISOR TO,"{'city_name': 'KATY', 'congressional_code': '22', 'country_name': 'UNITED STATES', 'county_code': '201', 'county_name': 'HARRIS', 'location_country_code': 'USA', 'state_code': 'TX', 'state_name': 'Texas', 'zip4': '5164', 'zip5': '77449'}"
292035253,89303023PIA000013,"ATLANTIC COUNCIL OF THE UNITED STATES, INC. (THE)",LQTJNBUD91Q3,2024-09-24,-0.87,PURCHASE ORDER,Department of Energy,Department of Energy,Department of Energy,Department of Energy,541690,OTHER SCIENTIFIC AND TECHNICAL CONSULTING SERVICES,R699,SUPPORT- ADMINISTRATIVE: OTHER,THE PURPOSE OF THIS MODIFICATION IS TO DEOBLIGATE EXCESS FUNDS FOR CLOSEOUT. REQ 24IA000043,"{'city_name': 'WASHINGTON', 'congressional_code': '98', 'country_name': 'UNITED STATES', 'county_code': '001', 'county_name': 'DISTRICT OF COLUMBIA', 'location_country_code': 'USA', 'state_code': 'DC', 'state_name': 'District Of Columbia', 'zip4': '1503', 'zip5': '20005'}"
292045843,89503524FSP400104,"AT&T ENTERPRISES, LLC",MNALR8D818N7,2024-09-24,60000.0,DELIVERY ORDER,Department of Energy,Department of Energy,Department of Energy,Department of Energy,541519,OTHER COMPUTER RELATED SERVICES,DG11,IT AND TELECOM - NETWORK: SATELLITE COMMUNICATIONS AND TELECOM ACCESS SERVICES,FY25 AT&T PHONE CHARGES FOR SEPA HEADQUARTERS OFFICES  PERIOD OF PERFORMANCE 10/1/2024-09/30/2025,"{'city_name': 'ELBERTON', 'congressional_code': '10', 'country_name': 'UNITED STATES', 'county_code': '105', 'county_name': 'ELBERT', 'location_country_code': 'USA', 'state_code': 'GA', 'state_name': 'Georgia', 'zip4': '6711', 'zip5': '30635'}"
292048334,89603023F0100,ECCO SELECT CORPORATION,FYV3NRJG3MJ7,2024-09-24,430120.55,DELIVERY ORDER,Department of Energy,Federal Energy Regulatory Commission,Department of Energy,Federal Energy Regulatory Commission,541611,ADMINISTRATIVE MANAGEMENT AND GENERAL MANAGEMENT CONSULTING SERVICES,R499,SUPPORT- PROFESSIONAL: OTHER,EXERCISE AND FUND OPTIONAL CLINS 0003 AND 0004 FOR APPLICATION PERFORMANCE MONITORING SYSTEM SOFTWARE AND MAINTENANCE.,"{'city_name': 'WASHINGTON', 'congressional_code': '98', 'country_name': 'UNITED STATES', 'county_code': '001', 'county_name': 'DISTRICT OF COLUMBIA', 'location_country_code': 'USA', 'state_code': 'DC', 'state_name': 'District Of Columbia', 'zip4': '0001', 'zip5': '20426'}"
295529932,DERL0603RL14608,DBM INC,VP1PSN53JCN5,2024-09-24,37000.0,DEFINITIVE CONTRACT,Department of Energy,Department of Energy,Department of Energy,Department of Energy,531120,LESSORS OF NONRESIDENTIAL BUILDINGS (EXCEPT MINIWAREHOUSES),X111,LEASE/RENTAL OF OFFICE BUILDINGS,"FUNDING FOR DBM LEASE AGREEMENT IN THE AMOUNT OF $37,000.","{'city_name': 'RICHLAND', 'congressional_code': '04', 'country_name': 'UNITED STATES', 'county_code': '005', 'county_name': 'BENTON', 'location_country_code': 'USA', 'state_code': 'WA', 'state_name': 'Washington', 'zip4': '4923', 'zip5': '99354'}"
292026611,89233024FNR000025,COHNREZNICK LLP,FFJAX4J2KE25,2024-09-25,0.0,BPA CALL,Department of Energy,Department of Energy,Department of Energy,Department of Energy,541211,OFFICES OF CERTIFIED PUBLIC ACCOUNTANTS,R704,SUPPORT- MANAGEMENT: AUDITING,"THE PURPOSE OF THIS MODIFICATION IS TO EXTEND THE COMPLETION DATES OF LINE ITEM 00003 TO 04 OCT 2024 AND LINE ITEM 00004 TO 01 NOV 2024, WITH OVERALL COMPLETION (AUDIT CLOSEOUT) 08 NOV 2024.","{'city_name': 'WEST MIFFLIN', 'congressional_code': '12', 'country_name': 'UNITED STATES', 'county_code': '003', 'county_name': 'ALLEGHENY', 'location_country_code': 'USA', 'state_code': 'PA', 'state_name': 'Pennsylvania', 'zip4': '3692', 'zip5': '15122'}"
292026612,89233024FNR000027,COHNREZNICK LLP,FFJAX4J2KE25,2024-09-25,157104.65,BPA CALL,Department of Energy,Department of Energy,Department of Energy,Department of Energy,541211,OFFICES OF CERTIFIED PUBLIC ACCOUNTANTS,R704,SUPPORT- MANAGEMENT: AUDITING,"NAVAL REACTORS LABORATORY FIELD OFFICE (NRLFO) IS REQUESTING SUPPORT WITH COMPLETING THE FISCAL YEAR (FY) 2023 INCURRED COST AUDITS FOR BWX TECHNOLOGIES, INC. (BWXT) CORPORATE, NUCLEAR FUEL SERVICES (NFS), AND NUCLEAR OPERATIONS GROUP (NOG).","{'city_name': 'BETHESDA', 'congressional_code': '08', 'country_name': 'UNITED STATES', 'county_code': '031', 'county_name': 'MONTGOMERY', 'location_country_code': 'USA', 'state_code': 'MD', 'state_name': 'Maryland', 'zip4': '2484', 'zip5': '20814'}"
292026762,89233118FNA400114,PROJECT ENHANCEMENT CORPORATION,CM9VW5P6GKB6,2024-09-25,-6079.52,DELIVERY ORDER,Department of Energy,Department of Energy,Department of Energy,Department of Energy,541620,ENVIRONMENTAL CONSULTING SERVICES,R499,SUPPORT- PROFESSIONAL: OTHER,NNSA'S OFFICE OF POLICY (NA-1.1) HAS IDENTIFIED A NEED TO CONTRACT FOR TECHNICAL AND PROGRAMMATIC SUPPORT SERVICES TO IMPLEMENT RECOMMENDATIONS OUTLINED BY NAS/NAPA ACROSS THE NNSA ENTERPRISE ON GOVERNANCE AND MANAGEMENT REFORM.,"{'city_name': 'WASHINGTON', 'congressional_code': '98', 'country_name': 'UNITED STATES', 'county_code': '001', 'county_name': 'DISTRICT OF COLUMBIA', 'location_country_code': 'USA', 'state_code': 'DC', 'state_name': 'District Of Columbia', 'zip4': '0102', 'zip5': '20585'}"
292026870,89233119FNA400174,"THE AR GROUP, LLC",XCGQNFVQ9L89,2024-09-25,13380.86,DELIVERY ORDER,Department of Energy,Department of Energy,Department of Energy,Department of Energy,541612,"HUMAN RESOURCES CONSULTING SERVICES (2007), HUMAN RESOURCES AND EXECUTIVE SEARCH CONSULTING SERVICES (2002)",R615,SUPPORT- ADMINISTRATIVE: BACKGROUND INVESTIGATION,"EQUAL EMPLOYMENT OPPORTUNITY (EEO) INVESTIGATION AND FINAL AGENCY DECISION WRITING SERVICES NATIONAL NUCLEAR SECURITY ADMINISTRATION (NNSA), OFFICE OF CIVIL RIGHTS","{'city_name': 'GREENWOOD VILLAGE', 'congressional_code': '06', 'country_name': 'UNITED STATES', 'county_code': '005', 'county_name': 'ARAPAHOE', 'location_country_code': 'USA', 'state_code': 'CO', 'state_name': 'Colorado', 'zip4': '2218', 'zip5': '80111'}"
292026939,89233120CNA000124,"TSAY PROFESSIONAL SERVICES, INC.",M95UQGRBHQB9,2024-09-25,0.0,DEFINITIVE CONTRACT,Department of Energy,Department of Energy,Department of Energy,Department of Energy,561210,FACILITIES SUPPORT SERVICES,Z1AA,MAINTENANCE OF OFFICE BUILDINGS,"DOE/NNSA NEVADA SUPPORT FACILITY (NSF) OPERATIONS, MAINTENANCE AND SUPPORT SERVICES (OMSS) AT THE NEVADA FIELD OFFICE (NFO) IN LAS VEGAS, NV. UPDATE CLUSE DOE-H-2070, PWS AND PROVIDE INCREMENTAL FUNDING.","{'city_name': 'LAS VEGAS', 'congressional_code': '03', 'country_name': 'UNITED STATES', 'county_code': '003', 'county_name': 'CLARK', 'location_country_code': 'USA', 'state_code': 'NV', 'state_name': 'Nevada', 'zip4': '8518', 'zip5': '89193'}"
292027032,89233120FNA400317,LINK TECHNOLOGIES INC,G36RN4KDGX29,2024-09-25,517977.19,DELIVERY ORDER,Department of Energy,Department of Energy,Department of Energy,Department of Energy,541611,ADMINISTRATIVE MANAGEMENT AND GENERAL MANAGEMENT CONSULTING SERVICES,R499,SUPPORT- PROFESSIONAL: OTHER,SUPPORT SERVICES FOR NUCLEAR MATERIALS MANAGEMENT AND SAFEGUARDS SYSTEM (NA-532).,"{'city_name': 'GERMANTOWN', 'congressional_code': '06', 'country_name': 'UNITED STATES', 'county_code': '031', 'county_name': 'MONTGOMERY', 'location_country_code': 'USA', 'state_code': 'MD', 'state_name': 'Maryland', 'zip4': '1290', 'zip5': '20874'}"
292027036,89233120FNA400321,"TECHSOURCE, LLC",DSDEKJ6JRLA7,2024-09-25,39212.58,DELIVERY ORDER,Department of Energy,Department of Energy,Department of Energy,Department of Energy,541330,ENGINEERING SERVICES,R499,SUPPORT- PROFESSIONAL: OTHER,"IGF:CL:IGF  U.S. DEPARTMENT OF ENERGY, NATIONAL NUCLEAR SECURITY ADMINISTRATION'S (DOE/NNSA) TECHNICAL, ENGINEERING, AND PROGRAMMATIC SUPPORT SERVICES II (TEPS II) BLANKET PURCHASE AGREEMENT (BPA) HOLDERS--RFQ 89233120QNA000116 TECHNICAL SUPPO","{'city_name': 'WASHINGTON', 'congressional_code': '98', 'country_name': 'UNITED STATES', 'county_code': '001', 'county_name': 'DISTRICT OF COLUMBIA', 'location_country_code': 'USA', 'state_code': 'DC', 'state_name': 'District Of Columbia', 'zip4': '0102', 'zip5': '20585'}"
292027077,89233121CNA000219,RHINOCORPS LTD. CO.,QH3DZGNHN7K3,2024-09-25,875577.19,DEFINITIVE CONTRACT,Department of Energy,Department of Energy,Department of Energy,Department of Energy,541511,CUSTOM COMPUTER PROGRAMMING SERVICES,R412,SUPPORT- PROFESSIONAL: SIMULATION,TECHNICAL AND COMPUTER SIMULATION SUPPORT FOR THE OFFICE OF SECURITY OPERATIONS & PROGRAMMATIC PLANNING (NA-71).,"{'city_name': 'WASHINGTON', 'congressional_code': '98', 'country_name': 'UNITED STATES', 'county_code': '001', 'county_name': 'DISTRICT OF COLUMBIA', 'location_country_code': 'USA', 'state_code': 'DC', 'state_name': 'District Of Columbia', 'zip4': '0708', 'zip5': '20585'}"
292027079,89233121CNA000222,CUMMINS KENNETH L,HMCCTGLV1B53,2024-09-25,-3306.22,DEFINITIVE CONTRACT,Department of Energy,Department of Energy,Department of Energy,Department of Energy,541715,"RESEARCH AND DEVELOPMENT IN THE PHYSICAL, ENGINEERING, AND LIFE SCIENCES (EXCEPT NANOTECHNOLOGY AND BIOTECHNOLOGY)",AC23,NATIONAL DEFENSE R&D SERVICES; ATOMIC ENERGY DEFENSE ACTIVITIES; EXPERIMENTAL DEVELOPMENT,EO14042 BLUE RIBBON PANEL LIGHTNING ENVIRONMENTS REVIEW,"{'city_name': 'TUCSON', 'congressional_code': '06', 'country_name': 'UNITED STATES', 'county_code': '019', 'county_name': 'PIMA', 'location_country_code': 'USA', 'state_code': 'AZ', 'state_name': 'Arizona', 'zip4': '2342', 'zip5': '85750'}"
292027127,89233121FNA400386,VECTOR RESOURCE INC,EK38FYR4WKJ7,2024-09-25,-1000000.0,DELIVERY ORDER,Department of Energy,Department of Energy,Department of Energy,Department of Energy,541611,ADMINISTRATIVE MANAGEMENT AND GENERAL MANAGEMENT CONSULTING SERVICES,R425,SUPPORT- PROFESSIONAL: ENGINEERING/TECHNICAL,OFFICE OF SYSTEMS ENGINEERING AND INTEGRATION (NA-18) LIFE CYCLE LOGISTICS MANAGEMENT SUPPORT,"{'city_name': 'ALBUQUERQUE', 'congressional_code': '01', 'country_name': 'UNITED STATES', 'county_code': '001', 'county_name': 'BERNALILLO', 'location_country_code': 'USA', 'state_code': 'NM', 'state_name': 'New Mexico', 'zip4': '9700', 'zip5': '87101'}"
292027164,89233122CNA000268,ANALEX CORPORATION,CWLNZ4TJCLE4,2024-09-25,0.0,DEFINITIVE CONTRACT,Department of Energy,Department of Energy,Department of Energy,Department of Energy,541330,ENGINEERING SERVICES,R425,SUPPORT- PROFESSIONAL: ENGINEERING/TECHNICAL,"CONTRACT FOR SUPPORT CONTRACT TO ASSIST IN THE INVESTIGATION OF TME AND SGEMP FROM PERATON CORP. ON BEHALF OF AWE, ALDERMASTON UNDER JOWOG 6","{'city_name': 'WASHINGTON', 'congressional_code': '98', 'country_name': 'UNITED STATES', 'county_code': '001', 'county_name': 'DISTRICT OF COLUMBIA', 'location_country_code': 'USA', 'state_code': 'DC', 'state_name': 'District Of Columbia', 'zip4': '0102', 'zip5': '20585'}"
292027199,89233122FNA400430,SIGMA SCIENCE INC,NB31NPVJHRZ5,2024-09-25,0.0,DELIVERY ORDER,Department of Energy,Department of Energy,Department of Energy,Department of Energy,541330,ENGINEERING SERVICES,R425,SUPPORT- PROFESSIONAL: ENGINEERING/TECHNICAL,OFFICE OF DEFENSE NUCLEAR NONPROLIFERATION RESEARCH AND DEVELOPMENT (NA-22) TECHNICAL AND ANALYTICAL SUPPORT SERVICES,"{'city_name': 'WASHINGTON', 'congressional_code': '98', 'country_name': 'UNITED STATES', 'county_code': '001', 'county_name': 'DISTRICT OF COLUMBIA', 'location_country_code': 'USA', 'state_code': 'DC', 'state_name': 'District Of Columbia', 'zip4': '0102', 'zip5': '20585'}"
292027287,89233123FNA000109,PARSONS GOVERNMENT SERVICES INC.,NMBCAG1JBKL7,2024-09-25,68693.68,BPA CALL,Department of Energy,Department of Energy,Department of Energy,Department of Energy,541330,ENGINEERING SERVICES,R425,SUPPORT- PROFESSIONAL: ENGINEERING/TECHNICAL,"NA-90.2 PLANS, IMPLEMENTS, REPORTS, AND CLOSES OUT CAPITAL ASSET REVIEWS BASED ON THE CHARGE PROVIDED BY THE REQUESTING NNSA OFFICIAL TO ASSURE THAT SPECIFIC TOPICS OR EMPHASES ARE PROPERLY UNDERSTOOD AND IDENTIFIED IN THE REVIEW. THE PURPOSE OF THE","{'city_name': 'CENTREVILLE', 'congressional_code': '11', 'country_name': 'UNITED STATES', 'county_code': '059', 'county_name': 'FAIRFAX', 'location_country_code': 'USA', 'state_code': 'VA', 'state_name': 'Virginia', 'zip4': '1922', 'zip5': '20120'}"
292027294,89233123FNA000118,VECTOR RESOURCE INC,EK38FYR4WKJ7,2024-09-25,1097614.06,BPA CALL,Department of Energy,Department of Energy,Department of Energy,Department of Energy,541611,ADMINISTRATIVE MANAGEMENT AND GENERAL MANAGEMENT CONSULTING SERVICES,R499,SUPPORT- PROFESSIONAL: OTHER,"INDEPENDENT PROJECT REVIEW AND ASSESSMENT SUPPORT FOR THE DEPARTMENT OF ENERGY, NATIONAL NUCLEAR SECURITY ADMINISTRATION'S (DOE/NNSA) OFFICE OF ENTERPRISE PROJECT MANAGEMENT (NA-APM-20)","{'city_name': 'ENGLEWOOD', 'congressional_code': '17', 'country_name': 'UNITED STATES', 'county_code': '115', 'county_name': 'SARASOTA', 'location_country_code': 'USA', 'state_code': 'FL', 'state_name': 'Florida', 'zip4': '1822', 'zip5': '34223'}"
292027322,89233123FNA400519,TECHNOMICS INC,LU9TXLBPMQD7,2024-09-25,650717.0,DELIVERY ORDER,Department of Energy,Department of Energy,Department of Energy,Department of Energy,541330,ENGINEERING SERVICES,R499,SUPPORT- PROFESSIONAL: OTHER,COST DATA COLLECTION SUPPORT SERVICES FOR THE OFFICE OF COST ESTIMATING AND PROGRAM EVALUATION (CEPE) (NA-1.3).,"{'city_name': 'ARLINGTON', 'congressional_code': '08', 'country_name': 'UNITED STATES', 'county_code': '013', 'county_name': 'ARLINGTON', 'location_country_code': 'USA', 'state_code': 'VA', 'state_name': 'Virginia', 'zip4': '4386', 'zip5': '22202'}"
292027475,89233124FNA400648,PARSONS GOVERNMENT SERVICES INTERNATIONAL INC.,E8E4EKJKKJW7,2024-09-25,1140489.0,DELIVERY ORDER,Department of Energy,Department of Energy,Department of Energy,Department of Energy,541990,"ALL OTHER PROFESSIONAL, SCIENTIFIC, AND TECHNICAL SERVICES",R425,SUPPORT- PROFESSIONAL: ENGINEERING/TECHNICAL,"TASKS INCLUDE DESIGN, INTEGRATION, CONSTRUCTION, COMMUNICATIONS, LOGISTICS, TRAINING, AND EQUIPMENT PROCUREMENT TO SUPPORT THE DEPLOYMENT OF COUNTER NUCLEAR SMUGGLING SYSTEMS. EXAMPLES OF COUNTER NUCLEAR SMUGGLING SYSTEM COMPONENTS INCLUDE BUT ARE NO","{'city_name': 'PASADENA', 'congressional_code': '28', 'country_name': 'UNITED STATES', 'county_code': '037', 'county_name': 'LOS ANGELES', 'location_country_code': 'USA', 'state_code': 'CA', 'state_name': 'California', 'zip4': '0001', 'zip5': '91124'}"
292027476,89233124FNA400649,SEATECH GLOBAL SECURITY SOLUTIONS,UH3MS7J8HN85,2024-09-25,0.0,DELIVERY ORDER,Department of Energy,Department of Energy,Department of Energy,Department of Energy,541990,"ALL OTHER PROFESSIONAL, SCIENTIFIC, AND TECHNICAL SERVICES",R425,SUPPORT- PROFESSIONAL: ENGINEERING/TECHNICAL,"TASKS INCLUDE DESIGN, INTEGRATION, CONSTRUCTION, COMMUNICATIONS, LOGISTICS, TRAINING, AND EQUIPMENT PROCUREMENT TO SUPPORT THE DEPLOYMENT OF COUNTER NUCLEAR SMUGGLING SYSTEMS. EXAMPLES OF COUNTER NUCLEAR SMUGGLING SYSTEM COMPONENTS INCLUDE BUT ARE NO","{'city_name': None, 'congressional_code': None, 'country_name': 'UZBEKISTAN', 'county_code': None, 'county_name': None, 'location_country_code': 'UZB', 'state_code': None, 'state_name': None, 'zip4': None, 'zip5': None}"
292027477,89233124FNA400650,SEATECH GLOBAL SECURITY SOLUTIONS,UH3MS7J8HN85,2024-09-25,2151634.0,DELIVERY ORDER,Department of Energy,Department of Energy,Department of Energy,Department of Energy,541990,"ALL OTHER PROFESSIONAL, SCIENTIFIC, AND TECHNICAL SERVICES",R425,SUPPORT- PROFESSIONAL: ENGINEERING/TECHNICAL,"TASKS INCLUDE DESIGN, INTEGRATION, CONSTRUCTION, COMMUNICATIONS, LOGISTICS, TRAINING, AND EQUIPMENT PROCUREMENT TO SUPPORT THE DEPLOYMENT OF COUNTER NUCLEAR SMUGGLING SYSTEMS. EXAMPLES OF COUNTER NUCLEAR SMUGGLING SYSTEM COMPONENTS INCLUDE BUT ARE NO","{'city_name': None, 'congressional_code': None, 'country_name': 'POLAND', 'county_code': None, 'county_name': None, 'location_country_code': 'POL', 'state_code': None, 'state_name': None, 'zip4': None, 'zip5': None}"
292028016,89243120CSC000068,PI2E JV LLP,VMC2KXJLXV81,2024-09-25,-50103.54,DEFINITIVE CONTRACT,Department of Energy,Department of Energy,Department of Energy,Department of Energy,561210,FACILITIES SUPPORT SERVICES,Z1AZ,MAINTENANCE OF OTHER ADMINISTRATIVE FACILITIES AND SERVICE BUILDINGS,FACILITY OPERATIONS AND MAINTENANCE DEOBLIGATION OF EXCESS FUNDS AS PART OF CLOSEOUT PROCESS.,"{'city_name': 'OAK RIDGE', 'congressional_code': '03', 'country_name': 'UNITED STATES', 'county_code': '001', 'county_name': 'ANDERSON', 'location_country_code': 'USA', 'state_code': 'TN', 'state_name': 'Tennessee', 'zip4': '6901', 'zip5': '37831'}"
292028017,89243120CSC000073,"TOTALLY JOINED FOR ACHIEVING COLLABORATIVE TECHNIQUES (TJFACT), LLC",VU7VVBY1S6Y8,2024-09-25,200000.0,DEFINITIVE CONTRACT,Department of Energy,Department of Energy,Department of Energy,Department of Energy,541990,"ALL OTHER PROFESSIONAL, SCIENTIFIC, AND TECHNICAL SERVICES",R429,SUPPORT- PROFESSIONAL: EMERGENCY RESPONSE/DISASTER PLANNING/PREPAREDNESS SUPPORT,EMERGENCY MANAGEMENT SUPPORT SERVICES,"{'city_name': 'OAK RIDGE', 'congressional_code': '03', 'country_name': 'UNITED STATES', 'county_code': '001', 'county_name': 'ANDERSON', 'location_country_code': 'USA', 'state_code': 'TN', 'state_name': 'Tennessee', 'zip4': '8038', 'zip5': '37830'}"
292028251,89243122FSC400370,DELOITTE CONSULTING LLP,CKV2L9GZKJK3,2024-09-25,197794.0,DELIVERY ORDER,Department of Energy,Department of Energy,Department of Energy,Department of Energy,541512,COMPUTER SYSTEMS DESIGN SERVICES,7E20,"IT AND TELECOM - END USER: HELP DESK;TIER 1-2,WORKSPACE,PRINT,OUTPUT,PRODUCTIVITY TOOLS (HW/PERP SW)",BUDGET EXECUTION FORMULATION ANALYSIS SUPPORT TOOL (BEFAST),"{'city_name': 'GERMANTOWN', 'congressional_code': '06', 'country_name': 'UNITED STATES', 'county_code': '031', 'county_name': 'MONTGOMERY', 'location_country_code': 'USA', 'state_code': 'MD', 'state_name': 'Maryland', 'zip4': '0501', 'zip5': '20874'}"
292028281,89243122FSC400412,"EDGEWATER FEDERAL SOLUTIONS, INC.",DA71PM1JFL51,2024-09-25,3024903.75,DELIVERY ORDER,Department of Energy,Department of Energy,Department of Energy,Department of Energy,541330,ENGINEERING SERVICES,R499,SUPPORT- PROFESSIONAL: OTHER,OFFICE OF SCIENTIFIC AND TECHNICAL INFORMATION MISSION SUPPORT SERVICES,"{'city_name': 'OAK RIDGE', 'congressional_code': '03', 'country_name': 'UNITED STATES', 'county_code': '001', 'county_name': 'ANDERSON', 'location_country_code': 'USA', 'state_code': 'TN', 'state_name': 'Tennessee', 'zip4': '6757', 'zip5': '37830'}"
292028491,89243124CSC000166,"LBYD FEDERAL, LLC",VVPHP99JQHF9,2024-09-25,1659077.42,DEFINITIVE CONTRACT,Department of Energy,Department of Energy,Department of Energy,Department of Energy,561110,OFFICE ADMINISTRATIVE SERVICES,R699,SUPPORT- ADMINISTRATIVE: OTHER,ADMINISTRATIVE AND SUPPORT SERVICES FOR THE OFFICE OF SCIENCE ORGANIZATIONS WITHIN THE DEPARTMENT OF ENERGY,"{'city_name': 'OAK RIDGE', 'congressional_code': '03', 'country_name': 'UNITED STATES', 'county_code': '001', 'county_name': 'ANDERSON', 'location_country_code': 'USA', 'state_code': 'TN', 'state_name': 'Tennessee', 'zip4': '8823', 'zip5': '37830'}"
292028580,89243124FSC400720,"REDHAWK IT SOLUTIONS, LLC",QGAAEMCMJXQ7,2024-09-25,44363.5,DELIVERY ORDER,Department of Energy,Department of Energy,Department of Energy,Department of Energy,541519,OTHER COMPUTER RELATED SERVICES,DB10,IT AND TELECOM - COMPUTE AS A SERVICE: MAINFRAME/SERVERS,VMWARE HORIZON 8 ENTERPRISE RENEWAL (OAK RIDGE),"{'city_name': 'OAK RIDGE', 'congressional_code': '03', 'country_name': 'UNITED STATES', 'county_code': '001', 'county_name': 'ANDERSON', 'location_country_code': 'USA', 'state_code': 'TN', 'state_name': 'Tennessee', 'zip4': '6509', 'zip5': '37830'}"
292028604,89243124PSC000324,SOCIETY FOR THE ADVANCEMENT OF CHICANOS AND NATIVE AMERICANS IN SCIENCE,D9HFSCYSX833,2024-09-25,40000.0,PURCHASE ORDER,Department of Energy,Department of Energy,Department of Energy,Department of Energy,561920,CONVENTION AND TRADE SHOW ORGANIZERS,R499,SUPPORT- PROFESSIONAL: OTHER,"SOCIETY FOR ADVANCEMENT OF CHICANOS AND NATIVE AMERICANS IN SCIENCE (SACNAS) NATIONAL DIVERSITY IN SCIENCE, TECHNOLOGY, ENGINEERING, AND MATHEMATICS CONFERENCE","{'city_name': 'PHOENIX', 'congressional_code': '03', 'country_name': 'UNITED STATES', 'county_code': '013', 'county_name': 'MARICOPA', 'location_country_code': 'USA', 'state_code': 'AZ', 'state_name': 'Arizona', 'zip4': '2025', 'zip5': '85001'}"
292028809,89243221FNE400061,ALLEGHENY SCIENCE & TECHNOLOGY CORPORATION,GLPKRZJL8GM3,2024-09-25,225000.0,DELIVERY ORDER,Department of Energy,Department of Energy,Department of Energy,Department of Energy,541330,ENGINEERING SERVICES,R408,SUPPORT- PROFESSIONAL: PROGRAM MANAGEMENT/SUPPORT,"THE PURPOSE OF THIS MODIFICATION IS TO: 1. ADD INCREMENTAL FUNDING OF $225,000.00 TO CLIN 00010, INCREASING THE OBLIGATED AMOUNT FROM $11,791.37 TO $236,791.37. ALL OTHER TERMS AND CONDITIONS REMAIN UNCHANGED.","{'city_name': 'IDAHO FALLS', 'congressional_code': '02', 'country_name': 'UNITED STATES', 'county_code': '019', 'county_name': 'BONNEVILLE', 'location_country_code': 'USA', 'state_code': 'ID', 'state_name': 'Idaho', 'zip4': '1510', 'zip5': '83402'}"
292028930,89243224FNE400153,"THUNDERCAT TECHNOLOGY, LLC",UER4AJLUB8D5,2024-09-25,62275.8,DELIVERY ORDER,Department of Energy,Department of Energy,Department of Energy,Department of Energy,541519,OTHER COMPUTER RELATED SERVICES,7B22,IT AND TELECOM - COMPUTE: SERVERS (HARDWARE AND PERPETUAL LICENSE SOFTWARE),PALO ALTO FIREWALL LICENSE RENEWAL.,"{'city_name': 'IDAHO FALLS', 'congressional_code': '02', 'country_name': 'UNITED STATES', 'county_code': '019', 'county_name': 'BONNEVILLE', 'location_country_code': 'USA', 'state_code': 'ID', 'state_name': 'Idaho', 'zip4': '0001', 'zip5': '83415'}"
292028975,89243318CFE000003,"LEIDOS, INC.",MYKLJHTX3MM7,2024-09-25,3916131.0,DEFINITIVE CONTRACT,Department of Energy,Department of Energy,Department of Energy,Department of Energy,541715,"RESEARCH AND DEVELOPMENT IN THE PHYSICAL, ENGINEERING, AND LIFE SCIENCES (EXCEPT NANOTECHNOLOGY AND BIOTECHNOLOGY)",R425,SUPPORT- PROFESSIONAL: ENGINEERING/TECHNICAL,"RESEARCH SUPPORT SERVICES (RSS), MODIFICATION P00182, INCREMENTAL FUNDING, UPDATE B.2 AND B.5","{'city_name': 'MORGANTOWN', 'congressional_code': '02', 'country_name': 'UNITED STATES', 'county_code': '061', 'county_name': 'MONONGALIA', 'location_country_code': 'USA', 'state_code': 'WV', 'state_name': 'West Virginia', 'zip4': '0880', 'zip5': '26507'}"
292029876,89243323CFE000075,"KEYLOGIC, LLC",YSL4NDJMULJ1,2024-09-25,1197434.0,DEFINITIVE CONTRACT,Department of Energy,Department of Energy,Department of Energy,Department of Energy,541330,ENGINEERING SERVICES,R425,SUPPORT- PROFESSIONAL: ENGINEERING/TECHNICAL,STRATEGIC ANALYSIS SUPPORT SERVICES: FUNDING MODIFICATION AND INCREASING TOTAL AMOUNT OF CONTRACT (MODIFICATION P00053) (BIL/IIJA FUNDING),"{'city_name': 'MORGANTOWN', 'congressional_code': '02', 'country_name': 'UNITED STATES', 'county_code': '061', 'county_name': 'MONONGALIA', 'location_country_code': 'USA', 'state_code': 'WV', 'state_name': 'West Virginia', 'zip4': '2738', 'zip5': '26505'}"
292030136,89243324FFE400628,"THUNDERCAT TECHNOLOGY, LLC",UER4AJLUB8D5,2024-09-25,1040402.02,DELIVERY ORDER,Department of Energy,Department of Energy,Department of Energy,Department of Energy,541519,OTHER COMPUTER RELATED SERVICES,7G21,IT AND TELECOM - NETWORK: DIGITAL NETWORK PRODUCTS (HARDWARE AND PERPETUAL LICENSE SOFTWARE),IRA/GPP FUNDING ESNET UPGRADE PROJECT SCIENCE/HPC DEPLOYMENT - JUNIPER,"{'city_name': 'MORGANTOWN', 'congressional_code': '02', 'country_name': 'UNITED STATES', 'county_code': '061', 'county_name': 'MONONGALIA', 'location_country_code': 'USA', 'state_code': 'WV', 'state_name': 'West Virginia', 'zip4': '2353', 'zip5': '26505'}"
292030141,89243324FFE400633,"CHENEGA WORLDWIDE SUPPORT, LLC",NNY7A7KGA6K5,2024-09-25,49149.71,DELIVERY ORDER,Department of Energy,Department of Energy,Department of Energy,Department of Energy,236220,COMMERCIAL AND INSTITUTIONAL BUILDING CONSTRUCTION,Z2JZ,REPAIR OR ALTERATION OF MISCELLANEOUS BUILDINGS,TASK ORDER 7 - SITE ACCESS WORK FOR 89243321DFE000021 IDIQ FOR DESIGN/BUILD CONTRACT OF THE DIRECT AIR CAPTURE CENTER (DACC) PROJECT,"{'city_name': 'PITTSBURGH', 'congressional_code': '12', 'country_name': 'UNITED STATES', 'county_code': '003', 'county_name': 'ALLEGHENY', 'location_country_code': 'USA', 'state_code': 'PA', 'state_name': 'Pennsylvania', 'zip4': '3611', 'zip5': '15236'}"
292030145,89243324FFE400638,"SAMYAK SOLUTIONS, INC.",WYU3YN2K79X5,2024-09-25,594123.39,DELIVERY ORDER,Department of Energy,Department of Energy,Department of Energy,Department of Energy,334516,ANALYTICAL LABORATORY INSTRUMENT MANUFACTURING,6640,LABORATORY EQUIPMENT AND SUPPLIES,IRA FUNDED PURCHASE OF CHROMATOGRAPHY EQUIPMENT.,"{'city_name': 'CENTREVILLE', 'congressional_code': '10', 'country_name': 'UNITED STATES', 'county_code': '059', 'county_name': 'FAIRFAX', 'location_country_code': 'USA', 'state_code': 'VA', 'state_name': 'Virginia', 'zip4': '2726', 'zip5': '20121'}"
292030245,89243324PFE000814,"KOI COMPUTERS, INC.",SCEDRU11MRM5,2024-09-25,258720.0,PURCHASE ORDER,Department of Energy,Department of Energy,Department of Energy,Department of Energy,334111,ELECTRONIC COMPUTER MANUFACTURING,7G21,IT AND TELECOM - NETWORK: DIGITAL NETWORK PRODUCTS (HARDWARE AND PERPETUAL LICENSE SOFTWARE),IRA FUNDING SUPERMICRO SERVERS ESNET UPGRADE SCIENCE HPC COMPUTE PERIOD OF PERFORMANCE: DELIVERY 52 WEEKS AFTER AWARD,"{'city_name': 'MORGANTOWN', 'congressional_code': '02', 'country_name': 'UNITED STATES', 'county_code': '061', 'county_name': 'MONONGALIA', 'location_country_code': 'USA', 'state_code': 'WV', 'state_name': 'West Virginia', 'zip4': '2353', 'zip5': '26505'}"
292030246,89243324PFE000815,"KOI COMPUTERS, INC.",SCEDRU11MRM5,2024-09-25,351120.0,PURCHASE ORDER,Department of Energy,Department of Energy,Department of Energy,Department of Energy,334111,ELECTRONIC COMPUTER MANUFACTURING,7G21,IT AND TELECOM - NETWORK: DIGITAL NETWORK PRODUCTS (HARDWARE AND PERPETUAL LICENSE SOFTWARE),IRA FUNDING GIGABYTE SERVERS ESNET UPGRADE SCIENCE HPC COMPUTE  PERIOD OF PERFORMANCE: DELIVERY 52 WEEKS AFTER AWARD,"{'city_name': 'MORGANTOWN', 'congressional_code': '02', 'country_name': 'UNITED STATES', 'county_code': '061', 'county_name': 'MONONGALIA', 'location_country_code': 'USA', 'state_code': 'WV', 'state_name': 'West Virginia', 'zip4': '2353', 'zip5': '26505'}"
292031038,89243424FEE000353,ENERGY TECHNOLOGY ALLIANCE LLC,WDTLX4NKRKC8,2024-09-25,257236.75,BPA CALL,Department of Energy,Department of Energy,Department of Energy,Department of Energy,562910,REMEDIATION SERVICES,R425,SUPPORT- PROFESSIONAL: ENGINEERING/TECHNICAL,"SCIENTIFIC, ENGINEERING AND TECHNICAL SUPPORT (SETS) FOR WATER POWER TECHNOLOGIES OFFICE (WPTO) - 6-MONTH EXTENSION TO BASE YEAR.","{'city_name': 'GOLDEN', 'congressional_code': '07', 'country_name': 'UNITED STATES', 'county_code': '059', 'county_name': 'JEFFERSON', 'location_country_code': 'USA', 'state_code': 'CO', 'state_name': 'Colorado', 'zip4': '2298', 'zip5': '80401'}"
292031046,89243424FEE000362,ENERGY TECHNOLOGY ALLIANCE LLC,WDTLX4NKRKC8,2024-09-25,1366919.11,BPA CALL,Department of Energy,Department of Energy,Department of Energy,Department of Energy,562910,REMEDIATION SERVICES,R425,SUPPORT- PROFESSIONAL: ENGINEERING/TECHNICAL,"SCIENTIFIC, ENGINEERING AND TECHNICAL SUPPORT (SETS) FOR BUILDING TECHNOLOGIES OFFICE, DOE HQ - MOD P00008 - 6-MONTH EXTENSION TO BASE YEAR.","{'city_name': 'GOLDEN', 'congressional_code': '07', 'country_name': 'UNITED STATES', 'county_code': '059', 'county_name': 'JEFFERSON', 'location_country_code': 'USA', 'state_code': 'CO', 'state_name': 'Colorado', 'zip4': '1973', 'zip5': '80401'}"
292031466,89243524FCR400052,RELX INC.,LKAAJG8KK4U1,2024-09-25,27648.0,DELIVERY ORDER,Department of Energy,Department of Energy,Department of Energy,Department of Energy,519290,WEB SEARCH PORTALS AND ALL OTHER INFORMATION SERVICES,DA10,IT AND TELECOM - BUSINESS APPLICATION/APPLICATION DEVELOPMENT SOFTWARE AS A SERVICE,LEXISNEXIS IS ACCESS TO THE CRITICAL CONTENT AND RESEARCH TOOLS NEEDED TO MAKE CONFIDENT LEGAL DECISIONS.,"{'city_name': 'NEW ORLEANS', 'congressional_code': '01', 'country_name': 'UNITED STATES', 'county_code': '051', 'county_name': 'JEFFERSON', 'location_country_code': 'USA', 'state_code': 'LA', 'state_name': 'Louisiana', 'zip4': '3409', 'zip5': '70123'}"
292034110,89303021FIM400054,"GRANITE TELECOMMUNICATIONS, LLC",XZ4ZUPC1LAK3,2024-09-25,0.0,DELIVERY ORDER,Department of Energy,Department of Energy,Department of Energy,Department of Energy,517110,WIRED TELECOMMUNICATIONS CARRIERS,DA01,IT AND TELECOM - BUSINESS APPLICATION/APPLICATION DEVELOPMENT SUPPORT SERVICES (LABOR),"THE PURPOSE OF THIS REQUISITION IS TO DE-OBLIGATE FUNDS ON THE EIS VOICE GRANITE ORDER 89303021FIM400054 IN THE AMOUNT OF -$487,000.00 ON CLINS 10002 AND 20002.","{'city_name': 'WASHINGTON', 'congressional_code': '98', 'country_name': 'UNITED STATES', 'county_code': '001', 'county_name': 'DISTRICT OF COLUMBIA', 'location_country_code': 'USA', 'state_code': 'DC', 'state_name': 'District Of Columbia', 'zip4': '0102', 'zip5': '20585'}"
292034182,89303021FMA400370,"EMCOR GOVERNMENT SERVICES, INC",DNYGB48XJMK5,2024-09-25,948247.81,DELIVERY ORDER,Department of Energy,Department of Energy,Department of Energy,Department of Energy,561210,FACILITIES SUPPORT SERVICES,M1AZ,OPERATION OF OTHER ADMINISTRATIVE FACILITIES AND SERVICE BUILDINGS,PROVIDE INCREMENTAL FUNDING,"{'city_name': 'WASHINGTON', 'congressional_code': '98', 'country_name': 'UNITED STATES', 'county_code': '001', 'county_name': 'DISTRICT OF COLUMBIA', 'location_country_code': 'USA', 'state_code': 'DC', 'state_name': 'District Of Columbia', 'zip4': '0610', 'zip5': '20585'}"
292034230,89303021FMA400427,"EMCOR GOVERNMENT SERVICES, INC",DNYGB48XJMK5,2024-09-25,125000.0,DELIVERY ORDER,Department of Energy,Department of Energy,Department of Energy,Department of Energy,561210,FACILITIES SUPPORT SERVICES,M1AZ,OPERATION OF OTHER ADMINISTRATIVE FACILITIES AND SERVICE BUILDINGS,INCREMENTAL FUNDING FOR SPRINKLER AND FA INSTALLATIONS FOR SPACE ALTERATIONS AND LIMITED FACILITIES PROJECTS.,"{'city_name': 'WASHINGTON', 'congressional_code': '98', 'country_name': 'UNITED STATES', 'county_code': '001', 'county_name': 'DISTRICT OF COLUMBIA', 'location_country_code': 'USA', 'state_code': 'DC', 'state_name': 'District Of Columbia', 'zip4': '0610', 'zip5': '20585'}"
292034844,89303023CLP000055,PARSONS GOVERNMENT SERVICES INC.,NMBCAG1JBKL7,2024-09-25,0.0,DEFINITIVE CONTRACT,Department of Energy,Department of Energy,Department of Energy,Department of Energy,541330,ENGINEERING SERVICES,R408,SUPPORT- PROFESSIONAL: PROGRAM MANAGEMENT/SUPPORT,THE PURPOSE FOR THIS CONTRACT IS TO ACQUIRE INDEPENDENT TECHNICAL AND ENGINEERING ADVISORY SERVICES.,"{'city_name': 'WASHINGTON', 'congressional_code': '98', 'country_name': 'UNITED STATES', 'county_code': '001', 'county_name': 'DISTRICT OF COLUMBIA', 'location_country_code': 'USA', 'state_code': 'DC', 'state_name': 'District Of Columbia', 'zip4': '0102', 'zip5': '20585'}"
292035016,89303023FMA000456,BPI MECHANICAL CONSTRUCTION INC,ZG4PKAJCFET5,2024-09-25,-5067.29,BPA CALL,Department of Energy,Department of Energy,Department of Energy,Department of Energy,333415,AIR-CONDITIONING AND WARM AIR HEATING EQUIPMENT AND COMMERCIAL AND INDUSTRIAL REFRIGERATION EQUIPMENT MANUFACTURING,Z1JZ,MAINTENANCE OF MISCELLANEOUS BUILDINGS,"HVAC/ELECTRICAL BPA CALL FOR DOE HEADQUARTERS GERMANTOWN ON DE-MA0012506.  LABOR, MATERIALS, AND SUPERVISION TO REMOVE AND REPLACE EXISTING DUCTLESS UNIT WITH A NEW 036 MITSUBISHI OUTDOOR UNIT THAT SERVES E-344, A CRITICAL SECURE SPACE.","{'city_name': 'WASHINGTON', 'congressional_code': '98', 'country_name': 'UNITED STATES', 'county_code': '001', 'county_name': 'DISTRICT OF COLUMBIA', 'location_country_code': 'USA', 'state_code': 'DC', 'state_name': 'District Of Columbia', 'zip4': '0102', 'zip5': '20585'}"
292035094,89303023FMA400660,FEDERAL EXPRESS CORPORATION,EM7LMJJCF6B7,2024-09-25,0.0,DELIVERY ORDER,Department of Energy,Department of Energy,Department of Energy,Department of Energy,492110,COURIERS AND EXPRESS DELIVERY SERVICES,R604,SUPPORT- ADMINISTRATIVE: MAILING/DISTRIBUTION,THIS IS AN ADMINISTRATIVE MODIFICATION TO INCORPORATE THE FY2025 PRICE DOCUMENTS IN ACCORDANCE WITH THE MASTER NEXT GENERATION DELIVERY SERVICES (NGDS) GOVERNMENT-WIDE CONTRACT.,"{'city_name': 'WASHINGTON', 'congressional_code': '98', 'country_name': 'UNITED STATES', 'county_code': '001', 'county_name': 'DISTRICT OF COLUMBIA', 'location_country_code': 'USA', 'state_code': 'DC', 'state_name': 'District Of Columbia', 'zip4': '0102', 'zip5': '20585'}"
292035135,89303023FMA400714,"NORTH ARROW, INC.",JRVYBYF79D83,2024-09-25,104163.31,DELIVERY ORDER,Department of Energy,Department of Energy,Department of Energy,Department of Energy,541310,ARCHITECTURAL SERVICES,C1AZ,ARCHITECT AND ENGINEERING- CONSTRUCTION: OTHER ADMINISTRATIVE FACILITIES/SERVICE BUILDINGS,PROVIDE A/E SERVICES FOR U.S. DEPARTMENT OF ENERGY,"{'city_name': 'WASHINGTON', 'congressional_code': '98', 'country_name': 'UNITED STATES', 'county_code': '001', 'county_name': 'DISTRICT OF COLUMBIA', 'location_country_code': 'USA', 'state_code': 'DC', 'state_name': 'District Of Columbia', 'zip4': '0102', 'zip5': '20585'}"
292035461,89303024FIM000152,ACCENTURE FEDERAL SERVICES LLC,C47BNA8GM833,2024-09-25,79569.82,BPA CALL,Department of Energy,Department of Energy,Department of Energy,Department of Energy,541512,COMPUTER SYSTEMS DESIGN SERVICES,DA01,IT AND TELECOM - BUSINESS APPLICATION/APPLICATION DEVELOPMENT SUPPORT SERVICES (LABOR),THE PURPOSE OF THIS MODIFICATION IS TO ADD INCREMENTAL FUNDING.,"{'city_name': 'WASHINGTON', 'congressional_code': '98', 'country_name': 'UNITED STATES', 'county_code': '001', 'county_name': 'DISTRICT OF COLUMBIA', 'location_country_code': 'USA', 'state_code': 'DC', 'state_name': 'District Of Columbia', 'zip4': '0102', 'zip5': '20585'}"
292035507,89303024FMA000579,"SUPPLYSOURCE DC, LLC",X3L8KGR5R1C7,2024-09-25,144209.13,BPA CALL,Department of Energy,Department of Energy,Department of Energy,Department of Energy,337214,OFFICE FURNITURE (EXCEPT WOOD) MANUFACTURING,7110,OFFICE FURNITURE,QUOTES H24197 AND H24204 SUBMITTED BY REDISTRICT TO BE PROCESSED FOR PO AWARD UNDER BPA CONTRACT NO. 89303020AMA000020 TO PROCURE OFFICE FURNITURE FOR BOTH THE OFFICE OF IG AND THE OFFICE OF IN.,"{'city_name': 'WASHINGTON', 'congressional_code': '98', 'country_name': 'UNITED STATES', 'county_code': '001', 'county_name': 'DISTRICT OF COLUMBIA', 'location_country_code': 'USA', 'state_code': 'DC', 'state_name': 'District Of Columbia', 'zip4': '0102', 'zip5': '20585'}"
292035508,89303024FMA000580,"SUPPLYSOURCE DC, LLC",X3L8KGR5R1C7,2024-09-25,421163.89,BPA CALL,Department of Energy,Department of Energy,Department of Energy,Department of Energy,337214,OFFICE FURNITURE (EXCEPT WOOD) MANUFACTURING,7110,OFFICE FURNITURE,TO PURCHASE FURNITURE QUOTE H24214 FOR GA-282 ON THE BEHALF OF PRISCILLA A. MORRISEY (NA-MB-23). TO BE PERFORM UNDER CONTRACT # DOE BPA 89303020AMA000020. REQUESTING FOR THIS ORDER TO BE EXPEDITED WITHIN THE EARLIEST TIMEFRAME AS POSSIBLE.,"{'city_name': 'WASHINGTON', 'congressional_code': '98', 'country_name': 'UNITED STATES', 'county_code': '001', 'county_name': 'DISTRICT OF COLUMBIA', 'location_country_code': 'USA', 'state_code': 'DC', 'state_name': 'District Of Columbia', 'zip4': '0102', 'zip5': '20585'}"
292035616,89303024FMA400908,"THE FIELDS GROUP, LLC",ZURYWU7KHK23,2024-09-25,40171.45,DELIVERY ORDER,Department of Energy,Department of Energy,Department of Energy,Department of Energy,236220,COMMERCIAL AND INSTITUTIONAL BUILDING CONSTRUCTION,C1AZ,ARCHITECT AND ENGINEERING- CONSTRUCTION: OTHER ADMINISTRATIVE FACILITIES/SERVICE BUILDINGS,"REQUISITION 24MA000788 WAS ISSUED FOR COVER ADDITIONAL APPROVED WORK FOR (NNSA) 1J-077 WATER INTRUSION REMEDIATION-WALKER DUCT REMOVAL FOR THE FIRM FIXED PRICE OF $40,171.45.  THE PERIOD OF PERFORMANCE IS 09/30/2024 TO 02/15/2025.","{'city_name': 'WASHINGTON', 'congressional_code': '98', 'country_name': 'UNITED STATES', 'county_code': '001', 'county_name': 'DISTRICT OF COLUMBIA', 'location_country_code': 'USA', 'state_code': 'DC', 'state_name': 'District Of Columbia', 'zip4': '0610', 'zip5': '20585'}"
292035617,89303024FMA400909,"THE FIELDS GROUP, LLC",ZURYWU7KHK23,2024-09-25,175969.53,DELIVERY ORDER,Department of Energy,Department of Energy,Department of Energy,Department of Energy,236220,COMMERCIAL AND INSTITUTIONAL BUILDING CONSTRUCTION,C1AZ,ARCHITECT AND ENGINEERING- CONSTRUCTION: OTHER ADMINISTRATIVE FACILITIES/SERVICE BUILDINGS,ALTERATION PROJECT TO BUILD A NEW CONFERENCE ROOM IN GH-063,"{'city_name': 'WASHINGTON', 'congressional_code': '98', 'country_name': 'UNITED STATES', 'county_code': '001', 'county_name': 'DISTRICT OF COLUMBIA', 'location_country_code': 'USA', 'state_code': 'DC', 'state_name': 'District Of Columbia', 'zip4': '0102', 'zip5': '20585'}"
292035618,89303024FMA400910,"THE FIELDS GROUP, LLC",ZURYWU7KHK23,2024-09-25,207248.44,DELIVERY ORDER,Department of Energy,Department of Energy,Department of Energy,Department of Energy,236220,COMMERCIAL AND INSTITUTIONAL BUILDING CONSTRUCTION,C1AZ,ARCHITECT AND ENGINEERING- CONSTRUCTION: OTHER ADMINISTRATIVE FACILITIES/SERVICE BUILDINGS,"REQUISITION 24MA000799 WAS ISSUED TO RENOVATE SUITE HC 4E-040 FOR THE FIRM FIXED PRICE OF $201,212.08 AND A BOND AMOUNT OF $6,036.36 FOR A COMBINED TOTAL OF $207,248.44.  THE PERIOD OF PERFORMANCE IS 09/25/2024 TO 12/31/2025.","{'city_name': 'WASHINGTON', 'congressional_code': '98', 'country_name': 'UNITED STATES', 'county_code': '001', 'county_name': 'DISTRICT OF COLUMBIA', 'location_country_code': 'USA', 'state_code': 'DC', 'state_name': 'District Of Columbia', 'zip4': '0610', 'zip5': '20585'}"
292035619,89303024FMA400911,"THE FIELDS GROUP, LLC",ZURYWU7KHK23,2024-09-25,225601.52,DELIVERY ORDER,Department of Energy,Department of Energy,Department of Energy,Department of Energy,236220,COMMERCIAL AND INSTITUTIONAL BUILDING CONSTRUCTION,C1AZ,ARCHITECT AND ENGINEERING- CONSTRUCTION: OTHER ADMINISTRATIVE FACILITIES/SERVICE BUILDINGS,"REQUISITION 24MA000806 WAS ISSUED TO RENOVATE GL-073 AND GM-182 FOR THE FIRM FIXED PRICE OF $219,030.61 AND A BOND AMOUNT OF $6,570.91 FOR A TOTAL AMOUNT OF $225,601.52.  THE PERIOD OF PERFORMANCE IS 09/25/2024 TO 12/31/2025.","{'city_name': 'WASHINGTON', 'congressional_code': '98', 'country_name': 'UNITED STATES', 'county_code': '001', 'county_name': 'DISTRICT OF COLUMBIA', 'location_country_code': 'USA', 'state_code': 'DC', 'state_name': 'District Of Columbia', 'zip4': '0610', 'zip5': '20585'}"
292035620,89303024FMA400914,"NORTH ARROW, INC.",JRVYBYF79D83,2024-09-25,78933.79,DELIVERY ORDER,Department of Energy,Department of Energy,Department of Energy,Department of Energy,541330,ENGINEERING SERVICES,C219,ARCHITECT AND ENGINEERING- GENERAL: OTHER,PROVIDE A/E SERVICES FOR U.S. DEPARTMENT OF ENERGY,"{'city_name': 'WASHINGTON', 'congressional_code': '98', 'country_name': 'UNITED STATES', 'county_code': '001', 'county_name': 'DISTRICT OF COLUMBIA', 'location_country_code': 'USA', 'state_code': 'DC', 'state_name': 'District Of Columbia', 'zip4': '0102', 'zip5': '20585'}"
292035645,89303024FOE400008,NATIONAL ACADEMY OF SCIENCES,PKFJZHG2MLG9,2024-09-25,280000.0,DELIVERY ORDER,Department of Energy,Department of Energy,Department of Energy,Department of Energy,541690,OTHER SCIENTIFIC AND TECHNICAL CONSULTING SERVICES,B599,SPECIAL STUDIES/ANALYSIS- OTHER,"THE PURPOSE OF THE TASK ORDER (UNDER IDIQ 89233121DNA000035) IS FOR THE NATIONAL ACADEMY OF SCIENCES (NAS) FORUM ON INFORMED INVESTMENT, TECHNOLOGY, AND POLICY PATHWAYS FOR THE ELECTRICITY SYSTEM AND INTERDEPENDENT ENERGY INFRASTRUCTURE","{'city_name': 'WASHINGTON', 'congressional_code': '98', 'country_name': 'UNITED STATES', 'county_code': '001', 'county_name': 'DISTRICT OF COLUMBIA', 'location_country_code': 'USA', 'state_code': 'DC', 'state_name': 'District Of Columbia', 'zip4': '0007', 'zip5': '20418'}"
292035650,89303024FPM000002,"AFFIGENT, LLC",M46UYYHVH4B1,2024-09-25,25669.56,BPA CALL,Department of Energy,Department of Energy,Department of Energy,Department of Energy,541519,OTHER COMPUTER RELATED SERVICES,7A21,IT AND TELECOM - BUSINESS APPLICATION SOFTWARE (PERPETUAL LICENSE SOFTWARE),PROVIDE TECHNICAL SUPPORT SERVICES FOR U.S. DEPARTMENT OF ENERGY,"{'city_name': 'WASHINGTON', 'congressional_code': '98', 'country_name': 'UNITED STATES', 'county_code': '001', 'county_name': 'DISTRICT OF COLUMBIA', 'location_country_code': 'USA', 'state_code': 'DC', 'state_name': 'District Of Columbia', 'zip4': '0102', 'zip5': '20585'}"
292035752,89303024PSE000008,"DIAMONDROCK DC M STREET TENANT, LLC",KCEMEEXQDSN9,2024-09-25,183994.2,PURCHASE ORDER,Department of Energy,Department of Energy,Department of Energy,Department of Energy,721110,HOTELS (EXCEPT CASINO HOTELS) AND MOTELS,X1AB,LEASE/RENTAL OF CONFERENCE SPACE AND FACILITIES,SCEP ANNUAL CONFERENCE,"{'city_name': 'WASHINGTON', 'congressional_code': '98', 'country_name': 'UNITED STATES', 'county_code': '001', 'county_name': 'DISTRICT OF COLUMBIA', 'location_country_code': 'USA', 'state_code': 'DC', 'state_name': 'District Of Columbia', 'zip4': '2704', 'zip5': '20005'}"
292036368,89303124FEM400404,"REDHAWK IT SOLUTIONS, LLC",QGAAEMCMJXQ7,2024-09-25,7334.7,DELIVERY ORDER,Department of Energy,Department of Energy,Department of Energy,Department of Energy,541519,OTHER COMPUTER RELATED SERVICES,7A20,IT AND TELECOM - APPLICATION DEVELOPMENT SOFTWARE (PERPETUAL LICENSE SOFTWARE),INFORMATION TECHNOLOGY PURCHASE FOR PORTSMOUTH PADUCAH PROJECT OFFICE -NETWORK AND INFRASTRUCTURE MONITORING TOOL,"{'city_name': 'LEXINGTON', 'congressional_code': '06', 'country_name': 'UNITED STATES', 'county_code': '067', 'county_name': 'FAYETTE', 'location_country_code': 'USA', 'state_code': 'KY', 'state_name': 'Kentucky', 'zip4': '0907', 'zip5': '40513'}"
292036887,89303323FEM400390,"NORTH WIND PORTAGE, INC.",UVVNPHJPMNH7,2024-09-25,986207.05,DELIVERY ORDER,Department of Energy,Department of Energy,Department of Energy,Department of Energy,562910,REMEDIATION SERVICES,F108,ENVIRONMENTAL SYSTEMS PROTECTION- ENVIRONMENTAL REMEDIATION,SCOPE OF TASK ORDER 89303323FEM400390 INCLUDES COMPLETION OF THE MILL TAILINGS PILE REMEDIATION AT A RATE OF SPEED REFLECTING ESTABLISHED PRODUCTION CAPACITY UNDER SAFE WORKING CONDITIONS.,"{'city_name': 'MOAB', 'congressional_code': '03', 'country_name': 'UNITED STATES', 'county_code': '019', 'county_name': 'GRAND', 'location_country_code': 'USA', 'state_code': 'UT', 'state_name': 'Utah', 'zip4': '3088', 'zip5': '84532'}"
292037615,89303923CEM000038,BEITZ LAURETTE D,PWNEPNENCXM3,2024-09-25,-142484.96,DEFINITIVE CONTRACT,Department of Energy,Department of Energy,Department of Energy,Department of Energy,541611,ADMINISTRATIVE MANAGEMENT AND GENERAL MANAGEMENT CONSULTING SERVICES,R699,SUPPORT- ADMINISTRATIVE: OTHER,"THE PURPOSE OF THIS MODIFICATION IS TO DE-OBLIGATE 142,484.96 FOR CONTRACT CLOSEOUT.","{'city_name': 'RICHLAND', 'congressional_code': '04', 'country_name': 'UNITED STATES', 'county_code': '005', 'county_name': 'BENTON', 'location_country_code': 'USA', 'state_code': 'WA', 'state_name': 'Washington', 'zip4': '4508', 'zip5': '99354'}"
292037659,89303924CEM000048,"INNOVATIVE CLAIM SOLUTIONS, INC",RC84KXFJE5N6,2024-09-25,811336.6,DEFINITIVE CONTRACT,Department of Energy,Department of Energy,Department of Energy,Department of Energy,524292,PHARMACY BENEFIT MANAGEMENT AND OTHER THIRD PARTY ADMINISTRATION OF INSURANCE AND PENSION FUNDS,R799,SUPPORT- MANAGEMENT: OTHER,"THE PURPOSE OF THIS MODIFICATION IS TO OBLIGATE $811,336.60.","{'city_name': 'RICHLAND', 'congressional_code': '04', 'country_name': 'UNITED STATES', 'county_code': '005', 'county_name': 'BENTON', 'location_country_code': 'USA', 'state_code': 'WA', 'state_name': 'Washington', 'zip4': '4508', 'zip5': '99354'}"
292037755,89303924FEM400061,DIGITAL CHECK CORP,D3JLUKUXL7P3,2024-09-25,56856.0,DELIVERY ORDER,Department of Energy,Department of Energy,Department of Energy,Department of Energy,333316,PHOTOGRAPHIC AND PHOTOCOPYING EQUIPMENT MANUFACTURING,T099,PHOTO/MAP/PRINT/PUBLICATION- OTHER,2024-2025 NEXTSCAN MAINTENANCE AGREEMENT,"{'city_name': 'RICHLAND', 'congressional_code': '04', 'country_name': 'UNITED STATES', 'county_code': '005', 'county_name': 'BENTON', 'location_country_code': 'USA', 'state_code': 'WA', 'state_name': 'Washington', 'zip4': '3534', 'zip5': '99352'}"
292037929,89304223FEM400000,IDAHO ENVIRONMENTAL COALITION LLC,LQ5ZLNE3EM27,2024-09-25,0.0,DELIVERY ORDER,Department of Energy,Department of Energy,Department of Energy,Department of Energy,562910,REMEDIATION SERVICES,F999,OTHER ENVIRONMENTAL SERVICES,IDAHO CLEANUP PROJECT (ICP) END STATE CONTRACT THIS MODIFICATION ISSUES A UNILATERAL CHANGE ORDER FOR TASK ORDER (TO)-5.1 FOR AIRCRAFT CARRIER 1ST GENERATION WESTINGHOUSE (A1W) DEACTIVATION & DEMOLITION (D&D) AND SUBMARINE 5TH GENERAL ELECTR,"{'city_name': 'IDAHO FALLS', 'congressional_code': '02', 'country_name': 'UNITED STATES', 'county_code': '019', 'county_name': 'BONNEVILLE', 'location_country_code': 'USA', 'state_code': 'ID', 'state_name': 'Idaho', 'zip4': '1808', 'zip5': '83402'}"
292041454,89503024FWA400945,UNITED PARCEL SERVICE CO.,YF8QFWJLNBV8,2024-09-25,10000.0,DELIVERY ORDER,Department of Energy,Department of Energy,Department of Energy,Department of Energy,492110,COURIERS AND EXPRESS DELIVERY SERVICES,R604,SUPPORT- ADMINISTRATIVE: MAILING/DISTRIBUTION,FY25 NGDS SHIPPING FOR WAPA HEADQUARTERS,"{'city_name': 'LAKEWOOD', 'congressional_code': '07', 'country_name': 'UNITED STATES', 'county_code': '059', 'county_name': 'JEFFERSON', 'location_country_code': 'USA', 'state_code': 'CO', 'state_name': 'Colorado', 'zip4': '2802', 'zip5': '80228'}"
292041458,89503024FWA400949,DYNAMIC SYSTEMS INC,Z78DJNKYJ2K5,2024-09-25,0.0,DELIVERY ORDER,Department of Energy,Department of Energy,Department of Energy,Department of Energy,541519,OTHER COMPUTER RELATED SERVICES,7A21,IT AND TELECOM - BUSINESS APPLICATION SOFTWARE (PERPETUAL LICENSE SOFTWARE),INCLUDE STATEMENT TO ACCEPT ORACLE TERMS OF USAGE,"{'city_name': 'LAKEWOOD', 'congressional_code': '07', 'country_name': 'UNITED STATES', 'county_code': '059', 'county_name': 'JEFFERSON', 'location_country_code': 'USA', 'state_code': 'CO', 'state_name': 'Colorado', 'zip4': '2802', 'zip5': '80228'}"
292041466,89503024FWA400962,CARAHSOFT TECHNOLOGY CORP,DT8KJHZXVJH5,2024-09-25,54509.64,DELIVERY ORDER,Department of Energy,Department of Energy,Department of Energy,Department of Energy,541519,OTHER COMPUTER RELATED SERVICES,7G21,IT AND TELECOM - NETWORK: DIGITAL NETWORK PRODUCTS (HARDWARE AND PERPETUAL LICENSE SOFTWARE),PROCORE CONSTRUCTION MANAGEMENT & DIS WORKFORCE MANAGEMENT SOFTWARE (SEE LINE ITEM FOR SPECIFIC DETAILS),"{'city_name': 'LAKEWOOD', 'congressional_code': '07', 'country_name': 'UNITED STATES', 'county_code': '059', 'county_name': 'JEFFERSON', 'location_country_code': 'USA', 'state_code': 'CO', 'state_name': 'Colorado', 'zip4': '2036', 'zip5': '80228'}"
292041820,89503119PWA000230,INVADER PEST MANAGEMENT INC,H2MBR72WNBT9,2024-09-25,0.0,PURCHASE ORDER,Department of Energy,Department of Energy,Department of Energy,Department of Energy,561710,EXTERMINATING AND PEST CONTROL SERVICES,6840,PEST CONTROL AGENTS AND DISINFECTANTS,"INCREASE CLIN 10026, SUBSTATION BUILDING PEST CONTROL, WESTERN AREA POWER ADMINISTRATION, DESERT SOUTHWEST REGION.","{'city_name': 'PHOENIX', 'congressional_code': '03', 'country_name': 'UNITED STATES', 'county_code': '013', 'county_name': 'MARICOPA', 'location_country_code': 'USA', 'state_code': 'AZ', 'state_name': 'Arizona', 'zip4': '5313', 'zip5': '85009'}"
292042088,89503123FWA400530,FEDERAL EXPRESS CORPORATION,EM7LMJJCF6B7,2024-09-25,0.0,DELIVERY ORDER,Department of Energy,Department of Energy,Department of Energy,Department of Energy,492110,COURIERS AND EXPRESS DELIVERY SERVICES,R707,SUPPORT- MANAGEMENT: CONTRACT/PROCUREMENT/ACQUISITION SUPPORT,"FEDEX CONTRACT-NO COST MODIFICATION TO EXTEND THE DELIVERY ORDER FOUR MONTHS OCTOBER 1, 2024 TO JANUARY 31, 2025 WESTERN AREA POWER AMINISTRATION DESERT SOUTHWEST REGION","{'city_name': 'PHOENIX', 'congressional_code': '03', 'country_name': 'UNITED STATES', 'county_code': '013', 'county_name': 'MARICOPA', 'location_country_code': 'USA', 'state_code': 'AZ', 'state_name': 'Arizona', 'zip4': '0466', 'zip5': '85001'}"
292042145,89503124FWA400619,CARAHSOFT TECHNOLOGY CORP,DT8KJHZXVJH5,2024-09-25,39018.96,DELIVERY ORDER,Department of Energy,Department of Energy,Department of Energy,Department of Energy,511210,SOFTWARE PUBLISHERS,N059,INSTALLATION OF EQUIPMENT- ELECTRICAL AND ELECTRONIC EQUIPMENT COMPONENTS,"ELECTRIC VEHICLE CHARGING STATIONS - HARDWARE/SOFTWARE INSTALLATION AND MAINTENANCE SUPPORT, WESTERN AREA POWER ADMINISTRATION, DESERT SOUTHWEST REGION, PHOENIX","{'city_name': 'PHOENIX', 'congressional_code': '03', 'country_name': 'UNITED STATES', 'county_code': '013', 'county_name': 'MARICOPA', 'location_country_code': 'USA', 'state_code': 'AZ', 'state_name': 'Arizona', 'zip4': '5313', 'zip5': '85009'}"
292042169,89503124PWA000803,"AMERICAN MATERIAL HANDLING, INC.",ZD8VMG7R9VP1,2024-09-25,159009.0,PURCHASE ORDER,Department of Energy,Department of Energy,Department of Energy,Department of Energy,336212,TRUCK TRAILER MANUFACTURING,2320,"TRUCKS AND TRUCK TRACTORS, WHEELED",2024 BOBCAT SKID STEER LOADERS MODELS S66 AND T66 (BRAND NAME); WESTERN AREA POWER ADMINISTRATION DESERT SOUTHWEST REGION,"{'city_name': 'WATKINSVILLE', 'congressional_code': '10', 'country_name': 'UNITED STATES', 'county_code': '219', 'county_name': 'OCONEE', 'location_country_code': 'USA', 'state_code': 'GA', 'state_name': 'Georgia', 'zip4': '5986', 'zip5': '30677'}"
292042824,89503223FWA400412,BLUE TECH INC.,MDC5LDZKQAM4,2024-09-25,0.0,DELIVERY ORDER,Department of Energy,Department of Energy,Department of Energy,Department of Energy,541519,OTHER COMPUTER RELATED SERVICES,5895,MISCELLANEOUS COMMUNICATION EQUIPMENT,MODIFICATION 00001- CLOSEOUT NOKIA 7705'S,"{'city_name': 'CASPER', 'congressional_code': '00', 'country_name': 'UNITED STATES', 'county_code': '025', 'county_name': 'NATRONA', 'location_country_code': 'USA', 'state_code': 'WY', 'state_name': 'Wyoming', 'zip4': '2127', 'zip5': '82604'}"
292042994,89503224FWA400601,"ALL AMERICAN TRAILER CONNECTION ,INC.",CDNQTT4TNFQ3,2024-09-25,236966.92,DELIVERY ORDER,Department of Energy,Department of Energy,Department of Energy,Department of Energy,336112,LIGHT TRUCK AND UTILITY VEHICLE MANUFACTURING,2330,TRAILERS,TRAILERS,"{'city_name': 'PALM SPRINGS', 'congressional_code': '22', 'country_name': 'UNITED STATES', 'county_code': '099', 'county_name': 'PALM BEACH', 'location_country_code': 'USA', 'state_code': 'FL', 'state_name': 'Florida', 'zip4': '4030', 'zip5': '33461'}"
292043458,89503323FWA000074,THE DAVEY TREE EXPERT COMPANY,J61NVAMM58M5,2024-09-25,0.0,BPA CALL,Department of Energy,Department of Energy,Department of Energy,Department of Energy,561730,LANDSCAPING SERVICES,F006,NATURAL RESOURCES/CONSERVATION- LAND TREATMENT PRACTICES,P00001 IS TO EXTEND THE PERIOD OF PERFORMANCE FROM 8/20/2024 TO 12/31/2024.,"{'city_name': 'FOLSOM', 'congressional_code': '03', 'country_name': 'UNITED STATES', 'county_code': '067', 'county_name': 'SACRAMENTO', 'location_country_code': 'USA', 'state_code': 'CA', 'state_name': 'California', 'zip4': '7088', 'zip5': '95630'}"
292043459,89503323FWA000075,THE DAVEY TREE EXPERT COMPANY,J61NVAMM58M5,2024-09-25,0.0,BPA CALL,Department of Energy,Department of Energy,Department of Energy,Department of Energy,561730,LANDSCAPING SERVICES,F006,NATURAL RESOURCES/CONSERVATION- LAND TREATMENT PRACTICES,P00001 IS TO EXTEND THE PERIOD OF PERFORMANCE FROM 8/20/2024 TO 12/31/2024.,"{'city_name': 'FOLSOM', 'congressional_code': '03', 'country_name': 'UNITED STATES', 'county_code': '067', 'county_name': 'SACRAMENTO', 'location_country_code': 'USA', 'state_code': 'CA', 'state_name': 'California', 'zip4': '7088', 'zip5': '95630'}"
292043460,89503323FWA000076,THE DAVEY TREE EXPERT COMPANY,J61NVAMM58M5,2024-09-25,0.0,BPA CALL,Department of Energy,Department of Energy,Department of Energy,Department of Energy,561730,LANDSCAPING SERVICES,F006,NATURAL RESOURCES/CONSERVATION- LAND TREATMENT PRACTICES,P00001 IS TO EXTEND THE PERIOD OF PERFORMANCE FROM 8/20/2024 TO 12/31/2024.,"{'city_name': 'FOLSOM', 'congressional_code': '03', 'country_name': 'UNITED STATES', 'county_code': '067', 'county_name': 'SACRAMENTO', 'location_country_code': 'USA', 'state_code': 'CA', 'state_name': 'California', 'zip4': '7088', 'zip5': '95630'}"
292043461,89503323FWA000077,THE DAVEY TREE EXPERT COMPANY,J61NVAMM58M5,2024-09-25,0.0,BPA CALL,Department of Energy,Department of Energy,Department of Energy,Department of Energy,561730,LANDSCAPING SERVICES,F006,NATURAL RESOURCES/CONSERVATION- LAND TREATMENT PRACTICES,P00001 IS TO EXTEND THE PERIOD OF PERFORMANCE FROM 8/20/2024 TO 12/31/2024.,"{'city_name': 'FOLSOM', 'congressional_code': '03', 'country_name': 'UNITED STATES', 'county_code': '067', 'county_name': 'SACRAMENTO', 'location_country_code': 'USA', 'state_code': 'CA', 'state_name': 'California', 'zip4': '7088', 'zip5': '95630'}"
292043462,89503323FWA000078,THE DAVEY TREE EXPERT COMPANY,J61NVAMM58M5,2024-09-25,0.0,BPA CALL,Department of Energy,Department of Energy,Department of Energy,Department of Energy,561730,LANDSCAPING SERVICES,F006,NATURAL RESOURCES/CONSERVATION- LAND TREATMENT PRACTICES,P00001 IS TO EXTEND THE PERIOD OF PERFORMANCE FROM 8/20/2024 TO 12/31/2024.,"{'city_name': 'FOLSOM', 'congressional_code': '03', 'country_name': 'UNITED STATES', 'county_code': '067', 'county_name': 'SACRAMENTO', 'location_country_code': 'USA', 'state_code': 'CA', 'state_name': 'California', 'zip4': '7088', 'zip5': '95630'}"
292043465,89503323FWA000083,"MOUNTAIN F. ENTERPRISES, INC.",Y1XGTU6KJMM6,2024-09-25,0.0,BPA CALL,Department of Energy,Department of Energy,Department of Energy,Department of Energy,561730,LANDSCAPING SERVICES,F006,NATURAL RESOURCES/CONSERVATION- LAND TREATMENT PRACTICES,P00001 IS TO EXTEND THE PERIOD OF PERFORMANCE TO 10/31/2024.,"{'city_name': 'FOLSOM', 'congressional_code': '03', 'country_name': 'UNITED STATES', 'county_code': '067', 'county_name': 'SACRAMENTO', 'location_country_code': 'USA', 'state_code': 'CA', 'state_name': 'California', 'zip4': '7088', 'zip5': '95630'}"
292043466,89503323FWA000084,"MOUNTAIN F. ENTERPRISES, INC.",Y1XGTU6KJMM6,2024-09-25,0.0,BPA CALL,Department of Energy,Department of Energy,Department of Energy,Department of Energy,561730,LANDSCAPING SERVICES,F006,NATURAL RESOURCES/CONSERVATION- LAND TREATMENT PRACTICES,P00001 IS TO EXTEND THE PERIOD OF PERFORMANCE TO 10/31/2024.,"{'city_name': 'FOLSOM', 'congressional_code': '03', 'country_name': 'UNITED STATES', 'county_code': '067', 'county_name': 'SACRAMENTO', 'location_country_code': 'USA', 'state_code': 'CA', 'state_name': 'California', 'zip4': '7088', 'zip5': '95630'}"
292043467,89503323FWA000085,"MOUNTAIN F. ENTERPRISES, INC.",Y1XGTU6KJMM6,2024-09-25,0.0,BPA CALL,Department of Energy,Department of Energy,Department of Energy,Department of Energy,561730,LANDSCAPING SERVICES,F006,NATURAL RESOURCES/CONSERVATION- LAND TREATMENT PRACTICES,P00001 IS TO EXTEND THE PERIOD OF PERFORMANCE TO 10/31/2024.,"{'city_name': 'FOLSOM', 'congressional_code': '03', 'country_name': 'UNITED STATES', 'county_code': '067', 'county_name': 'SACRAMENTO', 'location_country_code': 'USA', 'state_code': 'CA', 'state_name': 'California', 'zip4': '7088', 'zip5': '95630'}"
292043520,89503324FWA000100,BLACK GOLD INDUSTRIES,FFY5KJTLPZV4,2024-09-25,86499.28,BPA CALL,Department of Energy,Department of Energy,Department of Energy,Department of Energy,562910,REMEDIATION SERVICES,F999,OTHER ENVIRONMENTAL SERVICES,"WESTERN AREA POWER ADMINISTRATION (WAPA), SIERRA NEVADA REGION (SNR) REQUIRES FY25 QUARTERLY HAZARDOUS WASTE DISPOSAL SERVICES THROUGHOUT THE REGION IN ACCORDANCE WITH MASTER BLANKET PURCHASE AGREEMENT (BPA) PERFORMANCE WORK STATEMENT (PWS), BPA CALL","{'city_name': 'FOLSOM', 'congressional_code': '03', 'country_name': 'UNITED STATES', 'county_code': '067', 'county_name': 'SACRAMENTO', 'location_country_code': 'USA', 'state_code': 'CA', 'state_name': 'California', 'zip4': '4710', 'zip5': '95630'}"
292043543,89503324FWA400169,"MOUNTAIN F. ENTERPRISES, INC.",Y1XGTU6KJMM6,2024-09-25,125211.0,DELIVERY ORDER,Department of Energy,Department of Energy,Department of Energy,Department of Energy,561730,LANDSCAPING SERVICES,F014,NATURAL RESOURCES/CONSERVATION- TREE THINNING,WESTERN AREA POWER ADMINISTRATION (WAPA) SIERRA NEVADA REGION (SNR) REQUIRES VEGETATION MANAGEMENT SERVICES WITHIN ITS ELECTRICAL TRANSMISSION LINE RIGHT-OF-WAY (ROW) 190707A FOR THE AIRPORT-COTTONWOOD (AIR-CW) 230KV TRANSMISSION LINE.,"{'city_name': 'FOLSOM', 'congressional_code': '03', 'country_name': 'UNITED STATES', 'county_code': '067', 'county_name': 'SACRAMENTO', 'location_country_code': 'USA', 'state_code': 'CA', 'state_name': 'California', 'zip4': '4710', 'zip5': '95630'}"
292044159,89503419FWA400532,ALUTIIQ COMMERCIAL ENTERPRISES LLC,QMJEKNF3JN15,2024-09-25,293264.0,DELIVERY ORDER,Department of Energy,Department of Energy,Department of Energy,Department of Energy,561210,FACILITIES SUPPORT SERVICES,R499,SUPPORT- PROFESSIONAL: OTHER,"MOD P00008: FUNDING FOR THE 6 MONTH EXTENSION FOR THE  ADMINISTRATIVE, PROPERTY MANAGEMENT, DRAFTER/CAD, AND ENGINEERING SUPPORT SERVICES CONTRACT POP EXTENSION FROM 9/30/2024 TO 3/30/25","{'city_name': 'ANCHORAGE', 'congressional_code': '00', 'country_name': 'UNITED STATES', 'county_code': '020', 'county_name': 'ANCHORAGE', 'location_country_code': 'USA', 'state_code': 'AK', 'state_name': 'Alaska', 'zip4': '5793', 'zip5': '99503'}"
292045420,89503424FWA401665,JP WHELAN CO,HUDMJ58CKB63,2024-09-25,159209.14,DELIVERY ORDER,Department of Energy,Department of Energy,Department of Energy,Department of Energy,321114,WOOD PRESERVATION,5510,LUMBER AND RELATED BASIC WOOD MATERIALS,WOOD POLE RESTOCK - ARMOUR LINES,"{'city_name': 'AURORA', 'congressional_code': '06', 'country_name': 'UNITED STATES', 'county_code': '005', 'county_name': 'ARAPAHOE', 'location_country_code': 'USA', 'state_code': 'CO', 'state_name': 'Colorado', 'zip4': '4732', 'zip5': '80010'}"
292045421,89503424FWA401666,JP WHELAN CO,HUDMJ58CKB63,2024-09-25,39692.44,DELIVERY ORDER,Department of Energy,Department of Energy,Department of Energy,Department of Energy,321114,WOOD PRESERVATION,5510,LUMBER AND RELATED BASIC WOOD MATERIALS,WOOD POLE RESTOCK - RAPID CITY LINES,"{'city_name': 'AURORA', 'congressional_code': '06', 'country_name': 'UNITED STATES', 'county_code': '005', 'county_name': 'ARAPAHOE', 'location_country_code': 'USA', 'state_code': 'CO', 'state_name': 'Colorado', 'zip4': '4732', 'zip5': '80010'}"
292045425,89503424FWA401671,JP WHELAN CO,HUDMJ58CKB63,2024-09-25,41920.2,DELIVERY ORDER,Department of Energy,Department of Energy,Department of Energy,Department of Energy,321114,WOOD PRESERVATION,5510,LUMBER AND RELATED BASIC WOOD MATERIALS,"WOOD POLES, CLASS 2, PACIFIC DOUGLAS FIR, PENTACHLOROPHENOL PRESERVATIVE TREATMENT RESTOCK TO DEVILS LAKE, ND","{'city_name': 'AURORA', 'congressional_code': '06', 'country_name': 'UNITED STATES', 'county_code': '005', 'county_name': 'ARAPAHOE', 'location_country_code': 'USA', 'state_code': 'CO', 'state_name': 'Colorado', 'zip4': '4732', 'zip5': '80010'}"
292045426,89503424FWA401672,JP WHELAN CO,HUDMJ58CKB63,2024-09-25,46578.0,DELIVERY ORDER,Department of Energy,Department of Energy,Department of Energy,Department of Energy,321114,WOOD PRESERVATION,5510,LUMBER AND RELATED BASIC WOOD MATERIALS,"WOOD POLES, CLASS 2, PACIFIC DOUGLAS FIR, PENTACHLOROPHENOL PRESERVATIVE TREATMENT RESTOCK TO JAMESTOWN, ND","{'city_name': 'AURORA', 'congressional_code': '06', 'country_name': 'UNITED STATES', 'county_code': '005', 'county_name': 'ARAPAHOE', 'location_country_code': 'USA', 'state_code': 'CO', 'state_name': 'Colorado', 'zip4': '4732', 'zip5': '80010'}"
292045427,89503424FWA401675,JP WHELAN CO,HUDMJ58CKB63,2024-09-25,443714.04,DELIVERY ORDER,Department of Energy,Department of Energy,Department of Energy,Department of Energy,321114,WOOD PRESERVATION,5510,LUMBER AND RELATED BASIC WOOD MATERIALS,"WOOD POLES, CLASS 2, PACIFIC DOUGLAS FIR, PENTACHLOROPHENOL PRESERVATIVE TREATMENT, FOR EDGELEY, ND -FO PHASE 3","{'city_name': 'AURORA', 'congressional_code': '06', 'country_name': 'UNITED STATES', 'county_code': '005', 'county_name': 'ARAPAHOE', 'location_country_code': 'USA', 'state_code': 'CO', 'state_name': 'Colorado', 'zip4': '4732', 'zip5': '80010'}"
292045430,89503424FWA401682,G & RK CONSULTING ASSOCIATES LLC,GDVCAY1FZKL6,2024-09-25,306316.0,DELIVERY ORDER,Department of Energy,Department of Energy,Department of Energy,Department of Energy,335311,"POWER, DISTRIBUTION, AND SPECIALTY TRANSFORMER MANUFACTURING",5930,SWITCHES,"DISCONNECT SWITCH SPARES - 69KV, 115KV, 230KV - HURON WH","{'city_name': 'LITTLETON', 'congressional_code': '06', 'country_name': 'UNITED STATES', 'county_code': '005', 'county_name': 'ARAPAHOE', 'location_country_code': 'USA', 'state_code': 'CO', 'state_name': 'Colorado', 'zip4': '1146', 'zip5': '80120'}"
292045431,89503424FWA401683,"ADVANCED COMPUTER CONCEPTS, INC.",CGE8ABMZLZN9,2024-09-25,362258.52,DELIVERY ORDER,Department of Energy,Department of Energy,Department of Energy,Department of Energy,541519,OTHER COMPUTER RELATED SERVICES,5945,RELAYS AND SOLENOIDS,SDMO RELAYS,"{'city_name': 'MCLEAN', 'congressional_code': '11', 'country_name': 'UNITED STATES', 'county_code': '059', 'county_name': 'FAIRFAX', 'location_country_code': 'USA', 'state_code': 'VA', 'state_name': 'Virginia', 'zip4': '3317', 'zip5': '22102'}"
292045525,89503424PWA001913,ITRON INC,JZ7PA8D2BFT3,2024-09-25,17941.0,PURCHASE ORDER,Department of Energy,Department of Energy,Department of Energy,Department of Energy,513210,SOFTWARE PUBLISHERS,7A21,IT AND TELECOM - BUSINESS APPLICATION SOFTWARE (PERPETUAL LICENSE SOFTWARE),"ITRON ON-SITE TRAINING TO SUPPORT, UPGRADE AND UPDATE FOR MV90XI SOFTWARE","{'city_name': 'LIBERTY LAKE', 'congressional_code': '05', 'country_name': 'UNITED STATES', 'county_code': '063', 'county_name': 'SPOKANE', 'location_country_code': 'USA', 'state_code': 'WA', 'state_name': 'Washington', 'zip4': '9469', 'zip5': '99019'}"
292045552,89503424PWA001956,CENTRAL DIVERS L.L.C,URL7BKF1LH66,2024-09-25,43800.0,PURCHASE ORDER,Department of Energy,Department of Energy,Department of Energy,Department of Energy,237990,OTHER HEAVY AND CIVIL ENGINEERING CONSTRUCTION,Z1PZ,MAINTENANCE OF OTHER NON-BUILDING FACILITIES,BSL-SU REPAIR STRUCTURE 15-6,"{'city_name': 'ARLINGTON', 'congressional_code': '00', 'country_name': 'UNITED STATES', 'county_code': '077', 'county_name': 'KINGSBURY', 'location_country_code': 'USA', 'state_code': 'SD', 'state_name': 'South Dakota', 'zip4': '2251', 'zip5': '57212'}"
292045844,89503524FSP400105,"GOVERNMENT MARKETING AND PROCUREMENT, LLC",E3W3M92ASRQ5,2024-09-25,139084.91,DELIVERY ORDER,Department of Energy,Department of Energy,Department of Energy,Department of Energy,334511,"SEARCH, DETECTION, NAVIGATION, GUIDANCE, AERONAUTICAL, AND NAUTICAL SYSTEM AND INSTRUMENT MANUFACTURING",R617,SUPPORT - ADMINISTRATIVE: ELECTRONIC RECORDS MANAGEMENT SERVICES,SEPA DIGITIZATION OF PHYSICAL RECORDS,"{'city_name': 'ELBERTON', 'congressional_code': '10', 'country_name': 'UNITED STATES', 'county_code': '105', 'county_name': 'ELBERT', 'location_country_code': 'USA', 'state_code': 'GA', 'state_name': 'Georgia', 'zip4': '6711', 'zip5': '30635'}"
292048053,89603020P0048,REGAN TECHNOLOGIES CORP,PJ2BS3KYWKS5,2024-09-25,8012.31,PURCHASE ORDER,Department of Energy,Federal Energy Regulatory Commission,Department of Energy,Federal Energy Regulatory Commission,511210,SOFTWARE PUBLISHERS,D318,"IT AND TELECOM- INTEGRATED HARDWARE/SOFTWARE/SERVICES SOLUTIONS, PREDOMINANTLY SERVICES","AWARD OF THALES HARDWARE, MAINTENANCE AND SUPPORT.","{'city_name': 'WASHINGTON', 'congressional_code': '98', 'country_name': 'UNITED STATES', 'county_code': '001', 'county_name': 'DISTRICT OF COLUMBIA', 'location_country_code': 'USA', 'state_code': 'DC', 'state_name': 'District Of Columbia', 'zip4': '0001', 'zip5': '20426'}"
292048323,89603023F0084,INDUSTRIAL ECONOMICS INC,F1BNQ68LSJ61,2024-09-25,164672.0,DELIVERY ORDER,Department of Energy,Federal Energy Regulatory Commission,Department of Energy,Federal Energy Regulatory Commission,541611,ADMINISTRATIVE MANAGEMENT AND GENERAL MANAGEMENT CONSULTING SERVICES,B599,SPECIAL STUDIES/ANALYSIS- OTHER,ENVIRONMENTAL JUSTICE AND EQUITY SUPPORT SERVICES HEALTH IMPACT REVIEW REPORT,"{'city_name': 'CAMBRIDGE', 'congressional_code': '05', 'country_name': 'UNITED STATES', 'county_code': '017', 'county_name': 'MIDDLESEX', 'location_country_code': 'USA', 'state_code': 'MA', 'state_name': 'Massachusetts', 'zip4': '1340', 'zip5': '02140'}"
292048428,89603024F0056,CDW GOVERNMENT LLC,PHZDZ8SJ5CM1,2024-09-25,0.0,DELIVERY ORDER,Department of Energy,Federal Energy Regulatory Commission,Department of Energy,Federal Energy Regulatory Commission,541519,OTHER COMPUTER RELATED SERVICES,7B22,IT AND TELECOM - COMPUTE: SERVERS (HARDWARE AND PERPETUAL LICENSE SOFTWARE),DELL MONITORS AND DELL MICE,"{'city_name': 'WASHINGTON', 'congressional_code': '98', 'country_name': 'UNITED STATES', 'county_code': '001', 'county_name': 'DISTRICT OF COLUMBIA', 'location_country_code': 'USA', 'state_code': 'DC', 'state_name': 'District Of Columbia', 'zip4': '0003', 'zip5': '20426'}"
292048452,89603024F0081,SOFTWARE INFORMATION RESOURCE CORP.,EJJMMJHYDFH6,2024-09-25,58911.36,DELIVERY ORDER,Department of Energy,Federal Energy Regulatory Commission,Department of Energy,Federal Energy Regulatory Commission,541519,OTHER COMPUTER RELATED SERVICES,7A21,IT AND TELECOM - BUSINESS APPLICATION SOFTWARE (PERPETUAL LICENSE SOFTWARE),QUEST ACTIVE ROLES RENEWAL/ONE IDENTITY,"{'city_name': 'WASHINGTON', 'congressional_code': '98', 'country_name': 'UNITED STATES', 'county_code': '001', 'county_name': 'DISTRICT OF COLUMBIA', 'location_country_code': 'USA', 'state_code': 'DC', 'state_name': 'District Of Columbia', 'zip4': '0003', 'zip5': '20426'}"
292048454,89603024F0085,RED RIVER TECHNOLOGY LLC,JT4PZH4BX5T9,2024-09-25,6650.95,DELIVERY ORDER,Department of Energy,Federal Energy Regulatory Commission,Department of Energy,Federal Energy Regulatory Commission,541519,OTHER COMPUTER RELATED SERVICES,7E20,"IT AND TELECOM - END USER: HELP DESK;TIER 1-2,WORKSPACE,PRINT,OUTPUT,PRODUCTIVITY TOOLS (HW/PERP SW)",1YR HP PARTNER POLY+ BUSINESS MEDIA PHONE SERVICE,"{'city_name': 'WASHINGTON', 'congressional_code': '98', 'country_name': 'UNITED STATES', 'county_code': '001', 'county_name': 'DISTRICT OF COLUMBIA', 'location_country_code': 'USA', 'state_code': 'DC', 'state_name': 'District Of Columbia', 'zip4': '0003', 'zip5': '20426'}"
295475790,DEAC0205CH11231,THE REGENTS OF THE UNIVERSITY OF CALIFORNIA,PKK5TD16N4H1,2024-09-25,47350367.23,DEFINITIVE CONTRACT,Department of Energy,Department of Energy,Department of Defense,Defense Health Agency,541710,"RESEARCH AND DEVELOPMENT IN THE PHYSICAL, ENGINEERING, AND LIFE SCIENCES",M181,OPER OF GOVT R&D GOCO FACILITIES,"THIS IS A PERFORMANCE-BASED CONTRACT FOR MANAGEMENT AND OPERATION OF LBNL. THE PURPOSE OF THIS MODIFICATION IS TO OBLIGATE STRATEGIC PARTNERSHIP PROGRAM FUNDS IN THE AMOUNT OF $47,350,367.23 IN APPROPRIATED FUNDS AND $4,694,185.54 IN NON APPROPRIATED","{'city_name': 'BERKELEY', 'congressional_code': '12', 'country_name': 'UNITED STATES', 'county_code': '001', 'county_name': 'ALAMEDA', 'location_country_code': 'USA', 'state_code': 'CA', 'state_name': 'California', 'zip4': '8099', 'zip5': '94720'}"
295475814,DEAC0209CH11466,THE TRUSTEES OF PRINCETON UNIVERSITY,NJ1YPQXQG7U5,2024-09-25,39188100.66,DEFINITIVE CONTRACT,Department of Energy,Department of Energy,Department of Energy,Department of Energy,611310,"COLLEGES, UNIVERSITIES, AND PROFESSIONAL SCHOOLS",M181,OPER OF GOVT R&D GOCO FACILITIES,MANAGEMENT AND OPERATING CONTRACT FOR THE MANAGEMENT AND OPERATION OF THE PRINCETON PLASMA PHYSICS LABORATORY (PPPL).,"{'city_name': 'PLAINSBORO', 'congressional_code': '12', 'country_name': 'UNITED STATES', 'county_code': '023', 'county_name': 'MIDDLESEX', 'location_country_code': 'USA', 'state_code': 'NJ', 'state_name': 'New Jersey', 'zip4': '0001', 'zip5': '08536'}"
295475814,DEAC0209CH11466,THE TRUSTEES OF PRINCETON UNIVERSITY,NJ1YPQXQG7U5,2024-09-25,0.0,DEFINITIVE CONTRACT,Department of Energy,Department of Energy,Department of Energy,Department of Energy,611310,"COLLEGES, UNIVERSITIES, AND PROFESSIONAL SCHOOLS",M181,OPER OF GOVT R&D GOCO FACILITIES,MANAGEMENT AND OPERATING CONTRACT FOR THE MANAGEMENT AND OPERATION OF THE PRINCETON PLASMA PHYSICS LABORATORY (PPPL).,"{'city_name': 'PLAINSBORO', 'congressional_code': '12', 'country_name': 'UNITED STATES', 'county_code': '023', 'county_name': 'MIDDLESEX', 'location_country_code': 'USA', 'state_code': 'NJ', 'state_name': 'New Jersey', 'zip4': '0001', 'zip5': '08536'}"
295475814,DEAC0209CH11466,THE TRUSTEES OF PRINCETON UNIVERSITY,NJ1YPQXQG7U5,2024-09-25,223866.92,DEFINITIVE CONTRACT,Department of Energy,Department of Energy,Department of Defense,Defense Advanced Research Projects Agency,611310,"COLLEGES, UNIVERSITIES, AND PROFESSIONAL SCHOOLS",M181,OPER OF GOVT R&D GOCO FACILITIES,MANAGEMENT AND OPERATING CONTRACT FOR THE MANAGEMENT AND OPERATION OF THE PRINCETON PLASMA PHYSICS LABORATORY (PPPL).,"{'city_name': 'PLAINSBORO', 'congressional_code': '12', 'country_name': 'UNITED STATES', 'county_code': '023', 'county_name': 'MIDDLESEX', 'location_country_code': 'USA', 'state_code': 'NJ', 'state_name': 'New Jersey', 'zip4': '0001', 'zip5': '08536'}"
295475824,DEAC0276SF00515,THE LELAND STANFORD JUNIOR UNIVERSITY,HJD6G4D6TJY5,2024-09-25,11120469.0,DEFINITIVE CONTRACT,Department of Energy,Department of Energy,Department of Energy,Department of Energy,541710,"RESEARCH AND DEVELOPMENT IN THE PHYSICAL, ENGINEERING, AND LIFE SCIENCES",M181,OPER OF GOVT R&D GOCO FACILITIES,MANAGEMENT AND OPERATION AT SLAC NATIONAL ACCELERATOR LABORATORY TAS::  89 0222,"{'city_name': 'STANFORD', 'congressional_code': '16', 'country_name': 'UNITED STATES', 'county_code': '085', 'county_name': 'SANTA CLARA', 'location_country_code': 'USA', 'state_code': 'CA', 'state_name': 'California', 'zip4': '4110', 'zip5': '94305'}"
295476124,DEAC0504OR22860,"ISOTEK SYSTEMS, LLC",WJZ8KR7KSA33,2024-09-25,0.0,DEFINITIVE CONTRACT,Department of Energy,Department of Energy,Department of Energy,Department of Energy,561990,ALL OTHER SUPPORT SERVICES,Z235,MAINT-REP-ALT/EPG - NUCLEAR,U-233 DISPOSITION PROJECT,"{'city_name': 'OAK RIDGE', 'congressional_code': '03', 'country_name': 'UNITED STATES', 'county_code': '001', 'county_name': 'ANDERSON', 'location_country_code': 'USA', 'state_code': 'TN', 'state_name': 'Tennessee', 'zip4': '8313', 'zip5': '37830'}"
295476174,DEAC0576RL01830,BATTELLE MEMORIAL INSTITUTE,CWKJEXDG79A7,2024-09-25,12255913.93,DEFINITIVE CONTRACT,Department of Energy,Department of Energy,Department of Energy,Department of Energy,541710,"RESEARCH AND DEVELOPMENT IN THE PHYSICAL, ENGINEERING, AND LIFE SCIENCES",M181,OPER OF GOVT R&D GOCO FACILITIES,BATTELLE MEMORIAL INSTITUTE/PACIFIC NORTHWEST LABORATORY MANAGEMENT AND OPERATING CONTRACT: THIS UNILATERAL MOD OBLIGATES DOE (TAS 89 0222) FUNDING.,"{'city_name': 'RICHLAND', 'congressional_code': '04', 'country_name': 'UNITED STATES', 'county_code': '005', 'county_name': 'BENTON', 'location_country_code': 'USA', 'state_code': 'WA', 'state_name': 'Washington', 'zip4': '1793', 'zip5': '99354'}"
295476437,DEAC0908SR22470,SAVANNAH RIVER NUCLEAR SOLUTIONS LLC,XLQ7CKUSQSD5,2024-09-25,3800000.0,DEFINITIVE CONTRACT,Department of Energy,Department of Energy,Department of Energy,Department of Energy,561210,FACILITIES SUPPORT SERVICES,M159,OPER OF GOVT OTHER INDUSTRIAL BLDG,"SAVANNAH RIVER OPERATIONS OFFICE MANAGEMENT & OPERATING (M&O) CONTRACT/OBLIGATE DOE FUNDS FOR FINPLAN 146 FOR FY24 AND INCORPORATE THE UPDATED LIST B, DATED 9/18/2024.","{'city_name': 'AIKEN', 'congressional_code': '02', 'country_name': 'UNITED STATES', 'county_code': '003', 'county_name': 'AIKEN', 'location_country_code': 'USA', 'state_code': 'SC', 'state_name': 'South Carolina', 'zip4': '0900', 'zip5': '29803'}"
295477012,DEAC3608GO28308,"ALLIANCE FOR ENERGY INNOVATION, LLC",DVGLNXBURMP3,2024-09-25,30729932.59,DEFINITIVE CONTRACT,Department of Energy,Department of Energy,Agency for International Development,Agency for International Development,541711,RESEARCH AND DEVELOPMENT IN BIOTECHNOLOGY,M181,OPER OF GOVT R&D GOCO FACILITIES,"MODIFICATION NUMBER 1445 PROVIDES TOTAL FUNDING IN THE AMOUNT OF $35,833,314.59. THIS INCLUDES APPROPRIATED FUNDING IN THE AMOUNT OF $30,729,932.59 AND IS REPORTED IN FPDS-NG, THE REMAINING NON-APPROPRIATED FUNDING IN THE AMOUNT OF $5,103,382.00 IS N","{'city_name': 'LAKEWOOD', 'congressional_code': '07', 'country_name': 'UNITED STATES', 'county_code': '059', 'county_name': 'JEFFERSON', 'location_country_code': 'USA', 'state_code': 'CO', 'state_name': 'Colorado', 'zip4': '3312', 'zip5': '80401'}"
295504617,DEBP0004765,LINK TECHNOLOGIES INC,G36RN4KDGX29,2024-09-25,-21403.85,BPA CALL,Department of Energy,Department of Energy,Department of Energy,Department of Energy,541611,ADMINISTRATIVE MANAGEMENT AND GENERAL MANAGEMENT CONSULTING SERVICES,R499,SUPPORT- PROFESSIONAL: OTHER,"DEPARTMENT OF ENERGY, NATIONAL NUCLEAR SECURITY ADMINISTRATION (DOE/NNSA) ENTERPRISE WIDE TECHNICAL, ENGINEERING, AND PROGRAMMATIC SUPPORT SERVICES (TEPS) BLANKET PURCHASE AGREEMENT (BPA) BPA CALL FOR LINK TECHNOLOGIES, INC. (GSA MOBIS GS-10F-0044J)","{'city_name': 'WASHINGTON', 'congressional_code': '98', 'country_name': 'UNITED STATES', 'county_code': '001', 'county_name': 'DISTRICT OF COLUMBIA', 'location_country_code': 'USA', 'state_code': 'DC', 'state_name': 'District Of Columbia', 'zip4': '0110', 'zip5': '20585'}"
295504936,DEBP0005221,"CRITERION SYSTEMS, L.L.C.",MPGNDNHHWM33,2024-09-25,-235352.66,BPA CALL,Department of Energy,Department of Energy,Department of Energy,Department of Energy,541513,COMPUTER FACILITIES MANAGEMENT SERVICES,R408,SUPPORT- PROFESSIONAL: PROGRAM MANAGEMENT/SUPPORT,U.S. DEPARTMENT OF ENERGY/NATIONAL NUCLEAR SECURITY ADMINISTRATION (DOE/NNSA) OFFICE OF INFORMATION MANAGEMENT AND CHIEF INFORMATION OFFICER (OCIO) PROJECT MANAGEMENT SUPPORT SERVICES,"{'city_name': 'WASHINGTON', 'congressional_code': '98', 'country_name': 'UNITED STATES', 'county_code': '001', 'county_name': 'DISTRICT OF COLUMBIA', 'location_country_code': 'USA', 'state_code': 'DC', 'state_name': 'District Of Columbia', 'zip4': '0001', 'zip5': '20585'}"
295509363,DEDT0002100,"GONZALES-STOLLER REMEDIATION SERVICES, LLC",LR4FQVE7NVP7,2024-09-25,0.0,DELIVERY ORDER,Department of Energy,Department of Energy,Department of Energy,Department of Energy,562910,REMEDIATION SERVICES,F999,OTHER ENVIRONMENTAL SERVICES,"TAS::89 0315::TAS IDIQ CONTRACT, CONTRACTOR SERVICES INCLUDING, BUT NOT LIMITED TO:  ENVIRONMENTAL REMEDIATION; DEACTIVATION, DECOMMISSIONING, DEMOLITION, AND REMOVAL OF FACILITIES (CONTAMINATED); REGULATORY SERVICES; WASTE MANAGEMENT AND TRANSPORTA","{'city_name': 'CINCINNATI', 'congressional_code': '01', 'country_name': 'UNITED STATES', 'county_code': '061', 'county_name': 'HAMILTON', 'location_country_code': 'USA', 'state_code': 'OH', 'state_name': 'Ohio', 'zip4': '2154', 'zip5': '45202'}"
295509366,DEDT0002105,"DYNAMIC MANAGEMENT SOLUTIONS, LLC",NRX4WGXGTJJ7,2024-09-25,0.0,DELIVERY ORDER,Department of Energy,Department of Energy,Department of Energy,Department of Energy,562910,REMEDIATION SERVICES,F999,OTHER ENVIRONMENTAL SERVICES,"TAS::89 0315::TAS IDIQ CONTRACT, CONTRACTOR SERVICES INCLUDING, BUT NOT LIMITED TO:  ENVIRONMENTAL REMEDIATION; DEACTIVATION, DECOMMISSIONING, DEMOLITION, AND REMOVAL OF FACILITIES (CONTAMINATED); REGULATORY SERVICES; WASTE MANAGEMENT AND TRANSPORTA","{'city_name': 'CINCINNATI', 'congressional_code': '01', 'country_name': 'UNITED STATES', 'county_code': '061', 'county_name': 'HAMILTON', 'location_country_code': 'USA', 'state_code': 'OH', 'state_name': 'Ohio', 'zip4': '2154', 'zip5': '45202'}"
295517509,DEDT0013704,TECH2 SOLUTIONS,VFQ5KND77674,2024-09-25,0.0,DELIVERY ORDER,Department of Energy,Department of Energy,Department of Energy,Department of Energy,237990,OTHER HEAVY AND CIVIL ENGINEERING CONSTRUCTION,Y1PZ,CONSTRUCTION OF OTHER NON-BUILDING FACILITIES,"KAZAKHSTAN TASK ORDER IN SUPPORT OF DESIGN, INTEGRATION, CONSTRUCTION, COMMUNICATION AND ENGINEERING 2 (DICCE2), KAZAKHSTAN.","{'city_name': None, 'congressional_code': None, 'country_name': 'KAZAKHSTAN', 'county_code': None, 'county_name': None, 'location_country_code': 'KAZ', 'state_code': None, 'state_name': None, 'zip4': None, 'zip5': None}"
295520632,DEEM0004680,ATKINSREALIS ENERGY FEDERAL EPC INC.,NLDMWSTYELZ6,2024-09-25,-42100.27,DEFINITIVE CONTRACT,Department of Energy,Department of Energy,Department of Energy,Department of Energy,541330,ENGINEERING SERVICES,R425,SUPPORT- PROFESSIONAL: ENGINEERING/TECHNICAL,"THE PURPOSE OF THIS MODIFICATION IS TO OBLIGATE FY2020 FUNDS IN THE AMOUNT OF $15,150.59 IN INCREMENTAL FUNDING TO CORRECT AN ISSUE AS A RESULT OF A FY2020 INVOICE BEING PAID WITH COVID FUNDS THAT SHOULD HAVE BEEN PAID USING BASE PROJECT FUNDS.","{'city_name': 'COLUMBIA', 'congressional_code': '03', 'country_name': 'UNITED STATES', 'county_code': '027', 'county_name': 'HOWARD', 'location_country_code': 'USA', 'state_code': 'MD', 'state_name': 'Maryland', 'zip4': '3231', 'zip5': '21046'}"
295520688,DEEM0005149,"SOCIAL-ENGINEER, LLC",DZ9PKRN7N5M5,2024-09-25,0.0,PURCHASE ORDER,Department of Energy,Department of Energy,Department of Energy,Department of Energy,541690,OTHER SCIENTIFIC AND TECHNICAL CONSULTING SERVICES,AD21,R&D- DEFENSE OTHER: SERVICES (BASIC RESEARCH),THE PURPOSE OF THIS MODIFICATION 0003 IS TO CONFIRM COMPLETION OF THE PURCHASE ORDER AND CLOSE OUT THE FILE.,"{'city_name': 'CARLSBAD', 'congressional_code': '02', 'country_name': 'UNITED STATES', 'county_code': '015', 'county_name': 'EDDY', 'location_country_code': 'USA', 'state_code': 'NM', 'state_name': 'New Mexico', 'zip4': '5245', 'zip5': '88220'}"
295531681,DESC0012704,BROOKHAVEN SCIENCE ASSOCIATES LLC,R85KZ9JP3NM3,2024-09-25,20030218.17,DEFINITIVE CONTRACT,Department of Energy,Department of Energy,Department of Energy,Department of Energy,541712,"RESEARCH AND DEVELOPMENT IN THE PHYSICAL, ENGINEERING, AND LIFE SCIENCES (EXCEPT BIOTECHNOLOGY)",M1HA,OPERATION OF GOVERNMENT-OWNED CONTRACTOR-OPERATED (GOCO) R&D FACILITIES,PERFORMANCE-BASED CONTRACT FOR THE MANAGEMENT AND OPERATION OF BROOKHAVEN NATIONAL LABORATORY.,"{'city_name': 'UPTON', 'congressional_code': '01', 'country_name': 'UNITED STATES', 'county_code': '103', 'county_name': 'SUFFOLK', 'location_country_code': 'USA', 'state_code': 'NY', 'state_name': 'New York', 'zip4': '5000', 'zip5': '11973'}"
295531681,DESC0012704,BROOKHAVEN SCIENCE ASSOCIATES LLC,R85KZ9JP3NM3,2024-09-25,11798471.03,DEFINITIVE CONTRACT,Department of Energy,Department of Energy,Department of Energy,Department of Energy,541712,"RESEARCH AND DEVELOPMENT IN THE PHYSICAL, ENGINEERING, AND LIFE SCIENCES (EXCEPT BIOTECHNOLOGY)",M1HA,OPERATION OF GOVERNMENT-OWNED CONTRACTOR-OPERATED (GOCO) R&D FACILITIES,PERFORMANCE-BASED CONTRACT FOR THE MANAGEMENT AND OPERATION OF BROOKHAVEN NATIONAL LABORATORY.,"{'city_name': 'UPTON', 'congressional_code': '01', 'country_name': 'UNITED STATES', 'county_code': '103', 'county_name': 'SUFFOLK', 'location_country_code': 'USA', 'state_code': 'NY', 'state_name': 'New York', 'zip4': '5000', 'zip5': '11973'}"
292026608,89233023FNR400103,"AMENTUM SERVICES, INC.",QEMLRQA7PLG4,2024-09-26,-146685.18,DELIVERY ORDER,Department of Energy,Department of Energy,Department of Energy,Department of Energy,561611,INVESTIGATION AND PERSONAL BACKGROUND CHECK SERVICES,R615,SUPPORT- ADMINISTRATIVE: BACKGROUND INVESTIGATION,"THE PURPOSE OF THIS MODIFICATION IS TO DEOBLIGATE $146,685.18 EXCESS FUNDING AS FOLLOWS: CLIN 00001: -$1,715.24, CLIN 00002: -$4,445.28, CLIN 00003: -$221.09, CLIN 00004: -$12,989.57, AND CLIN 00005: -$127,314.00.","{'city_name': 'SCHENECTADY', 'congressional_code': '20', 'country_name': 'UNITED STATES', 'county_code': '093', 'county_name': 'SCHENECTADY', 'location_country_code': 'USA', 'state_code': 'NY', 'state_name': 'New York', 'zip4': '0002', 'zip5': '12309'}"
292026616,89233024PNR000112,MELE ASSOCIATES INC,MJBFX1KJ7KY1,2024-09-26,10000.0,PURCHASE ORDER,Department of Energy,Department of Energy,Department of Energy,Department of Energy,621112,"OFFICES OF PHYSICIANS, MENTAL HEALTH SPECIALISTS",R410,SUPPORT- PROFESSIONAL: PROGRAM EVALUATION/REVIEW/DEVELOPMENT,PSYCHOLOGICAL ASSESSMENT SERVICES WITHIN THE WASHINGTON D.C. REGION TO SUPPORT NAVAL REACTORS HEAD QUARTERS.,"{'city_name': 'ROCKVILLE', 'congressional_code': '08', 'country_name': 'UNITED STATES', 'county_code': '031', 'county_name': 'MONTGOMERY', 'location_country_code': 'USA', 'state_code': 'MD', 'state_name': 'Maryland', 'zip4': '5366', 'zip5': '20850'}"
292026667,89233118FNA000019,RICOH USA INC,K8NNV2MH8AE6,2024-09-26,0.0,BPA CALL,Department of Energy,Department of Energy,Department of Energy,Department of Energy,333244,PRINTING MACHINERY AND EQUIPMENT MANUFACTURING,W074,"LEASE OR RENTAL OF EQUIPMENT- OFFICE MACHINES, TEXT PROCESSING SYSTEMS, AND VISIBLE RECORD EQUIPMENT",OST COPIERS LEASE AND MAINTENANCE SUPPORT,"{'city_name': 'FORT SMITH', 'congressional_code': '03', 'country_name': 'UNITED STATES', 'county_code': '131', 'county_name': 'SEBASTIAN', 'location_country_code': 'USA', 'state_code': 'AR', 'state_name': 'Arkansas', 'zip4': '1405', 'zip5': '72905'}"
292026806,89233119CNA000083,ANALEX CORPORATION,CWLNZ4TJCLE4,2024-09-26,0.0,DEFINITIVE CONTRACT,Department of Energy,Department of Energy,Department of Energy,Department of Energy,541330,ENGINEERING SERVICES,R699,SUPPORT- ADMINISTRATIVE: OTHER,TECHNICAL AND ADMINISTRATIVE SUPPORT FOR THE US/UK TRIDENT WARHEAD PROJECT GROUP (TWPG).,"{'city_name': 'HERNDON', 'congressional_code': '11', 'country_name': 'UNITED STATES', 'county_code': '059', 'county_name': 'FAIRFAX', 'location_country_code': 'USA', 'state_code': 'VA', 'state_name': 'Virginia', 'zip4': '6008', 'zip5': '20170'}"
292026837,89233119FNA000060,RICOH USA INC,K8NNV2MH8AE6,2024-09-26,-1219.82,BPA CALL,Department of Energy,Department of Energy,Department of Energy,Department of Energy,333244,PRINTING MACHINERY AND EQUIPMENT MANUFACTURING,W074,"LEASE OR RENTAL OF EQUIPMENT- OFFICE MACHINES, TEXT PROCESSING SYSTEMS, AND VISIBLE RECORD EQUIPMENT",COPIER LEASE CONTRACT FOR SANDIA FIELD OFFICE AND ALBUQUERQUE COMPLEX,"{'city_name': 'ALBUQUERQUE', 'congressional_code': '01', 'country_name': 'UNITED STATES', 'county_code': '001', 'county_name': 'BERNALILLO', 'location_country_code': 'USA', 'state_code': 'NM', 'state_name': 'New Mexico', 'zip4': '5400', 'zip5': '87185'}"
292026899,89233119FNA400217,TECHNOMICS INC,LU9TXLBPMQD7,2024-09-26,-133081.42,DELIVERY ORDER,Department of Energy,Department of Energy,Department of Energy,Department of Energy,541330,ENGINEERING SERVICES,R499,SUPPORT- PROFESSIONAL: OTHER,"TASK ORDER ISSUED UNDER THE DOE/NNSA, BPA FOR TECHNICAL ENGINEERING, AND PROGRAMMATIC SUPPORT SERVICES (TEPS) II.","{'city_name': 'WASHINGTON', 'congressional_code': '98', 'country_name': 'UNITED STATES', 'county_code': '001', 'county_name': 'DISTRICT OF COLUMBIA', 'location_country_code': 'USA', 'state_code': 'DC', 'state_name': 'District Of Columbia', 'zip4': '0102', 'zip5': '20585'}"
292027081,89233121CNA000227,DOXCELERATE CORPORATION,W8ZLDURABB51,2024-09-26,45765.0,DEFINITIVE CONTRACT,Department of Energy,Department of Energy,Department of Energy,Department of Energy,511210,SOFTWARE PUBLISHERS,DA10,IT AND TELECOM - BUSINESS APPLICATION/APPLICATION DEVELOPMENT SOFTWARE AS A SERVICE,POLICY SYSTEMS SUPPORT SERVICES FOR THE OFFICE OF POLICY AND STRATEGIC PLANNING (NA-1.1),"{'city_name': 'SANTA FE', 'congressional_code': '03', 'country_name': 'UNITED STATES', 'county_code': '049', 'county_name': 'SANTA FE', 'location_country_code': 'USA', 'state_code': 'NM', 'state_name': 'New Mexico', 'zip4': '2065', 'zip5': '87501'}"
292027173,89233122CNA000283,"AMES 1, LLC",RVE7GUNB8G57,2024-09-26,0.0,DEFINITIVE CONTRACT,Department of Energy,Department of Energy,Department of Energy,Department of Energy,236220,COMMERCIAL AND INSTITUTIONAL BUILDING CONSTRUCTION,Y1JZ,CONSTRUCTION OF MISCELLANEOUS BUILDINGS,DESIGN-BUILD REMOVAL AND REPLACEMENT OF THE NEW MEXICO RELAY STATION CONTROL BUILDING.,"{'city_name': 'ALBUQUERQUE', 'congressional_code': '01', 'country_name': 'UNITED STATES', 'county_code': '001', 'county_name': 'BERNALILLO', 'location_country_code': 'USA', 'state_code': 'NM', 'state_name': 'New Mexico', 'zip4': '2671', 'zip5': '87123'}"
292027246,89233122FNA400491,"SEALASKA REMEDIATION SOLUTIONS, LLC",KJFPJM86BPS4,2024-09-26,0.0,DELIVERY ORDER,Department of Energy,Department of Energy,Department of Energy,Department of Energy,561990,ALL OTHER SUPPORT SERVICES,R425,SUPPORT- PROFESSIONAL: ENGINEERING/TECHNICAL,COUNTER NUCLEAR SMUGGLING EQUIPMENT AND LOGISTICS BULK BUY,"{'city_name': 'SEATTLE', 'congressional_code': '07', 'country_name': 'UNITED STATES', 'county_code': '033', 'county_name': 'KING', 'location_country_code': 'USA', 'state_code': 'WA', 'state_name': 'Washington', 'zip4': '3630', 'zip5': '98101'}"
292027249,89233122FNA400494,"TECHSOURCE, LLC",DSDEKJ6JRLA7,2024-09-26,0.0,DELIVERY ORDER,Department of Energy,Department of Energy,Department of Energy,Department of Energy,541330,ENGINEERING SERVICES,R499,SUPPORT- PROFESSIONAL: OTHER,"TECHNICAL, LIAISON, AND ANALYTICAL SUPPORT SERVICES FOR THE OFFICE OF DEFENSE PROGRAMS (NA-10) AND THE OFFICE OF SYSTEMS ENGINEERING AND INTEGRATION (NA-18).","{'city_name': 'WASHINGTON', 'congressional_code': '98', 'country_name': 'UNITED STATES', 'county_code': '001', 'county_name': 'DISTRICT OF COLUMBIA', 'location_country_code': 'USA', 'state_code': 'DC', 'state_name': 'District Of Columbia', 'zip4': '0102', 'zip5': '20585'}"
292027287,89233123FNA000109,PARSONS GOVERNMENT SERVICES INC.,NMBCAG1JBKL7,2024-09-26,131432.64,BPA CALL,Department of Energy,Department of Energy,Department of Energy,Department of Energy,541330,ENGINEERING SERVICES,R425,SUPPORT- PROFESSIONAL: ENGINEERING/TECHNICAL,"NA-90.2 PLANS, IMPLEMENTS, REPORTS, AND CLOSES OUT CAPITAL ASSET REVIEWS BASED ON THE CHARGE PROVIDED BY THE REQUESTING NNSA OFFICIAL TO ASSURE THAT SPECIFIC TOPICS OR EMPHASES ARE PROPERLY UNDERSTOOD AND IDENTIFIED IN THE REVIEW. THE PURPOSE OF THE","{'city_name': 'CENTREVILLE', 'congressional_code': '11', 'country_name': 'UNITED STATES', 'county_code': '059', 'county_name': 'FAIRFAX', 'location_country_code': 'USA', 'state_code': 'VA', 'state_name': 'Virginia', 'zip4': '1922', 'zip5': '20120'}"
292027287,89233123FNA000109,PARSONS GOVERNMENT SERVICES INC.,NMBCAG1JBKL7,2024-09-26,94193.54,BPA CALL,Department of Energy,Department of Energy,Department of Energy,Department of Energy,541330,ENGINEERING SERVICES,R425,SUPPORT- PROFESSIONAL: ENGINEERING/TECHNICAL,"NA-90.2 PLANS, IMPLEMENTS, REPORTS, AND CLOSES OUT CAPITAL ASSET REVIEWS BASED ON THE CHARGE PROVIDED BY THE REQUESTING NNSA OFFICIAL TO ASSURE THAT SPECIFIC TOPICS OR EMPHASES ARE PROPERLY UNDERSTOOD AND IDENTIFIED IN THE REVIEW. THE PURPOSE OF THE","{'city_name': 'CENTREVILLE', 'congressional_code': '11', 'country_name': 'UNITED STATES', 'county_code': '059', 'county_name': 'FAIRFAX', 'location_country_code': 'USA', 'state_code': 'VA', 'state_name': 'Virginia', 'zip4': '1922', 'zip5': '20120'}"
292027287,89233123FNA000109,PARSONS GOVERNMENT SERVICES INC.,NMBCAG1JBKL7,2024-09-26,155704.99,BPA CALL,Department of Energy,Department of Energy,Department of Energy,Department of Energy,541330,ENGINEERING SERVICES,R425,SUPPORT- PROFESSIONAL: ENGINEERING/TECHNICAL,"NA-90.2 PLANS, IMPLEMENTS, REPORTS, AND CLOSES OUT CAPITAL ASSET REVIEWS BASED ON THE CHARGE PROVIDED BY THE REQUESTING NNSA OFFICIAL TO ASSURE THAT SPECIFIC TOPICS OR EMPHASES ARE PROPERLY UNDERSTOOD AND IDENTIFIED IN THE REVIEW. THE PURPOSE OF THE","{'city_name': 'CENTREVILLE', 'congressional_code': '11', 'country_name': 'UNITED STATES', 'county_code': '059', 'county_name': 'FAIRFAX', 'location_country_code': 'USA', 'state_code': 'VA', 'state_name': 'Virginia', 'zip4': '1922', 'zip5': '20120'}"
292027287,89233123FNA000109,PARSONS GOVERNMENT SERVICES INC.,NMBCAG1JBKL7,2024-09-26,51098.0,BPA CALL,Department of Energy,Department of Energy,Department of Energy,Department of Energy,541330,ENGINEERING SERVICES,R425,SUPPORT- PROFESSIONAL: ENGINEERING/TECHNICAL,"NA-90.2 PLANS, IMPLEMENTS, REPORTS, AND CLOSES OUT CAPITAL ASSET REVIEWS BASED ON THE CHARGE PROVIDED BY THE REQUESTING NNSA OFFICIAL TO ASSURE THAT SPECIFIC TOPICS OR EMPHASES ARE PROPERLY UNDERSTOOD AND IDENTIFIED IN THE REVIEW. THE PURPOSE OF THE","{'city_name': 'CENTREVILLE', 'congressional_code': '11', 'country_name': 'UNITED STATES', 'county_code': '059', 'county_name': 'FAIRFAX', 'location_country_code': 'USA', 'state_code': 'VA', 'state_name': 'Virginia', 'zip4': '1922', 'zip5': '20120'}"
292027308,89233123FNA400500,INTEPROS FEDERAL INCORPORATED,WPD2U59BGNC9,2024-09-26,48150.28,DELIVERY ORDER,Department of Energy,Department of Energy,Department of Energy,Department of Energy,541511,CUSTOM COMPUTER PROGRAMMING SERVICES,R499,SUPPORT- PROFESSIONAL: OTHER,NA-IM REQUIRES THE NECESSARY PROFESSIONAL AND TECHNICAL INFORMATION TECHNOLOGY SUPPORT AND SERVICES ESSENTIAL TO THE FULFILLMENT OF THE MISSION AND FUNCTIONS OF THE OFFICE OF INFORMATION MANAGEMENT WITHIN THE NNSA.,"{'city_name': 'WASHINGTON', 'congressional_code': '98', 'country_name': 'UNITED STATES', 'county_code': '001', 'county_name': 'DISTRICT OF COLUMBIA', 'location_country_code': 'USA', 'state_code': 'DC', 'state_name': 'District Of Columbia', 'zip4': '0001', 'zip5': '20585'}"
292027378,89233124CNA000387,BLUE TECH INC.,MDC5LDZKQAM4,2024-09-26,2000000.0,DEFINITIVE CONTRACT,Department of Energy,Department of Energy,Department of Energy,Department of Energy,541519,OTHER COMPUTER RELATED SERVICES,7A21,IT AND TELECOM - BUSINESS APPLICATION SOFTWARE (PERPETUAL LICENSE SOFTWARE),"ARCHER GOVERNANCE, RISK, AND COMPLIANCE SOFTWARE FIRM FIXED PRICE (NNG15SD00B)","{'city_name': 'WASHINGTON', 'congressional_code': '98', 'country_name': 'UNITED STATES', 'county_code': '001', 'county_name': 'DISTRICT OF COLUMBIA', 'location_country_code': 'USA', 'state_code': 'DC', 'state_name': 'District Of Columbia', 'zip4': '0001', 'zip5': '20585'}"
292027610,89233218CNA000001,"TRIAD NATIONAL SECURITY, LLC",X7WUS5LRBQU3,2024-09-26,20606660.41,DEFINITIVE CONTRACT,Department of Energy,Department of Energy,Department of Energy,Department of Energy,561210,FACILITIES SUPPORT SERVICES,M1JZ,OPERATION OF MISCELLANEOUS BUILDINGS,INCREMENTAL FUNDING FOR LOS ALAMOS NATIONAL LABORATORY MANAGEMENT AND OPERATING CONTRACT,"{'city_name': 'LOS ALAMOS', 'congressional_code': '03', 'country_name': 'UNITED STATES', 'county_code': '028', 'county_name': 'LOS ALAMOS', 'location_country_code': 'USA', 'state_code': 'NM', 'state_name': 'New Mexico', 'zip4': '0145', 'zip5': '87545'}"
292028133,89243121CSC000106,MUTUAL TELECOM SERVICES INC.,C4NNS2MA4ZY1,2024-09-26,11560.0,DEFINITIVE CONTRACT,Department of Energy,Department of Energy,Department of Energy,Department of Energy,517311,WIRED TELECOMMUNICATIONS CARRIERS,DG01,IT AND TELECOM - NETWORK SUPPORT SERVICES (LABOR),OAK RIDGE FEDERAL INTEGRATED COMMUNICATIONS NETWORK (ORF-ICN) OPERATIONS AND MAINTENANCE SUPPORT SERVICES,"{'city_name': 'OAK RIDGE', 'congressional_code': '03', 'country_name': 'UNITED STATES', 'county_code': '001', 'county_name': 'ANDERSON', 'location_country_code': 'USA', 'state_code': 'TN', 'state_name': 'Tennessee', 'zip4': '8802', 'zip5': '37830'}"
292028581,89243124FSC400721,CARAHSOFT TECHNOLOGY CORP,DT8KJHZXVJH5,2024-09-26,2311050.0,DELIVERY ORDER,Department of Energy,Department of Energy,Department of Energy,Department of Energy,541519,OTHER COMPUTER RELATED SERVICES,U012,EDUCATION/TRAINING- INFORMATION TECHNOLOGY/TELECOMMUNICATIONS TRAINING,"24X7X365 THREAT DETECTION FOR CYBERSECURITY ALERTS, EMERGING THREAT HUNTING, AND THREAT RESPONSE.","{'city_name': 'RESTON', 'congressional_code': '11', 'country_name': 'UNITED STATES', 'county_code': '059', 'county_name': 'FAIRFAX', 'location_country_code': 'USA', 'state_code': 'VA', 'state_name': 'Virginia', 'zip4': '3205', 'zip5': '20190'}"
292028699,89243218CNE000001,ELECTRIC POWER RESEARCH INSTITUTE INC,JBV2SMLRBK29,2024-09-26,122553.0,DEFINITIVE CONTRACT,Department of Energy,Department of Energy,Department of Energy,Department of Energy,541715,"RESEARCH AND DEVELOPMENT IN THE PHYSICAL, ENGINEERING, AND LIFE SCIENCES (EXCEPT NANOTECHNOLOGY AND BIOTECHNOLOGY)",AG52,R&D- ENERGY: NUCLEAR (APPLIED RESEARCH/EXPLORATORY DEVELOPMENT),THE PURPOSE OF THIS MODIFICATION IS TO INCREMENTALLY FUND CLIN 6,"{'city_name': 'CHARLOTTE', 'congressional_code': '12', 'country_name': 'UNITED STATES', 'county_code': '119', 'county_name': 'MECKLENBURG', 'location_country_code': 'USA', 'state_code': 'NC', 'state_name': 'North Carolina', 'zip4': '0102', 'zip5': '28262'}"
292028789,89243220FNE400054,ALLEGHENY SCIENCE & TECHNOLOGY CORPORATION,GLPKRZJL8GM3,2024-09-26,2565139.0,DELIVERY ORDER,Department of Energy,Department of Energy,Department of Energy,Department of Energy,541330,ENGINEERING SERVICES,R408,SUPPORT- PROFESSIONAL: PROGRAM MANAGEMENT/SUPPORT,"THIS MODIFICATION IS TO:  1. OBLIGATES INCREMENTAL FUNDING IN THE AMOUNT OF $2,565,139.   2. THE AMOUNT OF OBLIGATED FUNDS ON CLIN 005 IS INCREASED BY $2,565,139 FROM $1,409,544 TO $3,974,683.  3. THE TOTAL AMOUNT OF OBLIGATED FUNDS ON THE AWAR","{'city_name': 'BRIDGEPORT', 'congressional_code': '02', 'country_name': 'UNITED STATES', 'county_code': '033', 'county_name': 'HARRISON', 'location_country_code': 'USA', 'state_code': 'WV', 'state_name': 'West Virginia', 'zip4': '4509', 'zip5': '26330'}"
292028904,89243224CNE000035,NORTH WIND GENERAL CONTRACTORS LLC,MJG1DJYMASR5,2024-09-26,0.0,DEFINITIVE CONTRACT,Department of Energy,Department of Energy,Department of Energy,Department of Energy,238210,ELECTRICAL CONTRACTORS AND OTHER WIRING INSTALLATION CONTRACTORS,J035,MAINT/REPAIR/REBUILD OF EQUIPMENT- SERVICE AND TRADE EQUIPMENT,"THE PURPOSE OF THIS MODIFICATION IS TO: 1. INCORPORATE REQUESTS FOR INFORMATION 001, 002, AND 003 INTO THE CONTRACT IN ACCORDANCE WITH FAR 52.243-4. 2. UPDATE CONTRACTOR PROGRAM MANAGER FROM ROBERT BERKLEY TO DANIEL GUY. ALL OTHER TERMS AND CONDIT","{'city_name': 'IDAHO FALLS', 'congressional_code': '02', 'country_name': 'UNITED STATES', 'county_code': '019', 'county_name': 'BONNEVILLE', 'location_country_code': 'USA', 'state_code': 'ID', 'state_name': 'Idaho', 'zip4': '5036', 'zip5': '83402'}"
292028906,89243224FEM400020,SIGMA SCIENCE INC,NB31NPVJHRZ5,2024-09-26,309504.0,DELIVERY ORDER,Department of Energy,Department of Energy,Department of Energy,Department of Energy,541330,ENGINEERING SERVICES,R425,SUPPORT- PROFESSIONAL: ENGINEERING/TECHNICAL,NUCLEAR INDUSTRY ADVISORY AND ASSISTANCE SERVICES (A&AS) SUPPORT UNDER GSA CONTRACT 47QRAA18D005Q - TASK ORDER 18 ENVIRONMENTAL SUPPORT SUBJECT MATTER EXPERT,"{'city_name': 'ALBUQUERQUE', 'congressional_code': '01', 'country_name': 'UNITED STATES', 'county_code': '001', 'county_name': 'BERNALILLO', 'location_country_code': 'USA', 'state_code': 'NM', 'state_name': 'New Mexico', 'zip4': '8123', 'zip5': '87110'}"
292028907,89243224FEM400021,SIGMA SCIENCE INC,NB31NPVJHRZ5,2024-09-26,125000.0,DELIVERY ORDER,Department of Energy,Department of Energy,Department of Energy,Department of Energy,541330,ENGINEERING SERVICES,R425,SUPPORT- PROFESSIONAL: ENGINEERING/TECHNICAL,NUCLEAR INDUSTRY ADVISORY AND ASSISTANCE SERVICES(A&AS)SUPPORT UNDER GSA CONTRACT 47QRAA18D005Q - TASK ORDER 16 - AIR COMPLIANCE SUBJECT MATTER EXPERT,"{'city_name': 'ALBUQUERQUE', 'congressional_code': '01', 'country_name': 'UNITED STATES', 'county_code': '001', 'county_name': 'BERNALILLO', 'location_country_code': 'USA', 'state_code': 'NM', 'state_name': 'New Mexico', 'zip4': '8123', 'zip5': '87110'}"
292028912,89243224FNE000037,ADVANCED MEASUREMENT TECHNOLOGY INC,HHJACBKXAWN6,2024-09-26,119121.0,BPA CALL,Department of Energy,Department of Energy,Department of Energy,Department of Energy,811219,OTHER ELECTRONIC AND PRECISION EQUIPMENT REPAIR AND MAINTENANCE,5860,"STIMULATED COHERENT RADIATION DEVICES, COMPONENTS, AND ACCESSORIES",THE PURCHASE OF ORTEC / AMETEK BRAND LABORATORY EQUIPMENT.,"{'city_name': 'IDAHO FALLS', 'congressional_code': '02', 'country_name': 'UNITED STATES', 'county_code': '019', 'county_name': 'BONNEVILLE', 'location_country_code': 'USA', 'state_code': 'ID', 'state_name': 'Idaho', 'zip4': '1563', 'zip5': '83401'}"
292028926,89243224FNE400148,SIGMA SCIENCE INC,NB31NPVJHRZ5,2024-09-26,115500.0,DELIVERY ORDER,Department of Energy,Department of Energy,Department of Energy,Department of Energy,541330,ENGINEERING SERVICES,R425,SUPPORT- PROFESSIONAL: ENGINEERING/TECHNICAL,NUCLEAR INDUSTRY ADVISORY AND ASSISTANCE SERVICES(A&AS)SUPPORT UNDER GSA CONTRACT 47QRAA18D005Q -- TASK ORDER 17 - NUCLEAR SAFETY SPECIALIST SUPPORTING NE-5,"{'city_name': 'ALBUQUERQUE', 'congressional_code': '01', 'country_name': 'UNITED STATES', 'county_code': '001', 'county_name': 'BERNALILLO', 'location_country_code': 'USA', 'state_code': 'NM', 'state_name': 'New Mexico', 'zip4': '8123', 'zip5': '87110'}"
292029454,89243320FFE400258,"GOLDBELT OPERATIONS SUPPORT SERVICES, LLC",VNHMD58JJHM7,2024-09-26,122641.0,DELIVERY ORDER,Department of Energy,Department of Energy,Department of Energy,Department of Energy,236220,COMMERCIAL AND INSTITUTIONAL BUILDING CONSTRUCTION,Z2JZ,REPAIR OR ALTERATION OF MISCELLANEOUS BUILDINGS,CENTER FOR DATA ANALYTICS AND MACHINE LEARNING (NETL B83 CDAML) PROJECT  MODIFICATION 022 - SUPPLEMENTAL AGREEMENT FOR WORK WITHIN SCOPE,"{'city_name': 'MORGANTOWN', 'congressional_code': '02', 'country_name': 'UNITED STATES', 'county_code': '061', 'county_name': 'MONONGALIA', 'location_country_code': 'USA', 'state_code': 'WV', 'state_name': 'West Virginia', 'zip4': '0880', 'zip5': '26507'}"
292029704,89243322CFE000070,"GARTEN SERVICES, INC.",EDEGZBJFM2Q5,2024-09-26,203250.0,DEFINITIVE CONTRACT,Department of Energy,Department of Energy,Department of Energy,Department of Energy,561720,JANITORIAL SERVICES,S216,HOUSEKEEPING- FACILITIES OPERATIONS SUPPORT,"JANITORIAL SERVICES FOR NETL ALBANY, OR SITE:   MODIFICATION 00009 - EXERCISE OPTION YEAR 2, DECREASE MONTHLY & YEARLY COST, DECREASE CONTRACT VALUE AND ADD INCREMENTAL FUNDING.","{'city_name': 'ALBANY', 'congressional_code': '05', 'country_name': 'UNITED STATES', 'county_code': '043', 'county_name': 'LINN', 'location_country_code': 'USA', 'state_code': 'OR', 'state_name': 'Oregon', 'zip4': '2778', 'zip5': '97321'}"
292029875,89243323CFE000074,KBC ENERGY SOLUTIONS LLC,JZBEGKLDQM68,2024-09-26,2538610.0,DEFINITIVE CONTRACT,Department of Energy,Department of Energy,Department of Energy,Department of Energy,541330,ENGINEERING SERVICES,R425,SUPPORT- PROFESSIONAL: ENGINEERING/TECHNICAL,BIL FUNDING MISSION EXECUTION SUPPORT SERVICES: FUNDING MODIFICATION (MODIFICATION P00060),"{'city_name': 'MORGANTOWN', 'congressional_code': '02', 'country_name': 'UNITED STATES', 'county_code': '061', 'county_name': 'MONONGALIA', 'location_country_code': 'USA', 'state_code': 'WV', 'state_name': 'West Virginia', 'zip4': '2738', 'zip5': '26505'}"
292029875,89243323CFE000074,KBC ENERGY SOLUTIONS LLC,JZBEGKLDQM68,2024-09-26,240000.0,DEFINITIVE CONTRACT,Department of Energy,Department of Energy,Department of Energy,Department of Energy,541330,ENGINEERING SERVICES,R425,SUPPORT- PROFESSIONAL: ENGINEERING/TECHNICAL,IRA FUNDING MISSION EXECUTION SUPPORT SERVICES: FUNDING MODIFICATION (MODIFICATION P00061),"{'city_name': 'MORGANTOWN', 'congressional_code': '02', 'country_name': 'UNITED STATES', 'county_code': '061', 'county_name': 'MONONGALIA', 'location_country_code': 'USA', 'state_code': 'WV', 'state_name': 'West Virginia', 'zip4': '2738', 'zip5': '26505'}"
292029875,89243323CFE000074,KBC ENERGY SOLUTIONS LLC,JZBEGKLDQM68,2024-09-26,1845988.0,DEFINITIVE CONTRACT,Department of Energy,Department of Energy,Department of Energy,Department of Energy,541330,ENGINEERING SERVICES,R425,SUPPORT- PROFESSIONAL: ENGINEERING/TECHNICAL,MISSION EXECUTION SUPPORT SERVICES: FUNDING MODIFICATION (MODIFICATION P00059),"{'city_name': 'MORGANTOWN', 'congressional_code': '02', 'country_name': 'UNITED STATES', 'county_code': '061', 'county_name': 'MONONGALIA', 'location_country_code': 'USA', 'state_code': 'WV', 'state_name': 'West Virginia', 'zip4': '2738', 'zip5': '26505'}"
292029876,89243323CFE000075,"KEYLOGIC, LLC",YSL4NDJMULJ1,2024-09-26,3450642.0,DEFINITIVE CONTRACT,Department of Energy,Department of Energy,Department of Energy,Department of Energy,541330,ENGINEERING SERVICES,R425,SUPPORT- PROFESSIONAL: ENGINEERING/TECHNICAL,STRATEGIC ANALYSIS SUPPORT SERVICES: FUNDING MODIFICATION (MODIFICATION P00054),"{'city_name': 'MORGANTOWN', 'congressional_code': '02', 'country_name': 'UNITED STATES', 'county_code': '061', 'county_name': 'MONONGALIA', 'location_country_code': 'USA', 'state_code': 'WV', 'state_name': 'West Virginia', 'zip4': '2738', 'zip5': '26505'}"
292029906,89243323FFE400466,"MAXIMUS FEDERAL TECHNOLOGY SOLUTIONS, LLC",RYMXZHTX4WP3,2024-09-26,634115.0,DELIVERY ORDER,Department of Energy,Department of Energy,Department of Energy,Department of Energy,541512,COMPUTER SYSTEMS DESIGN SERVICES,DF01,IT AND TELECOM - IT MANAGEMENT SUPPORT SERVICES (LABOR),INTERIM INFORMATION TECHNOLOGY SUPPORT SERVICES: FUNDING MODIFICATION (MODIFICATION P00026),"{'city_name': 'MORGANTOWN', 'congressional_code': '02', 'country_name': 'UNITED STATES', 'county_code': '061', 'county_name': 'MONONGALIA', 'location_country_code': 'USA', 'state_code': 'WV', 'state_name': 'West Virginia', 'zip4': '2353', 'zip5': '26501'}"
292029981,89243323PFE000608,"PHYSICAL ELECTRONICS USA, INC.",MFD1M8EGV4Y9,2024-09-26,0.0,PURCHASE ORDER,Department of Energy,Department of Energy,Department of Energy,Department of Energy,811210,ELECTRONIC AND PRECISION EQUIPMENT REPAIR AND MAINTENANCE,J066,MAINT/REPAIR/REBUILD OF EQUIPMENT- INSTRUMENTS AND LABORATORY EQUIPMENT,MAINTENANCE CONTRACT FOR VERSAPROBE III PHI 5000 SCANNING XPS MICROPROBE 0000002733 MODEL # PHI 5000 VERSAPROBE III SERIAL # III 64 X-RAY PHOTOELECTRON SPECTROMETER MICROPROBE MODIFICATION P00001 CLOSE OUT AWARD,"{'city_name': 'MORGANTOWN', 'congressional_code': '02', 'country_name': 'UNITED STATES', 'county_code': '061', 'county_name': 'MONONGALIA', 'location_country_code': 'USA', 'state_code': 'WV', 'state_name': 'West Virginia', 'zip4': '0800', 'zip5': '26507'}"
292029987,89243323PFE000616,"PFEIFFER VACUUM, INC.",GMCQZPPGSCV5,2024-09-26,0.0,PURCHASE ORDER,Department of Energy,Department of Energy,Department of Energy,Department of Energy,334513,"INSTRUMENTS AND RELATED PRODUCTS MANUFACTURING FOR MEASURING, DISPLAYING, AND CONTROLLING INDUSTRIAL PROCESS VARIABLES",6680,"LIQUID AND GAS FLOW, LIQUID LEVEL, AND MECHANICAL MOTION MEASURING INSTRUMENTS","GSD 350 O2C, OMNISTAR GAS ANALYSIS SYSTEM  CLOSEOUT","{'city_name': 'MORGANTOWN', 'congressional_code': '02', 'country_name': 'UNITED STATES', 'county_code': '061', 'county_name': 'MONONGALIA', 'location_country_code': 'USA', 'state_code': 'WV', 'state_name': 'West Virginia', 'zip4': '2353', 'zip5': '26505'}"
292030016,89243323PFE000656,GATAN INC,LB2BZV3NJ847,2024-09-26,0.0,PURCHASE ORDER,Department of Energy,Department of Energy,Department of Energy,Department of Energy,334516,ANALYTICAL LABORATORY INSTRUMENT MANUFACTURING,6640,LABORATORY EQUIPMENT AND SUPPLIES,ONE GATAN DIMPLE GRINDER II CLOSEOUT,"{'city_name': 'PLEASANTON', 'congressional_code': '14', 'country_name': 'UNITED STATES', 'county_code': '001', 'county_name': 'ALAMEDA', 'location_country_code': 'USA', 'state_code': 'CA', 'state_name': 'California', 'zip4': '4083', 'zip5': '94588'}"
292030146,89243324FFE400639,TRANSOURCE SERVICES CORP.,LG7SDLNKUQ27,2024-09-26,375750.0,DELIVERY ORDER,Department of Energy,Department of Energy,Department of Energy,Department of Energy,334111,ELECTRONIC COMPUTER MANUFACTURING,7E20,"IT AND TELECOM - END USER: HELP DESK;TIER 1-2,WORKSPACE,PRINT,OUTPUT,PRODUCTIVITY TOOLS (HW/PERP SW)",GPP FUNDS HP G11 LAPTOPS AND ASSOCIATED NOTEBOOK SERVICE,"{'city_name': 'MORGANTOWN', 'congressional_code': '02', 'country_name': 'UNITED STATES', 'county_code': '061', 'county_name': 'MONONGALIA', 'location_country_code': 'USA', 'state_code': 'WV', 'state_name': 'West Virginia', 'zip4': '2353', 'zip5': '26505'}"
292030152,89243324PFE000691,OREGON DEPARTMENT OF ENVIRONMENTAL QUALITY,LN8JGXELC1S7,2024-09-26,33100.0,PURCHASE ORDER,Department of Energy,Department of Energy,Department of Energy,Department of Energy,924110,ADMINISTRATION OF AIR AND WATER RESOURCE AND SOLID WASTE MANAGEMENT PROGRAMS,B510,SPECIAL STUDIES/ANALYSIS- ENVIRONMENTAL ASSESSMENTS,ENVIRONMENTAL AND CONSULTATION SERVICES FOR NETL ALBANY SITE  MOD 00002: THE PURPOSE OF THIS MODIFICATION IS TO EXERCISE AND FULLY FUND OPTION YEAR 1.,"{'city_name': 'ALBANY', 'congressional_code': '05', 'country_name': 'UNITED STATES', 'county_code': '043', 'county_name': 'LINN', 'location_country_code': 'USA', 'state_code': 'OR', 'state_name': 'Oregon', 'zip4': '2262', 'zip5': '97321'}"
292030183,89243324PFE000731,"BIO-LOGIC USA, LLC",QXMNPGPXF2W6,2024-09-26,0.0,PURCHASE ORDER,Department of Energy,Department of Energy,Department of Energy,Department of Energy,334516,ANALYTICAL LABORATORY INSTRUMENT MANUFACTURING,6640,LABORATORY EQUIPMENT AND SUPPLIES,SCANNING ELECTROCHEMICAL MICROSCOPE COMPONENTS/PARTS. MODIFICATION P00001 CLOSE OUT AWARD,"{'city_name': 'KNOXVILLE', 'congressional_code': '02', 'country_name': 'UNITED STATES', 'county_code': '093', 'county_name': 'KNOX', 'location_country_code': 'USA', 'state_code': 'TN', 'state_name': 'Tennessee', 'zip4': '4634', 'zip5': '37923'}"
292030235,89243324PFE000802,ALLIUM US HOLDING LLC,CUX7BNW8J445,2024-09-26,62800.0,PURCHASE ORDER,Department of Energy,Department of Energy,Department of Energy,Department of Energy,541611,ADMINISTRATIVE MANAGEMENT AND GENERAL MANAGEMENT CONSULTING SERVICES,H376,"INSPECTION- BOOKS, MAPS, AND OTHER PUBLICATIONS",NETL ONE-YEAR CONSENSUS STANDARDS SUBSCRIPTIONS FROM ACCURIS (10/01/2024 - 09/30/2025) PER ATTACHED LICENSED STANDARDS LIST.,"{'city_name': 'MORGANTOWN', 'congressional_code': '02', 'country_name': 'UNITED STATES', 'county_code': '061', 'county_name': 'MONONGALIA', 'location_country_code': 'USA', 'state_code': 'WV', 'state_name': 'West Virginia', 'zip4': '4403', 'zip5': '26505'}"
292030243,89243324PFE000811,LINSEIS INC,UMJGJH9LHZC5,2024-09-26,73823.0,PURCHASE ORDER,Department of Energy,Department of Energy,Department of Energy,Department of Energy,334516,ANALYTICAL LABORATORY INSTRUMENT MANUFACTURING,6640,LABORATORY EQUIPMENT AND SUPPLIES,IRA FUNDING SIMULTANEOUS THERMAL ANALYZER,"{'city_name': 'ROBBINSVILLE', 'congressional_code': '03', 'country_name': 'UNITED STATES', 'county_code': '021', 'county_name': 'MERCER', 'location_country_code': 'USA', 'state_code': 'NJ', 'state_name': 'New Jersey', 'zip4': '4120', 'zip5': '08691'}"
292030637,89243420FEE000132,ACCENTURE FEDERAL SERVICES LLC,C47BNA8GM833,2024-09-26,-4217.7,BPA CALL,Department of Energy,Department of Energy,Department of Energy,Department of Energy,541512,COMPUTER SYSTEMS DESIGN SERVICES,D318,"IT AND TELECOM- INTEGRATED HARDWARE/SOFTWARE/SERVICES SOLUTIONS, PREDOMINANTLY SERVICES",ORDER FOR THE DOE EERE CIO BUSINESS OPERATIONS SUPPORT SERVICES (CBOSS) FOR THE OFFICE OF STRATEGIC PROGRAM (OSP) OPERATIONS SUPPORT   MOD P00013 - FINAL DE-OBLIGATION AND CLOSE OUT.,"{'city_name': 'WASHINGTON', 'congressional_code': '98', 'country_name': 'UNITED STATES', 'county_code': '001', 'county_name': 'DISTRICT OF COLUMBIA', 'location_country_code': 'USA', 'state_code': 'DC', 'state_name': 'District Of Columbia', 'zip4': '0110', 'zip5': '20585'}"
292031051,89243424FEE000368,ENERGY TECHNOLOGY ALLIANCE LLC,WDTLX4NKRKC8,2024-09-26,935562.0,BPA CALL,Department of Energy,Department of Energy,Department of Energy,Department of Energy,562910,REMEDIATION SERVICES,R425,SUPPORT- PROFESSIONAL: ENGINEERING/TECHNICAL,"SCIENTIFIC, ENGINEERING AND TECHNICAL SUPPORT SETS ADVANCED MATERIALS AND MANUFACTURING TECHNOLOGIES OFFICE AMMTO-MOD P00006- 6 MONTH EXTENSION","{'city_name': 'BEND', 'congressional_code': '05', 'country_name': 'UNITED STATES', 'county_code': '017', 'county_name': 'DESCHUTES', 'location_country_code': 'USA', 'state_code': 'OR', 'state_name': 'Oregon', 'zip4': '2762', 'zip5': '97703'}"
292031052,89243424FEE000369,ENERGY TECHNOLOGY ALLIANCE LLC,WDTLX4NKRKC8,2024-09-26,15260.68,BPA CALL,Department of Energy,Department of Energy,Department of Energy,Department of Energy,562910,REMEDIATION SERVICES,R425,SUPPORT- PROFESSIONAL: ENGINEERING/TECHNICAL,SCIENTIFIC ENGINEERING AND TECHNICAL SUPPORT SETS DIRECTORS OFFICE AT THE GOLDEN FIELD OFFICE GFO-P00003- 6 MONTH EXTENSION,"{'city_name': 'BEND', 'congressional_code': '05', 'country_name': 'UNITED STATES', 'county_code': '017', 'county_name': 'DESCHUTES', 'location_country_code': 'USA', 'state_code': 'OR', 'state_name': 'Oregon', 'zip4': '2762', 'zip5': '97703'}"
292031062,89243424FEE000380,ENERGY TECHNOLOGY ALLIANCE LLC,WDTLX4NKRKC8,2024-09-26,954424.0,BPA CALL,Department of Energy,Department of Energy,Department of Energy,Department of Energy,562910,REMEDIATION SERVICES,R425,SUPPORT- PROFESSIONAL: ENGINEERING/TECHNICAL,"SCIENTIFIC, ENGINEERING AND TECHNICAL SUPPORT (SETS) OFFICE OF INDIAN ENERGY POLICY AND PROGRAMS (OFFICE OF INDIAN ENERGY)-MOD P00004- 6 MONTH EXTENSION.","{'city_name': 'BEND', 'congressional_code': '05', 'country_name': 'UNITED STATES', 'county_code': '017', 'county_name': 'DESCHUTES', 'location_country_code': 'USA', 'state_code': 'OR', 'state_name': 'Oregon', 'zip4': '2762', 'zip5': '97703'}"
292031064,89243424FEE000384,ENERGY TECHNOLOGY ALLIANCE LLC,WDTLX4NKRKC8,2024-09-26,133651.5,BPA CALL,Department of Energy,Department of Energy,Department of Energy,Department of Energy,562910,REMEDIATION SERVICES,R425,SUPPORT- PROFESSIONAL: ENGINEERING/TECHNICAL,"SCIENTIFIC, ENGINEERING AND TECHNICAL SUPPORT (SETS) FOR THE DEPARTMENT OF ENERGY (DOE) OFFICE OF ENERGY EFFICIENCY AND RENEWABLE ENERGY (EERE) GOLDEN FIELD OFFICE (GFO) ENVIRONMENT, SAFETY AND HEALTH OFFICE (ESHO)","{'city_name': 'GOLDEN', 'congressional_code': '07', 'country_name': 'UNITED STATES', 'county_code': '059', 'county_name': 'JEFFERSON', 'location_country_code': 'USA', 'state_code': 'CO', 'state_name': 'Colorado', 'zip4': '3017', 'zip5': '80401'}"
292031071,89243424FEE000398,ENERGY TECHNOLOGY ALLIANCE LLC,WDTLX4NKRKC8,2024-09-26,229225.87,BPA CALL,Department of Energy,Department of Energy,Department of Energy,Department of Energy,562910,REMEDIATION SERVICES,R425,SUPPORT- PROFESSIONAL: ENGINEERING/TECHNICAL,"SCIENTIFIC, ENGINEERING AND TECHNICAL SUPPORT (SETS) FOR WATER POWER TECHNOLOGIES OFFICE - 6-MONTH EXTENSION TO BASE YEAR.","{'city_name': 'GOLDEN', 'congressional_code': '07', 'country_name': 'UNITED STATES', 'county_code': '059', 'county_name': 'JEFFERSON', 'location_country_code': 'USA', 'state_code': 'CO', 'state_name': 'Colorado', 'zip4': '1788', 'zip5': '80401'}"
292031087,89243424FEE000419,THE BUILDING PEOPLE LLC,H294NPGNMEB5,2024-09-26,949923.59,BPA CALL,Department of Energy,Department of Energy,Department of Energy,Department of Energy,561210,FACILITIES SUPPORT SERVICES,R699,SUPPORT- ADMINISTRATIVE: OTHER,MODIFICATION TO INCREASE WORK AND EXTEND THE ORDER FOR 6 MONTHS.,"{'city_name': 'GOLDEN', 'congressional_code': '07', 'country_name': 'UNITED STATES', 'county_code': '059', 'county_name': 'JEFFERSON', 'location_country_code': 'USA', 'state_code': 'CO', 'state_name': 'Colorado', 'zip4': '2370', 'zip5': '80401'}"
292031135,89243424FEE000470,THE BUILDING PEOPLE LLC,H294NPGNMEB5,2024-09-26,104832.8,BPA CALL,Department of Energy,Department of Energy,Department of Energy,Department of Energy,561210,FACILITIES SUPPORT SERVICES,R699,SUPPORT- ADMINISTRATIVE: OTHER,BUSINESS ADMINISTRATION SUPPORT SERVICES FOR THE FINANCIAL AID OFFICE PROVISION 50131 ASSISTANCE FOR LATEST AND ZERO BUILDING ENERGY CODE ADOPTION,"{'city_name': 'GOLDEN', 'congressional_code': '07', 'country_name': 'UNITED STATES', 'county_code': '059', 'county_name': 'JEFFERSON', 'location_country_code': 'USA', 'state_code': 'CO', 'state_name': 'Colorado', 'zip4': '3017', 'zip5': '80401'}"
292031376,89243521FFE400141,VALI COOPER INTERNATIONAL LLC,HA5TVYB3QE98,2024-09-26,0.0,DELIVERY ORDER,Department of Energy,Department of Energy,Department of Energy,Department of Energy,541330,ENGINEERING SERVICES,C219,ARCHITECT AND ENGINEERING- GENERAL: OTHER,"ARCHITECT-ENGINEER SERVICES FOR THE SPRPMO - TASK ORDER FOR TITLE III SERVICES FOR BM-MM-674, BM-MM-674A, BM-MM-674B SITE BLDG UPGRADES (PHASE 3) - EXTEND POP.","{'city_name': 'NEW ORLEANS', 'congressional_code': '02', 'country_name': 'UNITED STATES', 'county_code': '051', 'county_name': 'JEFFERSON', 'location_country_code': 'USA', 'state_code': 'LA', 'state_name': 'Louisiana', 'zip4': '1709', 'zip5': '70123'}"
292031399,89243522FFE400161,VALI COOPER INTERNATIONAL LLC,HA5TVYB3QE98,2024-09-26,-30074.23,DELIVERY ORDER,Department of Energy,Department of Energy,Department of Energy,Department of Energy,541330,ENGINEERING SERVICES,C219,ARCHITECT AND ENGINEERING- GENERAL: OTHER,ARCHITECT-ENGINEER SERVICES FOR THE SPRPMO - TASK ORDER FOR TITLE III SERVICES FOR BH-MM-670 - SITE BUILDING UPGRADES (PHASE 2) (E2P2). DEOBLIGATE EXCESS FUNDS,"{'city_name': 'NEW ORLEANS', 'congressional_code': '02', 'country_name': 'UNITED STATES', 'county_code': '051', 'county_name': 'JEFFERSON', 'location_country_code': 'USA', 'state_code': 'LA', 'state_name': 'Louisiana', 'zip4': '1709', 'zip5': '70123'}"
292031437,89243523FCR400021,VALI COOPER INTERNATIONAL LLC,HA5TVYB3QE98,2024-09-26,63105.55,DELIVERY ORDER,Department of Energy,Department of Energy,Department of Energy,Department of Energy,541330,ENGINEERING SERVICES,C219,ARCHITECT AND ENGINEERING- GENERAL: OTHER,ARCHITECT-ENGINEER SERVICES FOR THE SPRPMO - WH-OM-2090A - TASK ORDER FOR TITLE I AND II SERVICES FOR REPAIRS TO BUILDINGS 303 & 308 (HURRICANE LAURA). ADD TITLE III SERVICES TO SCOPE,"{'city_name': 'NEW ORLEANS', 'congressional_code': '02', 'country_name': 'UNITED STATES', 'county_code': '051', 'county_name': 'JEFFERSON', 'location_country_code': 'USA', 'state_code': 'LA', 'state_name': 'Louisiana', 'zip4': '1709', 'zip5': '70123'}"
292031458,89243524FCR400037,"MINBURN TECHNOLOGY GROUP, LLC",WN8JFVZTBCA5,2024-09-26,91854.0,DELIVERY ORDER,Department of Energy,Department of Energy,Department of Energy,Department of Energy,541519,OTHER COMPUTER RELATED SERVICES,7A21,IT AND TELECOM - BUSINESS APPLICATION SOFTWARE (PERPETUAL LICENSE SOFTWARE),"STRATEGIC PETROLEUM RESERVE MICROSOFT LICENSING - MODIFICATION TO ADD MICROSOFT UNIFIED SUPPORT, PART NO. MS-UC-DOE-SPR-Y1 (CLIN A048020)","{'city_name': 'NEW ORLEANS', 'congressional_code': '01', 'country_name': 'UNITED STATES', 'county_code': '051', 'county_name': 'JEFFERSON', 'location_country_code': 'USA', 'state_code': 'LA', 'state_name': 'Louisiana', 'zip4': '3406', 'zip5': '70123'}"
292031505,89243624FCD000017,"BUSINESS MANAGEMENT RESEARCH ASSOCIATES, INC.",TBSYN5HETPN5,2024-09-26,91455.32,BPA CALL,Department of Energy,Department of Energy,Department of Energy,Department of Energy,323117,BOOKS PRINTING,U001,EDUCATION/TRAINING- LECTURES,TO EXERCISE OPTION PERIOD ONE TECHNICAL PROJECT OFFICER TRAINING LEVEL ONE AND TWO,"{'city_name': 'WASHINGTON', 'congressional_code': '98', 'country_name': 'UNITED STATES', 'county_code': '001', 'county_name': 'DISTRICT OF COLUMBIA', 'location_country_code': 'USA', 'state_code': 'DC', 'state_name': 'District Of Columbia', 'zip4': '0102', 'zip5': '20585'}"
292033319,89303019FMA400201,"LONGENECKER & ASSOCIATES, LLC",GNXLRLFDCYJ7,2024-09-26,35000.0,DELIVERY ORDER,Department of Energy,Department of Energy,Department of Energy,Department of Energy,541330,ENGINEERING SERVICES,R499,SUPPORT- PROFESSIONAL: OTHER,ADMINISTRATIVE ACTION,"{'city_name': 'WASHINGTON', 'congressional_code': '98', 'country_name': 'UNITED STATES', 'county_code': '001', 'county_name': 'DISTRICT OF COLUMBIA', 'location_country_code': 'USA', 'state_code': 'DC', 'state_name': 'District Of Columbia', 'zip4': '0610', 'zip5': '20585'}"
292033324,89303019FMA400210,"MOCA SYSTEMS, INC",NL44K66RND13,2024-09-26,45000.0,DELIVERY ORDER,Department of Energy,Department of Energy,Department of Energy,Department of Energy,541611,ADMINISTRATIVE MANAGEMENT AND GENERAL MANAGEMENT CONSULTING SERVICES,R499,SUPPORT- PROFESSIONAL: OTHER,ADMINISTRATIVE ACTION,"{'city_name': 'WASHINGTON', 'congressional_code': '98', 'country_name': 'UNITED STATES', 'county_code': '001', 'county_name': 'DISTRICT OF COLUMBIA', 'location_country_code': 'USA', 'state_code': 'DC', 'state_name': 'District Of Columbia', 'zip4': '0610', 'zip5': '20585'}"
292033325,89303019FMA400211,"TECHSOURCE, LLC",DSDEKJ6JRLA7,2024-09-26,305000.0,DELIVERY ORDER,Department of Energy,Department of Energy,Department of Energy,Department of Energy,541330,ENGINEERING SERVICES,R499,SUPPORT- PROFESSIONAL: OTHER,ADMINISTRATIVE ACTION,"{'city_name': 'WASHINGTON', 'congressional_code': '98', 'country_name': 'UNITED STATES', 'county_code': '001', 'county_name': 'DISTRICT OF COLUMBIA', 'location_country_code': 'USA', 'state_code': 'DC', 'state_name': 'District Of Columbia', 'zip4': '0610', 'zip5': '20585'}"
292033326,89303019FMA400212,TECHNOMICS INC,LU9TXLBPMQD7,2024-09-26,15000.0,DELIVERY ORDER,Department of Energy,Department of Energy,Department of Energy,Department of Energy,541330,ENGINEERING SERVICES,R499,SUPPORT- PROFESSIONAL: OTHER,ADMINISTRATIVE ACTION,"{'city_name': 'WASHINGTON', 'congressional_code': '98', 'country_name': 'UNITED STATES', 'county_code': '001', 'county_name': 'DISTRICT OF COLUMBIA', 'location_country_code': 'USA', 'state_code': 'DC', 'state_name': 'District Of Columbia', 'zip4': '0610', 'zip5': '20585'}"
292033528,89303020FCF000012,"GENERAL DYNAMICS INFORMATION TECHNOLOGY, INC.",SMNWM6HN79X5,2024-09-26,109055.6,BPA CALL,Department of Energy,Department of Energy,Department of Energy,Department of Energy,541519,OTHER COMPUTER RELATED SERVICES,D308,IT AND TELECOM- PROGRAMMING,"THE CONTRACTOR SHALL PROVIDE CYBER-SECURITY SUPPORT, AS REQUIRED AND DIRECTED BY THE FEDERAL PROJECT MANAGER, IN THE OPERATIONS AND MAINTENANCE (O&M) OF THE CORPORATE BUSINESS SYSTEMS (CBS) APPLICATIONS.  IN ADDITION, THE CONTRACTOR SHALL PROVI","{'city_name': 'FALLS CHURCH', 'congressional_code': '08', 'country_name': 'UNITED STATES', 'county_code': '059', 'county_name': 'FAIRFAX', 'location_country_code': 'USA', 'state_code': 'VA', 'state_name': 'Virginia', 'zip4': '4504', 'zip5': '22042'}"
292033533,89303020FCF000017,"E.F. KEARNEY, LIMITED",MLHSFLX3M151,2024-09-26,0.0,BPA CALL,Department of Energy,Department of Energy,Department of Energy,Department of Energy,541611,ADMINISTRATIVE MANAGEMENT AND GENERAL MANAGEMENT CONSULTING SERVICES,R499,SUPPORT- PROFESSIONAL: OTHER,"THE PURPOSE OF THIS MODIFICATION IS TO CORRECT THE FUNDING CODE ON A LINE ACCOUNTING ($132,421.51) ASSOCIATED WITH CLIN 40001. THE FUNDING CODE IS CHANGED FROM 05519 TO 05517","{'city_name': 'WASHINGTON', 'congressional_code': '98', 'country_name': 'UNITED STATES', 'county_code': '001', 'county_name': 'DISTRICT OF COLUMBIA', 'location_country_code': 'USA', 'state_code': 'DC', 'state_name': 'District Of Columbia', 'zip4': '0102', 'zip5': '20585'}"
292033948,89303020PMA000188,PEELE INC,JVDMSLG42481,2024-09-26,15202.0,PURCHASE ORDER,Department of Energy,Department of Energy,Department of Energy,Department of Energy,561790,OTHER SERVICES TO BUILDINGS AND DWELLINGS,Z1AA,MAINTENANCE OF OFFICE BUILDINGS,GERMANTOWN WINDOW CLEANING CONTRACT,"{'city_name': 'WASHINGTON', 'congressional_code': '98', 'country_name': 'UNITED STATES', 'county_code': '001', 'county_name': 'DISTRICT OF COLUMBIA', 'location_country_code': 'USA', 'state_code': 'DC', 'state_name': 'District Of Columbia', 'zip4': '0002', 'zip5': '20002'}"
292033981,89303021CLP000012,"POLITICO, LLC",T8JGE1LE8933,2024-09-26,0.0,DEFINITIVE CONTRACT,Department of Energy,Department of Energy,Department of Energy,Department of Energy,511110,NEWSPAPER PUBLISHERS,7630,NEWSPAPERS AND PERIODICALS,CORRECT MATHEMATICAL ERROR IN MODIFICATION P00003.,"{'city_name': 'WASHINGTON', 'congressional_code': '98', 'country_name': 'UNITED STATES', 'county_code': '001', 'county_name': 'DISTRICT OF COLUMBIA', 'location_country_code': 'USA', 'state_code': 'DC', 'state_name': 'District Of Columbia', 'zip4': '0001', 'zip5': '20585'}"
292034141,89303021FLP400022,"SKADDEN, ARPS, SLATE, MEAGHER & FLOM LLP",UTZBGKZUJS43,2024-09-26,0.0,DELIVERY ORDER,Department of Energy,Department of Energy,Department of Energy,Department of Energy,541110,OFFICES OF LAWYERS,R418,SUPPORT- PROFESSIONAL: LEGAL,"THE PURPOSE FOR THIS MODIFICATION IS TO EXERCISE OPTION 3 SEPTEMBER 30, 2024 TO SEPTEMBER 29, 2025.   PROGRAMMATIC LEGAL SERVICES INCLUDING RECURRING/NON-RECURRING LEGAL COUNSEL AND ADVICE TO ADDRESS QUESTIONS AND ISSUES REGARDING THE STATUTORY, LE","{'city_name': 'WASHINGTON', 'congressional_code': '98', 'country_name': 'UNITED STATES', 'county_code': '001', 'county_name': 'DISTRICT OF COLUMBIA', 'location_country_code': 'USA', 'state_code': 'DC', 'state_name': 'District Of Columbia', 'zip4': '0001', 'zip5': '20585'}"
292034428,89303022FAI400002,"CHICKASAW STRATEGIC POINTE, LLC",NQQJBJ3BBS28,2024-09-26,-195326.01,DELIVERY ORDER,Department of Energy,Department of Energy,Department of Energy,Department of Energy,541611,ADMINISTRATIVE MANAGEMENT AND GENERAL MANAGEMENT CONSULTING SERVICES,R799,SUPPORT- MANAGEMENT: OTHER,MODIFICATION P00020 REMOVES ALL WORK/SCOPE/REQUIREMENTS RELATED TO THE ARTIFICIAL INTELLIGENCE AND TECHNOLOGY OFFICE (AITO) FROM THIS ORDER ENTIRELY. ALL REMAINING FUNDS RELATED TO AITO HAVE BEEN REMOVED WITH THIS MODIFICATION.,"{'city_name': 'WASHINGTON', 'congressional_code': '98', 'country_name': 'UNITED STATES', 'county_code': '001', 'county_name': 'DISTRICT OF COLUMBIA', 'location_country_code': 'USA', 'state_code': 'DC', 'state_name': 'District Of Columbia', 'zip4': '0102', 'zip5': '20585'}"
292034439,89303022FCF000026,ACQUISITION RESEARCH & LOGISTICS INC,PFUAD7EGQCB5,2024-09-26,142033.5,BPA CALL,Department of Energy,Department of Energy,Department of Energy,Department of Energy,541611,ADMINISTRATIVE MANAGEMENT AND GENERAL MANAGEMENT CONSULTING SERVICES,R699,SUPPORT- ADMINISTRATIVE: OTHER,"THE CONTRACTOR WILL PROVIDE SPECIALIZED MANAGEMENT CONSULTING, ADMINISTRATIVE AND TECHNICAL EXPERTISE IN SUPPORT OF THE CORPORATE BUSINESS SYSTEMS (CBS) PROGRAM AND THE OCFOS RELATED STRATEGIC GOALS OBJECTIVES AND PRIORITIES","{'city_name': 'WASHINGTON', 'congressional_code': '98', 'country_name': 'UNITED STATES', 'county_code': '001', 'county_name': 'DISTRICT OF COLUMBIA', 'location_country_code': 'USA', 'state_code': 'DC', 'state_name': 'District Of Columbia', 'zip4': '0002', 'zip5': '20585'}"
292034728,89303022FNE400004,ENERGY RESOURCES INTERNATIONAL INC,EN55VE69BC69,2024-09-26,-40902.63,DELIVERY ORDER,Department of Energy,Department of Energy,Department of Energy,Department of Energy,541611,ADMINISTRATIVE MANAGEMENT AND GENERAL MANAGEMENT CONSULTING SERVICES,B543,SPECIAL STUDIES/ANALYSIS- ENERGY,NUCLEAR FUELS SERVICES - EXERCISE OPTION YEAR 1- THE PURPOSE OF THIS MODIFICATION IS TO CANCEL OUT P00001 AS IT WAS DONE AS AFE.,"{'city_name': 'WASHINGTON', 'congressional_code': '98', 'country_name': 'UNITED STATES', 'county_code': '001', 'county_name': 'DISTRICT OF COLUMBIA', 'location_country_code': 'USA', 'state_code': 'DC', 'state_name': 'District Of Columbia', 'zip4': '2509', 'zip5': '20012'}"
292034840,89303023CLP000050,"DEVELOPMENT CAPITAL & FINANCING, LLC",YLNNHKYDJZT3,2024-09-26,0.0,DEFINITIVE CONTRACT,Department of Energy,Department of Energy,Department of Energy,Department of Energy,541618,OTHER MANAGEMENT CONSULTING SERVICES,R408,SUPPORT- PROFESSIONAL: PROGRAM MANAGEMENT/SUPPORT,FINANCIAL ADVISORY SUPPORT SERVICES,"{'city_name': 'WASHINGTON', 'congressional_code': '98', 'country_name': 'UNITED STATES', 'county_code': '001', 'county_name': 'DISTRICT OF COLUMBIA', 'location_country_code': 'USA', 'state_code': 'DC', 'state_name': 'District Of Columbia', 'zip4': '0102', 'zip5': '20585'}"
292034853,89303023CLP000069,NEXANTECA LLC,X7VKGBSZ93L7,2024-09-26,0.0,DEFINITIVE CONTRACT,Department of Energy,Department of Energy,Department of Energy,Department of Energy,541330,ENGINEERING SERVICES,R699,SUPPORT- ADMINISTRATIVE: OTHER,INDEPENDENT ENGINEERING ADVISORY SERVICES FOR THE LIVE OAK PROJECT,"{'city_name': 'WHITE PLAINS', 'congressional_code': '16', 'country_name': 'UNITED STATES', 'county_code': '119', 'county_name': 'WESTCHESTER', 'location_country_code': 'USA', 'state_code': 'NY', 'state_name': 'New York', 'zip4': '4425', 'zip5': '10601'}"
292035308,89303024CCR000008,ELLOS GLOBAL LLC,DVBZMCJYDEP7,2024-09-26,0.0,DEFINITIVE CONTRACT,Department of Energy,Department of Energy,Department of Energy,Department of Energy,541611,ADMINISTRATIVE MANAGEMENT AND GENERAL MANAGEMENT CONSULTING SERVICES,R699,SUPPORT- ADMINISTRATIVE: OTHER,"1) REVISE CLINS 00001, 00003, 00004, AND 00008, TO INCLUDE BOTH SENIOR AND MID-LEVEL EAS. 2) REVISE TRAVEL CLIN 00002 TO INCLUDE ODC, 3) INCORPORATE CURRENT CO.","{'city_name': 'WASHINGTON', 'congressional_code': '98', 'country_name': 'UNITED STATES', 'county_code': '001', 'county_name': 'DISTRICT OF COLUMBIA', 'location_country_code': 'USA', 'state_code': 'DC', 'state_name': 'District Of Columbia', 'zip4': '0102', 'zip5': '20585'}"
292035409,89303024FET000017,"MAXIMUS FEDERAL SERVICES, INC.",TREKW6J3QSF5,2024-09-26,500000.0,BPA CALL,Department of Energy,Department of Energy,Department of Energy,Department of Energy,561422,TELEMARKETING BUREAUS AND OTHER CONTACT CENTERS,7E20,"IT AND TELECOM - END USER: HELP DESK;TIER 1-2,WORKSPACE,PRINT,OUTPUT,PRODUCTIVITY TOOLS (HW/PERP SW)","CALL ORDER FOR BUSINESS REQUIREMENTS UNDER THE MAXIMUS FEDERAL SERVICES, INC BPA 89303024AET00003.","{'city_name': 'WASHINGTON', 'congressional_code': '98', 'country_name': 'UNITED STATES', 'county_code': '001', 'county_name': 'DISTRICT OF COLUMBIA', 'location_country_code': 'USA', 'state_code': 'DC', 'state_name': 'District Of Columbia', 'zip4': '0102', 'zip5': '20585'}"
292035447,89303024FIM000130,ACCENTURE FEDERAL SERVICES LLC,C47BNA8GM833,2024-09-26,-76423.22,BPA CALL,Department of Energy,Department of Energy,Department of Energy,Department of Energy,541512,COMPUTER SYSTEMS DESIGN SERVICES,DA01,IT AND TELECOM - BUSINESS APPLICATION/APPLICATION DEVELOPMENT SUPPORT SERVICES (LABOR),"THE PURPOSE OF THIS TASK ORDER IS TO EMPLOY THE PROFESSIONAL SERVICES OF ACCENTURE FEDERAL SERVICES, LLC TO PROVIDE A FULL RANGE OF INFORMATION TECHNOLOGY (IT) SERVICES, INCLUDING THOSE TO DEVELOP AND MAINTAIN MISSION CRITICAL SYSTEMS AND UNDERLYING","{'city_name': 'WASHINGTON', 'congressional_code': '98', 'country_name': 'UNITED STATES', 'county_code': '001', 'county_name': 'DISTRICT OF COLUMBIA', 'location_country_code': 'USA', 'state_code': 'DC', 'state_name': 'District Of Columbia', 'zip4': '0106', 'zip5': '20585'}"
292035509,89303024FMA000581,ARGUS SERVICES INC,CK9WP3X6GR34,2024-09-26,35571.42,BPA CALL,Department of Energy,Department of Energy,Department of Energy,Department of Energy,236220,COMMERCIAL AND INSTITUTIONAL BUILDING CONSTRUCTION,C1EB,ARCHITECT AND ENGINEERING- CONSTRUCTION: MAINTENANCE BUILDINGS,"REPLACE EXISTING LIGHT FIXTURES WITH NEW LIGHT FIXTURES WITH THE ABILITY TO REPLACE LED BULBS FOR DEPARTMENT OF ENERGY, JAMES FORRESTAL BUILDING","{'city_name': 'WASHINGTON', 'congressional_code': '98', 'country_name': 'UNITED STATES', 'county_code': '001', 'county_name': 'DISTRICT OF COLUMBIA', 'location_country_code': 'USA', 'state_code': 'DC', 'state_name': 'District Of Columbia', 'zip4': '0610', 'zip5': '20585'}"
292035510,89303024FMA000582,ITM4G LLC,WTCRGVAQA269,2024-09-26,14205.7,BPA CALL,Department of Energy,Department of Energy,Department of Energy,Department of Energy,238330,FLOORING CONTRACTORS,S214,HOUSEKEEPING- CARPET LAYING/CLEANING,"FOR MULTIPLE CARPET LABOR JOBS AT MULTIPLE LOCATIONS IN THE FORRESTAL AND GERMANTOWN FACILITIES FOR JERRY VANN OF MA, PER CONTRACT NUMBER 89303021AMA000028.","{'city_name': 'WASHINGTON', 'congressional_code': '98', 'country_name': 'UNITED STATES', 'county_code': '001', 'county_name': 'DISTRICT OF COLUMBIA', 'location_country_code': 'USA', 'state_code': 'DC', 'state_name': 'District Of Columbia', 'zip4': '0102', 'zip5': '20585'}"
292035621,89303024FMA400917,HUGH AND ASSOCIATES INC,XK7UZVG6PCQ1,2024-09-26,30207.97,DELIVERY ORDER,Department of Energy,Department of Energy,Department of Energy,Department of Energy,236220,COMMERCIAL AND INSTITUTIONAL BUILDING CONSTRUCTION,C1AZ,ARCHITECT AND ENGINEERING- CONSTRUCTION: OTHER ADMINISTRATIVE FACILITIES/SERVICE BUILDINGS,REQUISITION SUBMITTED FOR CONSTRUCTION/ALTERATION SERVICES  TO RENOVATE CR 1E-278 PER APPROVED SCOPE OF WORK AND SUPPORTING DRAWINGS# 3009.,"{'city_name': 'WASHINGTON', 'congressional_code': '98', 'country_name': 'UNITED STATES', 'county_code': '001', 'county_name': 'DISTRICT OF COLUMBIA', 'location_country_code': 'USA', 'state_code': 'DC', 'state_name': 'District Of Columbia', 'zip4': '0102', 'zip5': '20585'}"
292035649,89303024FOP400008,"ONLOCATION, INC",NHHYKK9THCN7,2024-09-26,120000.0,DELIVERY ORDER,Department of Energy,Department of Energy,Department of Energy,Department of Energy,541611,ADMINISTRATIVE MANAGEMENT AND GENERAL MANAGEMENT CONSULTING SERVICES,R406,SUPPORT- PROFESSIONAL: POLICY REVIEW/DEVELOPMENT,"IN ACCORDANCE WITH THE GSA CONTRACT GS10F0126U AND THE DEPARTMENT OF ENERGY (DOE) TERMS AND CONDITIONS OF THE ESTABLISHED CONTRACT, THE (DOE) OFFICE OF POLICY REQUIRES CONTRACTOR SUPPORT TO PROVIDE ANALYSIS FROM SPECIFIC VERSIONS OF THE NATIONAL ENER","{'city_name': 'WASHINGTON', 'congressional_code': '98', 'country_name': 'UNITED STATES', 'county_code': '001', 'county_name': 'DISTRICT OF COLUMBIA', 'location_country_code': 'USA', 'state_code': 'DC', 'state_name': 'District Of Columbia', 'zip4': '0102', 'zip5': '20585'}"
292036369,89303124FEM400405,"CTG FEDERAL, LLC",G2D4Q7UKR5P5,2024-09-26,451900.0,DELIVERY ORDER,Department of Energy,Department of Energy,Department of Energy,Department of Energy,541519,OTHER COMPUTER RELATED SERVICES,7A20,IT AND TELECOM - APPLICATION DEVELOPMENT SOFTWARE (PERPETUAL LICENSE SOFTWARE),INFORMATION TECHNOLOGY PURCHASE FOR PORTSMOUTH PADUCAH PROJECT OFFICE NSS HARDWARE REFRESH,"{'city_name': 'LEXINGTON', 'congressional_code': '06', 'country_name': 'UNITED STATES', 'county_code': '067', 'county_name': 'FAYETTE', 'location_country_code': 'USA', 'state_code': 'KY', 'state_name': 'Kentucky', 'zip4': '0907', 'zip5': '40513'}"
292036495,89303318FEM400064,THE MITRE CORPORATION,DMHDNDCPWUD1,2024-09-26,-21870.05,DELIVERY ORDER,Department of Energy,Department of Energy,Department of Energy,Department of Energy,541519,OTHER COMPUTER RELATED SERVICES,AD21,R&D- DEFENSE OTHER: SERVICES (BASIC RESEARCH),"THE PURPOSE OF THIS MODIFICATION IS TO DEOBLIGATE THE REMAINING FUNDS FROM CLIN 0001IN THE AMOUNT OF $21,870.05 AND CLOSE THIS TASK ORDER.","{'city_name': 'MCLEAN', 'congressional_code': '11', 'country_name': 'UNITED STATES', 'county_code': '059', 'county_name': 'FAIRFAX', 'location_country_code': 'USA', 'state_code': 'VA', 'state_name': 'Virginia', 'zip4': '7538', 'zip5': '22102'}"
292036605,89303320CEM000075,HANFORD LABORATORY MANAGEMENT AND INTEGRATION LLC,ULMYTS8ANMF4,2024-09-26,0.0,DEFINITIVE CONTRACT,Department of Energy,Department of Energy,Department of Energy,Department of Energy,562910,REMEDIATION SERVICES,F999,OTHER ENVIRONMENTAL SERVICES,THE PURPOSE OF THIS MODIFICATION IS TO DEFINITIZE A NOT TO EXCEED (NTE) VALUE FOR WORK AS DESCRIBED BELOW AND WITHIN THE ATTACHED SOW.  UPDATES ARE ATTACHED FOR SECTIONS B AND J-8.  THE CONTRACT VALUE IS UPDATED FOR NTE MODS P00065 AND P00067.,"{'city_name': 'RICHLAND', 'congressional_code': '04', 'country_name': 'UNITED STATES', 'county_code': '005', 'county_name': 'BENTON', 'location_country_code': 'USA', 'state_code': 'WA', 'state_name': 'Washington', 'zip4': '4254', 'zip5': '99352'}"
292036605,89303320CEM000075,HANFORD LABORATORY MANAGEMENT AND INTEGRATION LLC,ULMYTS8ANMF4,2024-09-26,0.0,DEFINITIVE CONTRACT,Department of Energy,Department of Energy,Department of Energy,Department of Energy,562910,REMEDIATION SERVICES,F999,OTHER ENVIRONMENTAL SERVICES,"THE PURPOSE OF THIS MODIFICATION IS TO UPDATE SECTION J, ATTACHMENT J-4 PERFORMANCE EVALUATION MEASUREMENT PLAN FOR FY 2025.","{'city_name': 'RICHLAND', 'congressional_code': '04', 'country_name': 'UNITED STATES', 'county_code': '005', 'county_name': 'BENTON', 'location_country_code': 'USA', 'state_code': 'WA', 'state_name': 'Washington', 'zip4': '4254', 'zip5': '99352'}"
292036677,89303321CEM000080,"BATTELLE SAVANNAH RIVER ALLIANCE, LLC",KNXDWU1G3E81,2024-09-26,10000.0,DEFINITIVE CONTRACT,Department of Energy,Department of Energy,Department of Energy,Department of Energy,541715,"RESEARCH AND DEVELOPMENT IN THE PHYSICAL, ENGINEERING, AND LIFE SCIENCES (EXCEPT NANOTECHNOLOGY AND BIOTECHNOLOGY)",AJ12,GENERAL SCIENCE AND TECHNOLOGY R&D SERVICES; GENERAL SCIENCE AND TECHNOLOGY; APPLIED RESEARCH,THE DESCRIPTION OF THIS MODIFICATION IS TO INCORPORATE FINPLAN NO. 53 FOR FISCAL YEAR 2024 OF BSRA M&O CONTRACT.,"{'city_name': 'AIKEN', 'congressional_code': '02', 'country_name': 'UNITED STATES', 'county_code': '003', 'county_name': 'AIKEN', 'location_country_code': 'USA', 'state_code': 'SC', 'state_name': 'South Carolina', 'zip4': '0900', 'zip5': '29803'}"
292036677,89303321CEM000080,"BATTELLE SAVANNAH RIVER ALLIANCE, LLC",KNXDWU1G3E81,2024-09-26,0.0,DEFINITIVE CONTRACT,Department of Energy,Department of Energy,Department of Energy,Department of Energy,541715,"RESEARCH AND DEVELOPMENT IN THE PHYSICAL, ENGINEERING, AND LIFE SCIENCES (EXCEPT NANOTECHNOLOGY AND BIOTECHNOLOGY)",AJ12,GENERAL SCIENCE AND TECHNOLOGY R&D SERVICES; GENERAL SCIENCE AND TECHNOLOGY; APPLIED RESEARCH,"THE DESCRIPTION OF THIS MODIFICATION IS TO INCORPORATE BSRA FY 2025 PEMP FOR THE PERIOD OF OCTOBER 1, 2024, THROUGH SEPTEMBER 30, 2025.","{'city_name': 'AIKEN', 'congressional_code': '02', 'country_name': 'UNITED STATES', 'county_code': '003', 'county_name': 'AIKEN', 'location_country_code': 'USA', 'state_code': 'SC', 'state_name': 'South Carolina', 'zip4': '0900', 'zip5': '29803'}"
292036961,89303324PEM000233,"CQ-ROLL CALL, INC",N8K7N7GJAZ73,2024-09-26,15447.0,PURCHASE ORDER,Department of Energy,Department of Energy,Department of Energy,Department of Energy,513120,PERIODICAL PUBLISHERS,7630,NEWSPAPERS AND PERIODICALS,CQ SUBSCRIPTION RENEWAL FOR ONE YEAR WITH 5 USERS.,"{'city_name': 'CINCINNATI', 'congressional_code': '01', 'country_name': 'UNITED STATES', 'county_code': '061', 'county_name': 'HAMILTON', 'location_country_code': 'USA', 'state_code': 'OH', 'state_name': 'Ohio', 'zip4': '3222', 'zip5': '45202'}"
292037536,89303921FEM400037,"CENTRAL PLATEAU CLEANUP COMPANY, LLC",J4TDNRDMRMZ3,2024-09-26,6000000.0,DELIVERY ORDER,Department of Energy,Department of Energy,Department of Energy,Department of Energy,562910,REMEDIATION SERVICES,Z1PD,MAINTENANCE OF WASTE TREATMENT AND STORAGE FACILITIES,"HANFORD CPCC TASK ORDER 4 END STATES & BASE OPS.  THE PURPOSE OF THIS MODIFICATION IS TO ADD $6,000,000.00 IN INCREMENTAL FUNDING (REQ 24EM002325) FOR UNINTERRUPTED SUPPORT THROUGH 09/30/2024.","{'city_name': 'RICHLAND', 'congressional_code': '04', 'country_name': 'UNITED STATES', 'county_code': '005', 'county_name': 'BENTON', 'location_country_code': 'USA', 'state_code': 'WA', 'state_name': 'Washington', 'zip4': '3534', 'zip5': '99352'}"
292037701,89303924FEM000291,COHNREZNICK LLP,FFJAX4J2KE25,2024-09-26,0.0,BPA CALL,Department of Energy,Department of Energy,Department of Energy,Department of Energy,541211,OFFICES OF CERTIFIED PUBLIC ACCOUNTANTS,R704,SUPPORT- MANAGEMENT: AUDITING,THE PURPOSE OF THIS MODIFICATION IS TO EXTEND THE POP END DATE TO 12/06/24.,"{'city_name': 'RICHLAND', 'congressional_code': '04', 'country_name': 'UNITED STATES', 'county_code': '005', 'county_name': 'BENTON', 'location_country_code': 'USA', 'state_code': 'WA', 'state_name': 'Washington', 'zip4': '2606', 'zip5': '99354'}"
292037929,89304223FEM400000,IDAHO ENVIRONMENTAL COALITION LLC,LQ5ZLNE3EM27,2024-09-26,1839435.0,DELIVERY ORDER,Department of Energy,Department of Energy,Department of Energy,Department of Energy,562910,REMEDIATION SERVICES,F999,OTHER ENVIRONMENTAL SERVICES,IDAHO CLEANUP PROJECT (ICP) END STATE CONTRACT  THE PURPOSE OF THIS MODIFICATION IS TO OBLIGATE FUNDING TO TASK ORDER 6.1 NON-DEFENSE PROJECT.,"{'city_name': 'IDAHO FALLS', 'congressional_code': '02', 'country_name': 'UNITED STATES', 'county_code': '019', 'county_name': 'BONNEVILLE', 'location_country_code': 'USA', 'state_code': 'ID', 'state_name': 'Idaho', 'zip4': '1808', 'zip5': '83402'}"
292041465,89503024FWA400961,AKIMA SYSTEMS ENGINEERING LLC,GVEBGEGJMPA4,2024-09-26,0.0,DELIVERY ORDER,Department of Energy,Department of Energy,Department of Energy,Department of Energy,541330,ENGINEERING SERVICES,5810,COMMUNICATIONS SECURITY EQUIPMENT AND COMPONENTS,"THE WESTERN AREA POWER ADMINISTRATION (WAPA), ROCKY MOUNTAIN REGION (RMR) REQUIRES THE INSTALLATION OF A VIDEO SURVEILLANCE SYSTEM (VSS) AT SHIPROCK SUBSTATION, 287-317 ROAD 6893, WATERFLOW, NM, 87421 (36.79715040000, -108.47734344000). THIS IS A 2-P","{'city_name': 'WATERFLOW', 'congressional_code': '03', 'country_name': 'UNITED STATES', 'county_code': '045', 'county_name': 'SAN JUAN', 'location_country_code': 'USA', 'state_code': 'NM', 'state_name': 'New Mexico', 'zip4': '1094', 'zip5': '87421'}"
292041467,89503024FWA400964,AKIMA SYSTEMS ENGINEERING LLC,GVEBGEGJMPA4,2024-09-26,492396.77,DELIVERY ORDER,Department of Energy,Department of Energy,Department of Energy,Department of Energy,541330,ENGINEERING SERVICES,5810,COMMUNICATIONS SECURITY EQUIPMENT AND COMPONENTS,"DESIGN, FURNISH, INSTALL, AND INTEGRATE AXIS CAMERAS (OR EQUIVALENT) AT YUMA SERVICE CENTER (YSC). THIS SHALL INCLUDE ALL NECESSARY LICENSING, SOFTWARE, CAMERAS, MOUNTS, MEDIA CONVERTERS, ENCLOSURES, CABLING, CONDUIT, AND OTHER INFRASTRUCTURE/MISCELL","{'city_name': 'YUMA', 'congressional_code': '09', 'country_name': 'UNITED STATES', 'county_code': '027', 'county_name': 'YUMA', 'location_country_code': 'USA', 'state_code': 'AZ', 'state_name': 'Arizona', 'zip4': '0070', 'zip5': '85365'}"
292041468,89503024FWA400965,AKIMA SYSTEMS ENGINEERING LLC,GVEBGEGJMPA4,2024-09-26,254293.77,DELIVERY ORDER,Department of Energy,Department of Energy,Department of Energy,Department of Energy,541330,ENGINEERING SERVICES,5810,COMMUNICATIONS SECURITY EQUIPMENT AND COMPONENTS,"THE WESTERN AREA POWER ADMINISTRATION (WAPA), DESERT SOUTHWEST (DSW) REGION REQUIRES THE LIFECYCLE REPLACEMENT OF THE VIDEO SURVEILLANCE SYSTEM (VSS) AT COOLIDGE SUBSTATION (33.00798567000, -111.52635315000). COOLIDGE SUBSTATION CURRENTLY HAS 5 EXIST","{'city_name': 'COOLIDGE', 'congressional_code': '02', 'country_name': 'UNITED STATES', 'county_code': '021', 'county_name': 'PINAL', 'location_country_code': 'USA', 'state_code': 'AZ', 'state_name': 'Arizona', 'zip4': '9311', 'zip5': '85128'}"
292041469,89503024FWA400966,AKIMA SYSTEMS ENGINEERING LLC,GVEBGEGJMPA4,2024-09-26,688138.05,DELIVERY ORDER,Department of Energy,Department of Energy,Department of Energy,Department of Energy,541330,ENGINEERING SERVICES,5810,COMMUNICATIONS SECURITY EQUIPMENT AND COMPONENTS,"THE WESTERN AREA POWER ADMINISTRATION (WAPA), DESERT SOUTHWEST (DSW) REGION REQUIRES THE LIFECYCLE REPLACEMENT OF THE SURVEILLANCE CAMERAS AT MEAD SUBSTATION (35.92780549, - 114.83468263). MEAD SUBSTATION CURRENTLY HAS 22 CAMERAS (5 THERMAL BULLETS,","{'city_name': 'BOULDER CITY', 'congressional_code': '01', 'country_name': 'UNITED STATES', 'county_code': '003', 'county_name': 'CLARK', 'location_country_code': 'USA', 'state_code': 'NV', 'state_name': 'Nevada', 'zip4': '1877', 'zip5': '89005'}"
292041490,89503024PWA000462,"GENSCAPE, INC.",LL5WRJA55548,2024-09-26,79887.49,PURCHASE ORDER,Department of Energy,Department of Energy,Department of Energy,Department of Energy,541519,OTHER COMPUTER RELATED SERVICES,7A21,IT AND TELECOM - BUSINESS APPLICATION SOFTWARE (PERPETUAL LICENSE SOFTWARE),GENSCAPE SOFTWARE RENEWAL (UGP),"{'city_name': 'LAKEWOOD', 'congressional_code': '07', 'country_name': 'UNITED STATES', 'county_code': '059', 'county_name': 'JEFFERSON', 'location_country_code': 'USA', 'state_code': 'CO', 'state_name': 'Colorado', 'zip4': '2802', 'zip5': '80228'}"
292042119,89503124CWA000109,DYNAMIC BUILDING SYSTEMS INC,D618QFC2TEE7,2024-09-26,145500.0,DEFINITIVE CONTRACT,Department of Energy,Department of Energy,Department of Energy,Department of Energy,236220,COMMERCIAL AND INSTITUTIONAL BUILDING CONSTRUCTION,Z2EZ,REPAIR OR ALTERATION OF OTHER INDUSTRIAL BUILDINGS,MEAD SUBSTATION CONTROL BUILDING REPLACEMENT FLOOR PANELS,"{'city_name': 'BOULDER CITY', 'congressional_code': '01', 'country_name': 'UNITED STATES', 'county_code': '003', 'county_name': 'CLARK', 'location_country_code': 'USA', 'state_code': 'NV', 'state_name': 'Nevada', 'zip4': '1001', 'zip5': '89005'}"
292042144,89503124FWA400615,"MSS SERVICES, INC.",RKS2JFGKCJJ2,2024-09-26,263560.0,DELIVERY ORDER,Department of Energy,Department of Energy,Department of Energy,Department of Energy,236220,COMMERCIAL AND INSTITUTIONAL BUILDING CONSTRUCTION,R425,SUPPORT- PROFESSIONAL: ENGINEERING/TECHNICAL,"ELECTRICAL ENGINEERING TECHNICAL SUPPORT SERVICES, WESTERN AREA POWER ADMINISTRATION, DESERT SOUTHWEST REGION","{'city_name': 'PHOENIX', 'congressional_code': '03', 'country_name': 'UNITED STATES', 'county_code': '013', 'county_name': 'MARICOPA', 'location_country_code': 'USA', 'state_code': 'AZ', 'state_name': 'Arizona', 'zip4': '6457', 'zip5': '85005'}"
292042146,89503124FWA400620,"AMERICAN MATERIAL HANDLING, INC.",ZD8VMG7R9VP1,2024-09-26,125840.0,DELIVERY ORDER,Department of Energy,Department of Energy,Department of Energy,Department of Energy,333120,CONSTRUCTION MACHINERY MANUFACTURING,2320,"TRUCKS AND TRUCK TRACTORS, WHEELED",FY24 ARTICULATING BOOM LIFT,"{'city_name': 'PHOENIX', 'congressional_code': '03', 'country_name': 'UNITED STATES', 'county_code': '013', 'county_name': 'MARICOPA', 'location_country_code': 'USA', 'state_code': 'AZ', 'state_name': 'Arizona', 'zip4': '5337', 'zip5': '85009'}"
292042170,89503124PWA000805,DIRECT PARCEL EXPRESS LLC,NALNLACF81J3,2024-09-26,0.0,PURCHASE ORDER,Department of Energy,Department of Energy,Department of Energy,Department of Energy,561720,JANITORIAL SERVICES,S201,HOUSEKEEPING- CUSTODIAL JANITORIAL,"JANITORIAL SERVICES, MEAD SUBSTATION, BOULDER CITY, NEVADA. SERVICE PERFORMANCE PERIOD BASE PLUS FOUR OPTION YEARS IN SUPPORT OF WAPA DESERT SOUTHWEST REGION","{'city_name': 'SCOTTSDALE', 'congressional_code': '01', 'country_name': 'UNITED STATES', 'county_code': '013', 'county_name': 'MARICOPA', 'location_country_code': 'USA', 'state_code': 'AZ', 'state_name': 'Arizona', 'zip4': '6632', 'zip5': '85251'}"
292042172,89503124PWA000807,B & H INTERNATIONAL LLC,JUHQFKK16M15,2024-09-26,173690.5,PURCHASE ORDER,Department of Energy,Department of Energy,Department of Energy,Department of Energy,339999,ALL OTHER MISCELLANEOUS MANUFACTURING,5975,ELECTRICAL HARDWARE AND SUPPLIES,SPECIALIZED EQUIPMENT AND ACCESSORIES (BRAND NAME) WESTERN AREA POWER ADMINISTRATION DESERT SOUTHWEST REGION,"{'city_name': 'BAKERSFIELD', 'congressional_code': '20', 'country_name': 'UNITED STATES', 'county_code': '029', 'county_name': 'KERN', 'location_country_code': 'USA', 'state_code': 'CA', 'state_name': 'California', 'zip4': '4961', 'zip5': '93311'}"
292042883,89503224CWA000110,ALTITUDE ENERGY LLC,ZXCGLJ11P9A2,2024-09-26,436814.21,DEFINITIVE CONTRACT,Department of Energy,Department of Energy,Department of Energy,Department of Energy,237130,POWER AND COMMUNICATION LINE AND RELATED STRUCTURES CONSTRUCTION,Y1PZ,CONSTRUCTION OF OTHER NON-BUILDING FACILITIES,FLEMING KW5A INSTALLATION,"{'city_name': 'FLEMING', 'congressional_code': '04', 'country_name': 'UNITED STATES', 'county_code': '075', 'county_name': 'LOGAN', 'location_country_code': 'USA', 'state_code': 'CO', 'state_name': 'Colorado', 'zip4': '9619', 'zip5': '80728'}"
292042996,89503224FWA400603,G & RK CONSULTING ASSOCIATES LLC,GDVCAY1FZKL6,2024-09-26,98807.35,DELIVERY ORDER,Department of Energy,Department of Energy,Department of Energy,Department of Energy,335313,SWITCHGEAR AND SWITCHBOARD APPARATUS MANUFACTURING,5925,CIRCUIT BREAKERS,38-KV BREAKER,"{'city_name': 'ENGLEWOOD', 'congressional_code': '06', 'country_name': 'UNITED STATES', 'county_code': '005', 'county_name': 'ARAPAHOE', 'location_country_code': 'USA', 'state_code': 'CO', 'state_name': 'Colorado', 'zip4': '5514', 'zip5': '80112'}"
292042998,89503224PWA000444,INTELLIGENT INTERNATIONAL INC.,ZRZDNLDLNZY7,2024-09-26,0.0,PURCHASE ORDER,Department of Energy,Department of Energy,Department of Energy,Department of Energy,326150,URETHANE AND OTHER FOAM PRODUCT (EXCEPT POLYSTYRENE) MANUFACTURING,6850,MISCELLANEOUS CHEMICAL SPECIALTIES,"MODIFICATION 00002- CLOSEOUT POLYSET, FILLER, AND POLYURETHANE","{'city_name': 'VAN NUYS', 'congressional_code': '29', 'country_name': 'UNITED STATES', 'county_code': '037', 'county_name': 'LOS ANGELES', 'location_country_code': 'USA', 'state_code': 'CA', 'state_name': 'California', 'zip4': '2308', 'zip5': '91411'}"
292043305,89503320PWA000124,"USA WASTE OF CALIFORNIA, INC.",RN8QAJTWE3T1,2024-09-26,12233.06,PURCHASE ORDER,Department of Energy,Department of Energy,Department of Energy,Department of Energy,562111,SOLID WASTE COLLECTION,S205,HOUSEKEEPING- TRASH/GARBAGE COLLECTION,WASTE REMOVAL AT ELVERTA MAINTENANCE FACILITY AND SUBSTATION FOR WESTERN AREA POWER ADMINISTRATION (WAPA) SIERRA NEVADA REGION (SNR). THE PURPOSE OF THIS MODIFICATION IS TO EXERCISE OPTION YEAR FOUR (4) AND ADD FUNDS FOR ADDITIONAL WASTE SERVICES - P,"{'city_name': 'FOLSOM', 'congressional_code': '03', 'country_name': 'UNITED STATES', 'county_code': '067', 'county_name': 'SACRAMENTO', 'location_country_code': 'USA', 'state_code': 'CA', 'state_name': 'California', 'zip4': '4710', 'zip5': '95630'}"
292043454,89503323CWA000044,"WHITE BEAR CONSTRUCTION, INC.",HQXENRADGGK3,2024-09-26,0.0,DEFINITIVE CONTRACT,Department of Energy,Department of Energy,Department of Energy,Department of Energy,237310,"HIGHWAY, STREET, AND BRIDGE CONSTRUCTION",Y1NZ,CONSTRUCTION OF OTHER UTILITIES,P00001 POP EXTENSION-2023 ACCESS ROAD IMPROVEMENTS FOR VARIOUS SIERRA NEVADA REGION (SNR) LOCATIONS,"{'city_name': 'FOLSOM', 'congressional_code': '03', 'country_name': 'UNITED STATES', 'county_code': '067', 'county_name': 'SACRAMENTO', 'location_country_code': 'USA', 'state_code': 'CA', 'state_name': 'California', 'zip4': '4710', 'zip5': '95630'}"
292043464,89503323FWA000082,EVANS RIGHT OF WAY CLEARING INC,YVJPRJKJTHC7,2024-09-26,0.0,BPA CALL,Department of Energy,Department of Energy,Department of Energy,Department of Energy,561730,LANDSCAPING SERVICES,F006,NATURAL RESOURCES/CONSERVATION- LAND TREATMENT PRACTICES,P00001 IS TO EXTEND THE PERIOD OF PERFORMANCE TO 11/30/2024.,"{'city_name': 'FOLSOM', 'congressional_code': '03', 'country_name': 'UNITED STATES', 'county_code': '067', 'county_name': 'SACRAMENTO', 'location_country_code': 'USA', 'state_code': 'CA', 'state_name': 'California', 'zip4': '7088', 'zip5': '95630'}"
292043482,89503323FWA400138,MECA CONSULTING INC,GW62GNQVKTK4,2024-09-26,0.0,DELIVERY ORDER,Department of Energy,Department of Energy,Department of Energy,Department of Energy,541620,ENVIRONMENTAL CONSULTING SERVICES,R499,SUPPORT- PROFESSIONAL: OTHER,SOIL MANAGEMENT PLAN. THE PURPOSE OF THIS MODIFICATION IS FOR A NO-COST PERIOD OF PERFORMANCE EXTENSION TO 11/30/2024 DUE TO CONTRACTOR BEING UNABLE TO DELIVER FINAL PRODUCT IN CURRENT POP.,"{'city_name': 'FOLSOM', 'congressional_code': '03', 'country_name': 'UNITED STATES', 'county_code': '067', 'county_name': 'SACRAMENTO', 'location_country_code': 'USA', 'state_code': 'CA', 'state_name': 'California', 'zip4': '4710', 'zip5': '95630'}"
292043545,89503324FWA400172,"ABM FACILITY SUPPORT SERVICES, LLC",UJGDTE9Z1BB9,2024-09-26,373683.88,DELIVERY ORDER,Department of Energy,Department of Energy,Department of Energy,Department of Energy,334512,"AUTOMATIC ENVIRONMENTAL CONTROL MANUFACTURING FOR RESIDENTIAL, COMMERCIAL, AND APPLIANCE USE",R499,SUPPORT- PROFESSIONAL: OTHER,"THE WESTERN AREA POWER ADMINISTRATION (WAPA), SIERRA NEVADA REGION (SNR), REQUIRES A CONTRACTOR TO PERFORM HEATING, VENTILATION, AND AIR CONDITIONING (HVAC) PREVENTATIVE MAINTENANCE (PM) AND REPAIR SERVICES AT VARIOUS LOCATIONS THROUGHOUT CALIFORNIA.","{'city_name': 'FOLSOM', 'congressional_code': '03', 'country_name': 'UNITED STATES', 'county_code': '067', 'county_name': 'SACRAMENTO', 'location_country_code': 'USA', 'state_code': 'CA', 'state_name': 'California', 'zip4': '4710', 'zip5': '95630'}"
292045216,89503423FWA401437,"MIDWAY TRAILERS, INC.",C31JDLBJ8964,2024-09-26,0.0,DELIVERY ORDER,Department of Energy,Department of Energy,Department of Energy,Department of Energy,336212,TRUCK TRAILER MANUFACTURING,2330,TRAILERS,CLOSEOUT MODIFICATION FOR 20 FOOT ENCLOSED HOT STICK TESTING TRAILER,"{'city_name': 'BENTON', 'congressional_code': '08', 'country_name': 'UNITED STATES', 'county_code': '201', 'county_name': 'SCOTT', 'location_country_code': 'USA', 'state_code': 'MO', 'state_name': 'Missouri', 'zip4': '0275', 'zip5': '63736'}"
292045237,89503423FWA401483,"MIDWAY TRAILERS, INC.",C31JDLBJ8964,2024-09-26,0.0,DELIVERY ORDER,Department of Energy,Department of Energy,Department of Energy,Department of Energy,336212,TRUCK TRAILER MANUFACTURING,2330,TRAILERS,CLOSEOUT MODIFICATION FOR PURCHASE GOOSENECK TRAILER FOR SIOUX CITY LINE CREW,"{'city_name': 'BENTON', 'congressional_code': '08', 'country_name': 'UNITED STATES', 'county_code': '201', 'county_name': 'SCOTT', 'location_country_code': 'USA', 'state_code': 'MO', 'state_name': 'Missouri', 'zip4': '0275', 'zip5': '63736'}"
292045244,89503423FWA401495,"CAPRICE ELECTRONICS, INC",MKZJBAQV2BM3,2024-09-26,0.0,DELIVERY ORDER,Department of Energy,Department of Energy,Department of Energy,Department of Energy,332510,HARDWARE MANUFACTURING,4240,SAFETY AND RESCUE EQUIPMENT,CLOSEOUT MODIFICATION FOR FALL PROTECTION EQUIPMENT FOR SDMO ELECTRICIANS,"{'city_name': 'BROOKLYN', 'congressional_code': '08', 'country_name': 'UNITED STATES', 'county_code': '047', 'county_name': 'KINGS', 'location_country_code': 'USA', 'state_code': 'NY', 'state_name': 'New York', 'zip4': '1412', 'zip5': '11224'}"
292045275,89503423PWA001510,RURAL ELECTRIC SUPPLY COOPERATIVE,UUCDXDGRDWB7,2024-09-26,0.0,PURCHASE ORDER,Department of Energy,Department of Energy,Department of Energy,Department of Energy,335999,ALL OTHER MISCELLANEOUS ELECTRICAL EQUIPMENT AND COMPONENT MANUFACTURING,5935,"CONNECTORS, ELECTRICAL",CLOSEOUT MODIFICATION FOR SC DN RESTOCK 230KV CONDUCTOR DAMPERS FROM WT GR STORM 2022,"{'city_name': 'MADISON', 'congressional_code': '02', 'country_name': 'UNITED STATES', 'county_code': '025', 'county_name': 'DANE', 'location_country_code': 'USA', 'state_code': 'WI', 'state_name': 'Wisconsin', 'zip4': '4430', 'zip5': '53744'}"
292045296,89503423PWA001550,"CHESTER SUPPLY, LLC",CQYNXV5K7MT3,2024-09-26,0.0,PURCHASE ORDER,Department of Energy,Department of Energy,Department of Energy,Department of Energy,335999,ALL OTHER MISCELLANEOUS ELECTRICAL EQUIPMENT AND COMPONENT MANUFACTURING,6150,MISCELLANEOUS ELECTRIC POWER AND DISTRIBUTION EQUIPMENT,CLOSEOUT MODIFICATION FOR TY 362 RPL INTERRUPTER BOTTLE,"{'city_name': 'BALLWIN', 'congressional_code': '02', 'country_name': 'UNITED STATES', 'county_code': '189', 'county_name': 'SAINT LOUIS', 'location_country_code': 'USA', 'state_code': 'MO', 'state_name': 'Missouri', 'zip4': '7935', 'zip5': '63021'}"
292045298,89503423PWA001555,ENERGY BY NATIVE AMERICAN DESIGN CORP,JEAMNJKK7LG4,2024-09-26,0.0,PURCHASE ORDER,Department of Energy,Department of Energy,Department of Energy,Department of Energy,332510,HARDWARE MANUFACTURING,5340,"HARDWARE, COMMERCIAL",CLOSEOUT MODIFICATION FOR REPLACEMENT MATERIAL FOR RAPID CITY - HUGHES PARTS - RC,"{'city_name': 'PARKER', 'congressional_code': '09', 'country_name': 'UNITED STATES', 'county_code': '012', 'county_name': 'LA PAZ', 'location_country_code': 'USA', 'state_code': 'AZ', 'state_name': 'Arizona', 'zip4': '5721', 'zip5': '85344'}"
292045308,89503423PWA001582,HITACHI ENERGY USA INC.,HK2JHK5LJE42,2024-09-26,0.0,PURCHASE ORDER,Department of Energy,Department of Energy,Department of Energy,Department of Energy,335311,"POWER, DISTRIBUTION, AND SPECIALTY TRANSFORMER MANUFACTURING",4520,SPACE AND WATER HEATING EQUIPMENT,MOD 0001 - CLOSEOUT.  SC PCB 1662 TANK HEATER REPLACEMENT,"{'city_name': 'RALEIGH', 'congressional_code': '02', 'country_name': 'UNITED STATES', 'county_code': '183', 'county_name': 'WAKE', 'location_country_code': 'USA', 'state_code': 'NC', 'state_name': 'North Carolina', 'zip4': '5293', 'zip5': '27606'}"
292045318,89503423PWA001619,KEMP CURT,XDCQY5L8SXD9,2024-09-26,0.0,PURCHASE ORDER,Department of Energy,Department of Energy,Department of Energy,Department of Energy,811412,APPLIANCE REPAIR AND MAINTENANCE,N041,"INSTALLATION OF EQUIPMENT- REFRIGERATION, AIR CONDITIONING, AND AIR CIRCULATING EQUIPMENT",CLOSEOUT MODIFICATION FOR TROUBLESHOOT AND REPAIR LIEBERT UNIT IN THE SERVER ROOM  AND REPLACE EXISTING HVAC AT THE  HURON SUB,"{'city_name': 'HURON', 'congressional_code': '00', 'country_name': 'UNITED STATES', 'county_code': '005', 'county_name': 'BEADLE', 'location_country_code': 'USA', 'state_code': 'SD', 'state_name': 'South Dakota', 'zip4': '2474', 'zip5': '57350'}"
292048161,89603022F0010,"LUMEN TECHNOLOGIES GOVERNMENT SOLUTIONS, INC.",LL22S1ELLY93,2024-09-26,93606.99,DELIVERY ORDER,Department of Energy,Federal Energy Regulatory Commission,Department of Energy,Federal Energy Regulatory Commission,517110,WIRED TELECOMMUNICATIONS CARRIERS,DG11,IT AND TELECOM - NETWORK: SATELLITE COMMUNICATIONS AND TELECOM ACCESS SERVICES,AWARD OF EIS MTIPS TASK ORDER MOD TO PARTIALLY FUND THE BASE PERIOD ADDING NEW LINE ITEMS MOD TO ADD DDOS EXERCISE OPTION PERIOD 1 MOD TO EXERCISE OPTION PERIOD 2 ADD LINE ITEMS & FUNDS,"{'city_name': 'WASHINGTON', 'congressional_code': '98', 'country_name': 'UNITED STATES', 'county_code': '001', 'county_name': 'DISTRICT OF COLUMBIA', 'location_country_code': 'USA', 'state_code': 'DC', 'state_name': 'District Of Columbia', 'zip4': '0001', 'zip5': '20426'}"
292048245,89603022P0029,IHS GLOBAL INC,C19ELN62VL28,2024-09-26,0.0,PURCHASE ORDER,Department of Energy,Federal Energy Regulatory Commission,Department of Energy,Federal Energy Regulatory Commission,519130,INTERNET PUBLISHING AND BROADCASTING AND WEB SEARCH PORTALS,7630,NEWSPAPERS AND PERIODICALS,US ECONOMIC SERVICE - LONG TERM & CAPITAL COST SUBSCRIPTION-EXERCISE OPTION PERIOD 2 CLIN 20001 UNDER SAF,"{'city_name': 'WASHINGTON', 'congressional_code': '98', 'country_name': 'UNITED STATES', 'county_code': '001', 'county_name': 'DISTRICT OF COLUMBIA', 'location_country_code': 'USA', 'state_code': 'DC', 'state_name': 'District Of Columbia', 'zip4': '0003', 'zip5': '20426'}"
292048376,89603023P0043,"PURDUE APPLIED RESEARCH INSTITUTE, LLC",SGDKT3GJ9GC3,2024-09-26,373700.0,PURCHASE ORDER,Department of Energy,Federal Energy Regulatory Commission,Department of Energy,Federal Energy Regulatory Commission,541620,ENVIRONMENTAL CONSULTING SERVICES,F115,ENVIRONMENTAL SYSTEMS PROTECTION- ENVIRONMENTAL CONSULTING AND LEGAL SUPPORT,ENGINEERING SUPPORT SERVCICES (ESS),"{'city_name': 'WASHINGTON', 'congressional_code': '98', 'country_name': 'UNITED STATES', 'county_code': '001', 'county_name': 'DISTRICT OF COLUMBIA', 'location_country_code': 'USA', 'state_code': 'DC', 'state_name': 'District Of Columbia', 'zip4': '0003', 'zip5': '20426'}"
292048388,89603024F0012,"MOBOMO, LLC",YF3QLA2LEC61,2024-09-26,10488.13,DELIVERY ORDER,Department of Energy,Federal Energy Regulatory Commission,Department of Energy,Federal Energy Regulatory Commission,541511,CUSTOM COMPUTER PROGRAMMING SERVICES,R499,SUPPORT- PROFESSIONAL: OTHER,FERC MODERNIZATION AND IMPLEMENTATION.,"{'city_name': 'WASHINGTON', 'congressional_code': '98', 'country_name': 'UNITED STATES', 'county_code': '001', 'county_name': 'DISTRICT OF COLUMBIA', 'location_country_code': 'USA', 'state_code': 'DC', 'state_name': 'District Of Columbia', 'zip4': '0001', 'zip5': '20426'}"
292048401,89603024F0026,ARCHITECHTURE SOLUTIONS LLC,HQAJMSZDK666,2024-09-26,0.0,DELIVERY ORDER,Department of Energy,Federal Energy Regulatory Commission,Department of Energy,Federal Energy Regulatory Commission,541519,OTHER COMPUTER RELATED SERVICES,7A20,IT AND TELECOM - APPLICATION DEVELOPMENT SOFTWARE (PERPETUAL LICENSE SOFTWARE),RECAST SOFTWARE RIGHT CLICK TOOLS SUBSCRIPTION,"{'city_name': 'WASHINGTON', 'congressional_code': '98', 'country_name': 'UNITED STATES', 'county_code': '001', 'county_name': 'DISTRICT OF COLUMBIA', 'location_country_code': 'USA', 'state_code': 'DC', 'state_name': 'District Of Columbia', 'zip4': '0002', 'zip5': '20426'}"
292048446,89603024F0075,DISTRIBUTED TECHNOLOGY GROUP LLC,ZK6MUHQC6DE4,2024-09-26,125848.93,DELIVERY ORDER,Department of Energy,Federal Energy Regulatory Commission,Department of Energy,Federal Energy Regulatory Commission,541519,OTHER COMPUTER RELATED SERVICES,7A21,IT AND TELECOM - BUSINESS APPLICATION SOFTWARE (PERPETUAL LICENSE SOFTWARE),SOFTWARE COMPOSITION ANALYSIS RENEWAL,"{'city_name': 'WASHINGTON', 'congressional_code': '98', 'country_name': 'UNITED STATES', 'county_code': '001', 'county_name': 'DISTRICT OF COLUMBIA', 'location_country_code': 'USA', 'state_code': 'DC', 'state_name': 'District Of Columbia', 'zip4': '0003', 'zip5': '20426'}"
292048448,89603024F0077,DISTRIBUTED TECHNOLOGY GROUP LLC,ZK6MUHQC6DE4,2024-09-26,44545.2,DELIVERY ORDER,Department of Energy,Federal Energy Regulatory Commission,Department of Energy,Federal Energy Regulatory Commission,541519,OTHER COMPUTER RELATED SERVICES,7A21,IT AND TELECOM - BUSINESS APPLICATION SOFTWARE (PERPETUAL LICENSE SOFTWARE),BLUEBEAM RENEWAL,"{'city_name': 'WASHINGTON', 'congressional_code': '98', 'country_name': 'UNITED STATES', 'county_code': '001', 'county_name': 'DISTRICT OF COLUMBIA', 'location_country_code': 'USA', 'state_code': 'DC', 'state_name': 'District Of Columbia', 'zip4': '0003', 'zip5': '20426'}"
292048453,89603024F0083,"ABBA TECHNOLOGIES, INC.",J84GXV5ZKJK9,2024-09-26,9308.06,DELIVERY ORDER,Department of Energy,Federal Energy Regulatory Commission,Department of Energy,Federal Energy Regulatory Commission,541519,OTHER COMPUTER RELATED SERVICES,J075,MAINT/REPAIR/REBUILD OF EQUIPMENT- OFFICE SUPPLIES AND DEVICES,MAINTENANCE FOR FUJITSU SCANNERS,"{'city_name': 'WASHINGTON', 'congressional_code': '98', 'country_name': 'UNITED STATES', 'county_code': '001', 'county_name': 'DISTRICT OF COLUMBIA', 'location_country_code': 'USA', 'state_code': 'DC', 'state_name': 'District Of Columbia', 'zip4': '0003', 'zip5': '20436'}"
292048456,89603024F0088,SIEMENS INDUSTRY INC,JZXZSN3BBL98,2024-09-26,155443.44,BPA CALL,Department of Energy,Federal Energy Regulatory Commission,Department of Energy,Federal Energy Regulatory Commission,561210,FACILITIES SUPPORT SERVICES,6350,"MISCELLANEOUS ALARM, SIGNAL, AND SECURITY DETECTION SYSTEMS","PHYSICAL ACCESS CONTROL, VISITOR MANAGEMENT, AND VIDEO SURVEILLANCE SYSTEM (PACS)","{'city_name': 'BUFFALO GROVE', 'congressional_code': '10', 'country_name': 'UNITED STATES', 'county_code': '097', 'county_name': 'LAKE', 'location_country_code': 'USA', 'state_code': 'IL', 'state_name': 'Illinois', 'zip4': '4547', 'zip5': '60089'}"
292048483,89603024P0036,"WOLTERS KLUWER FINANCIAL SERVICES, INC.",DBKSJMTTQJA1,2024-09-26,54481.24,PURCHASE ORDER,Department of Energy,Federal Energy Regulatory Commission,Department of Energy,Federal Energy Regulatory Commission,541519,OTHER COMPUTER RELATED SERVICES,7C21,IT AND TELECOM - OTHER DATA CENTER FACILITIES PRODUCTS (HARDWARE AND PERPETUAL LICENSE SOFTWARE),TEAMMATE RATIFICATION,"{'city_name': 'WASHINGTON', 'congressional_code': '98', 'country_name': 'UNITED STATES', 'county_code': '001', 'county_name': 'DISTRICT OF COLUMBIA', 'location_country_code': 'USA', 'state_code': 'DC', 'state_name': 'District Of Columbia', 'zip4': '0003', 'zip5': '20426'}"
292048484,89603024P0037,"FLOW SCIENCE, INC",JFX2X3EN33M7,2024-09-26,48750.0,PURCHASE ORDER,Department of Energy,Federal Energy Regulatory Commission,Department of Energy,Federal Energy Regulatory Commission,513210,SOFTWARE PUBLISHERS,7A20,IT AND TELECOM - APPLICATION DEVELOPMENT SOFTWARE (PERPETUAL LICENSE SOFTWARE),FLOW ADD ON,"{'city_name': 'WASHINGTON', 'congressional_code': '98', 'country_name': 'UNITED STATES', 'county_code': '001', 'county_name': 'DISTRICT OF COLUMBIA', 'location_country_code': 'USA', 'state_code': 'DC', 'state_name': 'District Of Columbia', 'zip4': '0003', 'zip5': '20426'}"
292048485,89603024P0038,THE MILLENNIUM GROUP INT'L LLC,LHT8DYZ52ER4,2024-09-26,218504.45,PURCHASE ORDER,Department of Energy,Federal Energy Regulatory Commission,Department of Energy,Federal Energy Regulatory Commission,513210,SOFTWARE PUBLISHERS,7J20,IT AND TELECOM - SECURITY AND COMPLIANCE PRODUCTS (HARDWARE AND PERPETUAL LICENSE SOFTWARE),PDF CONVERSION TOOL - ADLIB,"{'city_name': 'WASHINGTON', 'congressional_code': '98', 'country_name': 'UNITED STATES', 'county_code': '001', 'county_name': 'DISTRICT OF COLUMBIA', 'location_country_code': 'USA', 'state_code': 'DC', 'state_name': 'District Of Columbia', 'zip4': '0003', 'zip5': '20426'}"
292050009,89703021CAR000007,GOTTLIEB PAUL A,LHR2FS6NEKX4,2024-09-26,0.0,DEFINITIVE CONTRACT,Department of Energy,Department of Energy,Department of Energy,Department of Energy,541611,ADMINISTRATIVE MANAGEMENT AND GENERAL MANAGEMENT CONSULTING SERVICES,R418,SUPPORT- PROFESSIONAL: LEGAL,EO14042  *****  THE PURPOSE OF THIS MODIFICATION IS TO CLOSE THE CONTRACT.  SEE CLOSEOUT CHECKLIST FOR ADDITIONAL INFORMATION.  *****,"{'city_name': 'WASHINGTON', 'congressional_code': '98', 'country_name': 'UNITED STATES', 'county_code': '001', 'county_name': 'DISTRICT OF COLUMBIA', 'location_country_code': 'USA', 'state_code': 'DC', 'state_name': 'District Of Columbia', 'zip4': '2123', 'zip5': '20024'}"
295475790,DEAC0205CH11231,THE REGENTS OF THE UNIVERSITY OF CALIFORNIA,PKK5TD16N4H1,2024-09-26,235865.0,DEFINITIVE CONTRACT,Department of Energy,Department of Energy,Department of Energy,Department of Energy,541710,"RESEARCH AND DEVELOPMENT IN THE PHYSICAL, ENGINEERING, AND LIFE SCIENCES",M181,OPER OF GOVT R&D GOCO FACILITIES,"THIS IS A PERFORMANCE-BASED CONTRACT FOR MANAGEMENT AND OPERATION OF LBNL. THE PURPOSE OF THIS MODIFICATION IS TO OBLIGATE DOE APPROPRIATED FUNDS IN THE AMOUNT OF $235,865.00 (OPERATIONS $235,865.00 AND CONSTRUCTION $0).","{'city_name': 'BERKELEY', 'congressional_code': '12', 'country_name': 'UNITED STATES', 'county_code': '001', 'county_name': 'ALAMEDA', 'location_country_code': 'USA', 'state_code': 'CA', 'state_name': 'California', 'zip4': '8099', 'zip5': '94720'}"
295475790,DEAC0205CH11231,THE REGENTS OF THE UNIVERSITY OF CALIFORNIA,PKK5TD16N4H1,2024-09-26,7126640.24,DEFINITIVE CONTRACT,Department of Energy,Department of Energy,Department of Defense,Defense Health Agency,541710,"RESEARCH AND DEVELOPMENT IN THE PHYSICAL, ENGINEERING, AND LIFE SCIENCES",M181,OPER OF GOVT R&D GOCO FACILITIES,"THIS IS A PERFORMANCE-BASED CONTRACT FOR MANAGEMENT AND OPERATION OF LBNL. THE PURPOSE OF THIS MODIFICATION IS TO OBLIGATE STRATEGIC PARTNERSHIP PROGRAM FUNDS IN THE AMOUNT OF $7,126,640.24 IN APPROPRIATED FUNDS AND $358,019.96 IN NON APPROPRIATED FU","{'city_name': 'BERKELEY', 'congressional_code': '12', 'country_name': 'UNITED STATES', 'county_code': '001', 'county_name': 'ALAMEDA', 'location_country_code': 'USA', 'state_code': 'CA', 'state_name': 'California', 'zip4': '8099', 'zip5': '94720'}"
295475802,DEAC0207CH11358,IOWA STATE UNIVERSITY OF SCIENCE AND TECHNOLOGY,DQDBM7FGJPC5,2024-09-26,0.0,DEFINITIVE CONTRACT,Department of Energy,Department of Energy,Department of Energy,Department of Energy,541710,"RESEARCH AND DEVELOPMENT IN THE PHYSICAL, ENGINEERING, AND LIFE SCIENCES",M181,OPER OF GOVT R&D GOCO FACILITIES,"MANAGEMENT & OPERATING (M&O) CONTRACT NO. DE-AC02-07CH11358 FOR THE MANAGEMENT AND OPERATION OF THE AAMES NATIONAL LABORATORY.  TOTAL NON-APPROPRIATED FUNDS:           $58,252.43  SIGMA-ALDRICH CO. PROJECT 451300.003 AGREEMENT NO. AL-SPP","{'city_name': 'AMES', 'congressional_code': '04', 'country_name': 'UNITED STATES', 'county_code': '169', 'county_name': 'STORY', 'location_country_code': 'USA', 'state_code': 'IA', 'state_name': 'Iowa', 'zip4': '2038', 'zip5': '50011'}"
295475802,DEAC0207CH11358,IOWA STATE UNIVERSITY OF SCIENCE AND TECHNOLOGY,DQDBM7FGJPC5,2024-09-26,2491399.0,DEFINITIVE CONTRACT,Department of Energy,Department of Energy,Department of Energy,Department of Energy,541710,"RESEARCH AND DEVELOPMENT IN THE PHYSICAL, ENGINEERING, AND LIFE SCIENCES",M181,OPER OF GOVT R&D GOCO FACILITIES,"MANAGEMENT & OPERATING (M&O) CONTRACT NO. DE-AC02-07CH11358 FOR THE MANAGEMENT AND OPERATION OF THE AAMES NATIONAL LABORATORY.  TOTAL NON-APPROPRIATED FUNDS:           $58,252.43  SIGMA-ALDRICH CO. PROJECT 451300.003 AGREEMENT NO. AL-SPP","{'city_name': 'AMES', 'congressional_code': '04', 'country_name': 'UNITED STATES', 'county_code': '169', 'county_name': 'STORY', 'location_country_code': 'USA', 'state_code': 'IA', 'state_name': 'Iowa', 'zip4': '2038', 'zip5': '50011'}"
295476106,DEAC0500OR22725,UT-BATTELLE LLC,ZLHJJ57QA2H8,2024-09-26,113072473.27,DEFINITIVE CONTRACT,Department of Energy,Department of Energy,Department of Energy,Department of Energy,561210,FACILITIES SUPPORT SERVICES,M181,OPER OF GOVT R&D GOCO FACILITIES,MANAGEMENT AND OPERATION OF THE OAK RIDGE NATIONAL LABORATORY,"{'city_name': 'OAK RIDGE', 'congressional_code': '03', 'country_name': 'UNITED STATES', 'county_code': '001', 'county_name': 'ANDERSON', 'location_country_code': 'USA', 'state_code': 'TN', 'state_name': 'Tennessee', 'zip4': '8313', 'zip5': '37830'}"
295476106,DEAC0500OR22725,UT-BATTELLE LLC,ZLHJJ57QA2H8,2024-09-26,106735342.75,DEFINITIVE CONTRACT,Department of Energy,Department of Energy,Department of Energy,Department of Energy,561210,FACILITIES SUPPORT SERVICES,M181,OPER OF GOVT R&D GOCO FACILITIES,MANAGEMENT AND OPERATION OF THE OAK RIDGE NATIONAL LABORATORY,"{'city_name': 'OAK RIDGE', 'congressional_code': '03', 'country_name': 'UNITED STATES', 'county_code': '001', 'county_name': 'ANDERSON', 'location_country_code': 'USA', 'state_code': 'TN', 'state_name': 'Tennessee', 'zip4': '8313', 'zip5': '37830'}"
295476124,DEAC0504OR22860,"ISOTEK SYSTEMS, LLC",WJZ8KR7KSA33,2024-09-26,3151942.0,DEFINITIVE CONTRACT,Department of Energy,Department of Energy,Department of Energy,Department of Energy,561990,ALL OTHER SUPPORT SERVICES,Z235,MAINT-REP-ALT/EPG - NUCLEAR,U-233 DISPOSITION PROJECT,"{'city_name': 'OAK RIDGE', 'congressional_code': '03', 'country_name': 'UNITED STATES', 'county_code': '001', 'county_name': 'ANDERSON', 'location_country_code': 'USA', 'state_code': 'TN', 'state_name': 'Tennessee', 'zip4': '8313', 'zip5': '37830'}"
295476141,DEAC0506OR23177,"JEFFERSON SCIENCE ASSOCIATES, LLC",MTWLVRJR54N7,2024-09-26,2638410.0,DEFINITIVE CONTRACT,Department of Energy,Department of Energy,Department of Energy,Department of Energy,541710,"RESEARCH AND DEVELOPMENT IN THE PHYSICAL, ENGINEERING, AND LIFE SCIENCES",M181,OPER OF GOVT R&D GOCO FACILITIES,"MANAGEMENT AND OPERATION OF THE THOMAS JEFFERSON NATIONAL ACCELERATOR FACILITY   (DOE FUNDS $2,638,410.00 AND NON-APPROPRIATED FUNDS $471,666.67)","{'city_name': 'NEWPORT NEWS', 'congressional_code': '03', 'country_name': 'UNITED STATES', 'county_code': '700', 'county_name': 'NEWPORT NEWS CITY', 'location_country_code': 'USA', 'state_code': 'VA', 'state_name': 'Virginia', 'zip4': '4468', 'zip5': '23606'}"
295476174,DEAC0576RL01830,BATTELLE MEMORIAL INSTITUTE,CWKJEXDG79A7,2024-09-26,3883495.15,DEFINITIVE CONTRACT,Department of Energy,Department of Energy,Department of Energy,Department of Energy,541710,"RESEARCH AND DEVELOPMENT IN THE PHYSICAL, ENGINEERING, AND LIFE SCIENCES",M181,OPER OF GOVT R&D GOCO FACILITIES,BATTELLE MEMORIAL INSTITUTE/PACIFIC NORTHWEST LABORATORY MANAGEMENT AND OPERATING CONTRACT: THIS UNILATERAL MOD OBLIGATES AGENCY FOR INTERNATIONAL DEVELOPMENT (TAS 19 1037) FUNDING.,"{'city_name': 'RICHLAND', 'congressional_code': '04', 'country_name': 'UNITED STATES', 'county_code': '005', 'county_name': 'BENTON', 'location_country_code': 'USA', 'state_code': 'WA', 'state_name': 'Washington', 'zip4': '1793', 'zip5': '99354'}"
295476437,DEAC0908SR22470,SAVANNAH RIVER NUCLEAR SOLUTIONS LLC,XLQ7CKUSQSD5,2024-09-26,0.0,DEFINITIVE CONTRACT,Department of Energy,Department of Energy,Department of Energy,Department of Energy,561210,FACILITIES SUPPORT SERVICES,M159,OPER OF GOVT OTHER INDUSTRIAL BLDG,"INCORPORATE SAVANNAH RIVER NUCLEAR SOLUTIONS FY25 PERFORMANCE EVALUATION MEASUREMENT PLAN (PEMP) EVALUATION PERIOD OCTOBER 1, 2024 THROUGH SEPTEMBER 30, 2025.","{'city_name': 'AIKEN', 'congressional_code': '02', 'country_name': 'UNITED STATES', 'county_code': '003', 'county_name': 'AIKEN', 'location_country_code': 'USA', 'state_code': 'SC', 'state_name': 'South Carolina', 'zip4': '0900', 'zip5': '29803'}"
295476907,DEAC2708RV14800,WASHINGTON RIVER PROTECTION SOLUTIONS LLC,CQE8EF6LB317,2024-09-26,23125401.2,DEFINITIVE CONTRACT,Department of Energy,Department of Energy,Department of Energy,Department of Energy,562211,HAZARDOUS WASTE TREATMENT AND DISPOSAL,M300,OPER OF GOVT RESTORATION,"THE PURPOSE OF THIS MODIFICATION IS TO OBLIGATE INCREMENTAL FUNDS AND UPDATE CONTRACT SECTION B.3(A), OBLIGATION AND AVAILABILITY OF FUNDS.","{'city_name': 'RICHLAND', 'congressional_code': '04', 'country_name': 'UNITED STATES', 'county_code': '005', 'county_name': 'BENTON', 'location_country_code': 'USA', 'state_code': 'WA', 'state_name': 'Washington', 'zip4': '2002', 'zip5': '99354'}"
295476975,DEAC3010CC40017,FLUOR-BWXT PORTSMOUTH LLC,NG33LHHLGG15,2024-09-26,0.0,DEFINITIVE CONTRACT,Department of Energy,Department of Energy,Department of Energy,Department of Energy,562910,REMEDIATION SERVICES,P500,SALVAGE- DEMOLITION OF STRUCTURES/FACILITIES (OTHER THAN BUILDINGS),PORTSMOUTH GASEOUS DIFFUSION PLANT DECONTAMINATION AND DECOMMISSIONING PROJECT. INCREMENTAL FUNDING.,"{'city_name': 'PIKETON', 'congressional_code': '02', 'country_name': 'UNITED STATES', 'county_code': '131', 'county_name': 'PIKE', 'location_country_code': 'USA', 'state_code': 'OH', 'state_name': 'Ohio', 'zip4': '9749', 'zip5': '45661'}"
295476975,DEAC3010CC40017,FLUOR-BWXT PORTSMOUTH LLC,NG33LHHLGG15,2024-09-26,0.0,DEFINITIVE CONTRACT,Department of Energy,Department of Energy,Department of Energy,Department of Energy,562910,REMEDIATION SERVICES,P500,SALVAGE- DEMOLITION OF STRUCTURES/FACILITIES (OTHER THAN BUILDINGS),"PORTSMOUTH GASEOUS DIFFUSION PLANT DECONTAMINATION AND DECOMMISSIONING PROJECT. ISSUE CHANGE ORDER AND EXTEND CONTRACT THROUGH MAY 31, 2025.","{'city_name': 'PIKETON', 'congressional_code': '02', 'country_name': 'UNITED STATES', 'county_code': '131', 'county_name': 'PIKE', 'location_country_code': 'USA', 'state_code': 'OH', 'state_name': 'Ohio', 'zip4': '9749', 'zip5': '45661'}"
295476975,DEAC3010CC40017,FLUOR-BWXT PORTSMOUTH LLC,NG33LHHLGG15,2024-09-26,31210102.72,DEFINITIVE CONTRACT,Department of Energy,Department of Energy,Department of Energy,Department of Energy,562910,REMEDIATION SERVICES,P500,SALVAGE- DEMOLITION OF STRUCTURES/FACILITIES (OTHER THAN BUILDINGS),PORTSMOUTH GASEOUS DIFFUSION PLANT DECONTAMINATION AND DECOMMISSIONING PROJECT. INCREMENTAL FUNDING CONTRACT LINE ITEM NUMBERS 3 7 AND 8.,"{'city_name': 'PIKETON', 'congressional_code': '02', 'country_name': 'UNITED STATES', 'county_code': '131', 'county_name': 'PIKE', 'location_country_code': 'USA', 'state_code': 'OH', 'state_name': 'Ohio', 'zip4': '9749', 'zip5': '45661'}"
295477012,DEAC3608GO28308,"ALLIANCE FOR ENERGY INNOVATION, LLC",DVGLNXBURMP3,2024-09-26,40294310.46,DEFINITIVE CONTRACT,Department of Energy,Department of Energy,Department of Energy,Department of Energy,541711,RESEARCH AND DEVELOPMENT IN BIOTECHNOLOGY,M181,OPER OF GOVT R&D GOCO FACILITIES,"MODIFICATION NUMBER 1446 PROVIDES TOTAL FUNDING IN THE AMOUNT OF $40,294,310.46 FOR DOE BIL FUNDING. THIS INCLUDES APPROPRIATED FUNDING IN THE AMOUNT OF $40,294,310.46 AND IS REPORTED IN FPDS-NG, THE REMAINING NON-APPROPRIATED FUNDING IN THE AMOUNT O","{'city_name': 'LAKEWOOD', 'congressional_code': '07', 'country_name': 'UNITED STATES', 'county_code': '059', 'county_name': 'JEFFERSON', 'location_country_code': 'USA', 'state_code': 'CO', 'state_name': 'Colorado', 'zip4': '3312', 'zip5': '80401'}"
295498931,DEAT3011CC00084,"AMENTUM ENVIRONMENT & ENERGY, INC.",EPJXJJAXYF38,2024-09-26,0.0,DELIVERY ORDER,Department of Energy,Department of Energy,Department of Energy,Department of Energy,562910,REMEDIATION SERVICES,F999,OTHER ENVIRONMENTAL SERVICES,EM NATIONWIDE IDIQ CONTRACT UNRESTRICTED OBLIGATION - MINIMUM QUANTITY.,"{'city_name': 'CINCINNATI', 'congressional_code': '01', 'country_name': 'UNITED STATES', 'county_code': '061', 'county_name': 'HAMILTON', 'location_country_code': 'USA', 'state_code': 'OH', 'state_name': 'Ohio', 'zip4': '4154', 'zip5': '45202'}"
295516633,DEDT0012485,"FISHER AND ARNOLD, INC.",WUQLKH2XDVE5,2024-09-26,-9626.62,DELIVERY ORDER,Department of Energy,Department of Energy,Department of Energy,Department of Energy,541310,ARCHITECTURAL SERVICES,C1BG,ARCHITECT AND ENGINEERING- CONSTRUCTION: ELECTRONIC AND COMMUNICATIONS FACILITIES,DE-OBLIGATION OF FUNDS,"{'city_name': 'GORE', 'congressional_code': '02', 'country_name': 'UNITED STATES', 'county_code': '135', 'county_name': 'SEQUOYAH', 'location_country_code': 'USA', 'state_code': 'OK', 'state_name': 'Oklahoma', 'zip4': '0066', 'zip5': '74435'}"
295516721,DEDT0012621,HANFORD OCCUPATIONAL HEALTHCARE AND WELLNESS INC.,WM87A5M8MK29,2024-09-26,-4400.57,DELIVERY ORDER,Department of Energy,Department of Energy,Department of Energy,Department of Energy,621111,OFFICES OF PHYSICIANS (EXCEPT MENTAL HEALTH SPECIALISTS),Q526,MEDICAL- MEDICAL/PSYCHIATRIC CONSULTATION,"PROVIDE ADDITIONAL OCCUPATIONAL MEDICAL SERVICES TO THE UNITED STATES DEPARTMENT OF ENERGY, OFFICE OF RIVER PROTECTION, TANK FARMS OPERATING CONTRACTOR, AND WASHINGTON RIVER PROTECTION SOLUTIONS, LLC. THIS MODIFICATION DE-OBLIGATES FUNDS FOR CLOSEOUT","{'city_name': 'RICHLAND', 'congressional_code': '04', 'country_name': 'UNITED STATES', 'county_code': '005', 'county_name': 'BENTON', 'location_country_code': 'USA', 'state_code': 'WA', 'state_name': 'Washington', 'zip4': '5321', 'zip5': '99354'}"
295520510,DEEM0003733,SWIFT & STALEY INC.,KEG8NAADACH5,2024-09-26,227704.0,DEFINITIVE CONTRACT,Department of Energy,Department of Energy,Department of Energy,Department of Energy,561210,FACILITIES SUPPORT SERVICES,S216,HOUSEKEEPING- FACILITIES OPERATIONS SUPPORT,"CONTRACT - PADUCAH INFRASTRUCTURE SUPPORT SERVICES.   THE PURPOSE OF THIS MODIFICATION IS TO ISSUE TASK ORDERS 0224 AND 0225, UPDATE CONTRACT SECTIONS, AND ADD INCREMENTAL FUNDING.","{'city_name': 'KEVIL', 'congressional_code': '01', 'country_name': 'UNITED STATES', 'county_code': '145', 'county_name': 'MCCRACKEN', 'location_country_code': 'USA', 'state_code': 'KY', 'state_name': 'Kentucky', 'zip4': '9685', 'zip5': '42053'}"
295520610,DEEM0004559,"MID-AMERICA CONVERSION SERVICES, LLC",FV18U2KPEDS6,2024-09-26,0.0,DEFINITIVE CONTRACT,Department of Energy,Department of Energy,Department of Energy,Department of Energy,325180,OTHER BASIC INORGANIC CHEMICAL MANUFACTURING,M1PD,OPERATION OF WASTE TREATMENT AND STORAGE FACILITIES,OPERATION OF DEPLETED URANIUM HEXAFLUORIDE CONVERSION FACILITIES - CHANGE ORDER TO EXTEND THE PERIOD OF PERFORMANCE BY EIGHT MONTHS.,"{'city_name': 'PIKETON', 'congressional_code': '02', 'country_name': 'UNITED STATES', 'county_code': '131', 'county_name': 'PIKE', 'location_country_code': 'USA', 'state_code': 'OH', 'state_name': 'Ohio', 'zip4': '9749', 'zip5': '45661'}"
295520610,DEEM0004559,"MID-AMERICA CONVERSION SERVICES, LLC",FV18U2KPEDS6,2024-09-26,14540685.83,DEFINITIVE CONTRACT,Department of Energy,Department of Energy,Department of Energy,Department of Energy,325180,OTHER BASIC INORGANIC CHEMICAL MANUFACTURING,M1PD,OPERATION OF WASTE TREATMENT AND STORAGE FACILITIES,OPERATION OF DEPLETED URANIUM HEXAFLUORIDE CONVERSION FACILITIES - INCREMENTAL FUNDING OBLIGATION FOR CONTRACT LINE ITEM NUMBERS 0002 AND 0007,"{'city_name': 'PIKETON', 'congressional_code': '02', 'country_name': 'UNITED STATES', 'county_code': '131', 'county_name': 'PIKE', 'location_country_code': 'USA', 'state_code': 'OH', 'state_name': 'Ohio', 'zip4': '9749', 'zip5': '45661'}"
295522037,DEFE0011020,"FLUOR FEDERAL PETROLEUM OPERATIONS, LLC",KJDUB6XQDTN4,2024-09-26,-89282.9,DEFINITIVE CONTRACT,Department of Energy,Department of Energy,Department of Energy,Department of Energy,561210,FACILITIES SUPPORT SERVICES,R799,SUPPORT- MANAGEMENT: OTHER,"THE PURPOSE OF THIS MODIFICATION IS TO DEOBLIGATE TOTAL FUNDS OF $91,282.90 AND PROVIDE ADDITIONAL $2,000 WHICH WILL DECREASE THE TOTAL FUNDS OBLIGATED CONTRACT $89,282.90 FROM $3,185,461,834.71 TO $3,185,372,551.81.","{'city_name': 'NEW ORLEANS', 'congressional_code': '01', 'country_name': 'UNITED STATES', 'county_code': '051', 'county_name': 'JEFFERSON', 'location_country_code': 'USA', 'state_code': 'LA', 'state_name': 'Louisiana', 'zip4': '3401', 'zip5': '70123'}"
295527106,DENA0003445,MONTECH INC,ZLQWLEQ5HJ49,2024-09-26,-9410.57,DEFINITIVE CONTRACT,Department of Energy,Department of Energy,Department of Energy,Department of Energy,541618,OTHER MANAGEMENT CONSULTING SERVICES,R408,SUPPORT- PROFESSIONAL: PROGRAM MANAGEMENT/SUPPORT,UTILITY MANAGEMENT CONSULTANT SERVICES,"{'city_name': 'ALBUQUERQUE', 'congressional_code': '01', 'country_name': 'UNITED STATES', 'county_code': '001', 'county_name': 'BERNALILLO', 'location_country_code': 'USA', 'state_code': 'NM', 'state_name': 'New Mexico', 'zip4': '3008', 'zip5': '87102'}"
295527128,DENA0003624,MISSION SUPPORT & TEST SERVICES LLC,YSYZHPCG4XB3,2024-09-26,3793229.7,DEFINITIVE CONTRACT,Department of Energy,Department of Energy,Department of Defense,Department of the Air Force,561210,FACILITIES SUPPORT SERVICES,M1JZ,OPERATION OF MISCELLANEOUS BUILDINGS,"MANAGEMENT AND OPERATION OF MISSION SUPPORT AND TEST SERVICES LLC'S FOLLOW-ON CONTRACT, DE-NA0003624 FOR THE MANAGEMENT AND OPERATION OF THE NEVADA NATIONAL SECURITY SITE (NNSS)","{'city_name': 'LAS VEGAS', 'congressional_code': '03', 'country_name': 'UNITED STATES', 'county_code': '003', 'county_name': 'CLARK', 'location_country_code': 'USA', 'state_code': 'NV', 'state_name': 'Nevada', 'zip4': '8518', 'zip5': '89193'}"
295527128,DENA0003624,MISSION SUPPORT & TEST SERVICES LLC,YSYZHPCG4XB3,2024-09-26,2186973.33,DEFINITIVE CONTRACT,Department of Energy,Department of Energy,Department of Energy,Department of Energy,561210,FACILITIES SUPPORT SERVICES,M1JZ,OPERATION OF MISCELLANEOUS BUILDINGS,"MANAGEMENT AND OPERATION OF MISSION SUPPORT AND TEST SERVICES LLC'S FOLLOW-ON CONTRACT, DE-NA0003624 FOR THE MANAGEMENT AND OPERATION OF THE NEVADA NATIONAL SECURITY SITE (NNSS).","{'city_name': 'LAS VEGAS', 'congressional_code': '03', 'country_name': 'UNITED STATES', 'county_code': '003', 'county_name': 'CLARK', 'location_country_code': 'USA', 'state_code': 'NV', 'state_name': 'Nevada', 'zip4': '8518', 'zip5': '89193'}"
295531863,DESC0014664,"OAK RIDGE ASSOCIATED UNIVERSITIES, INCORPORATED",JW7MLW3RRK34,2024-09-26,51633892.56,DEFINITIVE CONTRACT,Department of Energy,Department of Energy,Department of Energy,Department of Energy,541990,"ALL OTHER PROFESSIONAL, SCIENTIFIC, AND TECHNICAL SERVICES",U099,EDUCATION/TRAINING- OTHER,MANAGEMENT OF THE OAK RIDGE INSTITUTE FOR SCIENCE AND EDUCATION.,"{'city_name': 'OAK RIDGE', 'congressional_code': '03', 'country_name': 'UNITED STATES', 'county_code': '001', 'county_name': 'ANDERSON', 'location_country_code': 'USA', 'state_code': 'TN', 'state_name': 'Tennessee', 'zip4': '0117', 'zip5': '37831'}"
295531863,DESC0014664,"OAK RIDGE ASSOCIATED UNIVERSITIES, INCORPORATED",JW7MLW3RRK34,2024-09-26,14136635.08,DEFINITIVE CONTRACT,Department of Energy,Department of Energy,Department of Energy,Department of Energy,541990,"ALL OTHER PROFESSIONAL, SCIENTIFIC, AND TECHNICAL SERVICES",U099,EDUCATION/TRAINING- OTHER,MANAGEMENT OF THE OAK RIDGE INSTITUTE FOR SCIENCE AND EDUCATION.,"{'city_name': 'OAK RIDGE', 'congressional_code': '03', 'country_name': 'UNITED STATES', 'county_code': '001', 'county_name': 'ANDERSON', 'location_country_code': 'USA', 'state_code': 'TN', 'state_name': 'Tennessee', 'zip4': '0117', 'zip5': '37831'}"
292027127,89233121FNA400386,VECTOR RESOURCE INC,EK38FYR4WKJ7,2024-09-27,1000000.0,DELIVERY ORDER,Department of Energy,Department of Energy,Department of Energy,Department of Energy,541611,ADMINISTRATIVE MANAGEMENT AND GENERAL MANAGEMENT CONSULTING SERVICES,R425,SUPPORT- PROFESSIONAL: ENGINEERING/TECHNICAL,OFFICE OF SYSTEMS ENGINEERING AND INTEGRATION (NA-18) LIFE CYCLE LOGISTICS MANAGEMENT SUPPORT,"{'city_name': 'ALBUQUERQUE', 'congressional_code': '01', 'country_name': 'UNITED STATES', 'county_code': '001', 'county_name': 'BERNALILLO', 'location_country_code': 'USA', 'state_code': 'NM', 'state_name': 'New Mexico', 'zip4': '9700', 'zip5': '87101'}"
292027174,89233122CNA000284,PERIKIN ENTERPRISES LLC,F7FYWKK4NRN7,2024-09-27,0.0,DEFINITIVE CONTRACT,Department of Energy,Department of Energy,Department of Energy,Department of Energy,236220,COMMERCIAL AND INSTITUTIONAL BUILDING CONSTRUCTION,Y1EB,CONSTRUCTION OF MAINTENANCE BUILDINGS,DESIGN AND CONSTRUCT WESTERN COMMAND (WC) VEHICLE MAINTENANCE FACILITY (VMF) OFFICE OF SECURE TRANSPORTATION (OST) NATIONAL NUCLEAR SECURITY ADMINISTRATION (NNSA),"{'city_name': 'ALBUQUERQUE', 'congressional_code': '01', 'country_name': 'UNITED STATES', 'county_code': '001', 'county_name': 'BERNALILLO', 'location_country_code': 'USA', 'state_code': 'NM', 'state_name': 'New Mexico', 'zip4': '2334', 'zip5': '87102'}"
292027182,89233122FNA000107,PARSONS GOVERNMENT SERVICES INC.,NMBCAG1JBKL7,2024-09-27,900000.0,BPA CALL,Department of Energy,Department of Energy,Department of Energy,Department of Energy,541330,ENGINEERING SERVICES,R425,SUPPORT- PROFESSIONAL: ENGINEERING/TECHNICAL,"THE Y-12 ACQUISITION AND PROJECT MANAGEMENT OFFICE (APMO), NA-93, PROVIDES CONTRACT MANAGEMENT AND CONTRACT OVERSIGHT FOR ONGOING CAPITAL PROJECTS AND MAJOR ITEMS OF EQUIPMENT AT THE Y-12 SITE IN OAK RIDGE, TENNESSEE. THE APMO ORGANIZATION IS COMPRIS","{'city_name': 'LAS VEGAS', 'congressional_code': '03', 'country_name': 'UNITED STATES', 'county_code': '003', 'county_name': 'CLARK', 'location_country_code': 'USA', 'state_code': 'NV', 'state_name': 'Nevada', 'zip4': '1627', 'zip5': '89135'}"
292027249,89233122FNA400494,"TECHSOURCE, LLC",DSDEKJ6JRLA7,2024-09-27,0.0,DELIVERY ORDER,Department of Energy,Department of Energy,Department of Energy,Department of Energy,541330,ENGINEERING SERVICES,R499,SUPPORT- PROFESSIONAL: OTHER,"TECHNICAL, LIAISON, AND ANALYTICAL SUPPORT SERVICES FOR THE OFFICE OF DEFENSE PROGRAMS (NA-10) AND THE OFFICE OF SYSTEMS ENGINEERING AND INTEGRATION (NA-18).","{'city_name': 'WASHINGTON', 'congressional_code': '98', 'country_name': 'UNITED STATES', 'county_code': '001', 'county_name': 'DISTRICT OF COLUMBIA', 'location_country_code': 'USA', 'state_code': 'DC', 'state_name': 'District Of Columbia', 'zip4': '0102', 'zip5': '20585'}"
292027292,89233123FNA000116,PARSONS GOVERNMENT SERVICES INC.,NMBCAG1JBKL7,2024-09-27,13550.4,BPA CALL,Department of Energy,Department of Energy,Department of Energy,Department of Energy,541330,ENGINEERING SERVICES,R425,SUPPORT- PROFESSIONAL: ENGINEERING/TECHNICAL,"THE SAVANNAH RIVER SITE ACQUISITION AND PROJECT MANAGEMENT OFFICE (NA-94) WILL BE RESPONSIBLE FOR ALL THE LINE ITEM PROJECTS FOR NNSA AT SAVANNAH RIVER SITE (SRS). CURRENTLY NA-94 IS RESPONSIBLE FOR THREE (3) LINE-ITEM PROJECTS, EACH WITH ITS OWN ASS","{'city_name': 'CENTREVILLE', 'congressional_code': '11', 'country_name': 'UNITED STATES', 'county_code': '059', 'county_name': 'FAIRFAX', 'location_country_code': 'USA', 'state_code': 'VA', 'state_name': 'Virginia', 'zip4': '1922', 'zip5': '20120'}"
292027406,89233124FNA000167,"GENERAL DYNAMICS INFORMATION TECHNOLOGY, INC.",SMNWM6HN79X5,2024-09-27,2279699.56,BPA CALL,Department of Energy,Department of Energy,Department of Energy,Department of Energy,541511,CUSTOM COMPUTER PROGRAMMING SERVICES,R499,SUPPORT- PROFESSIONAL: OTHER,IT SERVICE MANAGEMENT AND INTEGRATION,"{'city_name': 'WASHINGTON', 'congressional_code': '98', 'country_name': 'UNITED STATES', 'county_code': '001', 'county_name': 'DISTRICT OF COLUMBIA', 'location_country_code': 'USA', 'state_code': 'DC', 'state_name': 'District Of Columbia', 'zip4': '0001', 'zip5': '20585'}"
292027407,89233124FNA000168,"GENERAL DYNAMICS INFORMATION TECHNOLOGY, INC.",SMNWM6HN79X5,2024-09-27,6022229.34,BPA CALL,Department of Energy,Department of Energy,Department of Energy,Department of Energy,541511,CUSTOM COMPUTER PROGRAMMING SERVICES,R499,SUPPORT- PROFESSIONAL: OTHER,CYBERSECURITY SERVICES,"{'city_name': 'WASHINGTON', 'congressional_code': '98', 'country_name': 'UNITED STATES', 'county_code': '001', 'county_name': 'DISTRICT OF COLUMBIA', 'location_country_code': 'USA', 'state_code': 'DC', 'state_name': 'District Of Columbia', 'zip4': '0001', 'zip5': '20585'}"
292027417,89233124FNA400576,BY LIGHT PROFESSIONAL IT SERVICES LLC,NKKQE6FG4C28,2024-09-27,1075049.0,DELIVERY ORDER,Department of Energy,Department of Energy,Department of Energy,Department of Energy,541519,OTHER COMPUTER RELATED SERVICES,R499,SUPPORT- PROFESSIONAL: OTHER,HIGH FREQUENCY RADIO MAINTENANCE SUPPORT SERVICES FOR THE DOE/NNSA OFFICE OF EMERGENCY OPERATIONS (NA-40),"{'city_name': 'WASHINGTON', 'congressional_code': '98', 'country_name': 'UNITED STATES', 'county_code': '001', 'county_name': 'DISTRICT OF COLUMBIA', 'location_country_code': 'USA', 'state_code': 'DC', 'state_name': 'District Of Columbia', 'zip4': '0102', 'zip5': '20585'}"
292027478,89233124FNA400652,"ACATO INFORMATION MANAGEMENT, LLC",WHW5K373CL88,2024-09-27,4373679.5,DELIVERY ORDER,Department of Energy,Department of Energy,Department of Energy,Department of Energy,541512,COMPUTER SYSTEMS DESIGN SERVICES,7A21,IT AND TELECOM - BUSINESS APPLICATION SOFTWARE (PERPETUAL LICENSE SOFTWARE),CONTRACT FOR QUALITY ASSURANCE SERVICES FIRM FIXED PRICE,"{'city_name': 'WASHINGTON', 'congressional_code': '98', 'country_name': 'UNITED STATES', 'county_code': '001', 'county_name': 'DISTRICT OF COLUMBIA', 'location_country_code': 'USA', 'state_code': 'DC', 'state_name': 'District Of Columbia', 'zip4': '0102', 'zip5': '20585'}"
292027610,89233218CNA000001,"TRIAD NATIONAL SECURITY, LLC",X7WUS5LRBQU3,2024-09-27,23743706.23,DEFINITIVE CONTRACT,Department of Energy,Department of Energy,Department of Defense,Defense Advanced Research Projects Agency,561210,FACILITIES SUPPORT SERVICES,M1JZ,OPERATION OF MISCELLANEOUS BUILDINGS,REIMBURSABLE FUNDING FOR LOS ALAMOS NATIONAL LABORATORY MANAGEMENT AND OPERATING CONTRACT,"{'city_name': 'LOS ALAMOS', 'congressional_code': '03', 'country_name': 'UNITED STATES', 'county_code': '028', 'county_name': 'LOS ALAMOS', 'location_country_code': 'USA', 'state_code': 'NM', 'state_name': 'New Mexico', 'zip4': '0145', 'zip5': '87545'}"
292028025,89243120FSC000008,ACCENTURE FEDERAL SERVICES LLC,C47BNA8GM833,2024-09-27,2287219.93,BPA CALL,Department of Energy,Department of Energy,Department of Energy,Department of Energy,541512,COMPUTER SYSTEMS DESIGN SERVICES,D318,"IT AND TELECOM- INTEGRATED HARDWARE/SOFTWARE/SERVICES SOLUTIONS, PREDOMINANTLY SERVICES","TECHNICAL, PROFESSIONAL, INFORMATION MANAGEMENT AND TECHNOLOGY SUPPORT AND ASSISTANCE TO THE OFFICE OF SCIENCE - UNILATERAL MODIFICATION P00040 IS TO EXERCISE OPTION PERIOD 4 AND ADD INCREMENTAL FUNDING IN THE AMOUNT OF $2,287,219.93.","{'city_name': 'GERMANTOWN', 'congressional_code': '06', 'country_name': 'UNITED STATES', 'county_code': '031', 'county_name': 'MONTGOMERY', 'location_country_code': 'USA', 'state_code': 'MD', 'state_name': 'Maryland', 'zip4': '1299', 'zip5': '20874'}"
292028362,89243123CSC000133,OMNISYNC INCORPORATED,P1SLE2SMWLX5,2024-09-27,310180.0,DEFINITIVE CONTRACT,Department of Energy,Department of Energy,Department of Energy,Department of Energy,541511,CUSTOM COMPUTER PROGRAMMING SERVICES,DA01,IT AND TELECOM - BUSINESS APPLICATION/APPLICATION DEVELOPMENT SUPPORT SERVICES (LABOR),"SBIR/STTR SUPPORT SERVICES TO THE DEPARTMENT OF ENERGY (DOE), SMALL BUSINESS INNOVATION RESEARCH (SBIR) AND SMALL BUSINESS TECHNOLOGY TRANSFER (STTR) PROGRAMS OFFICE.","{'city_name': 'SAN DIEGO', 'congressional_code': '51', 'country_name': 'UNITED STATES', 'county_code': '073', 'county_name': 'SAN DIEGO', 'location_country_code': 'USA', 'state_code': 'CA', 'state_name': 'California', 'zip4': '4410', 'zip5': '92123'}"
292028494,89243124CSC000170,SIMMONS & GOLDEN SECURITY LLC,KKWALQKX5A67,2024-09-27,101064.0,DEFINITIVE CONTRACT,Department of Energy,Department of Energy,Department of Energy,Department of Energy,561612,SECURITY GUARDS AND PATROL SERVICES,R430,SUPPORT- PROFESSIONAL: PHYSICAL SECURITY AND BADGING,PROTECTIVE FORCE SECURITY SERVICES,"{'city_name': 'OAK RIDGE', 'congressional_code': '03', 'country_name': 'UNITED STATES', 'county_code': '001', 'county_name': 'ANDERSON', 'location_country_code': 'USA', 'state_code': 'TN', 'state_name': 'Tennessee', 'zip4': '8823', 'zip5': '37830'}"
292028806,89243221FEM400010,PROTECTION STRATEGIES INC,JWA9MZBLNE44,2024-09-27,1200000.0,DELIVERY ORDER,Department of Energy,Department of Energy,Department of Energy,Department of Energy,561612,SECURITY GUARDS AND PATROL SERVICES,R430,SUPPORT- PROFESSIONAL: PHYSICAL SECURITY AND BADGING,THE PURPOSE OF THIS MODIFICATION IS TO EXERCISE THE OPTION TO EXTEND AND ADD FUNDING TO CLIN-3.  NO OTHER TERMS OR CONDITIONS HAVE CHANGED.,"{'city_name': 'PLATTEVILLE', 'congressional_code': '08', 'country_name': 'UNITED STATES', 'county_code': '123', 'county_name': 'WELD', 'location_country_code': 'USA', 'state_code': 'CO', 'state_name': 'Colorado', 'zip4': '9201', 'zip5': '80651'}"
292028881,89243223FNE400097,ALLEGHENY SCIENCE & TECHNOLOGY CORPORATION,GLPKRZJL8GM3,2024-09-27,-39376.99,DELIVERY ORDER,Department of Energy,Department of Energy,Department of Energy,Department of Energy,541330,ENGINEERING SERVICES,R425,SUPPORT- PROFESSIONAL: ENGINEERING/TECHNICAL,"THE PURPOSE OF THIS MODIFICATION IS TO:  1. DE-OBLIGATE ($39,445.52) ON CLIN 00001 FOR INVOICE DISCOUNTS TAKEN, DECREASING THE OBLIGATED AMOUNT ON CLIN 00001 FROM $19,933,976.63 TO $19,894,531.11 AND THE TOTAL OBLIGATED AMOUNT FROM $19,980,836.63 TO","{'city_name': 'IDAHO FALLS', 'congressional_code': '02', 'country_name': 'UNITED STATES', 'county_code': '019', 'county_name': 'BONNEVILLE', 'location_country_code': 'USA', 'state_code': 'ID', 'state_name': 'Idaho', 'zip4': '0001', 'zip5': '83415'}"
292028913,89243224FNE400114,SIGMA SCIENCE INC,NB31NPVJHRZ5,2024-09-27,0.0,DELIVERY ORDER,Department of Energy,Department of Energy,Department of Energy,Department of Energy,541330,ENGINEERING SERVICES,R425,SUPPORT- PROFESSIONAL: ENGINEERING/TECHNICAL,TASK ORDER 10 - USE OF EXISTING INDUSTRY NUMERICAL MODELS TO PREDICT THE FUEL ROD PERFORMANCE DURING  REPRESENTATIVE EARTHQUAKES - PHASE II AUTHORIZATION  THIS MODIFICATION AUTHORIZES PHASE II OF THE TASK ORDER 10: USE OF EXISTING INDUSTRY NUMERICA,"{'city_name': 'ALBUQUERQUE', 'congressional_code': '01', 'country_name': 'UNITED STATES', 'county_code': '001', 'county_name': 'BERNALILLO', 'location_country_code': 'USA', 'state_code': 'NM', 'state_name': 'New Mexico', 'zip4': '8123', 'zip5': '87110'}"
292028940,89243224PNE000080,THERMO ELECTRON NORTH AMERICA LLC,CMBPHDRMCS51,2024-09-27,33692.0,PURCHASE ORDER,Department of Energy,Department of Energy,Department of Energy,Department of Energy,811210,ELECTRONIC AND PRECISION EQUIPMENT REPAIR AND MAINTENANCE,J066,MAINT/REPAIR/REBUILD OF EQUIPMENT- INSTRUMENTS AND LABORATORY EQUIPMENT,BASE PLUS 2-YEAR SERVICE AGREEMENT WITH THERMO FISHER FOR TWO ICP-MS SPECTROMETERS AT THE RESL,"{'city_name': 'IDAHO FALLS', 'congressional_code': '02', 'country_name': 'UNITED STATES', 'county_code': '019', 'county_name': 'BONNEVILLE', 'location_country_code': 'USA', 'state_code': 'ID', 'state_name': 'Idaho', 'zip4': '0001', 'zip5': '83415'}"
292028941,89243224PNE000081,"HOPEWELL DESIGNS, INC.",M4KDZ8GCL7J4,2024-09-27,41100.0,PURCHASE ORDER,Department of Energy,Department of Energy,Department of Energy,Department of Energy,334517,IRRADIATION APPARATUS MANUFACTURING,5860,"STIMULATED COHERENT RADIATION DEVICES, COMPONENTS, AND ACCESSORIES",PURCHASE CUSTOM ROTARY TABLES FOR AM-241 IRRADIATOR AND SR-90 BETA IRRADIATOR,"{'city_name': 'IDAHO FALLS', 'congressional_code': '02', 'country_name': 'UNITED STATES', 'county_code': '019', 'county_name': 'BONNEVILLE', 'location_country_code': 'USA', 'state_code': 'ID', 'state_name': 'Idaho', 'zip4': '0001', 'zip5': '83415'}"
292029361,89243320CFE000041,WE2 SUPPORT SERVICES 8A JV LLC,ELXNHFYVZST7,2024-09-27,804596.0,DEFINITIVE CONTRACT,Department of Energy,Department of Energy,Department of Energy,Department of Energy,561210,FACILITIES SUPPORT SERVICES,S216,HOUSEKEEPING- FACILITIES OPERATIONS SUPPORT,SITE OPERATIONS SUPPORT SERVICES IV (SOS IV) - MODIFICATION 126 INCREMENTAL FUNDING  SBA REQUIREMENT NUMBER - 0390/19/900028/01,"{'city_name': 'MORGANTOWN', 'congressional_code': '02', 'country_name': 'UNITED STATES', 'county_code': '061', 'county_name': 'MONONGALIA', 'location_country_code': 'USA', 'state_code': 'WV', 'state_name': 'West Virginia', 'zip4': '0880', 'zip5': '26507'}"
292029714,89243322FFE000027,RELX INC.,LKAAJG8KK4U1,2024-09-27,0.0,BPA CALL,Department of Energy,Department of Energy,Department of Energy,Department of Energy,511120,PERIODICAL PUBLISHERS,7A21,IT AND TELECOM - BUSINESS APPLICATION SOFTWARE (PERPETUAL LICENSE SOFTWARE),"ANNUAL RENEWAL OF LEXISNEXIS SUBSCRIPTION, FOR 6 USERS FOR LEXIS+ AND ONE USER FOR COURTLINK FOR POP 10/1/2022 TO 9/30/2023.  MODIFICATION P00002 CLOSE OUT","{'city_name': 'MORGANTOWN', 'congressional_code': '02', 'country_name': 'UNITED STATES', 'county_code': '061', 'county_name': 'MONONGALIA', 'location_country_code': 'USA', 'state_code': 'WV', 'state_name': 'West Virginia', 'zip4': '0800', 'zip5': '26505'}"
292029918,89243323FFE400480,STERLING COMPUTERS CORPORATION,YZTLALWM4UC7,2024-09-27,0.0,DELIVERY ORDER,Department of Energy,Department of Energy,Department of Energy,Department of Energy,541519,OTHER COMPUTER RELATED SERVICES,7B20,IT AND TELECOM - HIGH PERFORMANCE COMPUTE (HARDWARE AND PERPETUAL LICENSE SOFTWARE),CLOSEOUT,"{'city_name': 'NORTH SIOUX CITY', 'congressional_code': '00', 'country_name': 'UNITED STATES', 'county_code': '127', 'county_name': 'UNION', 'location_country_code': 'USA', 'state_code': 'SD', 'state_name': 'South Dakota', 'zip4': '3155', 'zip5': '57049'}"
292029924,89243323FFE400486,"BUSINESS MANAGEMENT RESEARCH ASSOCIATES, INC.",TBSYN5HETPN5,2024-09-27,0.0,DELIVERY ORDER,Department of Energy,Department of Energy,Department of Energy,Department of Energy,323117,BOOKS PRINTING,U005,EDUCATION/TRAINING- TUITION/REGISTRATION/MEMBERSHIP FEES,BIL - THREE GROUP TECHNICAL PROJECT OFFICER (TPO) LEVEL 2 TRAINING COURSES: COOPERATIVE AGREEMENTS AND SUBSTANTIAL INVOLVEMENT PERFORMANCE MEASUREMENT FOR FEDERAL GRANTS UNDER 2 CFR 200 DETECTING AND PREVENTING FRAUD ON FEDERAL GRANT PROJECT CLOS,"{'city_name': 'MORGANTOWN', 'congressional_code': '02', 'country_name': 'UNITED STATES', 'county_code': '061', 'county_name': 'MONONGALIA', 'location_country_code': 'USA', 'state_code': 'WV', 'state_name': 'West Virginia', 'zip4': '2353', 'zip5': '26505'}"
292030031,89243323PFE000679,IMPLAN GROUP LLC,W5MKBYCDR596,2024-09-27,0.0,PURCHASE ORDER,Department of Energy,Department of Energy,Department of Energy,Department of Energy,513210,SOFTWARE PUBLISHERS,7A21,IT AND TELECOM - BUSINESS APPLICATION SOFTWARE (PERPETUAL LICENSE SOFTWARE),IMPLAN USA NATIONAL DATA PACKAGE SOFTWARE RENEWAL.  MODIFICATION 00002 IS TO CLOSE OUT THE AWARD.,"{'city_name': 'HUNTERSVILLE', 'congressional_code': '12', 'country_name': 'UNITED STATES', 'county_code': '119', 'county_name': 'MECKLENBURG', 'location_country_code': 'USA', 'state_code': 'NC', 'state_name': 'North Carolina', 'zip4': '5097', 'zip5': '28078'}"
292030147,89243324FFE400640,TEVET LLC,CQLFMKPGRUQ3,2024-09-27,66928.75,DELIVERY ORDER,Department of Energy,Department of Energy,Department of Energy,Department of Energy,334515,INSTRUMENT MANUFACTURING FOR MEASURING AND TESTING ELECTRICITY AND ELECTRICAL SIGNALS,6640,LABORATORY EQUIPMENT AND SUPPLIES,"GAS CHROMATOGRAPH-NITROGEN CHEMILUMINESCENCE DETECTOR:   1. QTY 1 G3540A, AGILENT 8890 GC SYSTEM CUSTOM WITH THE FOLLOWING CONFIGURATION: FACTORY PLUMBING FOR QUICK INSTALLATION  EXHAUST DEFLECTOR ASSY  AGILENT LSCA GAS CLEAN FILTER SENSOR KIT","{'city_name': 'GREENEVILLE', 'congressional_code': '01', 'country_name': 'UNITED STATES', 'county_code': '059', 'county_name': 'GREENE', 'location_country_code': 'USA', 'state_code': 'TN', 'state_name': 'Tennessee', 'zip4': '6957', 'zip5': '37743'}"
292030148,89243324FFE400641,"NEW TECH SOLUTIONS, INC.",XK11LLUL61A7,2024-09-27,31532.0,DELIVERY ORDER,Department of Energy,Department of Energy,Department of Energy,Department of Energy,334111,ELECTRONIC COMPUTER MANUFACTURING,7B22,IT AND TELECOM - COMPUTE: SERVERS (HARDWARE AND PERPETUAL LICENSE SOFTWARE),BIL-IIJA FUNDS. SSAE EQUIPMENT. TWO (2) SUPERMICRO HYPER SERVERS AND EIGHT (8) MICROSOFT WINDOWS 11 PROFESSIONAL FOR WORKSTATIONS (DSP).,"{'city_name': 'MORGANTOWN', 'congressional_code': '02', 'country_name': 'UNITED STATES', 'county_code': '061', 'county_name': 'MONONGALIA', 'location_country_code': 'USA', 'state_code': 'WV', 'state_name': 'West Virginia', 'zip4': '2353', 'zip5': '26505'}"
292030188,89243324PFE000738,"VITREK, LLC",NWZ8REPJAUC3,2024-09-27,0.0,PURCHASE ORDER,Department of Energy,Department of Energy,Department of Energy,Department of Energy,334515,INSTRUMENT MANUFACTURING FOR MEASURING AND TESTING ELECTRICITY AND ELECTRICAL SIGNALS,7B20,IT AND TELECOM - HIGH PERFORMANCE COMPUTE (HARDWARE AND PERPETUAL LICENSE SOFTWARE),VITREK GAGE EON PCIE CSE123G2 DIGITIZER CARD. MODIFICATION P00001 CLOSE OUT AWARD,"{'city_name': 'POWAY', 'congressional_code': '48', 'country_name': 'UNITED STATES', 'county_code': '073', 'county_name': 'SAN DIEGO', 'location_country_code': 'USA', 'state_code': 'CA', 'state_name': 'California', 'zip4': '8835', 'zip5': '92064'}"
292030247,89243324PFE000817,GEOTEK LIMITED,NUPXBRAKAJU6,2024-09-27,715847.4,PURCHASE ORDER,Department of Energy,Department of Energy,Department of Energy,Department of Energy,334516,ANALYTICAL LABORATORY INSTRUMENT MANUFACTURING,6640,LABORATORY EQUIPMENT AND SUPPLIES,"IRA FUNDED PURCHASE OF MULTI-SENSOR CORE LOGGER, MEETING THE SALIENT CHARACTERISTICS/TECHNICAL SPECIFICATIONS IDENTIFIED IN ATTACHMENT A, TO NON-DESTRUCTIVELY CHARACTERIZE ROCK CORES.","{'city_name': None, 'congressional_code': None, 'country_name': 'UNITED KINGDOM', 'county_code': None, 'county_name': None, 'location_country_code': 'GBR', 'state_code': None, 'state_name': None, 'zip4': None, 'zip5': None}"
292030249,89243324PFE000819,TELOPS INC,JNJ3SD2BZ6N4,2024-09-27,208856.0,PURCHASE ORDER,Department of Energy,Department of Energy,Department of Energy,Department of Energy,334513,"INSTRUMENTS AND RELATED PRODUCTS MANUFACTURING FOR MEASURING, DISPLAYING, AND CONTROLLING INDUSTRIAL PROCESS VARIABLES",6640,LABORATORY EQUIPMENT AND SUPPLIES,"(1) TELOPS MS M2K UD, HIGH-SPEED MULTISPECTRAL INFRARED (IR) CAMERA, CUSTOM FILTER WHEEL, AND INFRARED LENS.","{'city_name': 'MORGANTOWN', 'congressional_code': '02', 'country_name': 'UNITED STATES', 'county_code': '061', 'county_name': 'MONONGALIA', 'location_country_code': 'USA', 'state_code': 'WV', 'state_name': 'West Virginia', 'zip4': '2535', 'zip5': '26505'}"
292031037,89243424FEE000352,ENERGY TECHNOLOGY ALLIANCE LLC,WDTLX4NKRKC8,2024-09-27,519453.6,BPA CALL,Department of Energy,Department of Energy,Department of Energy,Department of Energy,562910,REMEDIATION SERVICES,R425,SUPPORT- PROFESSIONAL: ENGINEERING/TECHNICAL,"SCIENTIFIC, ENGINEERING AND TECHNICAL SUPPORT (SETS) FOR THE BUILDING TECHNOLOGIES OFFICE (BTO) TECH TO MARKET (T2M), HVAC, AND DOE INVESTMENT MAP SUPPORT - 6- MONTH EXTENSION TO BASE YEAR.","{'city_name': 'GOLDEN', 'congressional_code': '07', 'country_name': 'UNITED STATES', 'county_code': '059', 'county_name': 'JEFFERSON', 'location_country_code': 'USA', 'state_code': 'CO', 'state_name': 'Colorado', 'zip4': '2032', 'zip5': '80401'}"
292031039,89243424FEE000354,ENERGY TECHNOLOGY ALLIANCE LLC,WDTLX4NKRKC8,2024-09-27,1195800.0,BPA CALL,Department of Energy,Department of Energy,Department of Energy,Department of Energy,562910,REMEDIATION SERVICES,R425,SUPPORT- PROFESSIONAL: ENGINEERING/TECHNICAL,"SCIENTIFIC, ENGINEERING AND TECHNICAL SUPPORT (SETS) FOR THE GEOTHERMAL TECHNOLOGIES OFFICE (GTO).  P00002- 6 MONTH EXTENSION.","{'city_name': 'WASHINGTON', 'congressional_code': '98', 'country_name': 'UNITED STATES', 'county_code': '001', 'county_name': 'DISTRICT OF COLUMBIA', 'location_country_code': 'USA', 'state_code': 'DC', 'state_name': 'District Of Columbia', 'zip4': '2542', 'zip5': '20024'}"
292031040,89243424FEE000355,ENERGY TECHNOLOGY ALLIANCE LLC,WDTLX4NKRKC8,2024-09-27,141450.0,BPA CALL,Department of Energy,Department of Energy,Department of Energy,Department of Energy,562910,REMEDIATION SERVICES,R425,SUPPORT- PROFESSIONAL: ENGINEERING/TECHNICAL,"SCIENTIFIC, ENGINEERING AND TECHNICAL SUPPORT (SETS) FOR THE RENEWABLE ENERGY GRID INTEGRATION (REGI). MOD P00002- 6 MONTH EXTENSION","{'city_name': 'WASHINGTON', 'congressional_code': '98', 'country_name': 'UNITED STATES', 'county_code': '001', 'county_name': 'DISTRICT OF COLUMBIA', 'location_country_code': 'USA', 'state_code': 'DC', 'state_name': 'District Of Columbia', 'zip4': '2542', 'zip5': '20024'}"
292031041,89243424FEE000356,ENERGY TECHNOLOGY ALLIANCE LLC,WDTLX4NKRKC8,2024-09-27,1000000.0,BPA CALL,Department of Energy,Department of Energy,Department of Energy,Department of Energy,562910,REMEDIATION SERVICES,R425,SUPPORT- PROFESSIONAL: ENGINEERING/TECHNICAL,"SCIENTIFIC, ENGINEERING AND TECHNICAL SUPPORT (SETS) FOR THE HYDROGEN & FUEL CELL TECHNOLOGIES OFFICE (HFTO). P00008- 6 MONTH EXTENSION","{'city_name': 'WASHINGTON', 'congressional_code': '98', 'country_name': 'UNITED STATES', 'county_code': '001', 'county_name': 'DISTRICT OF COLUMBIA', 'location_country_code': 'USA', 'state_code': 'DC', 'state_name': 'District Of Columbia', 'zip4': '2542', 'zip5': '20024'}"
292031047,89243424FEE000363,ENERGY TECHNOLOGY ALLIANCE LLC,WDTLX4NKRKC8,2024-09-27,2260902.0,BPA CALL,Department of Energy,Department of Energy,Department of Energy,Department of Energy,562910,REMEDIATION SERVICES,R425,SUPPORT- PROFESSIONAL: ENGINEERING/TECHNICAL,SCIENTIFIC ENGINEERING AND TECHNICAL SUPPORT SETS BIOENERGY TECHNOLOGIES OFFICE-MOD P00007-6 MONTH EXTENSION,"{'city_name': 'BEND', 'congressional_code': '05', 'country_name': 'UNITED STATES', 'county_code': '017', 'county_name': 'DESCHUTES', 'location_country_code': 'USA', 'state_code': 'OR', 'state_name': 'Oregon', 'zip4': '2762', 'zip5': '97703'}"
292031059,89243424FEE000377,ENERGY TECHNOLOGY ALLIANCE LLC,WDTLX4NKRKC8,2024-09-27,194449.43,BPA CALL,Department of Energy,Department of Energy,Department of Energy,Department of Energy,562910,REMEDIATION SERVICES,R425,SUPPORT- PROFESSIONAL: ENGINEERING/TECHNICAL,"SCIENTIFIC, ENGINEERING AND TECHNICAL SUPPORT (SETS) FOR U.S. CLEAN ENERGY EDUCATION & EMPOWERMENT (C3E) INITIATIVE - 6-MONTH EXTENSION TO BASE YEAR.","{'city_name': 'GOLDEN', 'congressional_code': '07', 'country_name': 'UNITED STATES', 'county_code': '059', 'county_name': 'JEFFERSON', 'location_country_code': 'USA', 'state_code': 'CO', 'state_name': 'Colorado', 'zip4': '2929', 'zip5': '80401'}"
292031063,89243424FEE000383,ENERGY TECHNOLOGY ALLIANCE LLC,WDTLX4NKRKC8,2024-09-27,256896.0,BPA CALL,Department of Energy,Department of Energy,Department of Energy,Department of Energy,562910,REMEDIATION SERVICES,R425,SUPPORT- PROFESSIONAL: ENGINEERING/TECHNICAL,"SCIENTIFIC, ENGINEERING AND TECHNICAL SUPPORT (SETS)-SOLAR ENERGY TECHNOLOGIES OFFICE (SETO)-MOD P00003- 6 MONTH EXTENSION","{'city_name': 'BEND', 'congressional_code': '05', 'country_name': 'UNITED STATES', 'county_code': '017', 'county_name': 'DESCHUTES', 'location_country_code': 'USA', 'state_code': 'OR', 'state_name': 'Oregon', 'zip4': '2762', 'zip5': '97703'}"
292031067,89243424FEE000393,ENERGY TECHNOLOGY ALLIANCE LLC,WDTLX4NKRKC8,2024-09-27,256069.36,BPA CALL,Department of Energy,Department of Energy,Department of Energy,Department of Energy,562910,REMEDIATION SERVICES,R425,SUPPORT- PROFESSIONAL: ENGINEERING/TECHNICAL,"SCIENTIFIC, ENGINEERING AND TECHNICAL SUPPORT (SETS) FOR THE GEOTHERMAL TECHNOLOGIES OFFICE. MOD P00004- 6 MONTH EXTENSION","{'city_name': 'WASHINGTON', 'congressional_code': '98', 'country_name': 'UNITED STATES', 'county_code': '001', 'county_name': 'DISTRICT OF COLUMBIA', 'location_country_code': 'USA', 'state_code': 'DC', 'state_name': 'District Of Columbia', 'zip4': '2542', 'zip5': '20024'}"
292031076,89243424FEE000404,ENERGY TECHNOLOGY ALLIANCE LLC,WDTLX4NKRKC8,2024-09-27,190922.94,BPA CALL,Department of Energy,Department of Energy,Department of Energy,Department of Energy,562910,REMEDIATION SERVICES,R425,SUPPORT- PROFESSIONAL: ENGINEERING/TECHNICAL,"SCIENTIFIC, ENGINEERING AND TECHNICAL SUPPORT (SETS) FOR THE HYDROGEN FUEL TECHNOLOGY OFFICE (HFTO).","{'city_name': 'WASHINGTON', 'congressional_code': '98', 'country_name': 'UNITED STATES', 'county_code': '001', 'county_name': 'DISTRICT OF COLUMBIA', 'location_country_code': 'USA', 'state_code': 'DC', 'state_name': 'District Of Columbia', 'zip4': '0102', 'zip5': '20585'}"
292031078,89243424FEE000406,ENERGY TECHNOLOGY ALLIANCE LLC,WDTLX4NKRKC8,2024-09-27,175560.8,BPA CALL,Department of Energy,Department of Energy,Department of Energy,Department of Energy,562910,REMEDIATION SERVICES,R425,SUPPORT- PROFESSIONAL: ENGINEERING/TECHNICAL,"SCIENTIFIC, ENGINEERING AND TECHNICAL SUPPORT (SETS) FOR BUILDING TECHNOLOGIES OFFICE - 6-MONTH EXTENSION TO BASE YEAR.","{'city_name': 'GOLDEN', 'congressional_code': '07', 'country_name': 'UNITED STATES', 'county_code': '059', 'county_name': 'JEFFERSON', 'location_country_code': 'USA', 'state_code': 'CO', 'state_name': 'Colorado', 'zip4': '2302', 'zip5': '80401'}"
292031125,89243424FEE000460,ENERGY TECHNOLOGY ALLIANCE LLC,WDTLX4NKRKC8,2024-09-27,109673.75,BPA CALL,Department of Energy,Department of Energy,Department of Energy,Department of Energy,562910,REMEDIATION SERVICES,R425,SUPPORT- PROFESSIONAL: ENGINEERING/TECHNICAL,"SCIENTIFIC, ENGINEERING AND TECHNICAL SUPPORT (SETS) FOR DOE'S BUILDING TECHNOLOGY OFFICE (BTO).","{'city_name': 'WASHINGTON', 'congressional_code': '98', 'country_name': 'UNITED STATES', 'county_code': '001', 'county_name': 'DISTRICT OF COLUMBIA', 'location_country_code': 'USA', 'state_code': 'DC', 'state_name': 'District Of Columbia', 'zip4': '0102', 'zip5': '20585'}"
292031451,89243524FCR000013,"MINBURN TECHNOLOGY GROUP, LLC",WN8JFVZTBCA5,2024-09-27,137867.1,BPA CALL,Department of Energy,Department of Energy,Department of Energy,Department of Energy,541519,OTHER COMPUTER RELATED SERVICES,7E20,"IT AND TELECOM - END USER: HELP DESK;TIER 1-2,WORKSPACE,PRINT,OUTPUT,PRODUCTIVITY TOOLS (HW/PERP SW)","MICROSOFT SURFACE PRO TABLET, MICROSOFT COMPLETE SURFACE PRO WARRANTY, MICROSOFT SURFACE PRO KEYBOARD, AND ACCESSORIES.","{'city_name': 'NEW ORLEANS', 'congressional_code': '01', 'country_name': 'UNITED STATES', 'county_code': '051', 'county_name': 'JEFFERSON', 'location_country_code': 'USA', 'state_code': 'LA', 'state_name': 'Louisiana', 'zip4': '3406', 'zip5': '70123'}"
292031467,89243524FCR400053,FOUR LLC,X1JJYEW4HAN9,2024-09-27,9120.28,DELIVERY ORDER,Department of Energy,Department of Energy,Department of Energy,Department of Energy,541519,OTHER COMPUTER RELATED SERVICES,DJ01,IT AND TELECOM - SECURITY AND COMPLIANCE SUPPORT SERVICES (LABOR),THE PURPOSE OF THIS REQUEST IS TO PROCURE CYBERSECURITY SERVICES FOR THE OPR NEHHOR APPLICATION THAT IS HOSTED BY THE SPR.,"{'city_name': 'NEW ORLEANS', 'congressional_code': '01', 'country_name': 'UNITED STATES', 'county_code': '051', 'county_name': 'JEFFERSON', 'location_country_code': 'USA', 'state_code': 'LA', 'state_name': 'Louisiana', 'zip4': '3406', 'zip5': '70123'}"
292031493,89243623FCD000003,"FEDWRITERS, INC.",CMVLQH8CKYQ5,2024-09-27,1147847.12,DELIVERY ORDER,Department of Energy,Department of Energy,Department of Energy,Department of Energy,541512,COMPUTER SYSTEMS DESIGN SERVICES,R699,SUPPORT- ADMINISTRATIVE: OTHER,"1.REALIGN CLINS FROM BASE PERIOD CEILING TO OPTION PERIOD 1. AS RESULT THE BASE PERIOD CEILING IS HEREBY DECREASED BY $1,483,930.40 FROM $2,145,081.84 TO $661,151.36 AND OPTION PERIOD 1, THE OPTION PERIOD 1 CEILING AMOUNT IS INCREASED BY $1,483,930.4","{'city_name': 'WASHINGTON', 'congressional_code': '98', 'country_name': 'UNITED STATES', 'county_code': '001', 'county_name': 'DISTRICT OF COLUMBIA', 'location_country_code': 'USA', 'state_code': 'DC', 'state_name': 'District Of Columbia', 'zip4': '0102', 'zip5': '20585'}"
292031494,89243623FCD000004,MANAGEMENT SOLUTIONS LLC,Y653M5L5MEJ7,2024-09-27,0.0,DELIVERY ORDER,Department of Energy,Department of Energy,Department of Energy,Department of Energy,541511,CUSTOM COMPUTER PROGRAMMING SERVICES,R699,SUPPORT- ADMINISTRATIVE: OTHER,OCED SUPPORT SERVICES,"{'city_name': 'WASHINGTON', 'congressional_code': '98', 'country_name': 'UNITED STATES', 'county_code': '001', 'county_name': 'DISTRICT OF COLUMBIA', 'location_country_code': 'USA', 'state_code': 'DC', 'state_name': 'District Of Columbia', 'zip4': '0102', 'zip5': '20585'}"
292033024,89303019CGC000002,WEST PUBLISHING CORPORATION,L997DB4PEJL8,2024-09-27,238617.0,DEFINITIVE CONTRACT,Department of Energy,Department of Energy,Department of Energy,Department of Energy,511130,BOOK PUBLISHERS,7610,BOOKS AND PAMPHLETS,EXERCISE FAR 52.217-8,"{'city_name': 'WASHINGTON', 'congressional_code': '98', 'country_name': 'UNITED STATES', 'county_code': '001', 'county_name': 'DISTRICT OF COLUMBIA', 'location_country_code': 'USA', 'state_code': 'DC', 'state_name': 'District Of Columbia', 'zip4': '0610', 'zip5': '20585'}"
292033898,89303020PHG000002,WEST PUBLISHING CORPORATION,L997DB4PEJL8,2024-09-27,0.0,PURCHASE ORDER,Department of Energy,Department of Energy,Department of Energy,Department of Energy,519190,ALL OTHER INFORMATION SERVICES,D317,IT AND TELECOM- WEB-BASED SUBSCRIPTION,CORRECT THE PERIOD OF PERFORMANCE.,"{'city_name': 'WASHINGTON', 'congressional_code': '98', 'country_name': 'UNITED STATES', 'county_code': '001', 'county_name': 'DISTRICT OF COLUMBIA', 'location_country_code': 'USA', 'state_code': 'DC', 'state_name': 'District Of Columbia', 'zip4': '0001', 'zip5': '20585'}"
292034438,89303022FCF000025,"GENERAL DYNAMICS INFORMATION TECHNOLOGY, INC.",SMNWM6HN79X5,2024-09-27,0.0,BPA CALL,Department of Energy,Department of Energy,Department of Energy,Department of Energy,541519,OTHER COMPUTER RELATED SERVICES,DD01,"IT AND TELECOM - SERVICE DELIVERY SUPPORT SERVICES: ITSM, OPERATIONS CENTER, PROJECT/PM (LABOR)","IN GENERAL, THE CONTRACTOR SHALL PROVIDE PROJECT MANAGEMENT APPLICATION MANAGEMENT SOFTWARE DEVELOPMENT/RELEASE MANAGEMENT SOFTWARE CHANGE MANAGEMENT ORGANIZATIONAL CHANGE MANAGEMENT INFRASTRUCTURE SUPPORT SECURITY/CYBER SUPPORT HELP DESK SUP","{'city_name': 'GERMANTOWN', 'congressional_code': '06', 'country_name': 'UNITED STATES', 'county_code': '031', 'county_name': 'MONTGOMERY', 'location_country_code': 'USA', 'state_code': 'MD', 'state_name': 'Maryland', 'zip4': '0501', 'zip5': '20874'}"
292034540,89303022FIM000087,ERNST & YOUNG LLP,ECMMFNMSLXM7,2024-09-27,47884.8,BPA CALL,Department of Energy,Department of Energy,Department of Energy,Department of Energy,541211,OFFICES OF CERTIFIED PUBLIC ACCOUNTANTS,R499,SUPPORT- PROFESSIONAL: OTHER,"THE PURPOSE OF THIS MODIFICATION IS TO PROVIDE INCREMENTAL FUNDING TO CLIN 20004, IN THE AMOUNT OF $200,000.00","{'city_name': 'WASHINGTON', 'congressional_code': '98', 'country_name': 'UNITED STATES', 'county_code': '001', 'county_name': 'DISTRICT OF COLUMBIA', 'location_country_code': 'USA', 'state_code': 'DC', 'state_name': 'District Of Columbia', 'zip4': '0102', 'zip5': '20585'}"
292034740,89303022FSB400003,STRATIVIA LLC,L7ECBDRNSNM7,2024-09-27,-12262.46,DELIVERY ORDER,Department of Energy,Department of Energy,Department of Energy,Department of Energy,541611,ADMINISTRATIVE MANAGEMENT AND GENERAL MANAGEMENT CONSULTING SERVICES,R499,SUPPORT- PROFESSIONAL: OTHER,"THE PURPOSE OF P00008 IS TO:  1. DEOBLIGATE FUNDING IN THE AMOUNT -12,262.46 FROM CLIN 00003 OPTION PERIOD 1 (07/11/2023-07/10/2024).  CLIN 00003 FUNDING AMOUNT HAS CHANGED FROM 227,233.03 TO $214,970.57, A DECREASE OF $-12,262.46. THE OBLIGATED","{'city_name': 'WASHINGTON', 'congressional_code': '98', 'country_name': 'UNITED STATES', 'county_code': '001', 'county_name': 'DISTRICT OF COLUMBIA', 'location_country_code': 'USA', 'state_code': 'DC', 'state_name': 'District Of Columbia', 'zip4': '3920', 'zip5': '20003'}"
292035028,89303023FMA000485,ALEXTON INCORPORATED,HXXKB6L3KLK5,2024-09-27,92811.25,BPA CALL,Department of Energy,Department of Energy,Department of Energy,Department of Energy,541211,OFFICES OF CERTIFIED PUBLIC ACCOUNTANTS,R699,SUPPORT- ADMINISTRATIVE: OTHER,THE PURPOSE OF THIS MODIFICATION IS TO EXTEND THE PERIOD OF PERFORMANCE AND INCREASE FUNDING. REQ 24MA000777,"{'city_name': 'GERMANTOWN', 'congressional_code': '06', 'country_name': 'UNITED STATES', 'county_code': '031', 'county_name': 'MONTGOMERY', 'location_country_code': 'USA', 'state_code': 'MD', 'state_name': 'Maryland', 'zip4': '0501', 'zip5': '20874'}"
292035037,89303023FMA000496,BPI MECHANICAL CONSTRUCTION INC,ZG4PKAJCFET5,2024-09-27,-2310.25,BPA CALL,Department of Energy,Department of Energy,Department of Energy,Department of Energy,333415,AIR-CONDITIONING AND WARM AIR HEATING EQUIPMENT AND COMMERCIAL AND INDUSTRIAL REFRIGERATION EQUIPMENT MANUFACTURING,Z1JZ,MAINTENANCE OF MISCELLANEOUS BUILDINGS,"REQUISITION 23MA000680 WAS SUBMITTED TO ISSUE A BPA CALL FOR LABOR, MATERIALS, AND SUPERVISION TO INSTALL DUCTLESS AC UNIT IN ROOM E-344, GTN FOR THE FIRM-FIXED PRICE AMOUNT OF $24,980.84.  THE PERIOD OF PERFORMANCE FOR THIS BPA CALL WILL BE 07/31/","{'city_name': 'WASHINGTON', 'congressional_code': '98', 'country_name': 'UNITED STATES', 'county_code': '001', 'county_name': 'DISTRICT OF COLUMBIA', 'location_country_code': 'USA', 'state_code': 'DC', 'state_name': 'District Of Columbia', 'zip4': '0610', 'zip5': '20585'}"
292035309,89303024CCR000009,THE MITRE CORPORATION,DMHDNDCPWUD1,2024-09-27,4858823.08,DEFINITIVE CONTRACT,Department of Energy,Department of Energy,Department of Energy,Department of Energy,541512,COMPUTER SYSTEMS DESIGN SERVICES,U014,EDUCATION/TRAINING- SECURITY,FFRDC MOBILE LAB (MITRE),"{'city_name': 'MCLEAN', 'congressional_code': '11', 'country_name': 'UNITED STATES', 'county_code': '059', 'county_name': 'FAIRFAX', 'location_country_code': 'USA', 'state_code': 'VA', 'state_name': 'Virginia', 'zip4': '0011', 'zip5': '22102'}"
292035361,89303024CSE000001,SPEARS CONSULTING GROUP LLC,DKH3XDNN6XR5,2024-09-27,630655.43,DEFINITIVE CONTRACT,Department of Energy,Department of Energy,Department of Energy,Department of Energy,541613,MARKETING CONSULTING SERVICES,R499,SUPPORT- PROFESSIONAL: OTHER,MULTICULTURAL COMMUNICATIONS SUPPORT SERVICES,"{'city_name': 'NEW ORLEANS', 'congressional_code': '02', 'country_name': 'UNITED STATES', 'county_code': '071', 'county_name': 'ORLEANS', 'location_country_code': 'USA', 'state_code': 'LA', 'state_name': 'Louisiana', 'zip4': '1447', 'zip5': '70112'}"
292035362,89303024CTT000005,INNOVATIONONE LLC,EAGSUJBCNA83,2024-09-27,262000.0,DEFINITIVE CONTRACT,Department of Energy,Department of Energy,Department of Energy,Department of Energy,541611,ADMINISTRATIVE MANAGEMENT AND GENERAL MANAGEMENT CONSULTING SERVICES,R405,SUPPORT- PROFESSIONAL: OPERATIONS RESEARCH/QUANTITATIVE ANALYSIS,FIXED PRICE OTT CONTRACT THE OFFICE OF TECHNOLOGY TRANSITIONS (OTT) FOR A FOLLOW-ON STUDY TO MAINTAIN CONTINUITY AND ALLOW FOR BENCHMARKING WITH A RECENT STUDY ON DOE NATIONAL LABORATORY,"{'city_name': 'WASHINGTON', 'congressional_code': '98', 'country_name': 'UNITED STATES', 'county_code': '001', 'county_name': 'DISTRICT OF COLUMBIA', 'location_country_code': 'USA', 'state_code': 'DC', 'state_name': 'District Of Columbia', 'zip4': '0102', 'zip5': '20585'}"
292035411,89303024FET400032,"AMAZON WEB SERVICES, INC.",NQEWN6C1LSU5,2024-09-27,0.0,DELIVERY ORDER,Department of Energy,Department of Energy,Department of Energy,Department of Energy,518210,"COMPUTING INFRASTRUCTURE PROVIDERS, DATA PROCESSING, WEB HOSTING, AND RELATED SERVICES",7A21,IT AND TELECOM - BUSINESS APPLICATION SOFTWARE (PERPETUAL LICENSE SOFTWARE),THE PURPOSE OF THIS MODIFICATION IS ADD PROFESSIONAL SERVICES TO THE TASK ORDER.,"{'city_name': 'SEATTLE', 'congressional_code': '07', 'country_name': 'UNITED STATES', 'county_code': '033', 'county_name': 'KING', 'location_country_code': 'USA', 'state_code': 'WA', 'state_name': 'Washington', 'zip4': '5210', 'zip5': '98109'}"
292035416,89303024FFE400044,S&P GLOBAL LIMITED,LE7GCPMTJBM9,2024-09-27,382556.39,DELIVERY ORDER,Department of Energy,Department of Energy,Department of Energy,Department of Energy,513210,SOFTWARE PUBLISHERS,R799,SUPPORT- MANAGEMENT: OTHER,TASK ORDER FOR SUBSCRIPTION SERVICES FROM S&P,"{'city_name': 'WASHINGTON', 'congressional_code': '98', 'country_name': 'UNITED STATES', 'county_code': '001', 'county_name': 'DISTRICT OF COLUMBIA', 'location_country_code': 'USA', 'state_code': 'DC', 'state_name': 'District Of Columbia', 'zip4': '0001', 'zip5': '20585'}"
292035511,89303024FMA000583,ARGUS SERVICES INC,CK9WP3X6GR34,2024-09-27,29874.26,BPA CALL,Department of Energy,Department of Energy,Department of Energy,Department of Energy,236220,COMMERCIAL AND INSTITUTIONAL BUILDING CONSTRUCTION,C1EB,ARCHITECT AND ENGINEERING- CONSTRUCTION: MAINTENANCE BUILDINGS,INSTALL AN EPOXY WATERPROOF SYSTEM TO COMPLETELY SEAL A FLOOR SPACE IN GE 171 RISER ROOM.,"{'city_name': 'WASHINGTON', 'congressional_code': '98', 'country_name': 'UNITED STATES', 'county_code': '001', 'county_name': 'DISTRICT OF COLUMBIA', 'location_country_code': 'USA', 'state_code': 'DC', 'state_name': 'District Of Columbia', 'zip4': '0610', 'zip5': '20585'}"
292035512,89303024FMA000584,ITM4G LLC,WTCRGVAQA269,2024-09-27,38150.54,BPA CALL,Department of Energy,Department of Energy,Department of Energy,Department of Energy,238330,FLOORING CONTRACTORS,S214,HOUSEKEEPING- CARPET LAYING/CLEANING,FOR BULK CARPET ORDER OF VARIOUS BUILDING STANDARD CARPET STYLES FOR INSTALLATION AT THE FORRESTAL AND GERMANTOWN FACILITIES.,"{'city_name': 'WASHINGTON', 'congressional_code': '98', 'country_name': 'UNITED STATES', 'county_code': '001', 'county_name': 'DISTRICT OF COLUMBIA', 'location_country_code': 'USA', 'state_code': 'DC', 'state_name': 'District Of Columbia', 'zip4': '0102', 'zip5': '20585'}"
292035622,89303024FMA400919,HUGH AND ASSOCIATES INC,XK7UZVG6PCQ1,2024-09-27,19588.19,DELIVERY ORDER,Department of Energy,Department of Energy,Department of Energy,Department of Energy,236220,COMMERCIAL AND INSTITUTIONAL BUILDING CONSTRUCTION,C1AZ,ARCHITECT AND ENGINEERING- CONSTRUCTION: OTHER ADMINISTRATIVE FACILITIES/SERVICE BUILDINGS,THE PURPOSE OF THIS TASK ORDER IS FOR CONSTRUCTION/ALTERATION SERVICES TO RENOVATE MA 1E 210/5E-069 FOR THE OFFICE OF MANAGEMENT.,"{'city_name': 'WASHINGTON', 'congressional_code': '98', 'country_name': 'UNITED STATES', 'county_code': '001', 'county_name': 'DISTRICT OF COLUMBIA', 'location_country_code': 'USA', 'state_code': 'DC', 'state_name': 'District Of Columbia', 'zip4': '4724', 'zip5': '20002'}"
292035623,89303024FMA400920,"THE FIELDS GROUP, LLC",ZURYWU7KHK23,2024-09-27,743595.09,DELIVERY ORDER,Department of Energy,Department of Energy,Department of Energy,Department of Energy,236220,COMMERCIAL AND INSTITUTIONAL BUILDING CONSTRUCTION,C1AZ,ARCHITECT AND ENGINEERING- CONSTRUCTION: OTHER ADMINISTRATIVE FACILITIES/SERVICE BUILDINGS,"REQUISITION 24MA000806 WAS ISSUED TO DESIGN AND BUILD APPROVED RENOVATION/CHANGES TO THE FORRESTAL MAIN GARAGE LOBBY AREA FOR THE FIRM FIXED PRICE OF $721,936.99 AND A BOND AMOUNT OF $21,658.10 FOR A TOTAL AMOUNT OF $743,595.09.  THE PERIOD OF PERFO","{'city_name': 'WASHINGTON', 'congressional_code': '98', 'country_name': 'UNITED STATES', 'county_code': '001', 'county_name': 'DISTRICT OF COLUMBIA', 'location_country_code': 'USA', 'state_code': 'DC', 'state_name': 'District Of Columbia', 'zip4': '0610', 'zip5': '20585'}"
292035624,89303024FMA400921,"THE FIELDS GROUP, LLC",ZURYWU7KHK23,2024-09-27,69866.01,DELIVERY ORDER,Department of Energy,Department of Energy,Department of Energy,Department of Energy,236220,COMMERCIAL AND INSTITUTIONAL BUILDING CONSTRUCTION,C1AZ,ARCHITECT AND ENGINEERING- CONSTRUCTION: OTHER ADMINISTRATIVE FACILITIES/SERVICE BUILDINGS,"REQUISITION 24MA000821 WAS ISSUED TO CREATE A DELIVERY ORDER UNDER IDIQ 89303022DMA000026 FOR MOLD REMEDIATION WITHIN SUITE BH-061 OF THE FORRESTAL SOUTH BUILDING FOR THE FIRM-FIXED PRICE AMOUNT OF $69,866.01.     THE PERIOD OF PERFORMANCE IS 09/27","{'city_name': 'WASHINGTON', 'congressional_code': '98', 'country_name': 'UNITED STATES', 'county_code': '001', 'county_name': 'DISTRICT OF COLUMBIA', 'location_country_code': 'USA', 'state_code': 'DC', 'state_name': 'District Of Columbia', 'zip4': '0610', 'zip5': '20585'}"
292036422,89303224FEM400021,TUKNIK GOVERNMENT SERVICES LLC,GN2VKJH7LBC3,2024-09-27,24531.32,DELIVERY ORDER,Department of Energy,Department of Energy,Department of Energy,Department of Energy,541519,OTHER COMPUTER RELATED SERVICES,R426,SUPPORT- PROFESSIONAL: COMMUNICATIONS,TECHNICAL SUPPORT SERVICES FOR IT OPERATIONS SUPPORT AT THE CARLSBAD FIELD OFFICE,"{'city_name': 'CARLSBAD', 'congressional_code': '02', 'country_name': 'UNITED STATES', 'county_code': '015', 'county_name': 'EDDY', 'location_country_code': 'USA', 'state_code': 'NM', 'state_name': 'New Mexico', 'zip4': '8918', 'zip5': '88220'}"
292036772,89303322FEM400275,"NEPTUNE AND COMPANY, INCORPORATED",GGU4CPEZ7ZK3,2024-09-27,250000.0,DELIVERY ORDER,Department of Energy,Department of Energy,Department of Energy,Department of Energy,541620,ENVIRONMENTAL CONSULTING SERVICES,B510,SPECIAL STUDIES/ANALYSIS- ENVIRONMENTAL ASSESSMENTS,THE PURPOSE OF THIS TASK ORDER IS TO PROVIDE SPECIFIC ADMINISTRATIVE SERVICES RELATED TO THE EXECUTION OF THE PROBABILISTIC PERFORMANCE ASSESSMENT (PPA).,"{'city_name': 'CINCINNATI', 'congressional_code': '01', 'country_name': 'UNITED STATES', 'county_code': '061', 'county_name': 'HAMILTON', 'location_country_code': 'USA', 'state_code': 'OH', 'state_name': 'Ohio', 'zip4': '1150', 'zip5': '45202'}"
292037082,89303523FEM400026,"CTI AND ASSOCIATES, INC.",RXAFYJMR5UQ4,2024-09-27,0.0,DELIVERY ORDER,Department of Energy,Department of Energy,Department of Energy,Department of Energy,562910,REMEDIATION SERVICES,F108,ENVIRONMENTAL SYSTEMS PROTECTION- ENVIRONMENTAL REMEDIATION,"CTI CDDR TASK ORDER 9 CHARACTERIZATION OF EU'S 7,8,9","{'city_name': 'OAK RIDGE', 'congressional_code': '03', 'country_name': 'UNITED STATES', 'county_code': '001', 'county_name': 'ANDERSON', 'location_country_code': 'USA', 'state_code': 'TN', 'state_name': 'Tennessee', 'zip4': '6509', 'zip5': '37830'}"
292037083,89303523FEM400032,UNITED CLEANUP OAK RIDGE LLC,CM39N6XPQF41,2024-09-27,34123958.81,DELIVERY ORDER,Department of Energy,Department of Energy,Department of Energy,Department of Energy,562910,REMEDIATION SERVICES,F999,OTHER ENVIRONMENTAL SERVICES,OAK RIDGE RESERVATION CLEANUP CONTRACT TASK ORDERS,"{'city_name': 'OAK RIDGE', 'congressional_code': '03', 'country_name': 'UNITED STATES', 'county_code': '001', 'county_name': 'ANDERSON', 'location_country_code': 'USA', 'state_code': 'TN', 'state_name': 'Tennessee', 'zip4': '6509', 'zip5': '37830'}"
292037085,89303524CEM000017,SES CONSTRUCTORS LLC,WTVXHCKK2LS3,2024-09-27,1628572.19,DEFINITIVE CONTRACT,Department of Energy,Department of Energy,Department of Energy,Department of Energy,237990,OTHER HEAVY AND CIVIL ENGINEERING CONSTRUCTION,Z2KA,REPAIR OR ALTERATION OF DAMS,OAK RIDGE OFFICE OF ENVIRONMENTAL MANAGEMENT P1 POND WEIR DAM REPAIR/REPLACEMENT SBA REQUIREMENT NUMBER VZ1707851175U,"{'city_name': 'OAK RIDGE', 'congressional_code': '03', 'country_name': 'UNITED STATES', 'county_code': '001', 'county_name': 'ANDERSON', 'location_country_code': 'USA', 'state_code': 'TN', 'state_name': 'Tennessee', 'zip4': '1706', 'zip5': '37830'}"
292037088,89303524PEM000016,"OAK RIDGE ASSOCIATED UNIVERSITIES, INCORPORATED",JW7MLW3RRK34,2024-09-27,39406.14,PURCHASE ORDER,Department of Energy,Department of Energy,Department of Energy,Department of Energy,541611,ADMINISTRATIVE MANAGEMENT AND GENERAL MANAGEMENT CONSULTING SERVICES,R408,SUPPORT- PROFESSIONAL: PROGRAM MANAGEMENT/SUPPORT,CONDUCT A SURVEY AND PROVIDE AN EVALUATION OF THE SAFETY CULTURE OF OREM.,"{'city_name': 'OAK RIDGE', 'congressional_code': '03', 'country_name': 'UNITED STATES', 'county_code': '001', 'county_name': 'ANDERSON', 'location_country_code': 'USA', 'state_code': 'TN', 'state_name': 'Tennessee', 'zip4': '8823', 'zip5': '37830'}"
292037661,89303924CEM000050,JOSEPH B. SCHROEDER,SVBBANCHQK15,2024-09-27,98500.0,DEFINITIVE CONTRACT,Department of Energy,Department of Energy,Department of Energy,Department of Energy,541990,"ALL OTHER PROFESSIONAL, SCIENTIFIC, AND TECHNICAL SERVICES",R418,SUPPORT- PROFESSIONAL: LEGAL,CONTRACTOR TO PROVIDE LITIGATION SUPPORT SERVICES IN ACCORDANCE WITH THE STATEMENT OF WORK.,"{'city_name': 'RICHLAND', 'congressional_code': '04', 'country_name': 'UNITED STATES', 'county_code': '005', 'county_name': 'BENTON', 'location_country_code': 'USA', 'state_code': 'WA', 'state_name': 'Washington', 'zip4': '4508', 'zip5': '99354'}"
292037746,89303924FEM000340,INDEPENDENT STRATEGIC MANAGEMENT SOLUTIONS INC,HNDBN7BS9UE3,2024-09-27,-155981.0,BPA CALL,Department of Energy,Department of Energy,Department of Energy,Department of Energy,541620,ENVIRONMENTAL CONSULTING SERVICES,R699,SUPPORT- ADMINISTRATIVE: OTHER,"THE PURPOSE OF THIS MODIFICATION IS TO TERMINATE THE CONTRACT FOR CONVENIENCE (TOTAL), DEOBLIGATE THE FUNDING, AND CLOSEOUT THE CONTRACT.","{'city_name': 'RICHLAND', 'congressional_code': '04', 'country_name': 'UNITED STATES', 'county_code': '005', 'county_name': 'BENTON', 'location_country_code': 'USA', 'state_code': 'WA', 'state_name': 'Washington', 'zip4': '3534', 'zip5': '99352'}"
292037748,89303924FEM000345,STREET LEGAL INDUSTRIES LLC,MFUMMJLS2DX1,2024-09-27,136665.6,BPA CALL,Department of Energy,Department of Energy,Department of Energy,Department of Energy,541611,ADMINISTRATIVE MANAGEMENT AND GENERAL MANAGEMENT CONSULTING SERVICES,R699,SUPPORT- ADMINISTRATIVE: OTHER,89303924FEM000345 - BUD SUPPORT - FUNDS CONTROL (NEW),"{'city_name': 'RICHLAND', 'congressional_code': '04', 'country_name': 'UNITED STATES', 'county_code': '005', 'county_name': 'BENTON', 'location_country_code': 'USA', 'state_code': 'WA', 'state_name': 'Washington', 'zip4': '3534', 'zip5': '99352'}"
292037749,89303924FEM400053,"CENTRAL PLATEAU CLEANUP COMPANY, LLC",J4TDNRDMRMZ3,2024-09-27,565000.0,DELIVERY ORDER,Department of Energy,Department of Energy,Department of Energy,Department of Energy,562910,REMEDIATION SERVICES,Z1PD,MAINTENANCE OF WASTE TREATMENT AND STORAGE FACILITIES,"HANFORD CENTRAL PLATEAU CLEANUP CONTRACT (CPCC) TASK ORDER 6 - MANHATTAN PROJECT NATIONAL PARK PROGRAM (MAPR)   THE PURPOSE OF THIS MODIFICATION IS TO ADD $565,000.00 IN INCREMENTAL FUNDING (REQ 24EM002327) FOR UNINTERRUPTED SUPPORT THROUGH NOVEMBE","{'city_name': 'RICHLAND', 'congressional_code': '04', 'country_name': 'UNITED STATES', 'county_code': '005', 'county_name': 'BENTON', 'location_country_code': 'USA', 'state_code': 'WA', 'state_name': 'Washington', 'zip4': '3534', 'zip5': '99352'}"
292037750,89303924FEM400054,"CENTRAL PLATEAU CLEANUP COMPANY, LLC",J4TDNRDMRMZ3,2024-09-27,36592448.69,DELIVERY ORDER,Department of Energy,Department of Energy,Department of Energy,Department of Energy,562910,REMEDIATION SERVICES,Z1PD,MAINTENANCE OF WASTE TREATMENT AND STORAGE FACILITIES,"HANFORD CENTRAL PLATEAU CLEANUP CONTRACT - TASK ORDER 7 - END STATES & BASE OPS.  THE PURPOSE OF THIS MODIFICATION IS TO ADD $36,592,448.69 IN INCREMENTAL FUNDING (REQ 24EM002317) FOR UNINTERRUPTED SUPPORT THROUGH 10/17/2024, FOR THE CENTRAL PL","{'city_name': 'RICHLAND', 'congressional_code': '04', 'country_name': 'UNITED STATES', 'county_code': '005', 'county_name': 'BENTON', 'location_country_code': 'USA', 'state_code': 'WA', 'state_name': 'Washington', 'zip4': '3534', 'zip5': '99352'}"
292037756,89303924FEM400063,UNITED OFFICE SOLUTIONS INC,K3B5JE3ZS915,2024-09-27,44062.2,DELIVERY ORDER,Department of Energy,Department of Energy,Department of Energy,Department of Energy,339940,OFFICE SUPPLIES (EXCEPT PAPER) MANUFACTURING,7110,OFFICE FURNITURE,VENDOR TO PROVIDE WORKSTATION REFRESH - DESKS & CHAIRS (70 EACH) IN ACCORDANCE WITH QUOTE 35329 DATED 9/19/24.,"{'city_name': 'RICHLAND', 'congressional_code': '04', 'country_name': 'UNITED STATES', 'county_code': '005', 'county_name': 'BENTON', 'location_country_code': 'USA', 'state_code': 'WA', 'state_name': 'Washington', 'zip4': '3534', 'zip5': '99352'}"
292041359,89503024FWA000132,"MINBURN TECHNOLOGY GROUP, LLC",WN8JFVZTBCA5,2024-09-27,0.0,BPA CALL,Department of Energy,Department of Energy,Department of Energy,Department of Energy,541519,OTHER COMPUTER RELATED SERVICES,7A21,IT AND TELECOM - BUSINESS APPLICATION SOFTWARE (PERPETUAL LICENSE SOFTWARE),SIX (6) SQL LICENSE AND SOFTWARE ASSURANCE.  CORRECT ENDING DATE IN LINE ITEM 00001 DESCRIPTION FROM 04/30/2025 TO 04/30/2029.,"{'city_name': 'DENVER', 'congressional_code': '07', 'country_name': 'UNITED STATES', 'county_code': '059', 'county_name': 'JEFFERSON', 'location_country_code': 'USA', 'state_code': 'CO', 'state_name': 'Colorado', 'zip4': '8213', 'zip5': '80228'}"
292041455,89503024FWA400946,"EVERBRIDGE, INC.",XCSMWJTSJ7W5,2024-09-27,0.0,DELIVERY ORDER,Department of Energy,Department of Energy,Department of Energy,Department of Energy,513210,SOFTWARE PUBLISHERS,7A21,IT AND TELECOM - BUSINESS APPLICATION SOFTWARE (PERPETUAL LICENSE SOFTWARE),EVERBRIDGE ANNUAL RENEWAL,"{'city_name': 'LAKEWOOD', 'congressional_code': '07', 'country_name': 'UNITED STATES', 'county_code': '059', 'county_name': 'JEFFERSON', 'location_country_code': 'USA', 'state_code': 'CO', 'state_name': 'Colorado', 'zip4': '2802', 'zip5': '80228'}"
292042147,89503124FWA400621,"JOHN J. YIM & ASSOCIATES, LLC",G2PCXNTLPJM4,2024-09-27,0.0,DELIVERY ORDER,Department of Energy,Department of Energy,Department of Energy,Department of Energy,541110,OFFICES OF LAWYERS,R499,SUPPORT- PROFESSIONAL: OTHER,LAND AND LAND RIGHT ACQUISITION AND LAND MANAGEMENT SUPPORT SERVIC PROGRAM SUPPORT,"{'city_name': 'PHOENIX', 'congressional_code': '03', 'country_name': 'UNITED STATES', 'county_code': '013', 'county_name': 'MARICOPA', 'location_country_code': 'USA', 'state_code': 'AZ', 'state_name': 'Arizona', 'zip4': '6457', 'zip5': '85005'}"
292042171,89503124PWA000806,"WCD ENTERPRISES, LLC",J5W7T39P98J9,2024-09-27,0.0,PURCHASE ORDER,Department of Energy,Department of Energy,Department of Energy,Department of Energy,561720,JANITORIAL SERVICES,S201,HOUSEKEEPING- CUSTODIAL JANITORIAL,"JANITORIAL SERVICES, GILA SUBSTATION AND YUMA SERVICE STATION, YUMA, ARIZONA. SERVICE PERFORMANCE PERIOD BASE PLUS FOUR OPTION YEARS IN SUPPORT OF WAPA DESERT SOUTHWEST REGION","{'city_name': 'SCOTTSDALE', 'congressional_code': '01', 'country_name': 'UNITED STATES', 'county_code': '013', 'county_name': 'MARICOPA', 'location_country_code': 'USA', 'state_code': 'AZ', 'state_name': 'Arizona', 'zip4': '1410', 'zip5': '85262'}"
292042173,89503124PWA000809,"ROYAL SWITCHGEAR MANUFACTURING COMPANY, LLC",GDYWRWNM5MR4,2024-09-27,528067.0,PURCHASE ORDER,Department of Energy,Department of Energy,Department of Energy,Department of Energy,335313,SWITCHGEAR AND SWITCHBOARD APPARATUS MANUFACTURING,5930,SWITCHES,DISCONNECT SWITCHES FOR PARKER AND PINNACLE PEAK SUBSTATIONS,"{'city_name': 'PHOENIX', 'congressional_code': '03', 'country_name': 'UNITED STATES', 'county_code': '013', 'county_name': 'MARICOPA', 'location_country_code': 'USA', 'state_code': 'AZ', 'state_name': 'Arizona', 'zip4': '5337', 'zip5': '85009'}"
292045293,89503423PWA001547,LOGISTICS365 INC,XRT9FXKM4KJ3,2024-09-27,0.0,PURCHASE ORDER,Department of Energy,Department of Energy,Department of Energy,Department of Energy,336999,ALL OTHER TRANSPORTATION EQUIPMENT MANUFACTURING,2310,PASSENGER MOTOR VEHICLES,"CLOSEOUT MODIFICATION FOR POLARIS RANGER XP 1000 UTV FOR SIOUX CITY LINE CREW, PER ATTACHED SPECIFICATIONS","{'city_name': 'NORFOLK', 'congressional_code': '03', 'country_name': 'UNITED STATES', 'county_code': '119', 'county_name': 'MADISON', 'location_country_code': 'USA', 'state_code': 'NE', 'state_name': 'Nebraska', 'zip4': '1013', 'zip5': '68701'}"
292045395,89503424FWA401620,"MIDWAY TRAILERS, INC.",C31JDLBJ8964,2024-09-27,0.0,DELIVERY ORDER,Department of Energy,Department of Energy,Department of Energy,Department of Energy,336212,TRUCK TRAILER MANUFACTURING,2330,TRAILERS,MOD 0001 - CLOSEOUT. TILT BED TRAILER FOR PIERRE LINE CREW,"{'city_name': 'BENTON', 'congressional_code': '08', 'country_name': 'UNITED STATES', 'county_code': '201', 'county_name': 'SCOTT', 'location_country_code': 'USA', 'state_code': 'MO', 'state_name': 'Missouri', 'zip4': '9126', 'zip5': '63736'}"
292045405,89503424FWA401638,"CONFERENCE TECHNOLOGIES, INC.",L6V8ZMLHQ436,2024-09-27,0.0,DELIVERY ORDER,Department of Energy,Department of Energy,Department of Energy,Department of Energy,334290,OTHER COMMUNICATIONS EQUIPMENT MANUFACTURING,6350,"MISCELLANEOUS ALARM, SIGNAL, AND SECURITY DETECTION SYSTEMS",MOD 0001 - CLOSEOUT.  REPLACEMENT CAMERAS FOR WTO CAMPUS,"{'city_name': 'MARYLAND HEIGHTS', 'congressional_code': '01', 'country_name': 'UNITED STATES', 'county_code': '189', 'county_name': 'SAINT LOUIS', 'location_country_code': 'USA', 'state_code': 'MO', 'state_name': 'Missouri', 'zip4': '3509', 'zip5': '63043'}"
292045467,89503424PWA001783,RURAL ELECTRIC SUPPLY COOPERATIVE,UUCDXDGRDWB7,2024-09-27,0.0,PURCHASE ORDER,Department of Energy,Department of Energy,Department of Energy,Department of Energy,332312,FABRICATED STRUCTURAL METAL MANUFACTURING,9640,IRON AND STEEL PRIMARY AND SEMIFINISHED PRODUCTS,MOD 0001 - CLOSEOUT.  STEEL CROSSARM AND FITTING RESTOCK FOR RAPID CITY,"{'city_name': 'MIDDLETON', 'congressional_code': '02', 'country_name': 'UNITED STATES', 'county_code': '025', 'county_name': 'DANE', 'location_country_code': 'USA', 'state_code': 'WI', 'state_name': 'Wisconsin', 'zip4': '2539', 'zip5': '53562'}"
292045470,89503424PWA001788,"ROYAL MEDIA NETWORK, INC.",YZN9GXTG2QL7,2024-09-27,0.0,PURCHASE ORDER,Department of Energy,Department of Energy,Department of Energy,Department of Energy,332510,HARDWARE MANUFACTURING,5975,ELECTRICAL HARDWARE AND SUPPLIES,"MOD 00002 - CLOSEOUT.  ANCHORS, EXTENSIONS, AND TRIPLE-EYE HEADS RESTOCK FOR SIOUX CITY","{'city_name': 'WINDSOR MILL', 'congressional_code': '02', 'country_name': 'UNITED STATES', 'county_code': '005', 'county_name': 'BALTIMORE', 'location_country_code': 'USA', 'state_code': 'MD', 'state_name': 'Maryland', 'zip4': '1988', 'zip5': '21244'}"
292045553,89503424PWA001963,"ROYAL MEDIA NETWORK, INC.",YZN9GXTG2QL7,2024-09-27,42563.0,PURCHASE ORDER,Department of Energy,Department of Energy,Department of Energy,Department of Energy,335932,NONCURRENT-CARRYING WIRING DEVICE MANUFACTURING,5975,ELECTRICAL HARDWARE AND SUPPLIES,"WATERTOWN T-LINES ANCHORS, HEADS & EXTENSIONS RESTOCK","{'city_name': 'WINDSOR MILL', 'congressional_code': '02', 'country_name': 'UNITED STATES', 'county_code': '005', 'county_name': 'BALTIMORE', 'location_country_code': 'USA', 'state_code': 'MD', 'state_name': 'Maryland', 'zip4': '1988', 'zip5': '21244'}"
292046257,89503624FSW400337,"AFFIGENT, LLC",M46UYYHVH4B1,2024-09-27,0.0,DELIVERY ORDER,Department of Energy,Department of Energy,Department of Energy,Department of Energy,541519,OTHER COMPUTER RELATED SERVICES,7A21,IT AND TELECOM - BUSINESS APPLICATION SOFTWARE (PERPETUAL LICENSE SOFTWARE),LIVEENERGY MODIFICATION,"{'city_name': 'TULSA', 'congressional_code': '01', 'country_name': 'UNITED STATES', 'county_code': '143', 'county_name': 'TULSA', 'location_country_code': 'USA', 'state_code': 'OK', 'state_name': 'Oklahoma', 'zip4': '3502', 'zip5': '74101'}"
292048284,89603023F0036,"QUADIENT, INC.",W6GHEB8CZQS1,2024-09-27,399064.2,DELIVERY ORDER,Department of Energy,Federal Energy Regulatory Commission,Department of Energy,Federal Energy Regulatory Commission,561499,ALL OTHER BUSINESS SUPPORT SERVICES,7490,MISCELLANEOUS OFFICE MACHINES,AWARD OF FFP LEASE OF MAILROOM METERING MACHINES AND THE PURCHASE OF US POSTAGE AND SUPPLIES,"{'city_name': 'WASHINGTON', 'congressional_code': '98', 'country_name': 'UNITED STATES', 'county_code': '001', 'county_name': 'DISTRICT OF COLUMBIA', 'location_country_code': 'USA', 'state_code': 'DC', 'state_name': 'District Of Columbia', 'zip4': '0001', 'zip5': '20426'}"
292048292,89603023F0046,HOMELAND LANGUAGE SERVICES LLC,EGNABLHNVN43,2024-09-27,-6719.75,DELIVERY ORDER,Department of Energy,Federal Energy Regulatory Commission,Department of Energy,Federal Energy Regulatory Commission,541930,TRANSLATION AND INTERPRETATION SERVICES,R608,SUPPORT- ADMINISTRATIVE: TRANSLATION AND INTERPRETING,TRANSLATION SERVICES,"{'city_name': 'WASHINGTON', 'congressional_code': '98', 'country_name': 'UNITED STATES', 'county_code': '001', 'county_name': 'DISTRICT OF COLUMBIA', 'location_country_code': 'USA', 'state_code': 'DC', 'state_name': 'District Of Columbia', 'zip4': '0001', 'zip5': '20406'}"
292048343,89603023P0007,TRANSPACIFIC COMMUNICATIONS LLC,JVWYTH6NACL9,2024-09-27,-1827.0,PURCHASE ORDER,Department of Energy,Federal Energy Regulatory Commission,Department of Energy,Federal Energy Regulatory Commission,541930,TRANSLATION AND INTERPRETATION SERVICES,R499,SUPPORT- PROFESSIONAL: OTHER,TRANSLATION SERVICES,"{'city_name': 'WASHINGTON', 'congressional_code': '98', 'country_name': 'UNITED STATES', 'county_code': '001', 'county_name': 'DISTRICT OF COLUMBIA', 'location_country_code': 'USA', 'state_code': 'DC', 'state_name': 'District Of Columbia', 'zip4': '0003', 'zip5': '20426'}"
292048374,89603023P0041,VCLOUD TECH INC,LBTHZ1LB1RQ3,2024-09-27,26963.04,PURCHASE ORDER,Department of Energy,Federal Energy Regulatory Commission,Department of Energy,Federal Energy Regulatory Commission,513210,SOFTWARE PUBLISHERS,7A20,IT AND TELECOM - APPLICATION DEVELOPMENT SOFTWARE (PERPETUAL LICENSE SOFTWARE),BLUEBEAM SOFTWARE,"{'city_name': 'WASHINGTON', 'congressional_code': '98', 'country_name': 'UNITED STATES', 'county_code': '001', 'county_name': 'DISTRICT OF COLUMBIA', 'location_country_code': 'USA', 'state_code': 'DC', 'state_name': 'District Of Columbia', 'zip4': '0001', 'zip5': '20406'}"
292048400,89603024F0025,"TETRA TECH, INC.",LMRMKLLL3LG5,2024-09-27,260736.0,BPA CALL,Department of Energy,Federal Energy Regulatory Commission,Department of Energy,Federal Energy Regulatory Commission,541620,ENVIRONMENTAL CONSULTING SERVICES,R499,SUPPORT- PROFESSIONAL: OTHER,POST-CERTIFICATE COMPLIANCE INSPECTIONS,"{'city_name': 'WASHINGTON', 'congressional_code': '98', 'country_name': 'UNITED STATES', 'county_code': '001', 'county_name': 'DISTRICT OF COLUMBIA', 'location_country_code': 'USA', 'state_code': 'DC', 'state_name': 'District Of Columbia', 'zip4': '0001', 'zip5': '20406'}"
292048409,89603024F0035,"4 STAR TECHNOLOGIES, INC.",UYLVJZ49BFC6,2024-09-27,0.0,DELIVERY ORDER,Department of Energy,Federal Energy Regulatory Commission,Department of Energy,Federal Energy Regulatory Commission,541519,OTHER COMPUTER RELATED SERVICES,5965,"HEADSETS, HANDSETS, MICROPHONES AND SPEAKERS",PROCURE 12 MULTI-CONNECTIVITY HANDHELD/MOBILE COMMUNICATION DEVICES.,"{'city_name': 'WASHINGTON', 'congressional_code': '98', 'country_name': 'UNITED STATES', 'county_code': '001', 'county_name': 'DISTRICT OF COLUMBIA', 'location_country_code': 'USA', 'state_code': 'DC', 'state_name': 'District Of Columbia', 'zip4': '0001', 'zip5': '20426'}"
292048457,89603024F0089,HERITAGE INTERIORS LLC,W6NMYSHZCJR5,2024-09-27,725638.48,DELIVERY ORDER,Department of Energy,Federal Energy Regulatory Commission,Department of Energy,Federal Energy Regulatory Commission,337127,INSTITUTIONAL FURNITURE MANUFACTURING,N071,INSTALLATION OF EQUIPMENT- FURNITURE,"NATIONAL OUTFITTING, TRANSITION AND COMMODITIES (OT&C)","{'city_name': 'WASHINGTON', 'congressional_code': '98', 'country_name': 'UNITED STATES', 'county_code': '001', 'county_name': 'DISTRICT OF COLUMBIA', 'location_country_code': 'USA', 'state_code': 'DC', 'state_name': 'District Of Columbia', 'zip4': '0001', 'zip5': '20406'}"
292049989,89703018CAR000001,BOOZ ALLEN HAMILTON INC,JCBMLGPE6Z71,2024-09-27,-29656.73,DEFINITIVE CONTRACT,Department of Energy,Department of Energy,Department of Energy,Department of Energy,561990,ALL OTHER SUPPORT SERVICES,R425,SUPPORT- PROFESSIONAL: ENGINEERING/TECHNICAL,"THE PURPOSE OF THIS MODIFICATION IS TO DEOBLIGATE EXCESS ARPA-E FUNDING IN THE AMOUNT OF $27,898.34 AND EERE FUNDING IN THE AMOUNT OF $1,758.39.  ACCORDINGLY, THE OBLIGATED AMOUNT IS HEREBY DECREASED FROM $19,368,765.05 BY $29,656.73 TO $19,339,108","{'city_name': 'WASHINGTON', 'congressional_code': '98', 'country_name': 'UNITED STATES', 'county_code': '001', 'county_name': 'DISTRICT OF COLUMBIA', 'location_country_code': 'USA', 'state_code': 'DC', 'state_name': 'District Of Columbia', 'zip4': '2123', 'zip5': '20024'}"
295475794,DEAC0206CH11357,"UCHICAGO ARGONNE, LLC",JA8EP8EKX8Y9,2024-09-27,37865501.45,DEFINITIVE CONTRACT,Department of Energy,Department of Energy,Department of Energy,Department of Energy,541710,"RESEARCH AND DEVELOPMENT IN THE PHYSICAL, ENGINEERING, AND LIFE SCIENCES",M181,OPER OF GOVT R&D GOCO FACILITIES,PERFORMANCE-BASED CONTRACT FOR MANAGEMENT AND OPERATION OF ARGONNE NATIONAL LABORATORY MODIFICATION.,"{'city_name': 'LEMONT', 'congressional_code': '11', 'country_name': 'UNITED STATES', 'county_code': '043', 'county_name': 'DUPAGE', 'location_country_code': 'USA', 'state_code': 'IL', 'state_name': 'Illinois', 'zip4': '4801', 'zip5': '60439'}"
295475794,DEAC0206CH11357,"UCHICAGO ARGONNE, LLC",JA8EP8EKX8Y9,2024-09-27,28856483.5,DEFINITIVE CONTRACT,Department of Energy,Department of Energy,Department of Health and Human Services,National Institutes of Health,541710,"RESEARCH AND DEVELOPMENT IN THE PHYSICAL, ENGINEERING, AND LIFE SCIENCES",M181,OPER OF GOVT R&D GOCO FACILITIES,PERFORMANCE-BASED CONTRACT FOR MANAGEMENT AND OPERATION OF ARGONNE NATIONAL LABORATORY MODIFICATION.,"{'city_name': 'LEMONT', 'congressional_code': '11', 'country_name': 'UNITED STATES', 'county_code': '043', 'county_name': 'DUPAGE', 'location_country_code': 'USA', 'state_code': 'IL', 'state_name': 'Illinois', 'zip4': '4801', 'zip5': '60439'}"
295475962,DEAC0399SF21530,THE BOEING COMPANY,WDW1NAE5MCL5,2024-09-27,0.0,DEFINITIVE CONTRACT,Department of Energy,Department of Energy,Department of Energy,Department of Energy,561210,FACILITIES SUPPORT SERVICES,M300,OPER OF GOVT RESTORATION,MODIFICATION TO THE CONTRACT FOR THE FORMER ENERGY TECHNOLOGY ENGINEERING CENTER (ETEC) SITE.,"{'city_name': 'CANOGA PARK', 'congressional_code': '32', 'country_name': 'UNITED STATES', 'county_code': '037', 'county_name': 'LOS ANGELES', 'location_country_code': 'USA', 'state_code': 'CA', 'state_name': 'California', 'zip4': '1161', 'zip5': '91303'}"
295477012,DEAC3608GO28308,"ALLIANCE FOR ENERGY INNOVATION, LLC",DVGLNXBURMP3,2024-09-27,119549320.43,DEFINITIVE CONTRACT,Department of Energy,Department of Energy,Department of Energy,Department of Energy,541711,RESEARCH AND DEVELOPMENT IN BIOTECHNOLOGY,M181,OPER OF GOVT R&D GOCO FACILITIES,"MODIFICATION NUMBER 1447 PROVIDES TOTAL FUNDING IN THE AMOUNT OF $119,549,320.43. THIS INCLUDES APPROPRIATED FUNDING IN THE AMOUNT OF $119,549,320.43 AND IS REPORTED IN FPDS-NG, THE REMAINING NON-APPROPRIATED FUNDING IN THE AMOUNT OF $0 IS NOT CAPTUR","{'city_name': 'LAKEWOOD', 'congressional_code': '07', 'country_name': 'UNITED STATES', 'county_code': '059', 'county_name': 'JEFFERSON', 'location_country_code': 'USA', 'state_code': 'CO', 'state_name': 'Colorado', 'zip4': '3312', 'zip5': '80401'}"
295477233,DEAC5207NA27344,"LAWRENCE LIVERMORE NATIONAL SECURITY, LLC",PM52LCJH72T9,2024-09-27,47250209.93,DEFINITIVE CONTRACT,Department of Energy,Department of Energy,Department of Defense,Department of the Air Force,541710,"RESEARCH AND DEVELOPMENT IN THE PHYSICAL, ENGINEERING, AND LIFE SCIENCES",AZ11,R&D- OTHER RESEARCH AND DEVELOPMENT (BASIC RESEARCH),REIMBURSABLE FUNDING FOR MANAGEMENT AND OPERATION OF THE LAWRENCE LIVERMORE NATIONAL LABORATORY,"{'city_name': 'LIVERMORE', 'congressional_code': '14', 'country_name': 'UNITED STATES', 'county_code': '001', 'county_name': 'ALAMEDA', 'location_country_code': 'USA', 'state_code': 'CA', 'state_name': 'California', 'zip4': '6010', 'zip5': '94550'}"
295477233,DEAC5207NA27344,"LAWRENCE LIVERMORE NATIONAL SECURITY, LLC",PM52LCJH72T9,2024-09-27,39042200.4,DEFINITIVE CONTRACT,Department of Energy,Department of Energy,Department of Energy,Department of Energy,541710,"RESEARCH AND DEVELOPMENT IN THE PHYSICAL, ENGINEERING, AND LIFE SCIENCES",AZ11,R&D- OTHER RESEARCH AND DEVELOPMENT (BASIC RESEARCH),INCREMENTAL FUNDING FOR MANAGEMENT AND OPERATION OF THE LAWRENCE LIVERMORE NATIONAL LABORATORY,"{'city_name': 'LIVERMORE', 'congressional_code': '14', 'country_name': 'UNITED STATES', 'county_code': '001', 'county_name': 'ALAMEDA', 'location_country_code': 'USA', 'state_code': 'CA', 'state_name': 'California', 'zip4': '6010', 'zip5': '94550'}"
295496813,DEAR0000154,BOOZ ALLEN HAMILTON INC,JCBMLGPE6Z71,2024-09-27,-9102.11,DEFINITIVE CONTRACT,Department of Energy,Department of Energy,Department of Energy,Department of Energy,541690,OTHER SCIENTIFIC AND TECHNICAL CONSULTING SERVICES,R425,SUPPORT- PROFESSIONAL: ENGINEERING/TECHNICAL,"*****  THE PURPOSE OF THIS MODIFICATION IS TO DEOBLIGATE EXCESS ARPA-E FY2018 FUNDING IN THE AMOUNT OF $9,102.11.  FUNDING IS HEREBY DECREASED FROM $98,911,062.64 BY $9,102.11 TO $98,901,960.53.  ALL OTHER TERMS AND CONDITIONS REMAIN IN FULL FORC","{'city_name': 'WASHINGTON', 'congressional_code': '98', 'country_name': 'UNITED STATES', 'county_code': '001', 'county_name': 'DISTRICT OF COLUMBIA', 'location_country_code': 'USA', 'state_code': 'DC', 'state_name': 'District Of Columbia', 'zip4': '0001', 'zip5': '20585'}"
295512496,DEDT0006626,"EMP2, INC.",SRMEJFRMLPB3,2024-09-27,-1415.77,DELIVERY ORDER,Department of Energy,Department of Energy,Department of Energy,Department of Energy,541690,OTHER SCIENTIFIC AND TECHNICAL CONSULTING SERVICES,R425,SUPPORT- PROFESSIONAL: ENGINEERING/TECHNICAL,"PROJECT FACILITATION (PF) SERVICES FOR ENERGY SAVINGS PERFORMANCE CONTRACT PROJECT PF 422, BOP, BUTNER, NC  THE PURPOSE OF THIS MODIFICATION IS TO CHANGE THE CO, CHANGE THE CS, DE-OBLIGATE THE REMAINING FUNDS, AND CLOSE THE SUBJECT TASK ORDER. __","{'city_name': 'RICHLAND', 'congressional_code': '04', 'country_name': 'UNITED STATES', 'county_code': '005', 'county_name': 'BENTON', 'location_country_code': 'USA', 'state_code': 'WA', 'state_name': 'Washington', 'zip4': '9661', 'zip5': '99352'}"
295513215,DEDT0007696,"EMP2, INC.",SRMEJFRMLPB3,2024-09-27,-4120.53,DELIVERY ORDER,Department of Energy,Department of Energy,Department of Energy,Department of Energy,541690,OTHER SCIENTIFIC AND TECHNICAL CONSULTING SERVICES,R425,SUPPORT- PROFESSIONAL: ENGINEERING/TECHNICAL,"PF SERVICES FOR ESPC PF 446, IRS, WV AND NY  THE PURPOSE OF THIS MOD IS TO CHANGE THE CONTRACT SPECIALIST, DE-OBLIGATE THE REMAINING FUNDS, AND CLOSE THE SUBJECT TASK ORDER. ___","{'city_name': 'RICHLAND', 'congressional_code': '04', 'country_name': 'UNITED STATES', 'county_code': '005', 'county_name': 'BENTON', 'location_country_code': 'USA', 'state_code': 'WA', 'state_name': 'Washington', 'zip4': '9661', 'zip5': '99352'}"
295515551,DEDT0010969,"EMP2, INC.",SRMEJFRMLPB3,2024-09-27,-2017.13,DELIVERY ORDER,Department of Energy,Department of Energy,Department of Energy,Department of Energy,541690,OTHER SCIENTIFIC AND TECHNICAL CONSULTING SERVICES,R425,SUPPORT- PROFESSIONAL: ENGINEERING/TECHNICAL,"PF SERVICES FOR ESPC PROJECT PF 487, ENVIRONMENTAL PROTECTION AGENCY, RESEARCH TRIANGLE PARK, DURHAM, NC  THE PURPOSE OF THIS MODIFICATION IS TO CHANGE THE CONTRACT SPECIALIST, DE-OBLIGATE THE REMAINING FUNDS, AND CLOSE THE SUBJECT TASK ORDER. __","{'city_name': 'RICHLAND', 'congressional_code': '04', 'country_name': 'UNITED STATES', 'county_code': '005', 'county_name': 'BENTON', 'location_country_code': 'USA', 'state_code': 'WA', 'state_name': 'Washington', 'zip4': '7752', 'zip5': '99352'}"
295520221,DEEM0001529,"CH2M HILL BWXT WEST VALLEY, LLC",M6KXM8MLNGD6,2024-09-27,13724957.38,DEFINITIVE CONTRACT,Department of Energy,Department of Energy,Department of Energy,Department of Energy,562910,REMEDIATION SERVICES,P400,SALVAGE- DEMOLITION OF BUILDINGS,PHASE 1 DECOMMISSIONING - FACILITY DISPOSITION ACTIVITIES TO TAKE PLACE AT DOE'S WEST VALLEY DEMONSTRATION PROJECT (WVDP) IN WESTERN NEW YORK STATE. SERVICES TO BE PROVIDED INCLUDE BUT ARE NOT LIMITED TO: HIGH LEVEL WASTE CANISTER RELOCATION AND,"{'city_name': 'WEST VALLEY', 'congressional_code': '23', 'country_name': 'UNITED STATES', 'county_code': '009', 'county_name': 'CATTARAUGUS', 'location_country_code': 'USA', 'state_code': 'NY', 'state_name': 'New York', 'zip4': '9799', 'zip5': '14171'}"
295526997,DENA0002839,"HONEYWELL FEDERAL MANUFACTURING & TECHNOLOGIES, LLC",DMEGBYTVBQS5,2024-09-27,-7239863.67,DEFINITIVE CONTRACT,Department of Energy,Department of Energy,Department of Energy,Department of Energy,561210,FACILITIES SUPPORT SERVICES,M1JZ,OPERATION OF MISCELLANEOUS BUILDINGS,INCREMENTAL FUNDING FOR MANAGEMENT AND OPERATION OF THE NATIONAL SECURITY CAMPUS - CONTRACT NO. DE-NA0002839,"{'city_name': 'KANSAS CITY', 'congressional_code': '05', 'country_name': 'UNITED STATES', 'county_code': '095', 'county_name': 'JACKSON', 'location_country_code': 'USA', 'state_code': 'MO', 'state_name': 'Missouri', 'zip4': '1302', 'zip5': '64147'}"
295526997,DENA0002839,"HONEYWELL FEDERAL MANUFACTURING & TECHNOLOGIES, LLC",DMEGBYTVBQS5,2024-09-27,88644777.42,DEFINITIVE CONTRACT,Department of Energy,Department of Energy,Department of Defense,Department of the Air Force,561210,FACILITIES SUPPORT SERVICES,M1JZ,OPERATION OF MISCELLANEOUS BUILDINGS,REIMBURSABLE FUNDING FOR MANAGEMENT AND OPERATION OF THE NATIONAL SECURITY CAMPUS - CONTRACT NO. DE-NA0002839,"{'city_name': 'KANSAS CITY', 'congressional_code': '05', 'country_name': 'UNITED STATES', 'county_code': '095', 'county_name': 'JACKSON', 'location_country_code': 'USA', 'state_code': 'MO', 'state_name': 'Missouri', 'zip4': '1302', 'zip5': '64147'}"
295527116,DENA0003525,"NATIONAL TECHNOLOGY & ENGINEERING SOLUTIONS OF SANDIA, LLC",LUJEPCRRT377,2024-09-27,50889944.16,DEFINITIVE CONTRACT,Department of Energy,Department of Energy,Department of Energy,Department of Energy,561210,FACILITIES SUPPORT SERVICES,M1JZ,OPERATION OF MISCELLANEOUS BUILDINGS,INCREMENTAL FUNDING FOR MANAGEMENT AND OPERATION OF SANDIA NATIONAL LABORATORIES,"{'city_name': 'ALBUQUERQUE', 'congressional_code': '01', 'country_name': 'UNITED STATES', 'county_code': '001', 'county_name': 'BERNALILLO', 'location_country_code': 'USA', 'state_code': 'NM', 'state_name': 'New Mexico', 'zip4': '0748', 'zip5': '87185'}"
295527116,DENA0003525,"NATIONAL TECHNOLOGY & ENGINEERING SOLUTIONS OF SANDIA, LLC",LUJEPCRRT377,2024-09-27,0.0,DEFINITIVE CONTRACT,Department of Energy,Department of Energy,Department of Energy,Department of Energy,561210,FACILITIES SUPPORT SERVICES,M1JZ,OPERATION OF MISCELLANEOUS BUILDINGS,MODIFICATION FOR MANAGEMENT AND OPERATION OF SANDIA NATIONAL LABORATORIES,"{'city_name': 'ALBUQUERQUE', 'congressional_code': '01', 'country_name': 'UNITED STATES', 'county_code': '001', 'county_name': 'BERNALILLO', 'location_country_code': 'USA', 'state_code': 'NM', 'state_name': 'New Mexico', 'zip4': '0748', 'zip5': '87185'}"
295527116,DENA0003525,"NATIONAL TECHNOLOGY & ENGINEERING SOLUTIONS OF SANDIA, LLC",LUJEPCRRT377,2024-09-27,109632566.45,DEFINITIVE CONTRACT,Department of Energy,Department of Energy,Department of Defense,Department of the Air Force,561210,FACILITIES SUPPORT SERVICES,M1JZ,OPERATION OF MISCELLANEOUS BUILDINGS,REIMBURSABLE FUNDING FOR MANAGEMENT AND OPERATION OF SANDIA NATIONAL LABORATORIES,"{'city_name': 'ALBUQUERQUE', 'congressional_code': '01', 'country_name': 'UNITED STATES', 'county_code': '001', 'county_name': 'BERNALILLO', 'location_country_code': 'USA', 'state_code': 'NM', 'state_name': 'New Mexico', 'zip4': '0748', 'zip5': '87185'}"
295531681,DESC0012704,BROOKHAVEN SCIENCE ASSOCIATES LLC,R85KZ9JP3NM3,2024-09-27,7604207.47,DEFINITIVE CONTRACT,Department of Energy,Department of Energy,Department of Energy,Department of Energy,541712,"RESEARCH AND DEVELOPMENT IN THE PHYSICAL, ENGINEERING, AND LIFE SCIENCES (EXCEPT BIOTECHNOLOGY)",M1HA,OPERATION OF GOVERNMENT-OWNED CONTRACTOR-OPERATED (GOCO) R&D FACILITIES,PERFORMANCE-BASED CONTRACT FOR THE MANAGEMENT AND OPERATION OF BROOKHAVEN NATIONAL LABORATORY.,"{'city_name': 'UPTON', 'congressional_code': '01', 'country_name': 'UNITED STATES', 'county_code': '103', 'county_name': 'SUFFOLK', 'location_country_code': 'USA', 'state_code': 'NY', 'state_name': 'New York', 'zip4': '5000', 'zip5': '11973'}"
292031075,89243424FEE000403,ENERGY TECHNOLOGY ALLIANCE LLC,WDTLX4NKRKC8,2024-09-28,125381.9,BPA CALL,Department of Energy,Department of Energy,Department of Energy,Department of Energy,562910,REMEDIATION SERVICES,R425,SUPPORT- PROFESSIONAL: ENGINEERING/TECHNICAL,"SCIENTIFIC, ENGINEERING AND TECHNICAL SUPPORT (SETS) FOR THE ENVIRONMENT, HEALTH, SAFETY & SECURITY OFFICE.  BIPARTISAN INFRASTRUCTURE LAW FUNDING.","{'city_name': 'WASHINGTON', 'congressional_code': '98', 'country_name': 'UNITED STATES', 'county_code': '001', 'county_name': 'DISTRICT OF COLUMBIA', 'location_country_code': 'USA', 'state_code': 'DC', 'state_name': 'District Of Columbia', 'zip4': '0102', 'zip5': '20585'}"
292032874,89303018FOE000006,"ICF INCORPORATED, L.L.C.",QHBLBNKKV4U3,2024-09-28,2057330.08,BPA CALL,Department of Energy,Department of Energy,Department of Energy,Department of Energy,541611,ADMINISTRATIVE MANAGEMENT AND GENERAL MANAGEMENT CONSULTING SERVICES,R425,SUPPORT- PROFESSIONAL: ENGINEERING/TECHNICAL,"TECHNICAL, ANALYTICAL, AND MANAGEMENT SUPPORT SERVICES FOR CESER- THREE (3)-MONTH BRIDGE IAW HCA DECISION.","{'city_name': 'WASHINGTON', 'congressional_code': '98', 'country_name': 'UNITED STATES', 'county_code': '001', 'county_name': 'DISTRICT OF COLUMBIA', 'location_country_code': 'USA', 'state_code': 'DC', 'state_name': 'District Of Columbia', 'zip4': '0102', 'zip5': '20585'}"
292048309,89603023F0068,PACIFIC BELL TELEPHONE COMPANY,QJ86FJL3NBT1,2024-09-28,24300.0,BPA CALL,Department of Energy,Federal Energy Regulatory Commission,Department of Energy,Federal Energy Regulatory Commission,517919,ALL OTHER TELECOMMUNICATIONS,7E21,IT AND TELECOM - MOBILE DEVICE PRODUCTS (HARDWARE AND PERPETUAL LICENSE SOFTWARE),NEW AWARD FOR PHONE SERVICES ADDITIONAL FUNDS ADDED FOR SERRVICES,"{'city_name': 'WASHINGTON', 'congressional_code': '98', 'country_name': 'UNITED STATES', 'county_code': '001', 'county_name': 'DISTRICT OF COLUMBIA', 'location_country_code': 'USA', 'state_code': 'DC', 'state_name': 'District Of Columbia', 'zip4': '0003', 'zip5': '20426'}"
292048398,89603024F0023,"LUMEN TECHNOLOGIES GOVERNMENT SOLUTIONS, INC",R649KR5942C3,2024-09-28,2493.1,BPA CALL,Department of Energy,Federal Energy Regulatory Commission,Department of Energy,Federal Energy Regulatory Commission,517311,WIRED TELECOMMUNICATIONS CARRIERS,DH10,"IT AND TELECOM - PLATFORM AS A SERVICE: DATABASE, MAINFRAME, MIDDLEWARE",TELECOMMUNICATIONS OBLIGATION OF FUNDS,"{'city_name': 'WASHINGTON', 'congressional_code': '98', 'country_name': 'UNITED STATES', 'county_code': '001', 'county_name': 'DISTRICT OF COLUMBIA', 'location_country_code': 'USA', 'state_code': 'DC', 'state_name': 'District Of Columbia', 'zip4': '0001', 'zip5': '20426'}"
292048432,89603024F0060,"ACE FEDERAL REPORTERS, INC.",XN49LCH7D9L8,2024-09-28,242047.19,DELIVERY ORDER,Department of Energy,Federal Energy Regulatory Commission,Department of Energy,Federal Energy Regulatory Commission,561320,TEMPORARY HELP SERVICES,R606,SUPPORT- ADMINISTRATIVE: COURT REPORTING,COURT REPORTING SERVICES,"{'city_name': 'WASHINGTON', 'congressional_code': '98', 'country_name': 'UNITED STATES', 'county_code': '001', 'county_name': 'DISTRICT OF COLUMBIA', 'location_country_code': 'USA', 'state_code': 'DC', 'state_name': 'District Of Columbia', 'zip4': '0001', 'zip5': '20406'}"
292048479,89603024P0029,BARCHART.COM INC,WAKNVTK6JYA5,2024-09-28,48000.0,PURCHASE ORDER,Department of Energy,Federal Energy Regulatory Commission,Department of Energy,Federal Energy Regulatory Commission,513210,SOFTWARE PUBLISHERS,7A21,IT AND TELECOM - BUSINESS APPLICATION SOFTWARE (PERPETUAL LICENSE SOFTWARE),EOXLIVE NATURAL GAS FOWARD CURVES AND POWER FOWARD CURVES.,"{'city_name': 'WASHINGTON', 'congressional_code': '98', 'country_name': 'UNITED STATES', 'county_code': '001', 'county_name': 'DISTRICT OF COLUMBIA', 'location_country_code': 'USA', 'state_code': 'DC', 'state_name': 'District Of Columbia', 'zip4': '0001', 'zip5': '20426'}"
292028942,89243224PNE000082,ONE TECHNOLOGY CORPORATION,Z9XWST44V561,2024-09-29,38500.0,PURCHASE ORDER,Department of Energy,Department of Energy,Department of Energy,Department of Energy,541519,OTHER COMPUTER RELATED SERVICES,DA01,IT AND TELECOM - BUSINESS APPLICATION/APPLICATION DEVELOPMENT SUPPORT SERVICES (LABOR),PROFESSIONAL SERVICES FOR PALO ALTO FIREWALL INSTALLATION & CONFIGURATION.,"{'city_name': 'IDAHO FALLS', 'congressional_code': '02', 'country_name': 'UNITED STATES', 'county_code': '019', 'county_name': 'BONNEVILLE', 'location_country_code': 'USA', 'state_code': 'ID', 'state_name': 'Idaho', 'zip4': '0001', 'zip5': '83415'}"
292030841,89243422FEE000238,"BOSTON GOVERNMENT SERVICES, LLC",TPKCK3J24ZM7,2024-09-29,-1295733.8,BPA CALL,Department of Energy,Department of Energy,Department of Energy,Department of Energy,541620,ENVIRONMENTAL CONSULTING SERVICES,R699,SUPPORT- ADMINISTRATIVE: OTHER,SOLAR ENERGY TECHNOLOGIES OFFICE MERIT REVIEW HONORARIA MISSION ORIENTED TECHNICAL SUPPORT (MOTS).   P00005 ISSUES FINAL DE-OBLIGATION AND WILL CLOSE OUT THIS BPA ORDER.,"{'city_name': 'WASHINGTON', 'congressional_code': '98', 'country_name': 'UNITED STATES', 'county_code': '001', 'county_name': 'DISTRICT OF COLUMBIA', 'location_country_code': 'USA', 'state_code': 'DC', 'state_name': 'District Of Columbia', 'zip4': '0102', 'zip5': '20585'}"
292030959,89243423FEE000308,"BOSTON GOVERNMENT SERVICES, LLC",TPKCK3J24ZM7,2024-09-29,-80687.0,BPA CALL,Department of Energy,Department of Energy,Department of Energy,Department of Energy,541620,ENVIRONMENTAL CONSULTING SERVICES,R699,SUPPORT- ADMINISTRATIVE: OTHER,HYDROGEN & FUEL CELL TECHNOLOGIES OFFICE (HFTO) MISSION ORIENTED TECHNICAL SUPPORT (MOTS). MERIT REVIEW.   P00003- ISSUE FINAL DE-OBLIGATION AND CLOSE OUT THIS BPA ORDER.,"{'city_name': 'WASHINGTON', 'congressional_code': '98', 'country_name': 'UNITED STATES', 'county_code': '001', 'county_name': 'DISTRICT OF COLUMBIA', 'location_country_code': 'USA', 'state_code': 'DC', 'state_name': 'District Of Columbia', 'zip4': '0102', 'zip5': '20585'}"
292030969,89243423FEE000321,"BOSTON GOVERNMENT SERVICES, LLC",TPKCK3J24ZM7,2024-09-29,-13156.0,BPA CALL,Department of Energy,Department of Energy,Department of Energy,Department of Energy,541620,ENVIRONMENTAL CONSULTING SERVICES,R699,SUPPORT- ADMINISTRATIVE: OTHER,BUILDING TECHNOLOGY OFFICE (BTO) MISSION ORIENTED TECHNICAL SUPPORT (MOTS) SERVICES ENERGY.   P00003 IS TO ISSUE THE FINAL DE-OBLIGATION AND CLOSE OUT THIS BPA ORDER.,"{'city_name': 'WASHINGTON', 'congressional_code': '98', 'country_name': 'UNITED STATES', 'county_code': '001', 'county_name': 'DISTRICT OF COLUMBIA', 'location_country_code': 'USA', 'state_code': 'DC', 'state_name': 'District Of Columbia', 'zip4': '0102', 'zip5': '20585'}"
292030975,89243423FEE000327,"BOSTON GOVERNMENT SERVICES, LLC",TPKCK3J24ZM7,2024-09-29,-19260.0,BPA CALL,Department of Energy,Department of Energy,Department of Energy,Department of Energy,541620,ENVIRONMENTAL CONSULTING SERVICES,R699,SUPPORT- ADMINISTRATIVE: OTHER,MISSION ORIENTED TECHNICAL SUPPORT (MOTS) FOR THE HYDROGEN & FUEL CELL TECHNOLOGY OFFICE (HFTO)  P00003 IS TO ISSUE THE FINAL DE-OBLIGATION AND CLOSE OUT THIS BPA ORDER.,"{'city_name': 'WASHINGTON', 'congressional_code': '98', 'country_name': 'UNITED STATES', 'county_code': '001', 'county_name': 'DISTRICT OF COLUMBIA', 'location_country_code': 'USA', 'state_code': 'DC', 'state_name': 'District Of Columbia', 'zip4': '0102', 'zip5': '20585'}"
292030985,89243423FEE000338,"BOSTON GOVERNMENT SERVICES, LLC",TPKCK3J24ZM7,2024-09-29,-16852.5,BPA CALL,Department of Energy,Department of Energy,Department of Energy,Department of Energy,541620,ENVIRONMENTAL CONSULTING SERVICES,R699,SUPPORT- ADMINISTRATIVE: OTHER,"MISSION ORIENTED TECHNICAL SUPPORT (MOTS) SERVICES FOR THE HYDROGEN & FUEL CELL TECHNOLOGY OFFICE (HFTO), BIL PROVISION 815.   THIS MODIFICATION WILL ISSUE THE FINAL DE-OBLIGATION & CLOSE OUT THIS BPA ORDER.","{'city_name': 'WASHINGTON', 'congressional_code': '98', 'country_name': 'UNITED STATES', 'county_code': '001', 'county_name': 'DISTRICT OF COLUMBIA', 'location_country_code': 'USA', 'state_code': 'DC', 'state_name': 'District Of Columbia', 'zip4': '0102', 'zip5': '20585'}"
292030988,89243423FEE000343,"BOSTON GOVERNMENT SERVICES, LLC",TPKCK3J24ZM7,2024-09-29,-6420.0,BPA CALL,Department of Energy,Department of Energy,Department of Energy,Department of Energy,541620,ENVIRONMENTAL CONSULTING SERVICES,R699,SUPPORT- ADMINISTRATIVE: OTHER,MISSION ORIENTED TECHNICAL SUPPORT SERVICES FOR THE INTEGRATED STRATEGIES EVALUATION METHODOLOGY MERIT REVIEWS  THE PURPOSE OF THIS MODIFICATION IS TO ISSUE THE FINAL DE-OBLIGATION & CLOSE OUT THIS BPA ORDER.,"{'city_name': 'WASHINGTON', 'congressional_code': '98', 'country_name': 'UNITED STATES', 'county_code': '001', 'county_name': 'DISTRICT OF COLUMBIA', 'location_country_code': 'USA', 'state_code': 'DC', 'state_name': 'District Of Columbia', 'zip4': '0102', 'zip5': '20585'}"
292031073,89243424FEE000400,ENERGY TECHNOLOGY ALLIANCE LLC,WDTLX4NKRKC8,2024-09-29,476772.0,BPA CALL,Department of Energy,Department of Energy,Department of Energy,Department of Energy,562910,REMEDIATION SERVICES,R425,SUPPORT- PROFESSIONAL: ENGINEERING/TECHNICAL,"SCIENTIFIC, ENGINEERING AND TECHNICAL SUPPORT (SETS) FOR BIOENERGY TECHNOLOGIES OFFICE (BTO). MOD P00002 IS TO EXERCISE AN OPTION.","{'city_name': 'WASHINGTON', 'congressional_code': '98', 'country_name': 'UNITED STATES', 'county_code': '001', 'county_name': 'DISTRICT OF COLUMBIA', 'location_country_code': 'USA', 'state_code': 'DC', 'state_name': 'District Of Columbia', 'zip4': '2542', 'zip5': '20024'}"
292048246,89603022P0030,THE REGENTS OF THE UNIVERSITY OF COLORADO,SPVKK1RC2MZ3,2024-09-29,10804.0,PURCHASE ORDER,Department of Energy,Federal Energy Regulatory Commission,Department of Energy,Federal Energy Regulatory Commission,511210,SOFTWARE PUBLISHERS,7A20,IT AND TELECOM - APPLICATION DEVELOPMENT SOFTWARE (PERPETUAL LICENSE SOFTWARE),RIVERWARE LICENSES OPTION PERIOD 1 AND COR CHANGE DE-OB FUNDS EXERCISE OPTION YR 2,"{'city_name': 'WASHINGTON', 'congressional_code': '98', 'country_name': 'UNITED STATES', 'county_code': '001', 'county_name': 'DISTRICT OF COLUMBIA', 'location_country_code': 'USA', 'state_code': 'DC', 'state_name': 'District Of Columbia', 'zip4': '0001', 'zip5': '20426'}"
292026551,89233018CNR000004,"FLUOR MARINE PROPULSION, LLC",CWHMVCX7K1N6,2024-09-30,1105441.0,DEFINITIVE CONTRACT,Department of Energy,Department of Energy,Department of Energy,Department of Energy,541715,"RESEARCH AND DEVELOPMENT IN THE PHYSICAL, ENGINEERING, AND LIFE SCIENCES (EXCEPT NANOTECHNOLOGY AND BIOTECHNOLOGY)",M1HA,OPERATION OF GOVERNMENT-OWNED CONTRACTOR-OPERATED (GOCO) R&D FACILITIES,"MANAGEMENT AND OPERATION OF THE NAVAL NUCLEAR LABORATORY (NNL) - INCREASE OBLIGATED FUNDS  THE PURPOSE OF THIS MODIFICATION IS TO INCREASE THE CONTRACT 89233018CNR000004 WITH FLUOR BY $1,105,441.00 FROM $1,949,587,180.81 TO $1,950,692,621.81 FOR TH","{'city_name': 'WEST MIFFLIN', 'congressional_code': '12', 'country_name': 'UNITED STATES', 'county_code': '003', 'county_name': 'ALLEGHENY', 'location_country_code': 'USA', 'state_code': 'PA', 'state_name': 'Pennsylvania', 'zip4': '0109', 'zip5': '15122'}"
292026888,89233119FNA400200,MELE ASSOCIATES INC,MJBFX1KJ7KY1,2024-09-30,0.0,DELIVERY ORDER,Department of Energy,Department of Energy,Department of Energy,Department of Energy,541330,ENGINEERING SERVICES,R499,SUPPORT- PROFESSIONAL: OTHER,"DEPARTMENT OF ENERGY, NATIONAL NUCLEAR SECURITY ADMINISTRATION OFFICE OF COUNTERTERRORISM AND COUNTERPROLIFERATION VAULT ACTIVITIES AND TECHNICAL SUPPORT SERVICES","{'city_name': 'WASHINGTON', 'congressional_code': '98', 'country_name': 'UNITED STATES', 'county_code': '001', 'county_name': 'DISTRICT OF COLUMBIA', 'location_country_code': 'USA', 'state_code': 'DC', 'state_name': 'District Of Columbia', 'zip4': '0110', 'zip5': '20585'}"
292026997,89233120FNA400269,"ALUTIIQ LOGISTICS & MAINTENANCE SERVICES, LLC",NHLFKHUHVHA8,2024-09-30,0.0,DELIVERY ORDER,Department of Energy,Department of Energy,Department of Energy,Department of Energy,561210,FACILITIES SUPPORT SERVICES,M1EB,OPERATION OF MAINTENANCE BUILDINGS,"DOE/NNSA FACILITIES SUPPORT SERVICES IN ALBUQUERQUE, NM (OST TASK ORDER)(NA-15)","{'city_name': 'ALBUQUERQUE', 'congressional_code': '01', 'country_name': 'UNITED STATES', 'county_code': '001', 'county_name': 'BERNALILLO', 'location_country_code': 'USA', 'state_code': 'NM', 'state_name': 'New Mexico', 'zip4': '5400', 'zip5': '87185'}"
292027311,89233123FNA400504,"THUNDERCAT TECHNOLOGY, LLC",UER4AJLUB8D5,2024-09-30,0.0,DELIVERY ORDER,Department of Energy,Department of Energy,Department of Energy,Department of Energy,541519,OTHER COMPUTER RELATED SERVICES,7G21,IT AND TELECOM - NETWORK: DIGITAL NETWORK PRODUCTS (HARDWARE AND PERPETUAL LICENSE SOFTWARE),PALO ALTO NETWORKS ENTERPRISE LICENSE AGREEMENT (ELA) FOR THE NATIONAL NUCLEAR SECURITY ADMINISTRATION (NNSA),"{'city_name': 'WASHINGTON', 'congressional_code': '98', 'country_name': 'UNITED STATES', 'county_code': '001', 'county_name': 'DISTRICT OF COLUMBIA', 'location_country_code': 'USA', 'state_code': 'DC', 'state_name': 'District Of Columbia', 'zip4': '0001', 'zip5': '20585'}"
292027364,89233124CNA000365,GENERAL ATOMICS,TVRYQ3N3B8H5,2024-09-30,5625000.0,DEFINITIVE CONTRACT,Department of Energy,Department of Energy,Department of Energy,Department of Energy,541715,"RESEARCH AND DEVELOPMENT IN THE PHYSICAL, ENGINEERING, AND LIFE SCIENCES (EXCEPT NANOTECHNOLOGY AND BIOTECHNOLOGY)",AJ12,GENERAL SCIENCE AND TECHNOLOGY R&D SERVICES; GENERAL SCIENCE AND TECHNOLOGY; APPLIED RESEARCH,"RESEARCH & DEVELOPMENT AND FABRICATION OF INERTIAL CONFINEMENT FUSION (ICF) TARGETS FOR THE OFFICE OF RTD&E NA-11, EXPERIMENTAL SCIENCES NA-113","{'city_name': 'SAN DIEGO', 'congressional_code': '50', 'country_name': 'UNITED STATES', 'county_code': '073', 'county_name': 'SAN DIEGO', 'location_country_code': 'USA', 'state_code': 'CA', 'state_name': 'California', 'zip4': '1122', 'zip5': '92121'}"
292027405,89233124FNA000165,"COLLEAGUE CONSULTING, LLC",UA6NPN6M89L6,2024-09-30,481030.0,BPA CALL,Department of Energy,Department of Energy,Department of Energy,Department of Energy,611430,PROFESSIONAL AND MANAGEMENT DEVELOPMENT TRAINING,R699,SUPPORT- ADMINISTRATIVE: OTHER,"THE NNSA, OFFICE OF LEARNING AND CAREER MANAGEMENT IS SEEKING SUPPORT TO PROVIDE ORGANIZATIONAL DEVELOPMENT TO INCLUDE ORGANIZATIONAL DEVELOPMENT CONSULTING, LEADERSHIP AND TEAM DEVELOPMENT, STRATEGIC PLANNING AND TO ASSIST IN ASSESSING ORGANIZATIONA","{'city_name': 'GREENBELT', 'congressional_code': '04', 'country_name': 'UNITED STATES', 'county_code': '033', 'county_name': 'PRINCE GEORGES', 'location_country_code': 'USA', 'state_code': 'MD', 'state_name': 'Maryland', 'zip4': '3531', 'zip5': '20770'}"
292027476,89233124FNA400649,SEATECH GLOBAL SECURITY SOLUTIONS,UH3MS7J8HN85,2024-09-30,1000000.0,DELIVERY ORDER,Department of Energy,Department of Energy,Department of Energy,Department of Energy,541990,"ALL OTHER PROFESSIONAL, SCIENTIFIC, AND TECHNICAL SERVICES",R425,SUPPORT- PROFESSIONAL: ENGINEERING/TECHNICAL,"TASKS INCLUDE DESIGN, INTEGRATION, CONSTRUCTION, COMMUNICATIONS, LOGISTICS, TRAINING, AND EQUIPMENT PROCUREMENT TO SUPPORT THE DEPLOYMENT OF COUNTER NUCLEAR SMUGGLING SYSTEMS. EXAMPLES OF COUNTER NUCLEAR SMUGGLING SYSTEM COMPONENTS INCLUDE BUT ARE NO","{'city_name': None, 'congressional_code': None, 'country_name': 'UZBEKISTAN', 'county_code': None, 'county_name': None, 'location_country_code': 'UZB', 'state_code': None, 'state_name': None, 'zip4': None, 'zip5': None}"
292027479,89233124FNA400653,"CHICKASAW MANAGEMENT SERVICES, LLC",J9V5BJFEGHZ9,2024-09-30,4500000.0,DELIVERY ORDER,Department of Energy,Department of Energy,Department of Energy,Department of Energy,541810,ADVERTISING AGENCIES,U012,EDUCATION/TRAINING- INFORMATION TECHNOLOGY/TELECOMMUNICATIONS TRAINING,"SUPPORT TO DEPARTMENT OF ENERGY, NATIONAL NUCLEAR SECURITY ADMINISTRATION OFFICE OF RESEARCH, DEVELOPMENT, TEST, AND EVALUATION ACADEMIC PROGRAMS","{'city_name': 'NORMAN', 'congressional_code': '04', 'country_name': 'UNITED STATES', 'county_code': '027', 'county_name': 'CLEVELAND', 'location_country_code': 'USA', 'state_code': 'OK', 'state_name': 'Oklahoma', 'zip4': '1166', 'zip5': '73071'}"
292027480,89233124FNA400654,"CHICKASAW MANAGEMENT SERVICES, LLC",J9V5BJFEGHZ9,2024-09-30,3000000.0,DELIVERY ORDER,Department of Energy,Department of Energy,Department of Energy,Department of Energy,541810,ADVERTISING AGENCIES,U012,EDUCATION/TRAINING- INFORMATION TECHNOLOGY/TELECOMMUNICATIONS TRAINING,"SUPPORT TO DEPARTMENT OF ENERGY, NATIONAL NUCLEAR SECURITY ADMINISTRATION OFFICE OF RESEARCH, DEVELOPMENT, TEST, AND EVALUATION ACADEMIC PROGRAMS","{'city_name': 'NORMAN', 'congressional_code': '04', 'country_name': 'UNITED STATES', 'county_code': '027', 'county_name': 'CLEVELAND', 'location_country_code': 'USA', 'state_code': 'OK', 'state_name': 'Oklahoma', 'zip4': '1166', 'zip5': '73071'}"
292027803,89243024CSC000002,"FERMI FORWARD DISCOVERY GROUP, LLC",VLS6K3EVCMW5,2024-09-30,0.0,DEFINITIVE CONTRACT,Department of Energy,Department of Energy,Department of Energy,Department of Energy,541715,"RESEARCH AND DEVELOPMENT IN THE PHYSICAL, ENGINEERING, AND LIFE SCIENCES (EXCEPT NANOTECHNOLOGY AND BIOTECHNOLOGY)",M1HA,OPERATION OF GOVERNMENT-OWNED CONTRACTOR-OPERATED (GOCO) R&D FACILITIES,MANAGEMENT AND OPERATING CONTRACT FOR THE FERMI NATIONAL ACCELERATOR LABORATORY (FNAL),"{'city_name': 'BATAVIA', 'congressional_code': '11', 'country_name': 'UNITED STATES', 'county_code': '089', 'county_name': 'KANE', 'location_country_code': 'USA', 'state_code': 'IL', 'state_name': 'Illinois', 'zip4': '5011', 'zip5': '60510'}"
292028025,89243120FSC000008,ACCENTURE FEDERAL SERVICES LLC,C47BNA8GM833,2024-09-30,5438040.93,BPA CALL,Department of Energy,Department of Energy,Department of Energy,Department of Energy,541512,COMPUTER SYSTEMS DESIGN SERVICES,D318,"IT AND TELECOM- INTEGRATED HARDWARE/SOFTWARE/SERVICES SOLUTIONS, PREDOMINANTLY SERVICES","TECHNICAL, PROFESSIONAL, INFORMATION MANAGEMENT AND TECHNOLOGY SUPPORT AND ASSISTANCE TO THE OFFICE OF SCIENCE - UNILATERAL MODIFICATION P00041 IS TO ADD INCREMENTAL FUNDING IN THE AMOUNT OF $5,438,040.93.","{'city_name': 'GERMANTOWN', 'congressional_code': '06', 'country_name': 'UNITED STATES', 'county_code': '031', 'county_name': 'MONTGOMERY', 'location_country_code': 'USA', 'state_code': 'MD', 'state_name': 'Maryland', 'zip4': '1299', 'zip5': '20874'}"
292028251,89243122FSC400370,DELOITTE CONSULTING LLP,CKV2L9GZKJK3,2024-09-30,1426652.95,DELIVERY ORDER,Department of Energy,Department of Energy,Department of Energy,Department of Energy,541512,COMPUTER SYSTEMS DESIGN SERVICES,7E20,"IT AND TELECOM - END USER: HELP DESK;TIER 1-2,WORKSPACE,PRINT,OUTPUT,PRODUCTIVITY TOOLS (HW/PERP SW)",BUDGET EXECUTION FORMULATION ANALYSIS SUPPORT TOOL (BEFAST),"{'city_name': 'GERMANTOWN', 'congressional_code': '06', 'country_name': 'UNITED STATES', 'county_code': '031', 'county_name': 'MONTGOMERY', 'location_country_code': 'USA', 'state_code': 'MD', 'state_name': 'Maryland', 'zip4': '0501', 'zip5': '20874'}"
292028478,89243123PSC000264,JOHNSON CONTROLS FIRE PROTECTION LP,K9HJHLAKXE96,2024-09-30,-0.8,PURCHASE ORDER,Department of Energy,Department of Energy,Department of Energy,Department of Energy,561621,SECURITY SYSTEMS SERVICES (EXCEPT LOCKSMITHS),J063,"MAINT/REPAIR/REBUILD OF EQUIPMENT- ALARM, SIGNAL, AND SECURITY DETECTION SYSTEMS",OSTI BUYER: TAMMY PAYNE  PLANNED SERVICE AGREEMENT FOR SIMPLEX FIRE ALARM SYSTEM  VENDOR: JOHNSON CONTROLS FIRE PROTECTION LP,"{'city_name': 'OAK RIDGE', 'congressional_code': '03', 'country_name': 'UNITED STATES', 'county_code': '001', 'county_name': 'ANDERSON', 'location_country_code': 'USA', 'state_code': 'TN', 'state_name': 'Tennessee', 'zip4': '6521', 'zip5': '37830'}"
292028485,89243123PSC000271,OAK RIDGE UTILITY DISTRICT,KNPSGJWG7E58,2024-09-30,0.0,PURCHASE ORDER,Department of Energy,Department of Energy,Department of Energy,Department of Energy,541330,ENGINEERING SERVICES,S111,UTILITIES- GAS,NATURAL GAS ODORIZATION,"{'city_name': 'OAK RIDGE', 'congressional_code': '03', 'country_name': 'UNITED STATES', 'county_code': '001', 'county_name': 'ANDERSON', 'location_country_code': 'USA', 'state_code': 'TN', 'state_name': 'Tennessee', 'zip4': '4817', 'zip5': '37830'}"
292028582,89243124FSC400722,"AFFIGENT, LLC",M46UYYHVH4B1,2024-09-30,98751.01,DELIVERY ORDER,Department of Energy,Department of Energy,Department of Energy,Department of Energy,541519,OTHER COMPUTER RELATED SERVICES,DE10,"IT AND TELECOM - END USER AS A SERVICE: HELP DESK;TIER 1-2,WORKSPACE,PRINT,OUTPUT,PRODUCTIVITY TOOLS",ORACLE CLOUD SERVICES - LICENSE RENEWAL (SEPARATE INSTANCE),"{'city_name': 'GERMANTOWN', 'congressional_code': '06', 'country_name': 'UNITED STATES', 'county_code': '031', 'county_name': 'MONTGOMERY', 'location_country_code': 'USA', 'state_code': 'MD', 'state_name': 'Maryland', 'zip4': '1290', 'zip5': '20874'}"
292028590,89243124PSC000295,JOHNSON CONTROLS FIRE PROTECTION LP,K9HJHLAKXE96,2024-09-30,-0.6,PURCHASE ORDER,Department of Energy,Department of Energy,Department of Energy,Department of Energy,238210,ELECTRICAL CONTRACTORS AND OTHER WIRING INSTALLATION CONTRACTORS,N059,INSTALLATION OF EQUIPMENT- ELECTRICAL AND ELECTRONIC EQUIPMENT COMPONENTS,TRUESITE/FIBER MODULE INSTALLATION,"{'city_name': 'OAK RIDGE', 'congressional_code': '03', 'country_name': 'UNITED STATES', 'county_code': '001', 'county_name': 'ANDERSON', 'location_country_code': 'USA', 'state_code': 'TN', 'state_name': 'Tennessee', 'zip4': '6521', 'zip5': '37830'}"
292028601,89243124PSC000318,AIP PUBLISHING LLC,ZKDLU4JCD8N3,2024-09-30,0.0,PURCHASE ORDER,Department of Energy,Department of Energy,Department of Energy,Department of Energy,513120,PERIODICAL PUBLISHERS,7630,NEWSPAPERS AND PERIODICALS,JOURNAL RENEWAL,"{'city_name': 'OAK RIDGE', 'congressional_code': '03', 'country_name': 'UNITED STATES', 'county_code': '001', 'county_name': 'ANDERSON', 'location_country_code': 'USA', 'state_code': 'TN', 'state_name': 'Tennessee', 'zip4': '6521', 'zip5': '37830'}"
292028605,89243124PSC000325,WM. S. TRIMBLE CO. INC.,MRJZG8L6Q9B1,2024-09-30,19540.0,PURCHASE ORDER,Department of Energy,Department of Energy,Department of Energy,Department of Energy,238290,OTHER BUILDING EQUIPMENT CONTRACTORS,J059,MAINT/REPAIR/REBUILD OF EQUIPMENT- ELECTRICAL AND ELECTRONIC EQUIPMENT COMPONENTS,MAIN LOADING DOCK DOOR REPLACEMENT,"{'city_name': 'OAK RIDGE', 'congressional_code': '03', 'country_name': 'UNITED STATES', 'county_code': '001', 'county_name': 'ANDERSON', 'location_country_code': 'USA', 'state_code': 'TN', 'state_name': 'Tennessee', 'zip4': '6521', 'zip5': '37830'}"
292028789,89243220FNE400054,ALLEGHENY SCIENCE & TECHNOLOGY CORPORATION,GLPKRZJL8GM3,2024-09-30,-12799.22,DELIVERY ORDER,Department of Energy,Department of Energy,Department of Energy,Department of Energy,541330,ENGINEERING SERVICES,R408,SUPPORT- PROFESSIONAL: PROGRAM MANAGEMENT/SUPPORT,"THE PURPOSE OF THIS MODIFICATION IS TO DE-OBLIGATE $9,627.58 FOR INVOICE DISCOUNTS TO REALIGN THE DISCOUNTS RECEIVED ON INVOICES IN THE STARS SYSTEMS WITH THE STRIPES SYSTEM THROUGH SEPTEMBER 30, 2024 ON CLIN 004.  THIS MODIFICATION:  1. DEOBLIGA","{'city_name': 'BRIDGEPORT', 'congressional_code': '02', 'country_name': 'UNITED STATES', 'county_code': '033', 'county_name': 'HARRISON', 'location_country_code': 'USA', 'state_code': 'WV', 'state_name': 'West Virginia', 'zip4': '4509', 'zip5': '26330'}"
292028881,89243223FNE400097,ALLEGHENY SCIENCE & TECHNOLOGY CORPORATION,GLPKRZJL8GM3,2024-09-30,72815.53,DELIVERY ORDER,Department of Energy,Department of Energy,Department of Energy,Department of Energy,541330,ENGINEERING SERVICES,R425,SUPPORT- PROFESSIONAL: ENGINEERING/TECHNICAL,"THE PURPOSE OF THIS MODIFICATION IS TO: ADD INCREMENTAL FUNDING TO CLIN 00001 IN THE AMOUNT OF $72,815.53, INCREASING THE OBLIGATED AMOUNT FROM $19,941,391.11 TO $20,014,206.64.  ALL OTHER TERMS AND CONDITIONS REMAIN UNCHANGED.","{'city_name': 'IDAHO FALLS', 'congressional_code': '02', 'country_name': 'UNITED STATES', 'county_code': '019', 'county_name': 'BONNEVILLE', 'location_country_code': 'USA', 'state_code': 'ID', 'state_name': 'Idaho', 'zip4': '0001', 'zip5': '83415'}"
292028932,89243224PEM000022,SAFRAN SOFTWARE SOLUTIONS LLC,XUGJMHLN7NX1,2024-09-30,33366.0,PURCHASE ORDER,Department of Energy,Department of Energy,Department of Energy,Department of Energy,513210,SOFTWARE PUBLISHERS,7A20,IT AND TELECOM - APPLICATION DEVELOPMENT SOFTWARE (PERPETUAL LICENSE SOFTWARE),THE PURPOSE OF THIS PURCHASE ORDER IS TO ACQUIRE THREE SAFRAN SOFTWARE LICENSES WITH TWO-YEAR MAINTENANCE AND SUPPORT PLAN.,"{'city_name': 'IDAHO FALLS', 'congressional_code': '02', 'country_name': 'UNITED STATES', 'county_code': '019', 'county_name': 'BONNEVILLE', 'location_country_code': 'USA', 'state_code': 'ID', 'state_name': 'Idaho', 'zip4': '1510', 'zip5': '83402'}"
292028937,89243224PNE000077,"REVVITY HEALTH SCIENCES, INC.",G2TETZJTELL4,2024-09-30,26176.02,PURCHASE ORDER,Department of Energy,Department of Energy,Department of Energy,Department of Energy,811210,ELECTRONIC AND PRECISION EQUIPMENT REPAIR AND MAINTENANCE,J066,MAINT/REPAIR/REBUILD OF EQUIPMENT- INSTRUMENTS AND LABORATORY EQUIPMENT,RESL SERVICE AGREEMENT WITH REVVITY FOR QUANTULUS GCT 110V AND TRI-CARB 5110TR 110 V.,"{'city_name': 'IDAHO FALLS', 'congressional_code': '02', 'country_name': 'UNITED STATES', 'county_code': '019', 'county_name': 'BONNEVILLE', 'location_country_code': 'USA', 'state_code': 'ID', 'state_name': 'Idaho', 'zip4': '0001', 'zip5': '83415'}"
292028984,89243318FFE000008,ATT MOBILITY LLC,P2S7GZFBCSJ1,2024-09-30,0.0,BPA CALL,Department of Energy,Department of Energy,Department of Energy,Department of Energy,541519,OTHER COMPUTER RELATED SERVICES,D304,IT AND TELECOM- TELECOMMUNICATIONS AND TRANSMISSION,"NETL WIRELESS PRODUCTS AND SERVICES, CLOSEOUT","{'city_name': 'BROOKHAVEN', 'congressional_code': '04', 'country_name': 'UNITED STATES', 'county_code': '089', 'county_name': 'DEKALB', 'location_country_code': 'USA', 'state_code': 'GA', 'state_name': 'Georgia', 'zip4': '5309', 'zip5': '30319'}"
292029231,89243319FFE400124,REGAN TECHNOLOGIES CORP,PJ2BS3KYWKS5,2024-09-30,171342.0,DELIVERY ORDER,Department of Energy,Department of Energy,Department of Energy,Department of Energy,541519,OTHER COMPUTER RELATED SERVICES,7030,INFORMATION TECHNOLOGY SOFTWARE,MICROSOFT ENTERPRISE AGREEMENT AND PREMIER SUPPORT RENEWAL:  MODIFICATION TO TRUE-UP FOR SUBSCRIPTIONS AND LICENSES (MODIFICATION P00006),"{'city_name': 'PITTSBURGH', 'congressional_code': '12', 'country_name': 'UNITED STATES', 'county_code': '003', 'county_name': 'ALLEGHENY', 'location_country_code': 'USA', 'state_code': 'PA', 'state_name': 'Pennsylvania', 'zip4': '2140', 'zip5': '15236'}"
292029709,89243322FAU400004,"CENTERRA GROUP, LLC",H4H3J7SJCT76,2024-09-30,3081467.97,DELIVERY ORDER,Department of Energy,Department of Energy,Department of Energy,Department of Energy,561612,SECURITY GUARDS AND PATROL SERVICES,R499,SUPPORT- PROFESSIONAL: OTHER,THE PURPOSE OF THE MODIFICATION IS TO PROVIDE INCREMENTAL FUNDING AND TO INCORPORATE AN ADDENDUM TO THE PERFORMANCE WORK STATEMENT TO REFLECT THE ADDITION PURCHASE OF TACTICAL RESPONSE FORCE EQUIPMENT.,"{'city_name': 'WASHINGTON', 'congressional_code': '98', 'country_name': 'UNITED STATES', 'county_code': '001', 'county_name': 'DISTRICT OF COLUMBIA', 'location_country_code': 'USA', 'state_code': 'DC', 'state_name': 'District Of Columbia', 'zip4': '0620', 'zip5': '20585'}"
292029841,89243322PFE000541,"RIGAKU AMERICAS HOLDING, INC.",MF57ENCBSB57,2024-09-30,0.0,PURCHASE ORDER,Department of Energy,Department of Energy,Department of Energy,Department of Energy,811219,OTHER ELECTRONIC AND PRECISION EQUIPMENT REPAIR AND MAINTENANCE,J066,MAINT/REPAIR/REBUILD OF EQUIPMENT- INSTRUMENTS AND LABORATORY EQUIPMENT,STANDARD SERVICE/MAINTENANCE CONTRACT FOR RIGAKU EQUIPMENT CLOSEOUT,"{'city_name': 'PITTSBURGH', 'congressional_code': '12', 'country_name': 'UNITED STATES', 'county_code': '003', 'county_name': 'ALLEGHENY', 'location_country_code': 'USA', 'state_code': 'PA', 'state_name': 'Pennsylvania', 'zip4': '2140', 'zip5': '15236'}"
292029895,89243323FFE400451,"ENVIRONMENTAL SYSTEMS RESEARCH INSTITUTE, INC.",WUK9A5UR33S7,2024-09-30,0.0,DELIVERY ORDER,Department of Energy,Department of Energy,Department of Energy,Department of Energy,511210,SOFTWARE PUBLISHERS,7A20,IT AND TELECOM - APPLICATION DEVELOPMENT SOFTWARE (PERPETUAL LICENSE SOFTWARE),ERSI RENEWAL AND SOFTWARE MAINTENANCE AGREEMENT POP 04/01/2023 - 03/31/2024 MODIFICATION P00001 CLOSE OUT,"{'city_name': 'MORGANTOWN', 'congressional_code': '02', 'country_name': 'UNITED STATES', 'county_code': '061', 'county_name': 'MONONGALIA', 'location_country_code': 'USA', 'state_code': 'WV', 'state_name': 'West Virginia', 'zip4': '0800', 'zip5': '26507'}"
292029907,89243323FFE400468,"ENVIRONMENTAL SYSTEMS RESEARCH INSTITUTE, INC.",WUK9A5UR33S7,2024-09-30,0.0,DELIVERY ORDER,Department of Energy,Department of Energy,Department of Energy,Department of Energy,511210,SOFTWARE PUBLISHERS,7A20,IT AND TELECOM - APPLICATION DEVELOPMENT SOFTWARE (PERPETUAL LICENSE SOFTWARE),BIL-IIJA: ESRI ARCGIS LICENSES MODIFICATION P00001 CLOSE OUT AWARD,"{'city_name': 'REDLANDS', 'congressional_code': '23', 'country_name': 'UNITED STATES', 'county_code': '071', 'county_name': 'SAN BERNARDINO', 'location_country_code': 'USA', 'state_code': 'CA', 'state_name': 'California', 'zip4': '8100', 'zip5': '92373'}"
292029938,89243323FFE400500,"NEW TECH SOLUTIONS, INC.",XK11LLUL61A7,2024-09-30,0.0,DELIVERY ORDER,Department of Energy,Department of Energy,Department of Energy,Department of Energy,541519,OTHER COMPUTER RELATED SERVICES,7B20,IT AND TELECOM - HIGH PERFORMANCE COMPUTE (HARDWARE AND PERPETUAL LICENSE SOFTWARE),LG ULTRAWIDE MONITORS-34BN770-B MODIFICATION P00001 CLOSE OUT AWARD,"{'city_name': 'FREMONT', 'congressional_code': '17', 'country_name': 'UNITED STATES', 'county_code': '001', 'county_name': 'ALAMEDA', 'location_country_code': 'USA', 'state_code': 'CA', 'state_name': 'California', 'zip4': '3706', 'zip5': '94538'}"
292029962,89243323FGD400002,"MANAGEMENT CONCEPTS, INC",C2R2ML1DWXW6,2024-09-30,0.0,DELIVERY ORDER,Department of Energy,Department of Energy,Department of Energy,Department of Energy,611430,PROFESSIONAL AND MANAGEMENT DEVELOPMENT TRAINING,U005,EDUCATION/TRAINING- TUITION/REGISTRATION/MEMBERSHIP FEES,BIL: MANAGEMENT CONCEPTS TPO CERTIFICATION COURSES CLOSEOUT,"{'city_name': 'PITTSBURGH', 'congressional_code': '12', 'country_name': 'UNITED STATES', 'county_code': '003', 'county_name': 'ALLEGHENY', 'location_country_code': 'USA', 'state_code': 'PA', 'state_name': 'Pennsylvania', 'zip4': '0940', 'zip5': '15236'}"
292030015,89243323PFE000654,TELEDYNE FLIR COMMERCIAL SYSTEMS INC.,UNGJTMCSDB81,2024-09-30,0.0,PURCHASE ORDER,Department of Energy,Department of Energy,Department of Energy,Department of Energy,334513,"INSTRUMENTS AND RELATED PRODUCTS MANUFACTURING FOR MEASURING, DISPLAYING, AND CONTROLLING INDUSTRIAL PROCESS VARIABLES",6720,"CAMERAS, STILL PICTURE",ONE FLIR A6261 INGAAS CAMERA AND ACCESSORIES CLOSEOUT,"{'city_name': 'HUDSON', 'congressional_code': '02', 'country_name': 'UNITED STATES', 'county_code': '011', 'county_name': 'HILLSBOROUGH', 'location_country_code': 'USA', 'state_code': 'NH', 'state_name': 'New Hampshire', 'zip4': '4806', 'zip5': '03051'}"
292030028,89243323PFE000676,MCCALL INDUSTRIAL SUPPLY CO LLC,FKXBD17QZNE3,2024-09-30,0.0,PURCHASE ORDER,Department of Energy,Department of Energy,Department of Energy,Department of Energy,334513,"INSTRUMENTS AND RELATED PRODUCTS MANUFACTURING FOR MEASURING, DISPLAYING, AND CONTROLLING INDUSTRIAL PROCESS VARIABLES",6685,"PRESSURE, TEMPERATURE, AND HUMIDITY MEASURING AND CONTROLLING INSTRUMENTS","1EA - RATIO PYROMETER TECHNOLOGY, SYSTEM DESCRIPTION: DUAL-WAVELENGTH TRADITIONAL STYLE PYROMETER WITH SIGNAL CONDITIONING AND SYSTEM DIAGNOSTICS  1EA - SINGLE-WAVELENGTH PYROMETER TECHNOLOGY, SYSTEM DESCRIPTION: SHORT-WAVELENGTH TRADITIONAL STYLE","{'city_name': 'BOISE', 'congressional_code': '01', 'country_name': 'UNITED STATES', 'county_code': '001', 'county_name': 'ADA', 'location_country_code': 'USA', 'state_code': 'ID', 'state_name': 'Idaho', 'zip4': '4301', 'zip5': '83709'}"
292030029,89243323PFE000677,INFICON INC,DKZ9GPFWHZA4,2024-09-30,0.0,PURCHASE ORDER,Department of Energy,Department of Energy,Department of Energy,Department of Energy,334516,ANALYTICAL LABORATORY INSTRUMENT MANUFACTURING,6640,LABORATORY EQUIPMENT AND SUPPLIES,"ONE MICRO GAS CHROMATOGRAPHY (GC) GAS ANALYZER, INFICON MICRO GC FUSION 2-MODULE SYSTEM, ITEM #: F08581W02TR2 CLOSEOUT","{'city_name': 'EAST SYRACUSE', 'congressional_code': '22', 'country_name': 'UNITED STATES', 'county_code': '067', 'county_name': 'ONONDAGA', 'location_country_code': 'USA', 'state_code': 'NY', 'state_name': 'New York', 'zip4': '9707', 'zip5': '13057'}"
292030030,89243323PFE000678,"STATION SQUARE LESSEE, LLC",G6PANY2KLET4,2024-09-30,0.0,PURCHASE ORDER,Department of Energy,Department of Energy,Department of Energy,Department of Energy,721110,HOTELS (EXCEPT CASINO HOTELS) AND MOTELS,W059,LEASE OR RENTAL OF EQUIPMENT- ELECTRICAL AND ELECTRONIC EQUIPMENT COMPONENTS,"AV SERVICE FOR SEPTEMBER 25, 2023, THROUGH SEPTEMBER 28, 2023, FOR THE IEAGHG POST COMBUSTION CAPTURE CONFERENCE AT SHERATON PITTSBURGH HOTEL CLOSEOUT","{'city_name': 'MORGANTOWN', 'congressional_code': '02', 'country_name': 'UNITED STATES', 'county_code': '061', 'county_name': 'MONONGALIA', 'location_country_code': 'USA', 'state_code': 'WV', 'state_name': 'West Virginia', 'zip4': '2535', 'zip5': '26505'}"
292030037,89243323PFE000687,"FEDCORP SERVICES, INC.",MZMNGTLPLV22,2024-09-30,0.0,PURCHASE ORDER,Department of Energy,Department of Energy,Department of Energy,Department of Energy,334516,ANALYTICAL LABORATORY INSTRUMENT MANUFACTURING,6640,LABORATORY EQUIPMENT AND SUPPLIES,"1EA -681240830, TELEDYNE ISCO 260X PUMP AND 1EA - 681240850, CONTROLLER CLOSEOUT","{'city_name': 'EL SOBRANTE', 'congressional_code': '08', 'country_name': 'UNITED STATES', 'county_code': '013', 'county_name': 'CONTRA COSTA', 'location_country_code': 'USA', 'state_code': 'CA', 'state_name': 'California', 'zip4': '3265', 'zip5': '94803'}"
292030048,89243324CFE000094,DRS ARCHITECTS INC,KF78J3KKN5W3,2024-09-30,363210.0,DEFINITIVE CONTRACT,Department of Energy,Department of Energy,Department of Energy,Department of Energy,541330,ENGINEERING SERVICES,C219,ARCHITECT AND ENGINEERING- GENERAL: OTHER,IRA FUNDED BUILDING 34 ADVANCED ALLOY SIGNATURE CENTER POST-AWARD CONSTRUCTION INSPECTION SERVICES (CIS),"{'city_name': 'PITTSBURGH', 'congressional_code': '12', 'country_name': 'UNITED STATES', 'county_code': '003', 'county_name': 'ALLEGHENY', 'location_country_code': 'USA', 'state_code': 'PA', 'state_name': 'Pennsylvania', 'zip4': '1435', 'zip5': '15222'}"
292030060,89243324FFE400538,"LYME COMPUTER SYSTEMS, INC.",F1UZPBD1VBH9,2024-09-30,0.0,DELIVERY ORDER,Department of Energy,Department of Energy,Department of Energy,Department of Energy,541519,OTHER COMPUTER RELATED SERVICES,7C20,IT AND TELECOM - DATA CENTER PRODUCTS (HARDWARE AND PERPETUAL LICENSE SOFTWARE),"15 HPE SYNERGY 480 GEN 10 COMPUTE MODULES, ESSENTIAL SERVICE, AND ONSHORE SUPPORT (3 MODULES FOR ALBANY OR, 6 MODULES FOR MORGANTOWN WV, 6 MODULES FOR PITTSBURGH PA) CLOSEOUT","{'city_name': 'LEBANON', 'congressional_code': '02', 'country_name': 'UNITED STATES', 'county_code': '009', 'county_name': 'GRAFTON', 'location_country_code': 'USA', 'state_code': 'NH', 'state_name': 'New Hampshire', 'zip4': '2617', 'zip5': '03766'}"
292030073,89243324FFE400553,THERMO ELECTRON NORTH AMERICA LLC,CMBPHDRMCS51,2024-09-30,0.0,DELIVERY ORDER,Department of Energy,Department of Energy,Department of Energy,Department of Energy,334516,ANALYTICAL LABORATORY INSTRUMENT MANUFACTURING,6640,LABORATORY EQUIPMENT AND SUPPLIES,"BIL - 1 (ONE) THERMO ELECTRON 22181-60001, PROD, SP, STD, QUAT, +DGAS, ICS6 PUMP SYSTEM CLOSEOUT","{'city_name': 'WEST PALM BEACH', 'congressional_code': '20', 'country_name': 'UNITED STATES', 'county_code': '099', 'county_name': 'PALM BEACH', 'location_country_code': 'USA', 'state_code': 'FL', 'state_name': 'Florida', 'zip4': '1976', 'zip5': '33407'}"
292030076,89243324FFE400557,"ABBA TECHNOLOGIES, INC.",J84GXV5ZKJK9,2024-09-30,0.0,DELIVERY ORDER,Department of Energy,Department of Energy,Department of Energy,Department of Energy,541519,OTHER COMPUTER RELATED SERVICES,7G21,IT AND TELECOM - NETWORK: DIGITAL NETWORK PRODUCTS (HARDWARE AND PERPETUAL LICENSE SOFTWARE),"BLACK BOX DIGITAL SIGNAGE PLAYERS, LICENSE UPGRADE, AND SOFTWARE MAINTENANCE: QTY 12 - ICVS-VE-SU-N-R3, BLACK BOX: DIGITAL SIGNAGE FULL HD 15-ZONE MEDIA PLAYER QTY 1 - ICC-MAINT-25, BLACK BOX: CMS ANNUAL SOFTWARE MAINTENANCE - 25 PLAYER QTY 1 - IC","{'city_name': 'ALBUQUERQUE', 'congressional_code': '01', 'country_name': 'UNITED STATES', 'county_code': '001', 'county_name': 'BERNALILLO', 'location_country_code': 'USA', 'state_code': 'NM', 'state_name': 'New Mexico', 'zip4': '2143', 'zip5': '87113'}"
292030080,89243324FFE400561,"ENTERPRISE TECHNOLOGY SOLUTIONS, INC.",FBRMCGPMN963,2024-09-30,0.0,DELIVERY ORDER,Department of Energy,Department of Energy,Department of Energy,Department of Energy,541519,OTHER COMPUTER RELATED SERVICES,7B20,IT AND TELECOM - HIGH PERFORMANCE COMPUTE (HARDWARE AND PERPETUAL LICENSE SOFTWARE),QTY 18 -  DELL MOBILE PRECISION 7680                                                                                                                                      QTY 18 -  DELL PRO WIRELESS KEYBOARD & MOUSE,"{'city_name': 'COLLEGE PARK', 'congressional_code': '04', 'country_name': 'UNITED STATES', 'county_code': '033', 'county_name': 'PRINCE GEORGES', 'location_country_code': 'USA', 'state_code': 'MD', 'state_name': 'Maryland', 'zip4': '1346', 'zip5': '20740'}"
292030084,89243324FFE400565,"WILDFLOWER INTERNATIONAL, LTD.",TK17ZGD5YNA9,2024-09-30,0.0,DELIVERY ORDER,Department of Energy,Department of Energy,Department of Energy,Department of Energy,541519,OTHER COMPUTER RELATED SERVICES,7B20,IT AND TELECOM - HIGH PERFORMANCE COMPUTE (HARDWARE AND PERPETUAL LICENSE SOFTWARE),"(1) EA - 210-BFNP, DELL PRECISION 5860 WORKSTATION, 64GB RAM, TAA COMPLIANT (8) EA - 210-BFNP, DELL PRECISION 5860 WORKSTATIONS, 32GB RAM, TAA COMPLIANT CLOESOUT","{'city_name': 'SANTA FE', 'congressional_code': '03', 'country_name': 'UNITED STATES', 'county_code': '049', 'county_name': 'SANTA FE', 'location_country_code': 'USA', 'state_code': 'NM', 'state_name': 'New Mexico', 'zip4': '3912', 'zip5': '87505'}"
292030191,89243324PFE000741,"NEW ENGLAND RESEARCH, INC.",ZEEQRUVWVZC9,2024-09-30,0.0,PURCHASE ORDER,Department of Energy,Department of Energy,Department of Energy,Department of Energy,334513,"INSTRUMENTS AND RELATED PRODUCTS MANUFACTURING FOR MEASURING, DISPLAYING, AND CONTROLLING INDUSTRIAL PROCESS VARIABLES",6640,LABORATORY EQUIPMENT AND SUPPLIES,"1EA - TINYPERM 3, PORTABLE HANDHELD AIR PERMEAMETER CLOSEOUT","{'city_name': 'WHITE RIVER JUNCTION', 'congressional_code': '00', 'country_name': 'UNITED STATES', 'county_code': '027', 'county_name': 'WINDSOR', 'location_country_code': 'USA', 'state_code': 'VT', 'state_name': 'Vermont', 'zip4': '9263', 'zip5': '05001'}"
292030192,89243324PFE000742,"COHERENT NA, INC.",EB6LPDELZEW1,2024-09-30,0.0,PURCHASE ORDER,Department of Energy,Department of Energy,Department of Energy,Department of Energy,334513,"INSTRUMENTS AND RELATED PRODUCTS MANUFACTURING FOR MEASURING, DISPLAYING, AND CONTROLLING INDUSTRIAL PROCESS VARIABLES",5860,"STIMULATED COHERENT RADIATION DEVICES, COMPONENTS, AND ACCESSORIES",COHERENT SAPPHIRE 532-300 CW CDRH USB LASER SYSTEM WITH HEATSINK AND COOLING FAN ACCESSORY CLOSEOUT,"{'city_name': 'PLYMOUTH', 'congressional_code': '06', 'country_name': 'UNITED STATES', 'county_code': '163', 'county_name': 'WAYNE', 'location_country_code': 'USA', 'state_code': 'MI', 'state_name': 'Michigan', 'zip4': '4252', 'zip5': '48170'}"
292030198,89243324PFE000751,MICROMERITICS INSTRUMENT CORPORATION,E76EZRS5G4B3,2024-09-30,0.0,PURCHASE ORDER,Department of Energy,Department of Energy,Department of Energy,Department of Energy,334516,ANALYTICAL LABORATORY INSTRUMENT MANUFACTURING,6640,LABORATORY EQUIPMENT AND SUPPLIES,CLOSEOUT ASAP 2020 PLUS AUTOMATIC PHYSISORPTION ANALYZER AND COMPONENT PARTS,"{'city_name': 'MORGANTOWN', 'congressional_code': '02', 'country_name': 'UNITED STATES', 'county_code': '061', 'county_name': 'MONONGALIA', 'location_country_code': 'USA', 'state_code': 'WV', 'state_name': 'West Virginia', 'zip4': '2353', 'zip5': '26505'}"
292030220,89243324PFE000783,"APEX INSTRUMENTS, INCORPORATED",HHL1BRB7F2V3,2024-09-30,0.0,PURCHASE ORDER,Department of Energy,Department of Energy,Department of Energy,Department of Energy,334516,ANALYTICAL LABORATORY INSTRUMENT MANUFACTURING,6640,LABORATORY EQUIPMENT AND SUPPLIES,APEX ISOKINETIC SAMPLING SYSTEM: CLOSEOUT,"{'city_name': 'FUQUAY VARINA', 'congressional_code': '13', 'country_name': 'UNITED STATES', 'county_code': '183', 'county_name': 'WAKE', 'location_country_code': 'USA', 'state_code': 'NC', 'state_name': 'North Carolina', 'zip4': '9310', 'zip5': '27526'}"
292030230,89243324PFE000795,49CHESTNUT LLC,ECLMHG6B3V55,2024-09-30,16723.0,PURCHASE ORDER,Department of Energy,Department of Energy,Department of Energy,Department of Energy,423690,OTHER ELECTRONIC PARTS AND EQUIPMENT MERCHANT WHOLESALERS,5860,"STIMULATED COHERENT RADIATION DEVICES, COMPONENTS, AND ACCESSORIES","QUANTUM CASCADE LASER (QCL) FOR NITRIC OXIDE SENSING: TO INCLUDE 1 RT-CW-DFB-QCL-40 - HIGH POWER, CW, DFB LASER; CHOSEN FROM INVENTORY; THERMOELECTRICALLY COOLED; POWER: >25 MW; LINE WIDTH EXPECTED TO BE A FEW MHZ. TO TUNE TO AND THRU1927.3 CM-1","{'city_name': 'BROOKLINE', 'congressional_code': '04', 'country_name': 'UNITED STATES', 'county_code': '021', 'county_name': 'NORFOLK', 'location_country_code': 'USA', 'state_code': 'MA', 'state_name': 'Massachusetts', 'zip4': '7602', 'zip5': '02445'}"
292030244,89243324PFE000812,HITACHI ENERGY USA INC.,HK2JHK5LJE42,2024-09-30,150198.13,PURCHASE ORDER,Department of Energy,Department of Energy,Department of Energy,Department of Energy,513210,SOFTWARE PUBLISHERS,7A21,IT AND TELECOM - BUSINESS APPLICATION SOFTWARE (PERPETUAL LICENSE SOFTWARE),EV ESSENTIAL/EV ENERGY MAP SHAPEFILE SOFTWARE HITACHI VELOCITY SUITE PERIOD OF PERFORMANCE 10/01/2024 THROUGH 09/30/2025,"{'city_name': 'MORGANTOWN', 'congressional_code': '02', 'country_name': 'UNITED STATES', 'county_code': '061', 'county_name': 'MONONGALIA', 'location_country_code': 'USA', 'state_code': 'WV', 'state_name': 'West Virginia', 'zip4': '2353', 'zip5': '26505'}"
292030248,89243324PFE000818,"GOVAGE, INC.",W15NRENL43K9,2024-09-30,75825.77,PURCHASE ORDER,Department of Energy,Department of Energy,Department of Energy,Department of Energy,334516,ANALYTICAL LABORATORY INSTRUMENT MANUFACTURING,6640,LABORATORY EQUIPMENT AND SUPPLIES,OMNISTAR GSD 350 O2 GAS ANALYSIS SYSTEM,"{'city_name': 'HAZELWOOD', 'congressional_code': '01', 'country_name': 'UNITED STATES', 'county_code': '189', 'county_name': 'SAINT LOUIS', 'location_country_code': 'USA', 'state_code': 'MO', 'state_name': 'Missouri', 'zip4': '2703', 'zip5': '63042'}"
292030250,89243324PFE000820,SINTEF AS,MBCJWBFTQC56,2024-09-30,620072.0,PURCHASE ORDER,Department of Energy,Department of Energy,Department of Energy,Department of Energy,541715,"RESEARCH AND DEVELOPMENT IN THE PHYSICAL, ENGINEERING, AND LIFE SCIENCES (EXCEPT NANOTECHNOLOGY AND BIOTECHNOLOGY)",H235,EQUIPMENT AND MATERIALS TESTING- SERVICE AND TRADE EQUIPMENT,"SINTEF POST-COMBUSTION SOLVENT-BASED CO2 CAPTURE TECHNOLOGY FOR SOLVENT DEGRADATION STUDIES, EMISSION MEASUREMENT TECHNIQUES, AND DEVELOPMENT OF NEW ANALYTICAL METHODS FOR ASSOCIATED NEWLY IDENTIFIED COMPONENTS.","{'city_name': None, 'congressional_code': None, 'country_name': 'NORWAY', 'county_code': None, 'county_name': None, 'location_country_code': 'NOR', 'state_code': None, 'state_name': None, 'zip4': None, 'zip5': None}"
292031048,89243424FEE000364,ENERGY TECHNOLOGY ALLIANCE LLC,WDTLX4NKRKC8,2024-09-30,239485.97,BPA CALL,Department of Energy,Department of Energy,Department of Energy,Department of Energy,562910,REMEDIATION SERVICES,R425,SUPPORT- PROFESSIONAL: ENGINEERING/TECHNICAL,"SCIENTIFIC, ENGINEERING AND TECHNICAL SUPPORT (SETS) FOR ENVIRONMENT, SAFETY, & HEALTH OFFICE. MOD P00002- 6 MONTH EXTENSION","{'city_name': 'WASHINGTON', 'congressional_code': '98', 'country_name': 'UNITED STATES', 'county_code': '001', 'county_name': 'DISTRICT OF COLUMBIA', 'location_country_code': 'USA', 'state_code': 'DC', 'state_name': 'District Of Columbia', 'zip4': '2542', 'zip5': '20024'}"
292031054,89243424FEE000372,ENERGY TECHNOLOGY ALLIANCE LLC,WDTLX4NKRKC8,2024-09-30,1190535.0,BPA CALL,Department of Energy,Department of Energy,Department of Energy,Department of Energy,562910,REMEDIATION SERVICES,R425,SUPPORT- PROFESSIONAL: ENGINEERING/TECHNICAL,"SCIENTIFIC, ENGINEERING AND TECHNICAL SUPPORT (SETS) FOR WIND ENERGY TECHNOLOGIES OFFICE. P00004 IS TO EXTEND THE PERIOD OF PERFORMANCE.","{'city_name': 'WASHINGTON', 'congressional_code': '98', 'country_name': 'UNITED STATES', 'county_code': '001', 'county_name': 'DISTRICT OF COLUMBIA', 'location_country_code': 'USA', 'state_code': 'DC', 'state_name': 'District Of Columbia', 'zip4': '2542', 'zip5': '20024'}"
292031065,89243424FEE000385,ENERGY TECHNOLOGY ALLIANCE LLC,WDTLX4NKRKC8,2024-09-30,872682.7,BPA CALL,Department of Energy,Department of Energy,Department of Energy,Department of Energy,562910,REMEDIATION SERVICES,R425,SUPPORT- PROFESSIONAL: ENGINEERING/TECHNICAL,"SCIENTIFIC, ENGINEERING AND TECHNICAL SUPPORT (SETS) FOR DOE EERE BUILDING TECHNOLOGIES OFFICE (BTO), ZERO ENERGY READY HOME (ZERH)","{'city_name': 'GOLDEN', 'congressional_code': '07', 'country_name': 'UNITED STATES', 'county_code': '059', 'county_name': 'JEFFERSON', 'location_country_code': 'USA', 'state_code': 'CO', 'state_name': 'Colorado', 'zip4': '3017', 'zip5': '80401'}"
292031068,89243424FEE000394,ENERGY TECHNOLOGY ALLIANCE LLC,WDTLX4NKRKC8,2024-09-30,300000.0,BPA CALL,Department of Energy,Department of Energy,Department of Energy,Department of Energy,562910,REMEDIATION SERVICES,R425,SUPPORT- PROFESSIONAL: ENGINEERING/TECHNICAL,"SCIENTIFIC, ENGINEERING AND TECHNICAL SUPPORT (SETS) FOR HYDROGEN AND FUEL CELL TECHNOLOGIES OFFICE - 6-MONTH EXTENSION TO BASE YEAR.","{'city_name': 'GOLDEN', 'congressional_code': '07', 'country_name': 'UNITED STATES', 'county_code': '059', 'county_name': 'JEFFERSON', 'location_country_code': 'USA', 'state_code': 'CO', 'state_name': 'Colorado', 'zip4': '1973', 'zip5': '80401'}"
292031069,89243424FEE000395,ENERGY TECHNOLOGY ALLIANCE LLC,WDTLX4NKRKC8,2024-09-30,500000.0,BPA CALL,Department of Energy,Department of Energy,Department of Energy,Department of Energy,562910,REMEDIATION SERVICES,R425,SUPPORT- PROFESSIONAL: ENGINEERING/TECHNICAL,"SCIENTIFIC, ENGINEERING AND TECHNICAL SUPPORT (SETS) FOR THE GEOTHERMAL TECHNOLOGIES OFFICE. MOD P00002- 6 MONTH EXTENSION","{'city_name': 'WASHINGTON', 'congressional_code': '98', 'country_name': 'UNITED STATES', 'county_code': '001', 'county_name': 'DISTRICT OF COLUMBIA', 'location_country_code': 'USA', 'state_code': 'DC', 'state_name': 'District Of Columbia', 'zip4': '2542', 'zip5': '20024'}"
292031072,89243424FEE000399,ENERGY TECHNOLOGY ALLIANCE LLC,WDTLX4NKRKC8,2024-09-30,131275.0,BPA CALL,Department of Energy,Department of Energy,Department of Energy,Department of Energy,562910,REMEDIATION SERVICES,R425,SUPPORT- PROFESSIONAL: ENGINEERING/TECHNICAL,"SCIENTIFIC, ENGINEERING AND TECHNICAL SUPPORT (SETS) FOR THE BUILDING TECHNOLOGIES OFFICE. MOD P00004 IS TO EXTEND THE PERIOD OF PERFORMANCE.","{'city_name': 'WASHINGTON', 'congressional_code': '98', 'country_name': 'UNITED STATES', 'county_code': '001', 'county_name': 'DISTRICT OF COLUMBIA', 'location_country_code': 'USA', 'state_code': 'DC', 'state_name': 'District Of Columbia', 'zip4': '2542', 'zip5': '20024'}"
292031123,89243424FEE000458,"RACK-WILDNER & REESE, INC.",U3M3JLGJLQ63,2024-09-30,432100.0,BPA CALL,Department of Energy,Department of Energy,Department of Energy,Department of Energy,541820,PUBLIC RELATIONS AGENCIES,R699,SUPPORT- ADMINISTRATIVE: OTHER,"U.S. DEPARTMENT OF ENERGY (DOE), EERE, STRATEGIC ENGAGEMENT AND OUTREACH SUPPORT SERVICES (SEOSS) FOR THE DAS OF SUSTAINABLE TRANSPORTATION AND FUELS OFFICE - COMMUNICATIONS PROJECTS SUPPORT FOR THE DEPUTY ASSISTANT SECRETARY OF TRANSPORTATION AND SU","{'city_name': 'GOLDEN', 'congressional_code': '07', 'country_name': 'UNITED STATES', 'county_code': '059', 'county_name': 'JEFFERSON', 'location_country_code': 'USA', 'state_code': 'CO', 'state_name': 'Colorado', 'zip4': '1973', 'zip5': '80401'}"
292031124,89243424FEE000459,"RACK-WILDNER & REESE, INC.",U3M3JLGJLQ63,2024-09-30,76748.0,BPA CALL,Department of Energy,Department of Energy,Department of Energy,Department of Energy,541820,PUBLIC RELATIONS AGENCIES,R699,SUPPORT- ADMINISTRATIVE: OTHER,"U.S. DEPARTMENT OF ENERGY (DOE), OFFICE OF ENERGY EFFICIENCY AND RENEWABLE ENERGY (EERE), STRATEGIC ENGAGEMENT AND OUTREACH SUPPORT SERVICES FOR HYDROGEN AND FUEL CELL TECHNOLOGIES OFFICE.","{'city_name': 'GOLDEN', 'congressional_code': '07', 'country_name': 'UNITED STATES', 'county_code': '059', 'county_name': 'JEFFERSON', 'location_country_code': 'USA', 'state_code': 'CO', 'state_name': 'Colorado', 'zip4': '3017', 'zip5': '80401'}"
292031128,89243424FEE000463,ENERGY TECHNOLOGY ALLIANCE LLC,WDTLX4NKRKC8,2024-09-30,513186.8,BPA CALL,Department of Energy,Department of Energy,Department of Energy,Department of Energy,562910,REMEDIATION SERVICES,R425,SUPPORT- PROFESSIONAL: ENGINEERING/TECHNICAL,"SCIENTIFIC, ENGINEERING AND TECHNICAL SUPPORT (SETS) FOR THE BUILDING TECHNOLOGIES OFFICE.","{'city_name': 'WASHINGTON', 'congressional_code': '98', 'country_name': 'UNITED STATES', 'county_code': '001', 'county_name': 'DISTRICT OF COLUMBIA', 'location_country_code': 'USA', 'state_code': 'DC', 'state_name': 'District Of Columbia', 'zip4': '0102', 'zip5': '20585'}"
292035197,89303023FPA400002,"CHEROKEE NATION STRATEGIC PROGRAMS, L.L.C.",PQNNHF72NNM6,2024-09-30,0.0,DELIVERY ORDER,Department of Energy,Department of Energy,Department of Energy,Department of Energy,541330,ENGINEERING SERVICES,R499,SUPPORT- PROFESSIONAL: OTHER,THE PURPOSE OF THIS MODIFICATION IS TO DESCOPE THE WEBSITE DEVELOPMENT SERVICES FROM THE ORDER.,"{'city_name': 'WASHINGTON', 'congressional_code': '98', 'country_name': 'UNITED STATES', 'county_code': '001', 'county_name': 'DISTRICT OF COLUMBIA', 'location_country_code': 'USA', 'state_code': 'DC', 'state_name': 'District Of Columbia', 'zip4': '0102', 'zip5': '20585'}"
292035317,89303024CIG000008,"RABALAIS & ASSOCIATES, P.L.L.C.",U4A6ZDYVL8Y9,2024-09-30,10000000.0,DEFINITIVE CONTRACT,Department of Energy,Department of Energy,Department of Energy,Department of Energy,541199,ALL OTHER LEGAL SERVICES,R418,SUPPORT- PROFESSIONAL: LEGAL,"THE CONTRACTOR SHALL PROVIDE A COMPREHENSIVE REPORT OR SERIES OF REPORTS, TO COMMENT UPON IDENTIFIED DEFICIENCIES IN AND TO MAKE RECOMMENDATIONS FOR IMPROVEMENT TO THE DEPARTMENT OF ENERGY'S (DOES), LOAN PROGRAM OFFICE (LPO) DUE DILIGENCE PROCES","{'city_name': 'HOUSTON', 'congressional_code': '38', 'country_name': 'UNITED STATES', 'county_code': '201', 'county_name': 'HARRIS', 'location_country_code': 'USA', 'state_code': 'TX', 'state_name': 'Texas', 'zip4': '3411', 'zip5': '77019'}"
292035410,89303024FET000018,"MAXIMUS FEDERAL SERVICES, INC.",TREKW6J3QSF5,2024-09-30,100000.0,BPA CALL,Department of Energy,Department of Energy,Department of Energy,Department of Energy,561422,TELEMARKETING BUREAUS AND OTHER CONTACT CENTERS,7E20,"IT AND TELECOM - END USER: HELP DESK;TIER 1-2,WORKSPACE,PRINT,OUTPUT,PRODUCTIVITY TOOLS (HW/PERP SW)",CALL ORDER FOR IT SERVICES UNDER BPA 89303024AET00003.,"{'city_name': 'WASHINGTON', 'congressional_code': '98', 'country_name': 'UNITED STATES', 'county_code': '001', 'county_name': 'DISTRICT OF COLUMBIA', 'location_country_code': 'USA', 'state_code': 'DC', 'state_name': 'District Of Columbia', 'zip4': '0102', 'zip5': '20585'}"
292035417,89303024FGC000011,S C & A INC,FD83JSMSL9K1,2024-09-30,726937.04,BPA CALL,Department of Energy,Department of Energy,Department of Energy,Department of Energy,541620,ENVIRONMENTAL CONSULTING SERVICES,R499,SUPPORT- PROFESSIONAL: OTHER,"THE CONTRACTOR SHALL PROVIDE RESEARCH AND ANALYSIS IN THE DEVELOPMENT OF TRANSMISSION GUIDANCE, POTENTIAL UPDATES TO DOE'S NEPA REGULATIONS, UPDATES TO NEPA DATA SYSTEMS, AND ASSIST IN THE PREPARATION OF GUIDANCE TO FACILITATE MORE EFFICIENT AND","{'city_name': 'ARLINGTON', 'congressional_code': '08', 'country_name': 'UNITED STATES', 'county_code': '013', 'county_name': 'ARLINGTON', 'location_country_code': 'USA', 'state_code': 'VA', 'state_name': 'Virginia', 'zip4': '5411', 'zip5': '22201'}"
292035452,89303024FIM000140,ACCENTURE FEDERAL SERVICES LLC,C47BNA8GM833,2024-09-30,8166.69,BPA CALL,Department of Energy,Department of Energy,Department of Energy,Department of Energy,541512,COMPUTER SYSTEMS DESIGN SERVICES,DF01,IT AND TELECOM - IT MANAGEMENT SUPPORT SERVICES (LABOR),THE PURPOSE OF THIS MODIFICATION IS TO PROVIDE INCREMENTAL FUNDING.,"{'city_name': 'WASHINGTON', 'congressional_code': '98', 'country_name': 'UNITED STATES', 'county_code': '001', 'county_name': 'DISTRICT OF COLUMBIA', 'location_country_code': 'USA', 'state_code': 'DC', 'state_name': 'District Of Columbia', 'zip4': '0001', 'zip5': '20585'}"
292035481,89303024FLP400057,"SKADDEN, ARPS, SLATE, MEAGHER & FLOM LLP",UTZBGKZUJS43,2024-09-30,102375.0,DELIVERY ORDER,Department of Energy,Department of Energy,Department of Energy,Department of Energy,541110,OFFICES OF LAWYERS,R418,SUPPORT- PROFESSIONAL: LEGAL,PROGRAMMATIC AND DISTRESSED ASSETS LEGAL SERVICES,"{'city_name': 'NEW YORK', 'congressional_code': '12', 'country_name': 'UNITED STATES', 'county_code': '061', 'county_name': 'NEW YORK', 'location_country_code': 'USA', 'state_code': 'NY', 'state_name': 'New York', 'zip4': '2177', 'zip5': '10001'}"
292035612,89303024FMA400898,THE MATTHEWS GROUP INC,GHDAN1FNERA8,2024-09-30,7865761.14,DELIVERY ORDER,Department of Energy,Department of Energy,Department of Energy,Department of Energy,236220,COMMERCIAL AND INSTITUTIONAL BUILDING CONSTRUCTION,Z2AB,REPAIR OR ALTERATION OF CONFERENCE SPACE AND FACILITIES,"REQUISITION 24MA000619 WAS ISSUED FOR A NEW TASK ORDER TO PROVIDE ALL LABOR, MATERIALS, EQUIPMENT AND SUPERVISION FOR THE RENOVATION OF THE GERMANTOWN BATHROOMS, PART 2, AT THE DEPARTMENT OF ENERGY HQS GERMANTOWN BUILDING FOR THE FIRM FIXED PRICE OF","{'city_name': 'WASHINGTON', 'congressional_code': '98', 'country_name': 'UNITED STATES', 'county_code': '001', 'county_name': 'DISTRICT OF COLUMBIA', 'location_country_code': 'USA', 'state_code': 'DC', 'state_name': 'District Of Columbia', 'zip4': '0610', 'zip5': '20585'}"
292036304,89303124CEM000003,"CHENEGA ARCHITECTURE AND DESIGN SOLUTIONS, LLC",F22YM6F7WNH2,2024-09-30,182954.75,DEFINITIVE CONTRACT,Department of Energy,Department of Energy,Department of Energy,Department of Energy,236220,COMMERCIAL AND INSTITUTIONAL BUILDING CONSTRUCTION,C1AA,ARCHITECT AND ENGINEERING- CONSTRUCTION: OFFICE BUILDINGS,PORTSMOUTH/PADUCAH PROJECT OFFICE BUILDING 1017 FIRST FLOOR RENOVATION DESIGN.,"{'city_name': 'LEXINGTON', 'congressional_code': '06', 'country_name': 'UNITED STATES', 'county_code': '067', 'county_name': 'FAYETTE', 'location_country_code': 'USA', 'state_code': 'KY', 'state_name': 'Kentucky', 'zip4': '1870', 'zip5': '40513'}"
292036551,89303319FEM400104,RRC - JGMS NHO LLC,SAXBE5P8WFK4,2024-09-30,0.0,DELIVERY ORDER,Department of Energy,Department of Energy,Department of Energy,Department of Energy,541620,ENVIRONMENTAL CONSULTING SERVICES,F999,OTHER ENVIRONMENTAL SERVICES,CLOSE OUT,"{'city_name': 'WEXFORD', 'congressional_code': '17', 'country_name': 'UNITED STATES', 'county_code': '003', 'county_name': 'ALLEGHENY', 'location_country_code': 'USA', 'state_code': 'PA', 'state_name': 'Pennsylvania', 'zip4': '8368', 'zip5': '15090'}"
292036878,89303323FEM400377,"APTIM FEDERAL SERVICES, LLC",JT9NZ8J1KQF5,2024-09-30,2000000.0,DELIVERY ORDER,Department of Energy,Department of Energy,Department of Energy,Department of Energy,562910,REMEDIATION SERVICES,F999,OTHER ENVIRONMENTAL SERVICES,"TASK ORDER FOR DEACTIVATION, DECOMMISSIONING, AND REMOVAL OF THE ION BEAM FACILITY LOCATED AT LOS ALAMOS NATIONAL LABORATORY IN LOS ALAMOS, NEW MEXICO.","{'city_name': 'LOS ALAMOS', 'congressional_code': '03', 'country_name': 'UNITED STATES', 'county_code': '028', 'county_name': 'LOS ALAMOS', 'location_country_code': 'USA', 'state_code': 'NM', 'state_name': 'New Mexico', 'zip4': '0004', 'zip5': '87545'}"
292036885,89303323FEM400388,"TEKPRO SUPPORT SERVICES, LLC",G6WGYB8SKE53,2024-09-30,0.0,DELIVERY ORDER,Department of Energy,Department of Energy,Department of Energy,Department of Energy,561499,ALL OTHER BUSINESS SUPPORT SERVICES,F999,OTHER ENVIRONMENTAL SERVICES,ENVIRONMENTAL MANAGEMENT CONSOLIDATED BUSINESS CENTER ENERGY TECHNOLOGOY ENGINEERING CENTER (ETEC) BUSINESS AND ADMINISTRATIVE SUPPORT SERVICES,"{'city_name': 'SIMI VALLEY', 'congressional_code': '26', 'country_name': 'UNITED STATES', 'county_code': '111', 'county_name': 'VENTURA', 'location_country_code': 'USA', 'state_code': 'CA', 'state_name': 'California', 'zip4': '1080', 'zip5': '93063'}"
292037352,89303724FEM400308,"DNI EMERGING TECHNOLOGIES, LLC",MKAQAB8ECG69,2024-09-30,49295.45,DELIVERY ORDER,Department of Energy,Department of Energy,Department of Energy,Department of Energy,541513,COMPUTER FACILITIES MANAGEMENT SERVICES,R699,SUPPORT- ADMINISTRATIVE: OTHER,THE PURPOSE OF THIS MODIFICATION IS TO OBLIGATE FUNDING TO CLIN 00002.,"{'city_name': 'AIKEN', 'congressional_code': '02', 'country_name': 'UNITED STATES', 'county_code': '003', 'county_name': 'AIKEN', 'location_country_code': 'USA', 'state_code': 'SC', 'state_name': 'South Carolina', 'zip4': '0001', 'zip5': '29802'}"
292037754,89303924FEM400059,"CENTRAL PLATEAU CLEANUP COMPANY, LLC",J4TDNRDMRMZ3,2024-09-30,75000.0,DELIVERY ORDER,Department of Energy,Department of Energy,Department of Defense,Department of the Navy,562910,REMEDIATION SERVICES,Z1PD,MAINTENANCE OF WASTE TREATMENT AND STORAGE FACILITIES,"HANFORD CPCC TASK ORDER 8 - NAVY REACTOR COMPARTMENT PROGRAM TASK ORDER.  THE PURPOSE OF THIS MODIFICATION IS TO ISSUE A NOTICE-TO-PROCEED AND NOT-TO-EXCEED VALUE OF $75,000.00 TO TO-08 FOR THE PUGET SOUND NAVAL SHIPYARD (PSNS) CP-23-003 FY 2024 LE","{'city_name': 'RICHLAND', 'congressional_code': '04', 'country_name': 'UNITED STATES', 'county_code': '005', 'county_name': 'BENTON', 'location_country_code': 'USA', 'state_code': 'WA', 'state_name': 'Washington', 'zip4': '3534', 'zip5': '99352'}"
292037929,89304223FEM400000,IDAHO ENVIRONMENTAL COALITION LLC,LQ5ZLNE3EM27,2024-09-30,0.0,DELIVERY ORDER,Department of Energy,Department of Energy,Department of Energy,Department of Energy,562910,REMEDIATION SERVICES,F999,OTHER ENVIRONMENTAL SERVICES,"IDAHO CLEANUP PROJECT (ICP) END STATE CONTRACT THE PURPOSE OF THIS MODIFICATION IS TO DEFINITIZE WORK SCOPE RELATING TO ULTRA SONIC TESTING UNDER TASK ORDER (TO)-3.2, INTEGRATION AND MISSION CONTINUITY. PREVIOUSLY UNDER MODIFICATION P00028 (DATED MA","{'city_name': 'IDAHO FALLS', 'congressional_code': '02', 'country_name': 'UNITED STATES', 'county_code': '019', 'county_name': 'BONNEVILLE', 'location_country_code': 'USA', 'state_code': 'ID', 'state_name': 'Idaho', 'zip4': '1808', 'zip5': '83402'}"
292048275,89603023F0025,CELLCO PARTNERSHIP,CK77N4SCAJD3,2024-09-30,31604.72,DELIVERY ORDER,Department of Energy,Federal Energy Regulatory Commission,Department of Energy,Federal Energy Regulatory Commission,517312,WIRELESS TELECOMMUNICATIONS CARRIERS (EXCEPT SATELLITE),DE11,IT AND TELECOM - MOBILE DEVICE AS A SERVICE,WIRELESS PHONE SERVICES AND EQUIPMENT MOD TO FUND EQUIPMENT AND VOICE SERVICES EXERCISE OPTION 1 FOR PHONE SERVICES AND PURCHASES DE-OB FUNDS ADMIN RE-OB OF FUNDS,"{'city_name': 'WASHINGTON', 'congressional_code': '98', 'country_name': 'UNITED STATES', 'county_code': '001', 'county_name': 'DISTRICT OF COLUMBIA', 'location_country_code': 'USA', 'state_code': 'DC', 'state_name': 'District Of Columbia', 'zip4': '0001', 'zip5': '20426'}"
292048311,89603023F0070,"LUMEN TECHNOLOGIES GOVERNMENT SOLUTIONS, INC.",LL22S1ELLY93,2024-09-30,-230020.39,DELIVERY ORDER,Department of Energy,Federal Energy Regulatory Commission,Department of Energy,Federal Energy Regulatory Commission,517110,WIRED TELECOMMUNICATIONS CARRIERS,DG11,IT AND TELECOM - NETWORK: SATELLITE COMMUNICATIONS AND TELECOM ACCESS SERVICES,"AWARD OF EIS MTIPS TASK ORDER MOD ISSUED TO CHANGE POP, INCREASE COST, AND REMOVE ITEMS MOD TO ADD SERVICES RE-ALIGNMENT OF FUNDS MOD","{'city_name': 'WASHINGTON', 'congressional_code': '98', 'country_name': 'UNITED STATES', 'county_code': '001', 'county_name': 'DISTRICT OF COLUMBIA', 'location_country_code': 'USA', 'state_code': 'DC', 'state_name': 'District Of Columbia', 'zip4': '0001', 'zip5': '20426'}"
292048412,89603024F0038,"MINBURN TECHNOLOGY GROUP, LLC",WN8JFVZTBCA5,2024-09-30,0.0,BPA CALL,Department of Energy,Federal Energy Regulatory Commission,Department of Energy,Federal Energy Regulatory Commission,541519,OTHER COMPUTER RELATED SERVICES,7A21,IT AND TELECOM - BUSINESS APPLICATION SOFTWARE (PERPETUAL LICENSE SOFTWARE),MICROSOFT PRODUCTS AND SUBSCRIPTIONS ADD FUNDS AND NEW LINE ITEMS ADD LICENSES,"{'city_name': 'WASHINGTON', 'congressional_code': '98', 'country_name': 'UNITED STATES', 'county_code': '001', 'county_name': 'DISTRICT OF COLUMBIA', 'location_country_code': 'USA', 'state_code': 'DC', 'state_name': 'District Of Columbia', 'zip4': '0001', 'zip5': '20426'}"
292048412,89603024F0038,"MINBURN TECHNOLOGY GROUP, LLC",WN8JFVZTBCA5,2024-09-30,1181406.0,BPA CALL,Department of Energy,Federal Energy Regulatory Commission,Department of Energy,Federal Energy Regulatory Commission,541519,OTHER COMPUTER RELATED SERVICES,7A21,IT AND TELECOM - BUSINESS APPLICATION SOFTWARE (PERPETUAL LICENSE SOFTWARE),MICROSOFT PRODUCTS AND SUBSCRIPTIONS ADD FUNDS AND NEW LINE ITEMS,"{'city_name': 'WASHINGTON', 'congressional_code': '98', 'country_name': 'UNITED STATES', 'county_code': '001', 'county_name': 'DISTRICT OF COLUMBIA', 'location_country_code': 'USA', 'state_code': 'DC', 'state_name': 'District Of Columbia', 'zip4': '0001', 'zip5': '20426'}"
292048455,89603024F0087,NEXIGHT GROUP LLC,LBDVN6QLYPY4,2024-09-30,212118.0,BPA CALL,Department of Energy,Federal Energy Regulatory Commission,Department of Energy,Federal Energy Regulatory Commission,541611,ADMINISTRATIVE MANAGEMENT AND GENERAL MANAGEMENT CONSULTING SERVICES,R499,SUPPORT- PROFESSIONAL: OTHER,PERFORMANCE MANAGEMENT SUPPORT SERVICES,"{'city_name': 'WASHINGTON', 'congressional_code': '98', 'country_name': 'UNITED STATES', 'county_code': '001', 'county_name': 'DISTRICT OF COLUMBIA', 'location_country_code': 'USA', 'state_code': 'DC', 'state_name': 'District Of Columbia', 'zip4': '0001', 'zip5': '20406'}"
292048486,89603024P0039,SAVE AGAIN.COM,LQ4ANJBX8M67,2024-09-30,0.0,PURCHASE ORDER,Department of Energy,Federal Energy Regulatory Commission,Department of Energy,Federal Energy Regulatory Commission,513210,SOFTWARE PUBLISHERS,7A20,IT AND TELECOM - APPLICATION DEVELOPMENT SOFTWARE (PERPETUAL LICENSE SOFTWARE),PHAST NETWORK LAN LICENSE,"{'city_name': 'WASHINGTON', 'congressional_code': '98', 'country_name': 'UNITED STATES', 'county_code': '001', 'county_name': 'DISTRICT OF COLUMBIA', 'location_country_code': 'USA', 'state_code': 'DC', 'state_name': 'District Of Columbia', 'zip4': '0003', 'zip5': '20426'}"
295475790,DEAC0205CH11231,THE REGENTS OF THE UNIVERSITY OF CALIFORNIA,PKK5TD16N4H1,2024-09-30,0.0,DEFINITIVE CONTRACT,Department of Energy,Department of Energy,Department of Energy,Department of Energy,541710,"RESEARCH AND DEVELOPMENT IN THE PHYSICAL, ENGINEERING, AND LIFE SCIENCES",M181,OPER OF GOVT R&D GOCO FACILITIES,THIS IS A PERFORMANCE-BASED CONTRACT FOR THE MANAGEMENT AND OPERATION OF LBNL. ANNUAL UPDATE TO APPENDIX B FY2025,"{'city_name': 'BERKELEY', 'congressional_code': '12', 'country_name': 'UNITED STATES', 'county_code': '001', 'county_name': 'ALAMEDA', 'location_country_code': 'USA', 'state_code': 'CA', 'state_name': 'California', 'zip4': '8099', 'zip5': '94720'}"
295475803,DEAC0207CH11359,"FERMI RESEARCH ALLIANCE, LLC",E1EUJL3KLKX5,2024-09-30,6126361.26,DEFINITIVE CONTRACT,Department of Energy,Department of Energy,Department of Energy,Department of Energy,541710,"RESEARCH AND DEVELOPMENT IN THE PHYSICAL, ENGINEERING, AND LIFE SCIENCES",M181,OPER OF GOVT R&D GOCO FACILITIES,THE PURPOSE OF THIS MODIFICATION IS TO EXECUTE AUGUST 2024'S APPROPRIATED FINANCIAL MODIFICATION.  MANAGEMENT AND OPERATION CONTRACT FOR FERMI NATIONAL ACCELERATOR LABORATORY,"{'city_name': 'BATAVIA', 'congressional_code': '11', 'country_name': 'UNITED STATES', 'county_code': '089', 'county_name': 'KANE', 'location_country_code': 'USA', 'state_code': 'IL', 'state_name': 'Illinois', 'zip4': '5011', 'zip5': '60510'}"
295475803,DEAC0207CH11359,"FERMI RESEARCH ALLIANCE, LLC",E1EUJL3KLKX5,2024-09-30,0.0,DEFINITIVE CONTRACT,Department of Energy,Department of Energy,Department of Energy,Department of Energy,541710,"RESEARCH AND DEVELOPMENT IN THE PHYSICAL, ENGINEERING, AND LIFE SCIENCES",M181,OPER OF GOVT R&D GOCO FACILITIES,THE PURPOSE OF THIS MODIFICATION IS TO EXECUTE AUGUST 2024'S APPROPRIATED FINANCIAL MODIFICATION.,"{'city_name': 'BATAVIA', 'congressional_code': '11', 'country_name': 'UNITED STATES', 'county_code': '089', 'county_name': 'KANE', 'location_country_code': 'USA', 'state_code': 'IL', 'state_name': 'Illinois', 'zip4': '5011', 'zip5': '60510'}"
295476322,DEAC0705ID14517,"BATTELLE ENERGY ALLIANCE, LLC",HG7XL5RBNX55,2024-09-30,77688517.94,DEFINITIVE CONTRACT,Department of Energy,Department of Energy,Department of Energy,Department of Energy,541990,"ALL OTHER PROFESSIONAL, SCIENTIFIC, AND TECHNICAL SERVICES",M181,OPER OF GOVT R&D GOCO FACILITIES,THE PURPOSE OF THIS MODIFICATION IS TO OBLIGATE FUNDING FOR THE MAINTENANCE AND OPERATIONS OF THE IDAHO NATIONAL LABORATORY.  ALL OTHER TERMS AND CONDITIONS REMAIN IN EFFECT AND UNCHANGED,"{'city_name': 'IDAHO FALLS', 'congressional_code': '02', 'country_name': 'UNITED STATES', 'county_code': '019', 'county_name': 'BONNEVILLE', 'location_country_code': 'USA', 'state_code': 'ID', 'state_name': 'Idaho', 'zip4': '0001', 'zip5': '83415'}"
295476322,DEAC0705ID14517,"BATTELLE ENERGY ALLIANCE, LLC",HG7XL5RBNX55,2024-09-30,61768872.28,DEFINITIVE CONTRACT,Department of Energy,Department of Energy,Department of Energy,Department of Energy,541990,"ALL OTHER PROFESSIONAL, SCIENTIFIC, AND TECHNICAL SERVICES",M181,OPER OF GOVT R&D GOCO FACILITIES,THE PURPOSE OF THIS MODIFICATION IS TO OBLIGATE FUNDING FOR THE MAINTENANCE AND OPERATIONS OF THE IDAHO NATIONAL LABORATORY.  ALL OTHER TERMS AND CONDITIONS REMAIN IN EFFECT AND UNCHANGED,"{'city_name': 'IDAHO FALLS', 'congressional_code': '02', 'country_name': 'UNITED STATES', 'county_code': '019', 'county_name': 'BONNEVILLE', 'location_country_code': 'USA', 'state_code': 'ID', 'state_name': 'Idaho', 'zip4': '0001', 'zip5': '83415'}"
295476437,DEAC0908SR22470,SAVANNAH RIVER NUCLEAR SOLUTIONS LLC,XLQ7CKUSQSD5,2024-09-30,60139.11,DEFINITIVE CONTRACT,Department of Energy,Department of Energy,Department of Energy,Department of Energy,561210,FACILITIES SUPPORT SERVICES,M159,OPER OF GOVT OTHER INDUSTRIAL BLDG,SAVANNAH RIVER OPERATIONS OFFICE MANAGEMENT & OPERATING (M&O) CONTRACT/OBLIGATE DOE FUNDS FOR FINPLAN 147 FOR FY24.,"{'city_name': 'AIKEN', 'congressional_code': '02', 'country_name': 'UNITED STATES', 'county_code': '003', 'county_name': 'AIKEN', 'location_country_code': 'USA', 'state_code': 'SC', 'state_name': 'South Carolina', 'zip4': '0900', 'zip5': '29803'}"
295476437,DEAC0908SR22470,SAVANNAH RIVER NUCLEAR SOLUTIONS LLC,XLQ7CKUSQSD5,2024-09-30,31352340.16,DEFINITIVE CONTRACT,Department of Energy,Department of Energy,Department of Energy,Department of Energy,561210,FACILITIES SUPPORT SERVICES,M159,OPER OF GOVT OTHER INDUSTRIAL BLDG,SAVANNAH RIVER OPERATIONS OFFICE MANAGEMENT & OPERATING (M&O) CONTRACT/OBLIGATE NNSA FUNDS FOR FINPLAN 145 FOR FY24.,"{'city_name': 'AIKEN', 'congressional_code': '02', 'country_name': 'UNITED STATES', 'county_code': '003', 'county_name': 'AIKEN', 'location_country_code': 'USA', 'state_code': 'SC', 'state_name': 'South Carolina', 'zip4': '0900', 'zip5': '29803'}"
295476437,DEAC0908SR22470,SAVANNAH RIVER NUCLEAR SOLUTIONS LLC,XLQ7CKUSQSD5,2024-09-30,0.0,DEFINITIVE CONTRACT,Department of Energy,Department of Energy,Department of Energy,Department of Energy,561210,FACILITIES SUPPORT SERVICES,M159,OPER OF GOVT OTHER INDUSTRIAL BLDG,SAVANNAH RIVER OPERATIONS OFFICE MANAGEMENT & OPERATING (M&O) CONTRACT/TRANSFER THE CONTRACT FROM SAVANNAH RIVER OPERATIONS OFFICE TO NNSA OFFICE OF PARTNERSHIP AND ACQUISITION SERVICES (NA-PAS).,"{'city_name': 'AIKEN', 'congressional_code': '02', 'country_name': 'UNITED STATES', 'county_code': '003', 'county_name': 'AIKEN', 'location_country_code': 'USA', 'state_code': 'SC', 'state_name': 'South Carolina', 'zip4': '0900', 'zip5': '29803'}"
295476907,DEAC2708RV14800,WASHINGTON RIVER PROTECTION SOLUTIONS LLC,CQE8EF6LB317,2024-09-30,0.0,DEFINITIVE CONTRACT,Department of Energy,Department of Energy,Department of Energy,Department of Energy,562211,HAZARDOUS WASTE TREATMENT AND DISPOSAL,M300,OPER OF GOVT RESTORATION,"THE PURPOSE OF THIS MODIFICATION IS TO CORRECT BLOCK 14 IN MOD 726, UPDATE CONTRACT SECTION F, DELIVERIES OR PERFORMANCE, SECTION H, SPECIAL CONTRACT REQUIREMENTS, AND CONTRACT SECTION J, ATTACHMENT J.13, HANFORD SITE STRUCTURES LIST.","{'city_name': 'RICHLAND', 'congressional_code': '04', 'country_name': 'UNITED STATES', 'county_code': '005', 'county_name': 'BENTON', 'location_country_code': 'USA', 'state_code': 'WA', 'state_name': 'Washington', 'zip4': '2002', 'zip5': '99354'}"
295477012,DEAC3608GO28308,"ALLIANCE FOR ENERGY INNOVATION, LLC",DVGLNXBURMP3,2024-09-30,0.0,DEFINITIVE CONTRACT,Department of Energy,Department of Energy,Department of Energy,Department of Energy,541711,RESEARCH AND DEVELOPMENT IN BIOTECHNOLOGY,M181,OPER OF GOVT R&D GOCO FACILITIES,"ADMINISTRATIVE MODIFICATION 1448 PROVIDES THE FOLLOWING SIGNIFICANT REVISIONS TO CONTRACT NUMBER DE-AC36-08GO28308: I. SECTION B - SUPPLIES AND SERVICES AND PRICE-COSTS, IS HEREBY DELETED AND REPLACED; II. SECTION J - ATTACHMENT J - PERFORMANCE EVALU","{'city_name': 'LAKEWOOD', 'congressional_code': '07', 'country_name': 'UNITED STATES', 'county_code': '059', 'county_name': 'JEFFERSON', 'location_country_code': 'USA', 'state_code': 'CO', 'state_name': 'Colorado', 'zip4': '3312', 'zip5': '80401'}"
295520221,DEEM0001529,"CH2M HILL BWXT WEST VALLEY, LLC",M6KXM8MLNGD6,2024-09-30,0.0,DEFINITIVE CONTRACT,Department of Energy,Department of Energy,Department of Energy,Department of Energy,562910,REMEDIATION SERVICES,P400,SALVAGE- DEMOLITION OF BUILDINGS,PHASE 1 DECOMMISSIONING - FACILITY DISPOSITION ACTIVITIES TO TAKE PLACE AT DOE'S WEST VALLEY DEMONSTRATION PROJECT (WVDP) IN WESTERN NEW YORK STATE. SERVICES TO BE PROVIDED INCLUDE BUT ARE NOT LIMITED TO: HIGH LEVEL WASTE CANISTER RELOCATION AND,"{'city_name': 'WEST VALLEY', 'congressional_code': '23', 'country_name': 'UNITED STATES', 'county_code': '009', 'county_name': 'CATTARAUGUS', 'location_country_code': 'USA', 'state_code': 'NY', 'state_name': 'New York', 'zip4': '9799', 'zip5': '14171'}"
295526820,DENA0001942,"CONSOLIDATED NUCLEAR SECURITY, LLC",EWV8QKG1JUV7,2024-09-30,16451139.15,DEFINITIVE CONTRACT,Department of Energy,Department of Energy,Department of Energy,Department of Energy,561210,FACILITIES SUPPORT SERVICES,M1JZ,OPERATION OF MISCELLANEOUS BUILDINGS,"INCREMENTAL FUNDING FOR MANAGEMENT AND OPERATING CONTRACT FOR Y-12 NATIONAL SECURITY COMPLEX, PANTEX PLANT, WITH AN OPTION FOR SAVANNAH RIVER TRITIUM OPERATIONS","{'city_name': 'OAK RIDGE', 'congressional_code': '03', 'country_name': 'UNITED STATES', 'county_code': '001', 'county_name': 'ANDERSON', 'location_country_code': 'USA', 'state_code': 'TN', 'state_name': 'Tennessee', 'zip4': '8027', 'zip5': '37830'}"
295526820,DENA0001942,"CONSOLIDATED NUCLEAR SECURITY, LLC",EWV8QKG1JUV7,2024-09-30,3730752.58,DEFINITIVE CONTRACT,Department of Energy,Department of Energy,Department of Defense,Department of the Army,561210,FACILITIES SUPPORT SERVICES,M1JZ,OPERATION OF MISCELLANEOUS BUILDINGS,"REIMBURSABLE FUNDING FOR MANAGEMENT AND OPERATING CONTRACT FOR Y-12 NATIONAL SECURITY COMPLEX, PANTEX PLANT, WITH AN OPTION FOR SAVANNAH RIVER TRITIUM OPERATIONS","{'city_name': 'OAK RIDGE', 'congressional_code': '03', 'country_name': 'UNITED STATES', 'county_code': '001', 'county_name': 'ANDERSON', 'location_country_code': 'USA', 'state_code': 'TN', 'state_name': 'Tennessee', 'zip4': '8027', 'zip5': '37830'}"
295527116,DENA0003525,"NATIONAL TECHNOLOGY & ENGINEERING SOLUTIONS OF SANDIA, LLC",LUJEPCRRT377,2024-09-30,0.0,DEFINITIVE CONTRACT,Department of Energy,Department of Energy,Department of Energy,Department of Energy,561210,FACILITIES SUPPORT SERVICES,M1JZ,OPERATION OF MISCELLANEOUS BUILDINGS,ADMIN MODIFICATION FOR MANAGEMENT AND OPERATION OF SANDIA NATIONAL LABORATORIES.,"{'city_name': 'ALBUQUERQUE', 'congressional_code': '01', 'country_name': 'UNITED STATES', 'county_code': '001', 'county_name': 'BERNALILLO', 'location_country_code': 'USA', 'state_code': 'NM', 'state_name': 'New Mexico', 'zip4': '0748', 'zip5': '87185'}"
295527128,DENA0003624,MISSION SUPPORT & TEST SERVICES LLC,YSYZHPCG4XB3,2024-09-30,0.0,DEFINITIVE CONTRACT,Department of Energy,Department of Energy,Department of Energy,Department of Energy,561210,FACILITIES SUPPORT SERVICES,M1JZ,OPERATION OF MISCELLANEOUS BUILDINGS,"MANAGEMENT AND OPERATION OF MISSION SUPPORT AND TEST SERVICES LLC'S FOLLOW-ON CONTRACT, DE-NA0003624 FOR THE MANAGEMENT AND OPERATION OF THE NEVADA NATIONAL SECURITY SITE (NNSS).","{'city_name': 'LAS VEGAS', 'congressional_code': '03', 'country_name': 'UNITED STATES', 'county_code': '003', 'county_name': 'CLARK', 'location_country_code': 'USA', 'state_code': 'NV', 'state_name': 'Nevada', 'zip4': '8518', 'zip5': '89193'}"
295531681,DESC0012704,BROOKHAVEN SCIENCE ASSOCIATES LLC,R85KZ9JP3NM3,2024-09-30,145631.07,DEFINITIVE CONTRACT,Department of Energy,Department of Energy,Department of Energy,Department of Energy,541712,"RESEARCH AND DEVELOPMENT IN THE PHYSICAL, ENGINEERING, AND LIFE SCIENCES (EXCEPT BIOTECHNOLOGY)",M1HA,OPERATION OF GOVERNMENT-OWNED CONTRACTOR-OPERATED (GOCO) R&D FACILITIES,PERFORMANCE-BASED CONTRACT FOR THE MANAGEMENT AND OPERATION OF BROOKHAVEN NATIONAL LABORATORY.,"{'city_name': 'UPTON', 'congressional_code': '01', 'country_name': 'UNITED STATES', 'county_code': '103', 'county_name': 'SUFFOLK', 'location_country_code': 'USA', 'state_code': 'NY', 'state_name': 'New York', 'zip4': '5000', 'zip5': '11973'}"
