prime_award_id,prime_award_internal_id,subaward_id,subaward_number,action_date,action_fiscal_year_derived,amount_usd,recipient_name,description
CONT_AWD_89233018CNR000004_8900_-NONE-_-NONE-,292026551,2301507,144624,2021-12-01,2022,200000.0,LUNA INNOVATIONS INCORPORATED,CI-SCC TESTING
CONT_AWD_89233018CNR000004_8900_-NONE-_-NONE-,292026551,2304955,139287-0006,2021-12-01,2022,51840.0,"HILL ENGINEERING, LLC",CONTRACT RESIDUAL STRESS MEASUREMENTS
CONT_AWD_89233018CNR000004_8900_-NONE-_-NONE-,292026551,2305458,139287-0005,2021-12-01,2022,86390.0,"HILL ENGINEERING, LLC",CONTRACT RESIDUAL STRESS MEASUREMENTS
CONT_AWD_89233018CNR000004_8900_-NONE-_-NONE-,292026551,2300431,144599,2021-12-02,2022,225000.0,ELECTRIC POWER RESEARCH INSTITUTE INC,EPRI ANT MEMBERSHIP FOR 2022 - 2024
CONT_AWD_89233018CNR000004_8900_-NONE-_-NONE-,292026551,2304050,144598,2021-12-02,2022,150000.0,ELECTRIC POWER RESEARCH INSTITUTE INC,EPRI WRTC MEMBERSHIP
CONT_AWD_89233018CNR000004_8900_-NONE-_-NONE-,292026551,2304139,136981-0073,2021-12-02,2022,41358.81,GEL LABORATORIES LLC,NAVAL REACTOR FACILITY 2020-2025 WASTE CHARACTERIZATION SAMPLING CONTRACT
CONT_AWD_89233018CNR000004_8900_-NONE-_-NONE-,292026551,2304143,144267,2021-12-02,2022,199500.0,STACK HIP LLC,MANUFACTURE OF SHELL TRIAL PART BY PM-HIP
CONT_AWD_89233018CNR000004_8900_-NONE-_-NONE-,292026551,2307827,144828,2021-12-02,2022,66855.6,HANSON JANITORIAL SUPPLY INC,PURCHASE FLOOR CLEANERS FOR THE NSFH FACILITY WITHOUT BATTERIES AND STORED IN ID
CONT_AWD_89233018CNR000004_8900_-NONE-_-NONE-,292026551,984734,145001,2021-12-06,2022,30900.0,"JOHN C. BERRY & SONS, INC.",FUEL ORDER FOR BOILERS HEATING SEASON 2021-2022
CONT_AWD_89233018CNR000004_8900_-NONE-_-NONE-,292026551,2297371,144981,2021-12-07,2022,44925.0,"GENERAL DYNAMICS MISSION SYSTEMS, INC.",VIPER PHONES - BPMI
CONT_AWD_89233018CNR000004_8900_-NONE-_-NONE-,292026551,2300419,144656,2021-12-07,2022,108233.4,GHA TECHNOLOGIES INC,NEW TEST EQUIPMENT
CONT_AWD_89233018CNR000004_8900_-NONE-_-NONE-,292026551,2301480,144965,2021-12-07,2022,64552.0,CENTRAL PRODUCTS LLC,CAFETERIA EQUIPMENT
CONT_AWD_89233018CNR000004_8900_-NONE-_-NONE-,292026551,2308231,144397,2021-12-07,2022,32837.52,WILSEA CORPORATION,RADIAC THERMO RO20AA VARIOUS PARTS
CONT_AWD_89233018CNR000004_8900_-NONE-_-NONE-,292026551,980550,144558,2021-12-07,2022,134760.8,STERLING COMPUTERS CORPORATION,FY22 SUPPORT & MAINTENANCE RENEWAL (VMWARE)
CONT_AWD_89233018CNR000004_8900_-NONE-_-NONE-,292026551,990926,144547,2021-12-07,2022,39469.8,NITCO LLC,YALE PALLET TRUCKS FOR RML
CONT_AWD_89233018CNR000004_8900_-NONE-_-NONE-,292026551,999350,144554,2021-12-07,2022,175197.76,COLOSSAL CONTRACTING LLC,FY22 SUPPORT & MAINTENANCE RENEWAL (RUBRIK)
CONT_AWD_89233018CNR000004_8900_-NONE-_-NONE-,292026551,1003922,144513,2021-12-08,2022,69367.56,SOURCELINQ LLC,10-FOOT CONEX BOX PERFORMANCE LOCKERS FOR OUTDOOR FITNESS AREA
CONT_AWD_89233018CNR000004_8900_-NONE-_-NONE-,292026551,2306232,144226,2021-12-08,2022,238325.0,GENERAL CONTROL SYSTEMS INC,"KS SWTF SCADA, PLC AND UPGRADE PROJECT"
CONT_AWD_89233018CNR000004_8900_-NONE-_-NONE-,292026551,984494,139166,2021-12-08,2022,3731820.27,"CHAMPION, INC.",CHAMPION SUBTIER DIRECT PAYMENT UNDER GRANITE CONSTRUCTION PO #7018988 (CS 106A)
CONT_AWD_89233018CNR000004_8900_-NONE-_-NONE-,292026551,2302445,141756-0027,2021-12-09,2022,31225.0,GEL LABORATORIES LLC,ANALYZE BIOASSAY SAMPLES
CONT_AWD_89233018CNR000004_8900_-NONE-_-NONE-,292026551,2308070,125052-0008,2021-12-09,2022,226534.0,WASHINGTON MILLS ELECTRO MINERALS CORPORATION,RELEASE 4 - PHASE III A14
CONT_AWD_89233018CNR000004_8900_-NONE-_-NONE-,292026551,2308791,141113,2021-12-13,2022,8735661.0,WASHINGTON MILLS ELECTRO MINERALS CORPORATION,A8 MATERIAL PROCUREMENT
CONT_AWD_89233018CNR000004_8900_-NONE-_-NONE-,292026551,982315,145092,2021-12-13,2022,59800.0,"JOHN C. BERRY & SONS, INC.",FUEL ORDER FOR BOILERS HEATING SEASON 2021-2022
CONT_AWD_89233018CNR000004_8900_-NONE-_-NONE-,292026551,985788,145090,2021-12-13,2022,59800.0,"JOHN C. BERRY & SONS, INC.",FUEL ORDER FOR BOILERS HEATING SEASON 2021-2022
CONT_AWD_89233018CNR000004_8900_-NONE-_-NONE-,292026551,995050,144852,2021-12-13,2022,124440.0,"VANGURA TOOL, INC.",ADDITIONAL MET LOADOUT EQUIPMENT.
CONT_AWD_89233018CNR000004_8900_-NONE-_-NONE-,292026551,995175,144974,2021-12-13,2022,189945.21,COLOSSAL CONTRACTING LLC,VTC HARDWARE PROCUREMENT
CONT_AWD_89233018CNR000004_8900_-NONE-_-NONE-,292026551,2298166,144104,2021-12-14,2022,266000.0,MCFARLAND TECHNOLOGY INC,ADVANCED PLANT RESPONSE DEMONSTRATOR (APRD) SUBCONTRACTOR
CONT_AWD_89233018CNR000004_8900_-NONE-_-NONE-,292026551,2300596,144839,2021-12-14,2022,474750.0,ELECTRIC POWER RESEARCH INSTITUTE INC,PURCHASE 3-YR MEMBERSHIP AGREEMENT TO EPRI STEAM GENERATOR MANAGEMENT PROGRAM
CONT_AWD_89233018CNR000004_8900_-NONE-_-NONE-,292026551,2302310,7019234,2021-12-14,2022,67300.0,"BEARDSLEY DESIGN ASSOCIATES ARCHITECTURE, ENGINEERING, LANDSCAPE ARCHITECTURE, D.P.C.",TOA #19 - KNOLLS SITE ENTRANCE AREA UTILITY REPLACEMENT - CONCEPT
CONT_AWD_89233018CNR000004_8900_-NONE-_-NONE-,292026551,1004377,144999,2021-12-15,2022,72356.88,MIDWAY INDUSTRIAL SUPPLY INC.,STARRETT TOOLS FOR T1 MACHINE SHOP
CONT_AWD_89233018CNR000004_8900_-NONE-_-NONE-,292026551,2298419,7019249,2021-12-15,2022,86952.3,BAKER AND ASSOCIATES,N-BUILDING WING 3 RIGHT (NW3R) ALTERATIONS PROJECT (TASK ORDER AUTHORIZATION #01
CONT_AWD_89233018CNR000004_8900_-NONE-_-NONE-,292026551,2301805,143932,2021-12-15,2022,58950.0,VIEWPOINT SYSTEMS INC,SERVICE CONTRACT TO COVER THE SAF AND LUCIDEON-BASED NNL PRIMARY AUTOCLAVE TEST
CONT_AWD_89233018CNR000004_8900_-NONE-_-NONE-,292026551,1004293,144565,2021-12-16,2022,79735.0,"Q-MATION, LLC",STRATUS MAINTENANCE AGREEMENT
CONT_AWD_89233018CNR000004_8900_-NONE-_-NONE-,292026551,2301243,144918,2021-12-16,2022,187500.0,PARAGON ENERGY SOLUTIONS LLC,MAGNEBLAST BUS EB MAINTENANCE
CONT_AWD_89233018CNR000004_8900_-NONE-_-NONE-,292026551,2304432,143888,2021-12-16,2022,1158077.0,FACILITY SUPPORT SERVICES LLC,CMMI LABORATORY REARRANGEMENT
CONT_AWD_89233018CNR000004_8900_-NONE-_-NONE-,292026551,985400,145084,2021-12-16,2022,73200.0,MACHINERY WEST INC,RIGGING GEAR SLINGS
CONT_AWD_89233018CNR000004_8900_-NONE-_-NONE-,292026551,990398,144755,2021-12-16,2022,80410.0,"AEGEUS INSPECTION SOLUTIONS, INC.",3 YEAR CONTRACT FOR HELIUM LEAK LEVEL III EXAMINER SERVICES JOSEPH VORONOVICH
CONT_AWD_89233018CNR000004_8900_-NONE-_-NONE-,292026551,996676,144866,2021-12-16,2022,100800.0,G. C. MICRO CORPORATION,UNITY 3D SOFTWARE RENEWAL AND LICENSE POOL EXPANSION
CONT_AWD_89233018CNR000004_8900_-NONE-_-NONE-,292026551,997692,144183,2021-12-16,2022,129650.0,"VANGURA TOOL, INC.",MFX HARDWARE
CONT_AWD_89233018CNR000004_8900_-NONE-_-NONE-,292026551,1000496,144577,2021-12-17,2022,32068.78,ELECTRON ENERGY LLC,RUPINSKY - ATCD STATOR ASSEMBLIES
CONT_AWD_89233018CNR000004_8900_-NONE-_-NONE-,292026551,2301985,7019236,2021-12-17,2022,148500.0,"BEARDSLEY DESIGN ASSOCIATES ARCHITECTURE, ENGINEERING, LANDSCAPE ARCHITECTURE, D.P.C.","TOA 18 WRE FEILD FOLLOW, COMMISSIONING, AND RECORDS DRAWINGS SERVICES"
CONT_AWD_89233018CNR000004_8900_-NONE-_-NONE-,292026551,2307189,7019250,2021-12-17,2022,83320.2,"SAGE ENGINEERING ASSOCIATES, LLP","(TOA 119) ITEM 3.1, CONSTRUCTION FIELD FOLLOW SERVICES & NACE INSPECTION SERVICE"
CONT_AWD_89233018CNR000004_8900_-NONE-_-NONE-,292026551,998377,145031,2021-12-17,2022,189307.49,COLOSSAL CONTRACTING LLC,IT PERIPHERALS FOR BETTIS & KNOLLS INVENTORY
CONT_AWD_89233018CNR000004_8900_-NONE-_-NONE-,292026551,1001943,144450,2021-12-20,2022,131251.0,MTS SYSTEMS CORPORATION,PURCHASE OF ONE (1) MTS LANDMARK LOAD FRAME SYSTEM
CONT_AWD_89233018CNR000004_8900_-NONE-_-NONE-,292026551,2296979,144714,2021-12-20,2022,64600.0,"EXTENDE, INC.",FY22 CIVA ANNUAL MAINTENANCE
CONT_AWD_89233018CNR000004_8900_-NONE-_-NONE-,292026551,2301131,144865,2021-12-20,2022,78266.0,"RESONON, INC.",RESONON HYPERSPECTRAL CAMERA AND LENSES
CONT_AWD_89233018CNR000004_8900_-NONE-_-NONE-,292026551,2302296,144947,2021-12-20,2022,132650.0,"COYOTE CREEK CONSULTING, INC.",ATLASSIAN LICENSE UPGRADE AND RENEWALS FY22
CONT_AWD_89233018CNR000004_8900_-NONE-_-NONE-,292026551,2303816,144789,2021-12-20,2022,33035.51,REMOTE SOLUTIONS LLC,OPEN AND REMOVAL DEVICE FOR NRF SWITCHGEAR
CONT_AWD_89233018CNR000004_8900_-NONE-_-NONE-,292026551,2307910,144823,2021-12-20,2022,30061.32,DSPACE INC,DSPACE CY2022 SOFTWARE MAINTENANCE SERVICE
CONT_AWD_89233018CNR000004_8900_-NONE-_-NONE-,292026551,982667,144536,2021-12-20,2022,126156.46,STERLING COMPUTERS CORPORATION,FY22 SUPPORT & MAINTENANCE RENEWAL (DELL EMC)-
CONT_AWD_89233018CNR000004_8900_-NONE-_-NONE-,292026551,994118,144780,2021-12-20,2022,91391.0,"SIEMENS GOVERNMENT TECHNOLOGIES, INC.",C-CURE SSAS 2022
CONT_AWD_89233018CNR000004_8900_-NONE-_-NONE-,292026551,996828,144636,2021-12-20,2022,297216.94,SIEMENS INDUSTRY SOFTWARE INC.,STAR-CCM+ CFD SOFTWARE LICENSE RENEWAL FY22
CONT_AWD_89233018CNR000004_8900_-NONE-_-NONE-,292026551,2302590,144721,2021-12-21,2022,33176.0,AMERICAN PHYSICAL SOCIETY,FY22 APS ONLINE SUBSCRIPTION
CONT_AWD_89233018CNR000004_8900_-NONE-_-NONE-,292026551,2309998,145143,2021-12-21,2022,124075.0,"MATERIALS DESIGN, INC.",MEDEA MAINTENANCE RENEWAL
CONT_AWD_89233018CNR000004_8900_-NONE-_-NONE-,292026551,994377,144948,2021-12-21,2022,54705.0,"THE PHASED ARRAY COMPANY, LLC",ATIP - AOS - IMASONIC 128 ELEMENT 10MHZ AND 5 MHZ FMC PROBES
CONT_AWD_89233018CNR000004_8900_-NONE-_-NONE-,292026551,999240,144719,2021-12-21,2022,245913.84,DYNAMIC SYSTEMS INC,FY22 - ORACLE PLM SOFTWARE MAINTENANCE
CONT_AWD_89233018CNR000004_8900_-NONE-_-NONE-,292026551,2305781,144586,2021-12-22,2022,159834.0,"PREMIER TECHNOLOGY, INC.",TOO FASTENER REMOVAL TOOL AND BOTTOM DOME WORK PLATFORM FABRICATION AND TESTING
CONT_AWD_89233018CNR000004_8900_-NONE-_-NONE-,292026551,2308316,144743,2021-12-22,2022,247485.02,"PRODUCT EVALUATION SYSTEMS, LLC.","DIMENSIONING, SECTIONING, AND TESTING POWDER METALLURGY HOT ISOSTATIC PRESSED NI"
CONT_AWD_89233018CNR000004_8900_-NONE-_-NONE-,292026551,981723,144627,2021-12-22,2022,445182.66,PETERSEN INCORPORATED,TOO CSRF MRC MAINTENENCE STAND
CONT_AWD_89233018CNR000004_8900_-NONE-_-NONE-,292026551,986775,145061,2021-12-22,2022,41229.05,D & S ENTERPRISES INC,"800536-CAMERA, INSPECTION, DEKRA VT 25 FL; P/N: 60100250100001; FOR HOT CELL CAM"
CONT_AWD_89233018CNR000004_8900_-NONE-_-NONE-,292026551,2300986,145081,2021-12-23,2022,89389.0,ZETEC INC,CALIBRATION OF ZETEC EQUIPMENT
CONT_AWD_89233018CNR000004_8900_-NONE-_-NONE-,292026551,990539,144911,2021-12-28,2022,100623.4,STERLING COMPUTERS CORPORATION,ELASTIC STACK - FEDERAL/PLATINUM SUBSCRIPTION
CONT_AWD_89233018CNR000004_8900_-NONE-_-NONE-,292026551,995470,143488,2021-12-29,2022,1981942.0,"GRM KONTRACTING, LLC",J-BUILDING CRYOGENIC TANKS AND CONCRETE PAD REPLACEMENT
CONT_AWD_89233018CNR000004_8900_-NONE-_-NONE-,292026551,2302413,144978,2021-12-30,2022,433285.12,"MHF PACKAGING SOLUTIONS, LLC",PROCUREMENT OF 20 FOUR FOOT ISO'S AND 8 EIGHT FOOT ISOS
CONT_AWD_89233018CNR000004_8900_-NONE-_-NONE-,292026551,2303509,7019242,2021-12-30,2022,52140.0,"BEARDSLEY DESIGN ASSOCIATES ARCHITECTURE, ENGINEERING, LANDSCAPE ARCHITECTURE, D.P.C.",TOA #20 - COST ESTIMATING SERVICES FOR STEAM AND HILLSIDE ROAD
CONT_AWD_89233018CNR000004_8900_-NONE-_-NONE-,292026551,990330,144962,2021-12-30,2022,61900.08,CARPENTER TECHNOLOGY CORPORATION,PM-HIP BILLETS NICKEL ALLOYS ? CARPENTER ATHENS
CONT_AWD_89233018CNR000004_8900_-NONE-_-NONE-,292026551,993383,144623,2021-12-30,2022,218751.66,"VIDEO DYNAMICS, INC.",VBRICK INFRASTRUCTURE LICENSING / SUPPORT & MAINT / CONSULTING BUNDLE
CONT_AWD_89233018CNR000004_8900_-NONE-_-NONE-,292026551,988896,145195,2022-01-04,2022,77070.0,"JOHN C. BERRY & SONS, INC.",FUEL ORDER FOR BOILERS HEATING SEASON 2021-2022
CONT_AWD_89233018CNR000004_8900_-NONE-_-NONE-,292026551,997080,144949,2022-01-04,2022,40020.0,INDUSTRIAL SOLUTIONS & INNOVATIONS LLC,EWM TETRIX SEMI-AUTOMATIC GAS TUNGSTEN ARC WELDING SYSTEM
CONT_AWD_89233018CNR000004_8900_-NONE-_-NONE-,292026551,999662,144854,2022-01-04,2022,52435.85,COLOSSAL CONTRACTING LLC,CISCO MAINTENANCE
CONT_AWD_89233018CNR000004_8900_-NONE-_-NONE-,292026551,2301733,138280,2022-01-05,2022,300000.0,ELECTRIC POWER RESEARCH INSTITUTE INC,MODULAR IN-CHAMBER ELECTRON BEAM WELDING
CONT_AWD_89233018CNR000004_8900_-NONE-_-NONE-,292026551,991090,145127,2022-01-05,2022,76435.38,STERLING COMPUTERS CORPORATION,PANASONIC TOUGHBOOKS:
CONT_AWD_89233018CNR000004_8900_-NONE-_-NONE-,292026551,994977,144643,2022-01-05,2022,74265.0,HELMEL ENGINEERING PRODUCTS INC.,HELMEL MICROSTAR CMM UPGRADE AND HELMEL PHOENX CMM UPGRADE
CONT_AWD_89233018CNR000004_8900_-NONE-_-NONE-,292026551,997576,133225-0040,2022-01-05,2022,35000.0,SNK ENTERPRISES INC,PERFORM UNDERGROUND SYSTEMS REPAIRS WORK IN ACCORDANCE WITH TECHNICAL SPECIFICAT
CONT_AWD_89233018CNR000004_8900_-NONE-_-NONE-,292026551,2307875,144982,2022-01-06,2022,80710.23,TAYLOR & FRANCIS GROUP LLC,2022 TAYLOR AND FRANCIS
CONT_AWD_89233018CNR000004_8900_-NONE-_-NONE-,292026551,2307921,145112,2022-01-06,2022,388320.0,"MIRION TECHNOLOGIES (CANBERRA), INC.",DETECTORS
CONT_AWD_89233018CNR000004_8900_-NONE-_-NONE-,292026551,998729,144674,2022-01-06,2022,38579.0,"DIVERSIFIED METAL PRODUCTS, INC",TOO RESTRAINT HARDWARE STORAGE
CONT_AWD_89233018CNR000004_8900_-NONE-_-NONE-,292026551,1001709,145009,2022-01-10,2022,55864.0,FALCON STAINLESS & ALLOYS CORP,SVD ALLOY 600 FORGINGS
CONT_AWD_89233018CNR000004_8900_-NONE-_-NONE-,292026551,982181,145252,2022-01-10,2022,50700.0,PARKLAND USA CORPORATION,FUEL ORDER FOR BOILERS HEATING SEASON 2021-2022
CONT_AWD_89233018CNR000004_8900_-NONE-_-NONE-,292026551,993832,144824,2022-01-10,2022,46264.0,"DIVERSIFIED METAL PRODUCTS, INC",TOO FILL SYSTEM PUMP STANDS (SFE 178)
CONT_AWD_89233018CNR000004_8900_-NONE-_-NONE-,292026551,2304906,145133,2022-01-11,2022,183927.21,ENERGYSOLUTIONS FEDERAL SUPPORT LLC,ENERGYSOLUTIONS-PSNSY&IMF - COMPONENT TREATMENT & TRANSPORTATION PHASE 2
CONT_AWD_89233018CNR000004_8900_-NONE-_-NONE-,292026551,2307166,145130,2022-01-11,2022,267886.4,ENERGYSOLUTIONS FEDERAL SUPPORT LLC,ENERGYSOLUTIONS-PSNSY&IMF - COMPONENT DISPOSAL PHASE 2 JAN 2022
CONT_AWD_89233018CNR000004_8900_-NONE-_-NONE-,292026551,1000201,125793-0263,2022-01-12,2022,45909.08,"DAVIES OFFICE REFURBISHING, INC.",PROVIDE MODULAR FURNITURE IN ACCORDANCE WITH BECHTEL MARINE PROPULSION CORPORATI
CONT_AWD_89233018CNR000004_8900_-NONE-_-NONE-,292026551,2302754,145078,2022-01-12,2022,37329.82,OHIO TRANSMISSION LLC,BETTIS SPARES - COMPRESSED AIR
CONT_AWD_89233018CNR000004_8900_-NONE-_-NONE-,292026551,2303815,144660,2022-01-12,2022,94655.0,"TESTEX, INC.",NDT INSPECTION CAPABILITY DEMONSTRATION - LFET AND OSET PROBES
CONT_AWD_89233018CNR000004_8900_-NONE-_-NONE-,292026551,2304703,142833-0009,2022-01-12,2022,188720.0,"WALSH ENGINEERING SERVICES, PC",TOO DRAFTING SERVICES CONTRACT
CONT_AWD_89233018CNR000004_8900_-NONE-_-NONE-,292026551,2309018,144750,2022-01-12,2022,43500.0,ENGYS LLC,ENGYS HELYX SOFTWARE LICENSE RENEWAL
CONT_AWD_89233018CNR000004_8900_-NONE-_-NONE-,292026551,982695,144960,2022-01-12,2022,1471512.72,STERLING COMPUTERS CORPORATION,FY22 VMWARE LICENSE RENEWALS AND ADDITIONAL LICENSES:
CONT_AWD_89233018CNR000004_8900_-NONE-_-NONE-,292026551,987614,139166,2022-01-12,2022,1637698.11,"CHAMPION, INC.",CHAMPION SUBTIER DIRECT PAYMENT UNDER GRANITE CONSTRUCTION PO #7018988 (CS 106A)
CONT_AWD_89233018CNR000004_8900_-NONE-_-NONE-,292026551,997432,144964,2022-01-12,2022,30000.0,VIBRANT CORPORATION,"ATIP #464, RUS DEVELOPMENT WITH VIBRANT"
CONT_AWD_89233018CNR000004_8900_-NONE-_-NONE-,292026551,2301820,142732,2022-01-13,2022,867920.0,INFORMATION MANAGEMENT GROUP INCORPORATED,FY22 IT HELP DESK SUBCONTRACT (PERIOD OF PERFORMANCE: 2/1/2022 - 1/31/2023)
CONT_AWD_89233018CNR000004_8900_-NONE-_-NONE-,292026551,2304151,145226,2022-01-13,2022,166810.0,"HEXAGON MANUFACTURING INTELLIGENCE, LLC",SUPPLIER SHALL PROVIDE THE FOLLOWING ITEMS IN ACCORDANCE WITH THE ATTACHED ADMIN
CONT_AWD_89233018CNR000004_8900_-NONE-_-NONE-,292026551,997453,145042,2022-01-13,2022,49696.0,"DOVER ENGINEERED PRODUCTS SEGMENT, INC.",TRANSFER BOTTLE
CONT_AWD_89233018CNR000004_8900_-NONE-_-NONE-,292026551,2307333,7019253,2022-01-16,2022,107600.0,"SAGE ENGINEERING ASSOCIATES, LLP",KS BUILDING RECOMMISSIONING FY22 (TOA-125)
CONT_AWD_89233018CNR000004_8900_-NONE-_-NONE-,292026551,2304755,145043,2022-01-17,2022,165597.6,"GRAYBAR ELECTRIC COMPANY, INC",SQUARE-D MASTERPACT BREAKERS
CONT_AWD_89233018CNR000004_8900_-NONE-_-NONE-,292026551,988588,145302,2022-01-17,2022,81570.0,"JOHN C. BERRY & SONS, INC.",FUEL ORDER FOR BOILERS HEATING SEASON 2021-2022
CONT_AWD_89233018CNR000004_8900_-NONE-_-NONE-,292026551,1001431,145083,2022-01-18,2022,111512.58,COLOSSAL CONTRACTING LLC,A/V HARDWARE
CONT_AWD_89233018CNR000004_8900_-NONE-_-NONE-,292026551,2301299,144961,2022-01-18,2022,167710.0,"KING MACHINE, INC.",HAAS ST-30Y LATHE
CONT_AWD_89233018CNR000004_8900_-NONE-_-NONE-,292026551,2307030,144919,2022-01-18,2022,92402.0,CUSTOM ENGINEERING CO.,VQPT TEST PUMP BASEPLATE
CONT_AWD_89233018CNR000004_8900_-NONE-_-NONE-,292026551,2308842,145248,2022-01-18,2022,177360.0,"DESIGN & SOFTWARE INTERNATIONAL, INC",AUTODESK POWERMILL ULTIMATE AND POWERSHAPE SOFTWARE
CONT_AWD_89233018CNR000004_8900_-NONE-_-NONE-,292026551,999897,145020,2022-01-18,2022,142461.38,COLOSSAL CONTRACTING LLC,SCREENS AND MONITORS- FY22 PROCUREMENT
CONT_AWD_89233018CNR000004_8900_-NONE-_-NONE-,292026551,2302499,144720,2022-01-19,2022,1010602.99,IHS GLOBAL INC,2022 IHS RENEWAL
CONT_AWD_89233018CNR000004_8900_-NONE-_-NONE-,292026551,2303734,145294,2022-01-19,2022,370858.0,"GARTNER, INC.",GARTNER RESEARCH AND ADVISORY RENEWAL (POP: 02/01/2022 - 01/31/2023)
CONT_AWD_89233018CNR000004_8900_-NONE-_-NONE-,292026551,990622,145046,2022-01-19,2022,35449.43,"ROSEDALE PRODUCTS, INC",VQPT AUX FILLTERS
CONT_AWD_89233018CNR000004_8900_-NONE-_-NONE-,292026551,994981,144994,2022-01-19,2022,35938.0,"NIKON METROLOGY, LLC",NIKON CT HARDWARE SERVICE CONTRACT:
CONT_AWD_89233018CNR000004_8900_-NONE-_-NONE-,292026551,1002230,145186,2022-01-20,2022,36751.0,PHOENIX ANALYSIS & DESIGN TECHNOLOGIES INC,RENEWAL - FLOWNEX LICENSE
CONT_AWD_89233018CNR000004_8900_-NONE-_-NONE-,292026551,2296302,142980,2022-01-20,2022,98848.0,THE JOHNS HOPKINS UNIVERSITY,ATIP - OPTICAL INSPECTION AND SORTING EVALUATION
CONT_AWD_89233018CNR000004_8900_-NONE-_-NONE-,292026551,2298004,136240,2022-01-20,2022,90805.0,"BWXT NUCLEAR OPERATIONS GROUP, INC.",EUCLID US/UK SUPPORT CONTRACT
CONT_AWD_89233018CNR000004_8900_-NONE-_-NONE-,292026551,2301317,145240,2022-01-20,2022,152300.0,INSTITUTE OF ELECTRICAL & ELECTRONICS ENGINEERS INC,2022 IEEE ELECTRONIC LIBRARY
CONT_AWD_89233018CNR000004_8900_-NONE-_-NONE-,292026551,983038,145243,2022-01-20,2022,120591.45,THERMO-CALC SOFTWARE INC.,722.5SOFTWARE (THERMO-CALC)
CONT_AWD_89233018CNR000004_8900_-NONE-_-NONE-,292026551,986472,145044,2022-01-20,2022,89831.69,"KEYSIGHT TECHNOLOGIES, INC.",AGILENT TECHNOLOGIES 5800 INDUCTIVELY COUPLED PLASMA-OPTICAL EMISSION SPECTROMET
CONT_AWD_89233018CNR000004_8900_-NONE-_-NONE-,292026551,986518,145157,2022-01-20,2022,44145.0,"SUNBELT RENTALS, INC",RENTAL OF HEATERS FOR CX TENT ENCLOSURE
CONT_AWD_89233018CNR000004_8900_-NONE-_-NONE-,292026551,987567,145033,2022-01-20,2022,92033.9,STERLING COMPUTERS CORPORATION,VDI LICENSE RENEWAL
CONT_AWD_89233018CNR000004_8900_-NONE-_-NONE-,292026551,992275,144790,2022-01-20,2022,142750.0,"VANGURA TOOL, INC.",BOLLINGER - MFX PROBES
CONT_AWD_89233018CNR000004_8900_-NONE-_-NONE-,292026551,996556,145205,2022-01-20,2022,36750.0,"WESTWIND COMPUTER PRODUCTS, INC.",FY22 PRIMENET SHIPYARD PRINTER BUY
CONT_AWD_89233018CNR000004_8900_-NONE-_-NONE-,292026551,997980,144970,2022-01-20,2022,131265.0,GREGORY POOLE EQUIPMENT COMPANY,PURCHASE OF A OFF-ROAD TICO YARD SPOTTER
CONT_AWD_89233018CNR000004_8900_-NONE-_-NONE-,292026551,2302551,145058,2022-01-21,2022,104819.7,"HEXAGON MANUFACTURING INTELLIGENCE, LLC",HEXAGON GLOBAL S GREEN 5.7.5 CMM
CONT_AWD_89233018CNR000004_8900_-NONE-_-NONE-,292026551,2305460,144917,2022-01-21,2022,134700.0,"PRODUCT EVALUATION SYSTEMS, LLC.",HEAT TREATMENT AND TESTING OF TWELVE LOW ALLOY STEEL BILLETS
CONT_AWD_89233018CNR000004_8900_-NONE-_-NONE-,292026551,2305987,145232,2022-01-21,2022,195675.0,"PRODUCT EVALUATION SYSTEMS, LLC.",HEAT TREATMENT AND TESTING OF FIFTEEN LOW ALLOY STEEL BILLETS
CONT_AWD_89233018CNR000004_8900_-NONE-_-NONE-,292026551,2306830,145183,2022-01-21,2022,41975.0,"PRODUCT EVALUATION SYSTEMS, LLC.",DE SECTIONING AND METALLOGRAPHY OF STUBS FOR LAB TO LAB TEST
CONT_AWD_89233018CNR000004_8900_-NONE-_-NONE-,292026551,2306854,144762,2022-01-21,2022,169453.0,"WESTMORELAND MECHANICAL TESTING & RESEARCH, INC.","THERMO-PHYSICAL FATIGUE LIFE, AND FRACTURE TOUGHNESS TESTING OF POWDER-METALLURG"
CONT_AWD_89233018CNR000004_8900_-NONE-_-NONE-,292026551,991373,138307-0013,2022-01-21,2022,39560.0,VERMONT MOLD & TOOL CORPORATION,WA MASTER AGREEMENT - INCORPORATE REV. 1 TO TECH SPEC
CONT_AWD_89233018CNR000004_8900_-NONE-_-NONE-,292026551,992479,145285,2022-01-21,2022,73290.0,"AMETEK PROGRAMMABLE POWER, INC.",AMETEK POWER SUPPLY'S (MIKE F. ROBINSON)
CONT_AWD_89233018CNR000004_8900_-NONE-_-NONE-,292026551,1002117,144559,2022-01-24,2022,316092.67,"AGSI, LLC",FY22 ADOBE ENTERPRISE CONTRACT RENEWAL
CONT_AWD_89233018CNR000004_8900_-NONE-_-NONE-,292026551,2302074,145179,2022-01-24,2022,112617.12,HACH COMPANY,"DISSOLVED GAS SENSORS, A DISSOLVED GAS ANALYZER, AND SUPPORTING EQUIPMENT TO SUP"
CONT_AWD_89233018CNR000004_8900_-NONE-_-NONE-,292026551,981565,145365,2022-01-24,2022,56862.0,"JOHN C. BERRY & SONS, INC.",FUEL ORDER FOR BOILERS HEATING SEASON 2021-2022
CONT_AWD_89233018CNR000004_8900_-NONE-_-NONE-,292026551,989885,145273,2022-01-24,2022,111240.0,CARAHSOFT TECHNOLOGY CORP,DENODO LICENSE & SUPPORT RENEWAL
CONT_AWD_89233018CNR000004_8900_-NONE-_-NONE-,292026551,993653,144825,2022-01-24,2022,921999.98,G. C. MICRO CORPORATION,MATLAB SOFTWARE MAINTENANCE RENEWAL
CONT_AWD_89233018CNR000004_8900_-NONE-_-NONE-,292026551,998696,144792,2022-01-24,2022,93025.0,HOEGANAES CORPORATION,NOLAN - PURCHASE A508 POWDER FOR SHELL DEMONSTRATION PART
CONT_AWD_89233018CNR000004_8900_-NONE-_-NONE-,292026551,1001286,145234,2022-01-25,2022,47520.0,"ELECTRO OPTICAL COMPONENTS, INC",VOLTAGE AMPLIFIERS - JOSLIN
CONT_AWD_89233018CNR000004_8900_-NONE-_-NONE-,292026551,2308288,145211,2022-01-25,2022,63995.0,TELETRIX CORPORATION,RADIAC SIMULATORS
CONT_AWD_89233018CNR000004_8900_-NONE-_-NONE-,292026551,2309082,145100,2022-01-25,2022,34778.0,HOTTINGER BRUEL & KJAER INC.,CALIBRATION OF B&K EQUIPMENT 2021
CONT_AWD_89233018CNR000004_8900_-NONE-_-NONE-,292026551,1000818,134029,2022-01-26,2022,43200.0,DIMENSIONAL MEASUREMENT INC.,REIS - SCAMM STANDARDS
CONT_AWD_89233018CNR000004_8900_-NONE-_-NONE-,292026551,1003824,145316,2022-01-26,2022,52575.0,WESTMORELAND COUNTY COMMUNITY COLLEGE,EMERGENCY SERVICES TRAINING
CONT_AWD_89233018CNR000004_8900_-NONE-_-NONE-,292026551,2300281,145198,2022-01-26,2022,249960.0,PARAGON ENERGY SOLUTIONS LLC,MAGNEBLAST BUS EA MAINTENANCE
CONT_AWD_89233018CNR000004_8900_-NONE-_-NONE-,292026551,2301765,145270,2022-01-26,2022,69812.56,"DH TECHNOLOGIES, INC.",FY22 NNPTC NUTANIX MAINTENANCE
CONT_AWD_89233018CNR000004_8900_-NONE-_-NONE-,292026551,2302924,145291,2022-01-26,2022,34761.3,"PARTNER STEEL CO., INC.",PROBE POLE TUBING LL-200-0027 & LL-200-0028
CONT_AWD_89233018CNR000004_8900_-NONE-_-NONE-,292026551,2305500,142833-0010,2022-01-26,2022,84070.0,"WALSH ENGINEERING SERVICES, PC",TOO DRAFTING SERVICES CONTRACT
CONT_AWD_89233018CNR000004_8900_-NONE-_-NONE-,292026551,2305864,145394-0001,2022-01-26,2022,376900.0,MCKESSON MEDICAL-SURGICAL GOVERNMENT SOLUTIONS LLC,PO 144679
CONT_AWD_89233018CNR000004_8900_-NONE-_-NONE-,292026551,2309416,144753,2022-01-26,2022,66745.0,"ALLIANCE TECHNOLOGY GROUP, LLC",FY22 EMC-LEGATO MAINTENANCE
CONT_AWD_89233018CNR000004_8900_-NONE-_-NONE-,292026551,980383,144641,2022-01-26,2022,48900.0,"PITTSBURGH FLUID SYSTEMS, LLC","THE SUPPLIER SHALL FURNISH THE NECESSARY LABOR, SUPERVISION, SERVICES, TOOLS, EQ"
CONT_AWD_89233018CNR000004_8900_-NONE-_-NONE-,292026551,983186,145272,2022-01-26,2022,38069.8,"CTG FEDERAL, LLC",FY 2022 NPTU VSPHERE SOFTWARE AND MAINTENANCE
CONT_AWD_89233018CNR000004_8900_-NONE-_-NONE-,292026551,993696,145251,2022-01-26,2022,39018.17,COLOSSAL CONTRACTING LLC,CISCO SWITCHES
CONT_AWD_89233018CNR000004_8900_-NONE-_-NONE-,292026551,995497,145160,2022-01-26,2022,49996.0,"WESTWIND COMPUTER PRODUCTS, INC.",HP SERVER 360SVRCONFIG
CONT_AWD_89233018CNR000004_8900_-NONE-_-NONE-,292026551,2302929,144928,2022-01-27,2022,530000.0,"THE M&P LAB, INC.",AUTOCLAVE TESTING
CONT_AWD_89233018CNR000004_8900_-NONE-_-NONE-,292026551,2307229,145079,2022-01-27,2022,112028.39,"WESTMORELAND MECHANICAL TESTING & RESEARCH, INC.",A625 WPBU FAST TEST PROGRAM
CONT_AWD_89233018CNR000004_8900_-NONE-_-NONE-,292026551,2308063,145138,2022-01-27,2022,93235.0,CUSTOM ENGINEERING CO.,VQPT DISCHARGE STRUCTURE
CONT_AWD_89233018CNR000004_8900_-NONE-_-NONE-,292026551,2308180,145278,2022-01-27,2022,69894.3,HOTTINGER BRUEL & KJAER INC.,SUPPLIER SHALL PROVIDE THE FOLLOWING ITEMS IN ACCORDANCE WITH THE ATTACHED ADMIN
CONT_AWD_89233018CNR000004_8900_-NONE-_-NONE-,292026551,988786,141056-0003,2022-01-27,2022,87275.0,"LABORATORY TESTING, LLC",MASTER AGREEMENT FOR WORK AUTHORIZATIONS
CONT_AWD_89233018CNR000004_8900_-NONE-_-NONE-,292026551,2308806,144870,2022-01-28,2022,244674.0,CAPITAL TRACTOR INC,LAWN CARE EQUIPMENT
CONT_AWD_89233018CNR000004_8900_-NONE-_-NONE-,292026551,993271,144646,2022-01-28,2022,715664.11,JESKELL SYSTEMS LLC,IBM RATIONAL MAITENANCE FY21
CONT_AWD_89233018CNR000004_8900_-NONE-_-NONE-,292026551,981406,145439,2022-01-31,2022,43591.51,"JOHN C. BERRY & SONS, INC.",FUEL ORDER FOR BOILERS HEATING SEASON 2021-2022
CONT_AWD_89233018CNR000004_8900_-NONE-_-NONE-,292026551,1000307,145389,2022-02-01,2022,112500.0,EDISON WELDING INSTITUTE INC,EWI AMC 2022-2024
CONT_AWD_89233018CNR000004_8900_-NONE-_-NONE-,292026551,1002444,145288,2022-02-01,2022,44807.81,"U.S. FOAM & ETCH, INC",MATCO TOOL BOX & TOOLS
CONT_AWD_89233018CNR000004_8900_-NONE-_-NONE-,292026551,1003653,145349,2022-02-01,2022,95350.0,PARASOFT CORPORATION,RENEWAL PURCHASE PARASOFT C/C++ TEST FOR THE HCTF NETWORK
CONT_AWD_89233018CNR000004_8900_-NONE-_-NONE-,292026551,2301387,145347,2022-02-01,2022,39498.48,BUTLER BROTHERS SUPPLY DIVISION,REGO-FIX TOOL HOLDERS
CONT_AWD_89233018CNR000004_8900_-NONE-_-NONE-,292026551,2306118,144842,2022-02-01,2022,86580.0,RAPISCAN SYSTEMS INC,CM AND PM FOR RAPISCAN X-RAY PACKAGE INSPECTION SYSTEMS
CONT_AWD_89233018CNR000004_8900_-NONE-_-NONE-,292026551,2306258,144238,2022-02-01,2022,68302.53,"GRANT INDUSTRIAL CONTROLS, INC.",WEBER - PALM ELECTRICAL CABINETS
CONT_AWD_89233018CNR000004_8900_-NONE-_-NONE-,292026551,988413,144971,2022-02-01,2022,125445.49,"V & H MATERIAL HANDLING, LLC",PROCUREMENT OF ONE (1) VERTICAL LIFT MODULE
CONT_AWD_89233018CNR000004_8900_-NONE-_-NONE-,292026551,992197,125793-0264,2022-02-01,2022,1132568.2,"DAVIES OFFICE REFURBISHING, INC.",PROVIDE MODULAR FURNITURE IN ACCORDANCE WITH BECHTEL MARINE PROPULSION CORPORATI
CONT_AWD_89233018CNR000004_8900_-NONE-_-NONE-,292026551,2302406,139825-0029,2022-02-02,2022,31412.5,"EQ INDUSTRIAL SERVICES, INC.",MASTER AGREEMENT FOR HAZARDOUS/NON-HAZARDOUS WASTE DISPOSAL
CONT_AWD_89233018CNR000004_8900_-NONE-_-NONE-,292026551,2303046,139825-0028,2022-02-02,2022,31412.5,"EQ INDUSTRIAL SERVICES, INC.",MASTER AGREEMENT FOR HAZARDOUS/NON-HAZARDOUS WASTE DISPOSAL
CONT_AWD_89233018CNR000004_8900_-NONE-_-NONE-,292026551,2304038,139825-0027,2022-02-02,2022,31412.25,"EQ INDUSTRIAL SERVICES, INC.",MASTER AGREEMENT FOR HAZARDOUS/NON-HAZARDOUS WASTE DISPOSAL
CONT_AWD_89233018CNR000004_8900_-NONE-_-NONE-,292026551,2304198,145388,2022-02-02,2022,35800.0,KEYENCE CORPORATION OF AMERICA,KEYENCE 2D LASER LINE SCANNER
CONT_AWD_89233018CNR000004_8900_-NONE-_-NONE-,292026551,2304260,145303,2022-02-02,2022,45500.0,ELECTRIC POWER RESEARCH INSTITUTE INC,DESIGN AND DELIVER CUSTOM PAUT PROBES FOR RT ALTERNATIVE TO NEW CONSTRUCTION WEL
CONT_AWD_89233018CNR000004_8900_-NONE-_-NONE-,292026551,2306463,144736,2022-02-02,2022,230858.84,"ANTENNA HOUSE, INC.",ANTENNNA HOUSE AHFORMATTER LICENSES & MAINTENANCE
CONT_AWD_89233018CNR000004_8900_-NONE-_-NONE-,292026551,2306858,145397,2022-02-02,2022,39587.2,ACADEMI TRAINING CENTER LLC,ACADEMI TRAINING FACILITY RENTAL FOR 2022
CONT_AWD_89233018CNR000004_8900_-NONE-_-NONE-,292026551,2309531,7019153,2022-02-02,2022,100000.0,HANSON JANITORIAL SUPPLY INC,JANITORIAL SUPPLIES
CONT_AWD_89233018CNR000004_8900_-NONE-_-NONE-,292026551,2309582,139919-0023,2022-02-02,2022,39847.5,SAVANNAH RIVER NUCLEAR SOLUTIONS LLC,LOW LEVEL RAD WASTE SHIPMENTS TO SRNS
CONT_AWD_89233018CNR000004_8900_-NONE-_-NONE-,292026551,2310016,7019212,2022-02-02,2022,1181971.0,"BATTELLE ENERGY ALLIANCE, LLC",55 TON SCRAP CASK SHIPMENTS TO THE RHLLW FACILITY
CONT_AWD_89233018CNR000004_8900_-NONE-_-NONE-,292026551,992410,144837,2022-02-02,2022,60134.71,COLOSSAL CONTRACTING LLC,MAINTENANCE AND LICENSING SUPPORT FOR CISCO EQUIPMENT
CONT_AWD_89233018CNR000004_8900_-NONE-_-NONE-,292026551,997527,132933,2022-02-02,2022,31400.0,"VANGURA TOOL, INC.",CAVRAK - PV 4/5 CAGE ASSEMBLY AND HARDWARE
CONT_AWD_89233018CNR000004_8900_-NONE-_-NONE-,292026551,2304499,141756-0030,2022-02-03,2022,32725.0,GEL LABORATORIES LLC,ANALYZE BIOASSAY SAMPLES
CONT_AWD_89233018CNR000004_8900_-NONE-_-NONE-,292026551,2306690,141446-0008,2022-02-03,2022,43795.0,"ECKERT & ZIEGLER ANALYTICS, INC",RELEASE #8- RADIOLOGICAL SOURCE
CONT_AWD_89233018CNR000004_8900_-NONE-_-NONE-,292026551,1000072,145343,2022-02-07,2022,61766.0,ASSURANCE DATA INC,FY22 ENCASE SOFTWARE MAINTENANCE:
CONT_AWD_89233018CNR000004_8900_-NONE-_-NONE-,292026551,1002628,145412,2022-02-07,2022,39215.4,STARLIMS CORPORATION,STARLIMS QM FULL-USER LICENSE
CONT_AWD_89233018CNR000004_8900_-NONE-_-NONE-,292026551,2296366,145029,2022-02-07,2022,496704.0,"SALIENT CRGT, INC.",FY22 ORACLE PROGRAMMING SUBCONTRACTORS (PERIOD OF PERFORMANCE: 3/1/2022 - 2/28/2
CONT_AWD_89233018CNR000004_8900_-NONE-_-NONE-,292026551,2305446,145469,2022-02-07,2022,50310.0,"MIRION TECHNOLOGIES (CANBERRA), INC.",(2) ISOLOS FOR RCO
CONT_AWD_89233018CNR000004_8900_-NONE-_-NONE-,292026551,981940,145320,2022-02-07,2022,140830.95,STERLING COMPUTERS CORPORATION,RACKMOUNTED PCS FOR FY22:
CONT_AWD_89233018CNR000004_8900_-NONE-_-NONE-,292026551,983652,145498,2022-02-07,2022,45346.51,"JOHN C. BERRY & SONS, INC.",FUEL ORDER FOR BOILERS HEATING SEASON 2021-2022
CONT_AWD_89233018CNR000004_8900_-NONE-_-NONE-,292026551,987272,144525,2022-02-07,2022,109530.0,"TDY INDUSTRIES, LLC",PICA - SPECIAL STAINLESS STEEL HIP BILLETS AND NI-ALLOY POWDERS
CONT_AWD_89233018CNR000004_8900_-NONE-_-NONE-,292026551,991036,143682-0001,2022-02-07,2022,81436.0,LINDA M YATES,"ENVIRONMENTAL INVESTIGATION,CHARACTERIZATION, AND REMEDIATION SERVICES MASTER CO"
CONT_AWD_89233018CNR000004_8900_-NONE-_-NONE-,292026551,991507,145037,2022-02-07,2022,47613.43,BLACK & DECKER (U.S.) INC.,CDL LISTA STORAGE WALLS
CONT_AWD_89233018CNR000004_8900_-NONE-_-NONE-,292026551,992156,145321,2022-02-07,2022,121050.0,STERLING COMPUTERS CORPORATION,FY22 WINMAGIC FULL DISK ENCRYPTION MAINTENANCE:
CONT_AWD_89233018CNR000004_8900_-NONE-_-NONE-,292026551,999691,145369,2022-02-07,2022,37270.0,"OLYMPUS AMERICA, INC.",OLYMPUS IPLEX GX
CONT_AWD_89233018CNR000004_8900_-NONE-_-NONE-,292026551,999978,145201,2022-02-07,2022,38500.8,COLOSSAL CONTRACTING LLC,FY22 CISCO (NETWORK UPLINKS)
CONT_AWD_89233018CNR000004_8900_-NONE-_-NONE-,292026551,1004232,145161,2022-02-08,2022,74096.0,"Q-MATION, LLC",WONDERWARE MAINTENANCE RENEWAL
CONT_AWD_89233018CNR000004_8900_-NONE-_-NONE-,292026551,2299906,144127,2022-02-08,2022,128492.0,"AMEE BAY, LLC",FRANZETTA - SECTIONED MOTOR GENERATOR DISPLAY
CONT_AWD_89233018CNR000004_8900_-NONE-_-NONE-,292026551,2306944,145110,2022-02-08,2022,135329.33,"G2IT, LLC",BMC HELIX ITSM ONPREM
CONT_AWD_89233018CNR000004_8900_-NONE-_-NONE-,292026551,985491,145495,2022-02-08,2022,62361.21,"PITTSBURGH FLUID SYSTEMS, LLC",THOMPSON - SWAGELOK ORDER
CONT_AWD_89233018CNR000004_8900_-NONE-_-NONE-,292026551,1000064,145432,2022-02-09,2022,88500.0,BNC CORP.,SCIONIX DETECTORS
CONT_AWD_89233018CNR000004_8900_-NONE-_-NONE-,292026551,2297919,145477,2022-02-09,2022,93900.89,MULTIQUIP INC.,150 KVA WHISPERWALT MOBILE GENERATOR
CONT_AWD_89233018CNR000004_8900_-NONE-_-NONE-,292026551,2299244,145295,2022-02-09,2022,61444.02,"IDEAL SYSTEM SOLUTIONS, INC.",CDM/HQTF/LCTF DAS EQUIPMENT
CONT_AWD_89233018CNR000004_8900_-NONE-_-NONE-,292026551,2303694,143212,2022-02-09,2022,34570.0,SCHMIEDE CORPORATION,"THE SUPPLIER SHALL FURNISH THE NECESSARY LABOR, SUPERVISION, SERVICES, TOOLS, EQ"
CONT_AWD_89233018CNR000004_8900_-NONE-_-NONE-,292026551,2305440,139919-0024,2022-02-09,2022,68067.0,SAVANNAH RIVER NUCLEAR SOLUTIONS LLC,LOW LEVEL RAD WASTE SHIPMENTS TO SRNS
CONT_AWD_89233018CNR000004_8900_-NONE-_-NONE-,292026551,980247,145481,2022-02-09,2022,40740.0,DOALL COMPANY,DOALL 2012 VH- VERTICAL CONTOUR BAND SAW
CONT_AWD_89233018CNR000004_8900_-NONE-_-NONE-,292026551,998227,145261,2022-02-09,2022,58411.0,"NORTHWEST MACHINING & MFG., INC.",296607-304 SS/NITRONIC 60 REMOTELY OPERATED SAFETY LATCH FOR SIZE H CARBON STEEL
CONT_AWD_89233018CNR000004_8900_-NONE-_-NONE-,292026551,999970,145384,2022-02-09,2022,66090.0,COLOSSAL CONTRACTING LLC,LOGITECH WEBCAMS:
CONT_AWD_89233018CNR000004_8900_-NONE-_-NONE-,292026551,2299562,144449,2022-02-10,2022,95014.0,AHLBERG CAMERAS INC.,VIGES SLIMM CAMERA
CONT_AWD_89233018CNR000004_8900_-NONE-_-NONE-,292026551,2303199,144677,2022-02-10,2022,172306.0,BEAR COMMUNICATIONS INC,KN AND KS TWO WAY RADIO SERVICE PURCHASE ORDER
CONT_AWD_89233018CNR000004_8900_-NONE-_-NONE-,292026551,2306321,145137,2022-02-10,2022,40645.0,AMERICAN FABRICATION INC,OVERHEAD CLAMP (KALE KINDSCHUH)
CONT_AWD_89233018CNR000004_8900_-NONE-_-NONE-,292026551,2306153,145221,2022-02-11,2022,32850.0,SOCIETY FOR HUMAN RESOURCE MANAGEMENT,DATA ANALYTICS TRAINING FOR HR PROFESSIONALS
CONT_AWD_89233018CNR000004_8900_-NONE-_-NONE-,292026551,1000986,125793-0266,2022-02-14,2022,58760.13,"DAVIES OFFICE REFURBISHING, INC.",PROVIDE MODULAR FURNITURE IN ACCORDANCE WITH BECHTEL MARINE PROPULSION CORPORATI
CONT_AWD_89233018CNR000004_8900_-NONE-_-NONE-,292026551,1001315,140877-0001,2022-02-14,2022,30000.0,EDISON WELDING INSTITUTE INC,MASTER AGREEMENT FOR WORK AUTHORIZATIONS
CONT_AWD_89233018CNR000004_8900_-NONE-_-NONE-,292026551,1001580,145368,2022-02-14,2022,123812.0,CAMBRIDGE FLOW SOLUTIONS LIMITED,BUCHANAN - FY22 BOXERMESH LICENSE RENEWAL
CONT_AWD_89233018CNR000004_8900_-NONE-_-NONE-,292026551,2306916,145545,2022-02-14,2022,108348.0,PI PHYSIK INSTRUMENTE LP,SUPPLIER SHALL PROVIDE THE FOLLOWING ITEMS IN ACCORDANCE WITH THE ATTACHED ADMIN
CONT_AWD_89233018CNR000004_8900_-NONE-_-NONE-,292026551,980453,145585,2022-02-14,2022,32990.0,"JOHN C. BERRY & SONS, INC.",FUEL ORDER FOR BOILERS HEATING SEASON 2021-2022
CONT_AWD_89233018CNR000004_8900_-NONE-_-NONE-,292026551,987591,142990,2022-02-14,2022,39792.5,CARPENTER TECHNOLOGY CORPORATION,PROCUREMENT OF 10 NICKEL WELD CONSUMABLES
CONT_AWD_89233018CNR000004_8900_-NONE-_-NONE-,292026551,999065,145200,2022-02-14,2022,36625.0,"DOCUMENT SOLUTIONS, INC.",HP PAGEWIDE 4200 XL PRINTER
CONT_AWD_89233018CNR000004_8900_-NONE-_-NONE-,292026551,2305794,145271,2022-02-15,2022,40834.0,AMERICAN FABRICATION INC,296603-304 SS REMOTELY OPERATED SAFETY LATCH PER DWG 5D15762 (SCREWS PER DWG 6D3
CONT_AWD_89233018CNR000004_8900_-NONE-_-NONE-,292026551,2308303,139919-0025,2022-02-15,2022,68067.0,SAVANNAH RIVER NUCLEAR SOLUTIONS LLC,LOW LEVEL RAD WASTE SHIPMENTS TO SRNS
CONT_AWD_89233018CNR000004_8900_-NONE-_-NONE-,292026551,985557,145322,2022-02-15,2022,87305.0,"XENTEGRA, LLC",FY22 CITRIX MANAGED SERVICES AND SUPPORT:
CONT_AWD_89233018CNR000004_8900_-NONE-_-NONE-,292026551,996267,145423,2022-02-15,2022,64845.25,COLOSSAL CONTRACTING LLC,IT PERIPHERALS FOR KNOLLS INVENTORY:
CONT_AWD_89233018CNR000004_8900_-NONE-_-NONE-,292026551,996956,144996,2022-02-15,2022,139000.0,DLC ELECTRIC LLC,RELOCATE TF-15 VFD
CONT_AWD_89233018CNR000004_8900_-NONE-_-NONE-,292026551,2298757,145335,2022-02-16,2022,253587.59,"IDEAL SYSTEM SOLUTIONS, INC.",FY22 KNOLLS VQPT DACS NI HARDWARE
CONT_AWD_89233018CNR000004_8900_-NONE-_-NONE-,292026551,2301016,145217,2022-02-16,2022,480051.0,UNIVERSITY OF NOTRE DAME,CONFINED VOLUME RADIOLYSIS STUDIES AT NOTRE DAME RADIATION LABORATORY
CONT_AWD_89233018CNR000004_8900_-NONE-_-NONE-,292026551,2301499,144983,2022-02-16,2022,57353.0,"STANTON INDUSTRIAL ELECTRIC SUPPLY, INC","THE SUPPLIER SHALL FURNISH THE NECESSARY LABOR, SUPERVISION, SERVICES, TOOLS, EQ"
CONT_AWD_89233018CNR000004_8900_-NONE-_-NONE-,292026551,2301903,143629,2022-02-16,2022,48825.0,DS GOVERNMENT SOLUTIONS CORP,B. NEASE - CGM AND HOOPS SOFTWARE PACKAGES
CONT_AWD_89233018CNR000004_8900_-NONE-_-NONE-,292026551,2307557,145235,2022-02-16,2022,124800.0,ERIE TECHNICAL SYSTEMS,KODA - AUTOCLAVE ENGNRS SECONDARY PUMPS (2)
CONT_AWD_89233018CNR000004_8900_-NONE-_-NONE-,292026551,2302614,140911-0005,2022-02-17,2022,104000.0,"THE M&P LAB, INC.",MASTER AGREEMENT FOER WORK AUTHORIZATIONS
CONT_AWD_89233018CNR000004_8900_-NONE-_-NONE-,292026551,2303780,140891-0005,2022-02-17,2022,77152.0,CAMBRIDGE VALLEY MACHINING INC,WA22HAW007 (D. HILMAR) STRUCTURAL SUPPORT & HOUSING COVER
CONT_AWD_89233018CNR000004_8900_-NONE-_-NONE-,292026551,2304864,145339,2022-02-17,2022,394180.6,"MIRION TECHNOLOGIES (CANBERRA), INC.",ACCUSCAN II PURCHASE
CONT_AWD_89233018CNR000004_8900_-NONE-_-NONE-,292026551,994038,145341,2022-02-17,2022,72586.41,LECO CORP,PURCHASE OF LECO MODEL AMH55
CONT_AWD_89233018CNR000004_8900_-NONE-_-NONE-,292026551,994344,145297,2022-02-17,2022,95154.0,"DIVERSIFIED METAL PRODUCTS, INC",TOO CONTAINMENT SLEEVE HANDLING TOOL (SFE 173)
CONT_AWD_89233018CNR000004_8900_-NONE-_-NONE-,292026551,1001917,145489,2022-02-21,2022,59920.0,PRECISION DEFENSE SERVICES INC,DEPOPPE - UMBRELLA MACHINE AND FAB.
CONT_AWD_89233018CNR000004_8900_-NONE-_-NONE-,292026551,2302415,145442,2022-02-21,2022,38038.0,LOGISTICS365 INC,NVIDIA QUADRO RTX 4000 VIDEO CARDS
CONT_AWD_89233018CNR000004_8900_-NONE-_-NONE-,292026551,981600,145586,2022-02-21,2022,31990.0,"JOHN C. BERRY & SONS, INC.",FUEL ORDER FOR BOILERS HEATING SEASON 2021-2022
CONT_AWD_89233018CNR000004_8900_-NONE-_-NONE-,292026551,990282,7019255,2022-02-21,2022,408944.0,CDM FEDERAL PROGRAMS CORPORATION,TOA 001 - CAMERA INSPECTION OF EXISTING STORM AND SANITARY SEWER PIPING AT THE K
CONT_AWD_89233018CNR000004_8900_-NONE-_-NONE-,292026551,992390,145238,2022-02-21,2022,90000.0,SCIAKY INC,PREVENTIVE MAINTENANCE AND SERVICES ON THE EBAM
CONT_AWD_89233018CNR000004_8900_-NONE-_-NONE-,292026551,999949,145430,2022-02-21,2022,246846.0,"DOVER ENGINEERED PRODUCTS SEGMENT, INC.",CRL RAPID TRANSFER PORT ASSEMBLIES
CONT_AWD_89233018CNR000004_8900_-NONE-_-NONE-,292026551,1001418,145501,2022-02-22,2022,82800.0,"ALPHA SPECTRA, INC.",ALPHA DETECTORS
CONT_AWD_89233018CNR000004_8900_-NONE-_-NONE-,292026551,1000040,145506,2022-02-23,2022,113085.68,COLOSSAL CONTRACTING LLC,FY22 SAILPOINT IIQ RENEWAL ANNUAL SUPPORT:
CONT_AWD_89233018CNR000004_8900_-NONE-_-NONE-,292026551,1000063,145404,2022-02-23,2022,96921.0,COLOSSAL CONTRACTING LLC,NETWORK SWITCH MODULES
CONT_AWD_89233018CNR000004_8900_-NONE-_-NONE-,292026551,1001421,145505,2022-02-23,2022,70033.14,COLOSSAL CONTRACTING LLC,CISCO EQUIPMENT
CONT_AWD_89233018CNR000004_8900_-NONE-_-NONE-,292026551,2297680,145582,2022-02-23,2022,42599.96,"MICRO MOTION, INC.",(ATIP - NEHRBAUER) FLOW METER
CONT_AWD_89233018CNR000004_8900_-NONE-_-NONE-,292026551,2299049,145237,2022-02-23,2022,522507.0,"JOHNSON CONTROLS BUILDING AUTOMATION SYSTEMS, LLC","INSPECTION, TESTING, AND MAINTENANCE OF FIRE ALARM/DETECTION SYSTEMS AT KNOLLS L"
CONT_AWD_89233018CNR000004_8900_-NONE-_-NONE-,292026551,2301168,145199,2022-02-23,2022,59317.09,LOGISTICS365 INC,SERVER
CONT_AWD_89233018CNR000004_8900_-NONE-_-NONE-,292026551,2304018,144530,2022-02-23,2022,367183.0,"M. M. HAYES COMPANY, INC.",KRONOS MAINTENANCE CONTRACT
CONT_AWD_89233018CNR000004_8900_-NONE-_-NONE-,292026551,2305266,145473,2022-02-23,2022,50775.0,"CANARY LABS, INC.",CANARY SOFTWARE CUSTOMER CARE & SUPPORT SUBSCRIPTION RENEWAL
CONT_AWD_89233018CNR000004_8900_-NONE-_-NONE-,292026551,2308068,145260,2022-02-23,2022,820631.36,"MIRION TECHNOLOGIES (CANBERRA), INC.",CARLSON - Q2 PROCUREMENT
CONT_AWD_89233018CNR000004_8900_-NONE-_-NONE-,292026551,980865,145419,2022-02-23,2022,44635.85,STERLING COMPUTERS CORPORATION,FY22 AXWAY SOFTWARE MAINTENANCE:
CONT_AWD_89233018CNR000004_8900_-NONE-_-NONE-,292026551,983183,145332,2022-02-23,2022,147270.0,"RADIATION TEST SOLUTIONS, INC.",RADIATION EFFECTS TESTING AND MEASUREMENT OF SINGLE EVENT UPSET (SEU) CROSS SECT
CONT_AWD_89233018CNR000004_8900_-NONE-_-NONE-,292026551,984839,145683,2022-02-23,2022,56422.3,"PITTSBURGH FLUID SYSTEMS, LLC",THOMPSON - SWAGELOK MULTIFEED FITTINGS
CONT_AWD_89233018CNR000004_8900_-NONE-_-NONE-,292026551,994335,144642,2022-02-23,2022,256777.0,KIN-TECH MFG INC,"THE SUPPLIER SHALL FURNISH THE NECESSARY LABOR, SUPERVISION, SERVICES, TOOLS, EQ"
CONT_AWD_89233018CNR000004_8900_-NONE-_-NONE-,292026551,996111,145521,2022-02-23,2022,57916.95,BARON FILTRATION COMPANY INC,"210551-940 SERIES FILTER ELEMENTS, MICRON SIZING 10-5-2; ITEM NO. 886679, DWG NO"
CONT_AWD_89233018CNR000004_8900_-NONE-_-NONE-,292026551,997636,145111,2022-02-23,2022,72075.0,"THE SCALE PEOPLE, INC",DILLON APXTREME LIDS BULK BUY
CONT_AWD_89233018CNR000004_8900_-NONE-_-NONE-,292026551,998823,145539,2022-02-23,2022,55000.0,NTOPOLOGY INC,NTOPOLOGY SOFTWARE LICENSES
CONT_AWD_89233018CNR000004_8900_-NONE-_-NONE-,292026551,1002075,145491,2022-02-24,2022,700000.0,MTS SYSTEMS CORPORATION,MTS SYTEMS SERVICE CONTRACT 2022-2027
CONT_AWD_89233018CNR000004_8900_-NONE-_-NONE-,292026551,2302621,145279,2022-02-24,2022,83589.0,"STANTON INDUSTRIAL ELECTRIC SUPPLY, INC","THE SUPPLIER SHALL FURNISH THE NECESSARY LABOR, SUPERVISION, SERVICES, TOOLS, EQ"
CONT_AWD_89233018CNR000004_8900_-NONE-_-NONE-,292026551,2304415,145471,2022-02-24,2022,111470.44,CYKOR LLC,FY 2022 NNPTC CISCO SWITCHES
CONT_AWD_89233018CNR000004_8900_-NONE-_-NONE-,292026551,2306370,139919-0026,2022-02-24,2022,85083.75,SAVANNAH RIVER NUCLEAR SOLUTIONS LLC,LOW LEVEL RAD WASTE SHIPMENTS TO SRNS 'BET-482;483;484;485;486
CONT_AWD_89233018CNR000004_8900_-NONE-_-NONE-,292026551,2306964,145292,2022-02-24,2022,66544.0,"PLAINVILLE ELECTRICAL PRODUCTS COMPANY, THE",SINGLE-SERVO GAUGES AND FACEPLATES
CONT_AWD_89233018CNR000004_8900_-NONE-_-NONE-,292026551,981368,145345,2022-02-24,2022,207872.35,"MYTHICS, LLC",ORACLE PRIMAVERA SOFTWARE RENEWAL
CONT_AWD_89233018CNR000004_8900_-NONE-_-NONE-,292026551,982183,145348,2022-02-24,2022,111540.15,"MYTHICS, LLC",ORACLE PRIMAVERA SOFTWARE LICENSES
CONT_AWD_89233018CNR000004_8900_-NONE-_-NONE-,292026551,990629,145460,2022-02-24,2022,37500.0,ENGINEERING GRAPHICS INC,ADDITIONAL CASUALTY INDICATORS (ACI) FOR ERTT
CONT_AWD_89233018CNR000004_8900_-NONE-_-NONE-,292026551,992138,139166,2022-02-24,2022,542713.73,"CHAMPION, INC.",CHAMPION SUBTIER DIRECT PAYMENT UNDER GRANITE CONSTRUCTION PO #7018988 (CS 106A)
CONT_AWD_89233018CNR000004_8900_-NONE-_-NONE-,292026551,993225,145494,2022-02-24,2022,100700.0,SCIAKY INC,SCIAKY EBAM PYROMETER HARDWARE
CONT_AWD_89233018CNR000004_8900_-NONE-_-NONE-,292026551,999105,145269,2022-02-25,2022,64010.21,COLOSSAL CONTRACTING LLC,PPU SWITCH REPLACEMENTS
CONT_AWD_89233018CNR000004_8900_-NONE-_-NONE-,292026551,1002383,145435,2022-02-28,2022,197304.0,"GARTNER, INC.",IT LEADERSHIP SERVICES (POP 03/01/2022-02/28/2023)
CONT_AWD_89233018CNR000004_8900_-NONE-_-NONE-,292026551,2301229,145267,2022-02-28,2022,513230.0,"AUTHENTIC8, INC",FY22 WEB BROWSER ISOLATION
CONT_AWD_89233018CNR000004_8900_-NONE-_-NONE-,292026551,2304581,145574,2022-02-28,2022,41780.0,"RITEC, INC","THE SUPPLIER SHALL FURNISH THE NECESSARY LABOR, SUPERVISION, SERVICES, TOOLS, EQ"
CONT_AWD_89233018CNR000004_8900_-NONE-_-NONE-,292026551,2305473,145546,2022-02-28,2022,111000.0,SCIENTIFIC FORMING TECHNOLOGIES CORPORATION,2022-2023 ANNUAL RENEWAL OF DEFORM LICENSES
CONT_AWD_89233018CNR000004_8900_-NONE-_-NONE-,292026551,980003,7019259,2022-02-28,2022,130597.0,CDM FEDERAL PROGRAMS CORPORATION,PPU SWITCH REPLACEMENTS
CONT_AWD_89233018CNR000004_8900_-NONE-_-NONE-,292026551,991460,145784,2022-02-28,2022,65900.0,PARKLAND USA CORPORATION,FUEL ORDER FOR BOILERS HEATING SEASON 2021-2022
CONT_AWD_89233018CNR000004_8900_-NONE-_-NONE-,292026551,991554,145262,2022-02-28,2022,3574000.0,AMERICAN CRANE & EQUIPMENT CORP,BRIDGE CRANE FOR MARF DF
CONT_AWD_89233018CNR000004_8900_-NONE-_-NONE-,292026551,994650,145740,2022-02-28,2022,78547.9,COLOSSAL CONTRACTING LLC,BETTIS STORES - IT PERIPHERALS:
CONT_AWD_89233018CNR000004_8900_-NONE-_-NONE-,292026551,1000995,144241,2022-03-01,2022,39930.0,KIN-TECH MFG INC,"CAVRAK - MUCH 3.5 SPACERS, LOCKBARS DUAL LIPT"
CONT_AWD_89233018CNR000004_8900_-NONE-_-NONE-,292026551,2299181,145504,2022-03-01,2022,611440.0,"IDEAL SYSTEM SOLUTIONS, INC.",LABVIEW SOFTWARE 3 YEAR ENTERPRISE PROGRAM AGREEMENT
CONT_AWD_89233018CNR000004_8900_-NONE-_-NONE-,292026551,2305583,145550,2022-03-01,2022,166600.0,PROCESS OPTIMIZATION CORP,FRANC3D 2022/2023 MAINTENANCE
CONT_AWD_89233018CNR000004_8900_-NONE-_-NONE-,292026551,985007,144945,2022-03-01,2022,492724.12,STERLING COMPUTERS CORPORATION,FY22 AFM QUANTUM MAINTENANCE
CONT_AWD_89233018CNR000004_8900_-NONE-_-NONE-,292026551,992376,145533,2022-03-01,2022,69688.48,COLOSSAL CONTRACTING LLC,FY22 SBIT MICROFOCUS
CONT_AWD_89233018CNR000004_8900_-NONE-_-NONE-,292026551,992581,125793-0268,2022-03-01,2022,363901.9,"DAVIES OFFICE REFURBISHING, INC.",PROVIDE MODULAR FURNITURE IN ACCORDANCE WITH BECHTEL MARINE PROPULSION CORPORATI
CONT_AWD_89233018CNR000004_8900_-NONE-_-NONE-,292026551,1000534,145754,2022-03-02,2022,44322.93,"TACTICAL & SURVIVAL SPECIALTIES, LLC",M-240B PURCHASE
CONT_AWD_89233018CNR000004_8900_-NONE-_-NONE-,292026551,2308824,145594,2022-03-02,2022,32395.0,PI PHYSIK INSTRUMENTE LP,SUPPLIER SHALL PROVIDE THE FOLLOWING ITEMS IN ACCORDANCE WITH THE ATTACHED ADMIN
CONT_AWD_89233018CNR000004_8900_-NONE-_-NONE-,292026551,2310024,145420,2022-03-02,2022,72771.0,"TESTFORCE USA, INC.",2022 - SID ARBITRARY WAVEFORM AND COMPACTRIO
CONT_AWD_89233018CNR000004_8900_-NONE-_-NONE-,292026551,982701,145440,2022-03-02,2022,95141.52,STERLING COMPUTERS CORPORATION,RED HAT OPENSHIFT LICENSES AND SUPPORT
CONT_AWD_89233018CNR000004_8900_-NONE-_-NONE-,292026551,987267,145595,2022-03-02,2022,114735.0,WSC FEDERAL LLC,3KEYMASTER SOFTWARE
CONT_AWD_89233018CNR000004_8900_-NONE-_-NONE-,292026551,993088,145502,2022-03-02,2022,85100.72,COLOSSAL CONTRACTING LLC,CISCO NETWORK SWITCHES
CONT_AWD_89233018CNR000004_8900_-NONE-_-NONE-,292026551,994942,145247,2022-03-02,2022,162806.98,"FCN, INC.",SES-ICIT NETWORK SWITCHES TO SUPPORT TEQNET
CONT_AWD_89233018CNR000004_8900_-NONE-_-NONE-,292026551,997480,145700,2022-03-02,2022,96395.0,ASSURANCE DATA INC,FY22 FIREEYE MAINTENANCE RENEWAL:
CONT_AWD_89233018CNR000004_8900_-NONE-_-NONE-,292026551,1000497,145227,2022-03-03,2022,573690.0,"DOVER ENGINEERED PRODUCTS SEGMENT, INC.",KLEIN - MEL EAST CELL TMS
CONT_AWD_89233018CNR000004_8900_-NONE-_-NONE-,292026551,1000939,145470,2022-03-03,2022,255148.35,COLOSSAL CONTRACTING LLC,FY 2022 NNPTC DELL SERVERS
CONT_AWD_89233018CNR000004_8900_-NONE-_-NONE-,292026551,2301821,143354,2022-03-03,2022,442250.0,GRANT THORNTON PUBLIC SECTOR LLC,EPM - BPR MAINTENANCE SERVICES CONTRACT
CONT_AWD_89233018CNR000004_8900_-NONE-_-NONE-,292026551,2306812,125349-0012,2022-03-03,2022,82000.0,"BATTELLE ENERGY ALLIANCE, LLC",CHARACTERIZATION AND/OR TESTING OF NUCLEAR MATERIALS
CONT_AWD_89233018CNR000004_8900_-NONE-_-NONE-,292026551,986916,145337,2022-03-03,2022,72318.53,"NETZSCH INSTRUMENTS NORTH AMERICA, LLC","THE SUPPLIER SHALL FURNISH THE NECESSARY LABOR, SUPERVISION, SERVICES, TOOLS, EQ"
CONT_AWD_89233018CNR000004_8900_-NONE-_-NONE-,292026551,992907,145407,2022-03-03,2022,143465.0,"VANGURA TOOL, INC.",PICA - MACHINING TEST SPECIMENS FROM PM-HIP NICKEL AND STAINLESS STEEL ALLOYS
CONT_AWD_89233018CNR000004_8900_-NONE-_-NONE-,292026551,994037,135823,2022-03-03,2022,331323.56,ENERGY & PROCESS CORP,TUCCELLI -IPT PRESSURE BOUNDARY MATERIAL -
CONT_AWD_89233018CNR000004_8900_-NONE-_-NONE-,292026551,996381,145207,2022-03-03,2022,266000.0,"MH PROFESSIONAL ENGINEERING, PLLC",BETTIS LABORATORY RE-/ RETRO-COMMISSIONING AND VENTILATION AND THERMAL COMFORT R
CONT_AWD_89233018CNR000004_8900_-NONE-_-NONE-,292026551,998071,144482,2022-03-03,2022,85962.58,CARPENTER ADDITIVE U.S. LLC,PICA - SPECIAL NICKEL AND STAINLESS STEEL PM-HIP BILLETS
CONT_AWD_89233018CNR000004_8900_-NONE-_-NONE-,292026551,2298769,7019265,2022-03-04,2022,426227.0,BAKER AND ASSOCIATES,TOA 410 SWAB CONCEPTUAL DESIGN
CONT_AWD_89233018CNR000004_8900_-NONE-_-NONE-,292026551,2299457,145811,2022-03-04,2022,41144.2,UNITECH SERVICES GROUP,BETTIS STORES - ANTI-C COVERALLS
CONT_AWD_89233018CNR000004_8900_-NONE-_-NONE-,292026551,985065,145136,2022-03-04,2022,212394.0,TRI NUCLEAR CORP,TOO UNDERWATER VACUUM SYSTEM (UVS) IN ACCORDANCE WITH THE APPLICABLE TECHNICAL R
CONT_AWD_89233018CNR000004_8900_-NONE-_-NONE-,292026551,999699,125793-0271,2022-03-04,2022,74113.0,"DAVIES OFFICE REFURBISHING, INC.",PROVIDE MODULAR FURNITURE IN ACCORDANCE WITH BECHTEL MARINE PROPULSION CORPORATI
CONT_AWD_89233018CNR000004_8900_-NONE-_-NONE-,292026551,1001858,145549,2022-03-07,2022,152562.5,"ESTECO NORTH AMERICA, INC.",MODEFRONTIER 2022 LICENSE RENEWAL
CONT_AWD_89233018CNR000004_8900_-NONE-_-NONE-,292026551,2300504,145874,2022-03-07,2022,36852.2,TIGER-VAC INC.,SUPPLIER SHALL PROVIDE THE FOLLOWING ITEMS IN ACCORDANCE WITH THE ATTACHED ADMIN
CONT_AWD_89233018CNR000004_8900_-NONE-_-NONE-,292026551,2306565,145779,2022-03-07,2022,38948.0,"NORTHERN SPECIALTY METALS, INC.",TACKES - 4 INCH THICK HY-80 PLATE SECTIONS
CONT_AWD_89233018CNR000004_8900_-NONE-_-NONE-,292026551,982044,145862,2022-03-07,2022,42990.0,PARKLAND USA CORPORATION,FUEL ORDER FOR BOILERS HEATING SEASON 2021-2022
CONT_AWD_89233018CNR000004_8900_-NONE-_-NONE-,292026551,992203,140877-0002,2022-03-07,2022,50647.0,EDISON WELDING INSTITUTE INC,MASTER AGREEMENT FOR WORK AUTHORIZATIONS
CONT_AWD_89233018CNR000004_8900_-NONE-_-NONE-,292026551,996417,143780,2022-03-07,2022,2001926.56,DYNAMIC SYSTEMS INC,ACQUISITION AND SUPPLY CHAIN MANAGEMENT (ASCM)
CONT_AWD_89233018CNR000004_8900_-NONE-_-NONE-,292026551,1002115,145599,2022-03-08,2022,100000.0,"MASS VIRTUAL, INC.",VIRTUAL ATTAIN YEARLY MAINTENANCE AND SUPPORT
CONT_AWD_89233018CNR000004_8900_-NONE-_-NONE-,292026551,2305408,144972,2022-03-08,2022,696571.0,"MIRION TECHNOLOGIES (CANBERRA), INC.",MIRION CANBERRA EQUIPMENT PURCHASE AND INSTALLATION
CONT_AWD_89233018CNR000004_8900_-NONE-_-NONE-,292026551,2308531,145621,2022-03-08,2022,75744.0,AMERICAN FABRICATION INC,"201530-HOOK, LANYARD; SI: N/A; CAGE: 6E963; (BOX = 150 EACH; TO BE PACKAGED AS"
CONT_AWD_89233018CNR000004_8900_-NONE-_-NONE-,292026551,986309,145558,2022-03-08,2022,98068.0,"REVVITY HEALTH SCIENCES, INC.","LIQUID SCINTILLATION ANALYZER PURCHASE, INSTALL AND TRAINING"
CONT_AWD_89233018CNR000004_8900_-NONE-_-NONE-,292026551,987740,145497,2022-03-08,2022,94284.0,SCOT FORGE COMPANY,TACKES - 48 INCH DIAMETER FORGED RINGS
CONT_AWD_89233018CNR000004_8900_-NONE-_-NONE-,292026551,987946,145106,2022-03-08,2022,741564.8,C6I SERVICES CORP,SUPPORT DEVELOPMENT OF VIRTUAL TRAINING PRODUCTS FOR NTS AND RS
CONT_AWD_89233018CNR000004_8900_-NONE-_-NONE-,292026551,989687,140859-0016,2022-03-08,2022,47400.0,DEPENDABLE TOOL & DIE CO INC,WA22HAW004 (S. GLENNON) LEDSH PROCUREMENT
CONT_AWD_89233018CNR000004_8900_-NONE-_-NONE-,292026551,992481,145794,2022-03-08,2022,54771.0,"HOLTS PRECISION, INC.",MAGELLAN VIDEO MEASURING MACHINE
CONT_AWD_89233018CNR000004_8900_-NONE-_-NONE-,292026551,1004659,145688,2022-03-09,2022,50485.0,"CADIMENSIONS, INC.",FY22 SUPPORT/MAINTENANCE RENEWAL (NTS SOLIDWORKS)
CONT_AWD_89233018CNR000004_8900_-NONE-_-NONE-,292026551,2305495,145444,2022-03-09,2022,175500.0,"STRUCTURAL INTEGRITY ASSOCIATES, INC",FEASABILITY STUDY FOR LARGE SCALE HIP PRESS
CONT_AWD_89233018CNR000004_8900_-NONE-_-NONE-,292026551,2308561,139919-0027,2022-03-09,2022,35775.0,SAVANNAH RIVER NUCLEAR SOLUTIONS LLC,LOW LEVEL RAD WASTE SHIPMENTS TO SRNS BET-095
CONT_AWD_89233018CNR000004_8900_-NONE-_-NONE-,292026551,2309739,145707,2022-03-09,2022,54720.0,CAPITAL TECHNICAL RESCUE & SAFETY CONSULTANTS LLC,LIVE FIRE TRAINING FOR KSES AND KN ESS
CONT_AWD_89233018CNR000004_8900_-NONE-_-NONE-,292026551,984879,145692,2022-03-09,2022,33537.32,EASTERN POWER TECHNOLOGIES INC,AIR COMPRESSOR
CONT_AWD_89233018CNR000004_8900_-NONE-_-NONE-,292026551,992646,145604,2022-03-09,2022,297261.0,AUDIO-VIDEO CORPORATION.,KNOLLS ECC DIGITAL UPGRADE
CONT_AWD_89233018CNR000004_8900_-NONE-_-NONE-,292026551,2300593,145634,2022-03-10,2022,52790.0,THE LINCOLN ELECTRIC COMPANY,"THE SUPPLIER SHALL FURNISH THE NECESSARY LABOR, SUPERVISION, SERVICES, TOOLS, EQ"
CONT_AWD_89233018CNR000004_8900_-NONE-_-NONE-,292026551,2303663,145507,2022-03-10,2022,58640.0,NEWARK ELECTRONICS CORPORATION,NATIONAL INTRUMENT EQUIPMENT FOR IN SITU ATR TEST
CONT_AWD_89233018CNR000004_8900_-NONE-_-NONE-,292026551,1001479,145396,2022-03-11,2022,548666.01,"FCN, INC.",BPMI SWITCHES- ALL LINES SHALL BE CONFIGURED IN ACCORDANCE WITH THE ATTACHED TEC
CONT_AWD_89233018CNR000004_8900_-NONE-_-NONE-,292026551,2299664,145393,2022-03-11,2022,77000.0,"STRATASYS, INC.",STRATASYS 3D PRINTER 1YR. MAINTENANCE CONTRACT
CONT_AWD_89233018CNR000004_8900_-NONE-_-NONE-,292026551,994965,145591,2022-03-11,2022,36545.74,"FCN, INC.",PANASONIC TOUGHBOOKS
CONT_AWD_89233018CNR000004_8900_-NONE-_-NONE-,292026551,2296649,145777,2022-03-14,2022,218725.0,"GENERAL DYNAMICS MISSION SYSTEMS, INC.",FY22 TACLANCES - UK
CONT_AWD_89233018CNR000004_8900_-NONE-_-NONE-,292026551,2300339,145445,2022-03-14,2022,432800.0,"K & D ELECTRIC, INC.",BACKUP POWER UPGRADE PROJECT CONSTRUCTION
CONT_AWD_89233018CNR000004_8900_-NONE-_-NONE-,292026551,2307601,140349-0055,2022-03-14,2022,40974.6,"O'CONNELL ELECTRIC COMPANY, INC.",DATA COMMUNICATION NETWORK INFRASTRUCTURE FOR KNOLLS AND KESSELRING SITES
CONT_AWD_89233018CNR000004_8900_-NONE-_-NONE-,292026551,2302209,145259,2022-03-15,2022,72450.0,FOUR LLC,ANGEL LMS RENEWAL
CONT_AWD_89233018CNR000004_8900_-NONE-_-NONE-,292026551,2305388,145170,2022-03-15,2022,71191.12,DSPACE INC,DSPACE SCALEXIO LABBOX SYSTEM
CONT_AWD_89233018CNR000004_8900_-NONE-_-NONE-,292026551,2306520,144906,2022-03-15,2022,158959.0,"MIRION TECHNOLOGIES (CANBERRA), INC.",S8GSS SIMULATED GAMMA SPECTROSCOPY EQUIP
CONT_AWD_89233018CNR000004_8900_-NONE-_-NONE-,292026551,2308059,144044,2022-03-15,2022,214510.0,"GENESYS CONSULTING SERVICES, INC.",SOFTWARE DEVELOPER SUBCONTRACTOR FOR CORE ANALYSIS PROCESS PLANT SYSTEM (CAPS) P
CONT_AWD_89233018CNR000004_8900_-NONE-_-NONE-,292026551,983864,145868,2022-03-15,2022,44699.0,"DISTRIBUTION MANAGEMENT COMPANY, INC.",FLOWTRAC CUSTOMIZATION SERVICES
CONT_AWD_89233018CNR000004_8900_-NONE-_-NONE-,292026551,985927,145946,2022-03-15,2022,42490.0,PARKLAND USA CORPORATION,FUEL ORDER FOR BOILERS HEATING SEASON 2021-2022
CONT_AWD_89233018CNR000004_8900_-NONE-_-NONE-,292026551,995919,144944,2022-03-15,2022,77290.43,DYNAMIC SYSTEMS INC,FY22 ORACLE-STK MAINTENANCE
CONT_AWD_89233018CNR000004_8900_-NONE-_-NONE-,292026551,2303667,135300-0003,2022-03-16,2022,66703.0,"MJ ENGINEERING, ARCHITECTURE, LANDSCAPE ARCHITECTURE, AND LAND SURVEYING P.C.",GIS MASTER AGREEMENT
CONT_AWD_89233018CNR000004_8900_-NONE-_-NONE-,292026551,2304284,145855,2022-03-16,2022,34650.0,GHA TECHNOLOGIES INC,NEATO D7 ROBOT CARPET CLEANERS
CONT_AWD_89233018CNR000004_8900_-NONE-_-NONE-,292026551,2305915,144239,2022-03-16,2022,201734.0,APPLEGATE EDM LLC,COOPER - ZIRC EDM QUAL - MUCH 14 RACK AND LIPT MINISUB HOLDERS
CONT_AWD_89233018CNR000004_8900_-NONE-_-NONE-,292026551,989044,145755,2022-03-16,2022,102845.78,B M KRAMER & COMPANY INC,FLEISCHMANN - TDC VARIANT DEVICE RAW MATERIALS
CONT_AWD_89233018CNR000004_8900_-NONE-_-NONE-,292026551,2299351,144973,2022-03-17,2022,273410.0,"OXFORD INSTRUMENTS AMERICA, INC.",EDS/EBSD DETECTOR UPGRADE AND INSTALLATION ON TESCAN MIRA-3 SYSTEM
CONT_AWD_89233018CNR000004_8900_-NONE-_-NONE-,292026551,2301138,145537,2022-03-17,2022,382888.0,ADVETAGE SOLUTIONS LLC,PORTAL MONITORS
CONT_AWD_89233018CNR000004_8900_-NONE-_-NONE-,292026551,998902,145169,2022-03-17,2022,104029.42,DYNAMIC SYSTEMS INC,FY22 SOLARIS 10 MAINTENANCE
CONT_AWD_89233018CNR000004_8900_-NONE-_-NONE-,292026551,2301732,145778,2022-03-21,2022,48708.0,"RENISHAW, INC.",LANGER - RENISHAW PROBES FOR SCAMM HEADS
CONT_AWD_89233018CNR000004_8900_-NONE-_-NONE-,292026551,2302133,145785,2022-03-21,2022,56391.8,LOGISTICS365 INC,VG STUDIOMAX CAST AND MOLD
CONT_AWD_89233018CNR000004_8900_-NONE-_-NONE-,292026551,2307830,145825,2022-03-21,2022,213057.0,"GENESYS CONSULTING SERVICES, INC.",ENGINEERING APPLICATION DEVELOPER LEVEL II SERVICES (PERIOD OF PERFORMANCE: 4/1/
CONT_AWD_89233018CNR000004_8900_-NONE-_-NONE-,292026551,982383,146024,2022-03-21,2022,65235.0,PARKLAND USA CORPORATION,FUEL ORDER FOR BOILERS HEATING SEASON 2021-2022
CONT_AWD_89233018CNR000004_8900_-NONE-_-NONE-,292026551,990891,145661,2022-03-21,2022,48963.0,FEDERAL CONTRACTS LLC,NARROW ISLE REACH TRUCK
CONT_AWD_89233018CNR000004_8900_-NONE-_-NONE-,292026551,996835,145264,2022-03-21,2022,1586000.0,"SUNROC CONSTRUCTION CO., INC.",JOB 1324 DOE-EM WATER UTILITIES
CONT_AWD_89233018CNR000004_8900_-NONE-_-NONE-,292026551,998679,145879,2022-03-21,2022,145013.7,"FCN, INC.",FY22 O365 BACKUP SOLUTION (COMMVAULT):
CONT_AWD_89233018CNR000004_8900_-NONE-_-NONE-,292026551,998991,145821,2022-03-21,2022,38289.3,CLYDE ARMORY INC,COLT RIFLES FOR NRF
CONT_AWD_89233018CNR000004_8900_-NONE-_-NONE-,292026551,999548,145788,2022-03-21,2022,91960.0,"VANGURA TOOL, INC.",DURICK - OVERPACKS 2022
CONT_AWD_89233018CNR000004_8900_-NONE-_-NONE-,292026551,1003055,145693,2022-03-22,2022,48971.51,CLAYTON ENGINEERING CO,FY22 KNOLLS VQPT DACS SCHNEIDER ELECTRIC HARDWARE
CONT_AWD_89233018CNR000004_8900_-NONE-_-NONE-,292026551,2303090,145602,2022-03-22,2022,37350.0,RELX INC.,FY2022 LEXIS NEXIS
CONT_AWD_89233018CNR000004_8900_-NONE-_-NONE-,292026551,2303461,145751,2022-03-22,2022,38985.0,LOGISTICS365 INC,SOFTWARE RENEWAL
CONT_AWD_89233018CNR000004_8900_-NONE-_-NONE-,292026551,2306591,145402,2022-03-22,2022,52357.5,FLUKE ELECTRONICS CORP,PURCHASE OF GOLD SUPPORT FOR FLUKE 5790B AC MEASUREMENT STANDARD
CONT_AWD_89233018CNR000004_8900_-NONE-_-NONE-,292026551,996099,145803,2022-03-22,2022,35105.2,COLOSSAL CONTRACTING LLC,FY22 A1B NF TR VI NETWORK EQUIPMENT
CONT_AWD_89233018CNR000004_8900_-NONE-_-NONE-,292026551,999763,145804,2022-03-22,2022,81598.96,COLOSSAL CONTRACTING LLC,FY22 INFRASTRUCTURE NETWORK EQUIPMENT
CONT_AWD_89233018CNR000004_8900_-NONE-_-NONE-,292026551,1002921,145761,2022-03-23,2022,36150.0,METTLER-TOLEDO LLC,METTLER-TOLEDO BALANCES FOR CDL
CONT_AWD_89233018CNR000004_8900_-NONE-_-NONE-,292026551,2303920,7019264,2022-03-23,2022,118517.0,"BEARDSLEY DESIGN ASSOCIATES ARCHITECTURE, ENGINEERING, LANDSCAPE ARCHITECTURE, D.P.C.",AE
CONT_AWD_89233018CNR000004_8900_-NONE-_-NONE-,292026551,2306500,145499,2022-03-23,2022,389046.09,"G2IT, LLC",FY22 REMEDY SUPPORT AND MAINTENANCE (5/1/2022-4/30/2023)
CONT_AWD_89233018CNR000004_8900_-NONE-_-NONE-,292026551,2307502,140349-0054,2022-03-23,2022,62770.8,"O'CONNELL ELECTRIC COMPANY, INC.",DATA COMMUNICATION NETWORK INFRASTRUCTURE FOR KNOLLS AND KESSELRING SITES
CONT_AWD_89233018CNR000004_8900_-NONE-_-NONE-,292026551,998589,145277,2022-03-23,2022,35048.56,DYNAMIC SYSTEMS INC,FY22 ORACLE SOLARIS 11 MAINTENANCE:
CONT_AWD_89233018CNR000004_8900_-NONE-_-NONE-,292026551,999604,145866,2022-03-23,2022,75182.0,"WESTWIND COMPUTER PRODUCTS, INC.",FY22 NNPTC PRINTERS AND SENDERS
CONT_AWD_89233018CNR000004_8900_-NONE-_-NONE-,292026551,2303013,146049,2022-03-24,2022,30575.25,"MOTION INDUSTRIES, INC.",TE CONNECTIVITY SEACON
CONT_AWD_89233018CNR000004_8900_-NONE-_-NONE-,292026551,2305691,145762,2022-03-24,2022,98498.0,CUSTOM ENGINEERING CO.,"FLEISCHMANN - TDC TEST DEVICE MACHINING, FABRICATION, AND WELDING"
CONT_AWD_89233018CNR000004_8900_-NONE-_-NONE-,292026551,2306080,145224,2022-03-24,2022,1002012.04,JAMES A EDGAR CO INC,ROOF MAINTENANCE AT KNOLLS ATOMIC POWER LABORATORY
CONT_AWD_89233018CNR000004_8900_-NONE-_-NONE-,292026551,983726,145984,2022-03-24,2022,32180.0,XEI SCIENTIFIC INC,EVACTROM SOFTCLEAN PLASMA CLEANER FOR EM SAMPLES/HOLDERS
CONT_AWD_89233018CNR000004_8900_-NONE-_-NONE-,292026551,989999,7019269,2022-03-24,2022,58675.0,RAND WORLDWIDE SUBSIDIARY INC,JOHN HOPFER TRAINING
CONT_AWD_89233018CNR000004_8900_-NONE-_-NONE-,292026551,996823,142731,2022-03-24,2022,108698.46,"ENGINEERING & COMPUTER SIMULATIONS, INC.",SUPPORT DEVELOPMENT OF VIRTUAL TRAINING PRODUCTS FOR NTS AND RS
CONT_AWD_89233018CNR000004_8900_-NONE-_-NONE-,292026551,2299144,145528,2022-03-25,2022,99816.88,"IDEAL SYSTEM SOLUTIONS, INC.",NATIONAL INSTRUMENTS HARDWARE
CONT_AWD_89233018CNR000004_8900_-NONE-_-NONE-,292026551,2304796,140912,2022-03-25,2022,5633025.0,"WALTERS CO. AIRCONDITIONING, INC., THE","HEATING, VENTILATION & AIR CONDITIONING PREVENTIVE AND CORRECTIVE"
CONT_AWD_89233018CNR000004_8900_-NONE-_-NONE-,292026551,988657,146001,2022-03-25,2022,137900.0,CARAHSOFT TECHNOLOGY CORP,LINKEDIN - TALENT RENEWAL
CONT_AWD_89233018CNR000004_8900_-NONE-_-NONE-,292026551,2300936,146029,2022-03-28,2022,50625.0,BOTACH INC.,RIFLE LIGHTS FOR NRPF
CONT_AWD_89233018CNR000004_8900_-NONE-_-NONE-,292026551,2302436,145592,2022-03-28,2022,102284.45,LOGISTICS365 INC,"CONFLUENT LICENSES, SUPPORT, AND TRAINING"
CONT_AWD_89233018CNR000004_8900_-NONE-_-NONE-,292026551,2304446,145815,2022-03-28,2022,97687.7,GREEN HILLS SOFTWARE LLC,GREENHILLS MULTI IDE
CONT_AWD_89233018CNR000004_8900_-NONE-_-NONE-,292026551,2307626,145657,2022-03-28,2022,142500.0,"ASTLEY PRECISION MACHINE COMPANY, INC.",BLASKO - PALM III MISSLE SUPPRESSION SYSTEM
CONT_AWD_89233018CNR000004_8900_-NONE-_-NONE-,292026551,2308705,145897,2022-03-28,2022,148875.0,PI PHYSIK INSTRUMENTE LP,"THE SUPPLIER SHALL FURNISH THE NECESSARY LABOR, SUPERVISION, SERVICES, TOOLS, EQ"
CONT_AWD_89233018CNR000004_8900_-NONE-_-NONE-,292026551,989946,146087,2022-03-28,2022,44590.0,"JOHN C. BERRY & SONS, INC.",FUEL ORDER FOR BOILERS HEATING SEASON 2021-2022
CONT_AWD_89233018CNR000004_8900_-NONE-_-NONE-,292026551,2300696,145912,2022-03-29,2022,133272.0,LOGISTICS365 INC,2022 KS NVR REFRESH
CONT_AWD_89233018CNR000004_8900_-NONE-_-NONE-,292026551,2306557,139919-0030,2022-03-29,2022,68067.0,SAVANNAH RIVER NUCLEAR SOLUTIONS LLC,LOW LEVEL RAD WASTE SHIPMENTS TO SRNS KNO-072
CONT_AWD_89233018CNR000004_8900_-NONE-_-NONE-,292026551,2306780,139919-0029,2022-03-29,2022,33412.5,SAVANNAH RIVER NUCLEAR SOLUTIONS LLC,LOW LEVEL RAD WASTE SHIPMENTS TO SRNS KNO-072
CONT_AWD_89233018CNR000004_8900_-NONE-_-NONE-,292026551,2308358,146006,2022-03-29,2022,42100.0,"ASTLEY PRECISION MACHINE COMPANY, INC.",BURGE - LOOP 29 RESISTOR RACK COPPER
CONT_AWD_89233018CNR000004_8900_-NONE-_-NONE-,292026551,2308375,145413,2022-03-29,2022,133564.23,THERMO ELECTRON NORTH AMERICA LLC,REPLACEMENT MODULES TO UPGRADE AN ION CHROMATOGRAPHY SYSTEM AT THE LOWER LEVEL
CONT_AWD_89233018CNR000004_8900_-NONE-_-NONE-,292026551,991487,145838,2022-03-29,2022,104083.11,STERLING COMPUTERS CORPORATION,FY2022 NPTU-C CISCO SWITCHES
CONT_AWD_89233018CNR000004_8900_-NONE-_-NONE-,292026551,991520,137650-0007,2022-03-29,2022,38144.38,"BLOOD HOUND, LLC",UTILITY SCANNING AND VACUUM EXACATION
CONT_AWD_89233018CNR000004_8900_-NONE-_-NONE-,292026551,998362,144943,2022-03-29,2022,65594.0,"WESTWIND COMPUTER PRODUCTS, INC.",FY22 HPE MAINTENANCE
CONT_AWD_89233018CNR000004_8900_-NONE-_-NONE-,292026551,998698,143960,2022-03-29,2022,5620482.5,HOLMANS USA CORPORATION,FY22 HPC SYSTEM
CONT_AWD_89233018CNR000004_8900_-NONE-_-NONE-,292026551,2296223,133988,2022-03-30,2022,1196316.0,JMR DEVELOPMENT COMPANY LLC,THE SOLE PURPOSE OF THIS PURCHASE ORDER IS TO OBLIGATE THE LEASE FUNDS PER YEAR
CONT_AWD_89233018CNR000004_8900_-NONE-_-NONE-,292026551,2296913,140271-0005,2022-03-30,2022,148669.14,"DALE HUFFAKER TRUCK AND BACKHOE, L.L.C.",GSS MASTER AGREEMENT
CONT_AWD_89233018CNR000004_8900_-NONE-_-NONE-,292026551,2297971,140271-0006,2022-03-30,2022,42225.6,"DALE HUFFAKER TRUCK AND BACKHOE, L.L.C.",GSS MASTER AGREEMENT
CONT_AWD_89233018CNR000004_8900_-NONE-_-NONE-,292026551,2303051,145425,2022-03-30,2022,695084.89,"T-MOBILE USA, INC.",T-MOBILE FUNDING
CONT_AWD_89233018CNR000004_8900_-NONE-_-NONE-,292026551,2303500,145436,2022-03-30,2022,75763.75,"MC MACHINERY SYSTEMS, INC",MITSUBISHI PM AND REPAIR CONTRACT FOR FY 2022-2024
CONT_AWD_89233018CNR000004_8900_-NONE-_-NONE-,292026551,992500,145589,2022-03-30,2022,98904.95,G. C. MICRO CORPORATION,MOTOROLA RADIOS
CONT_AWD_89233018CNR000004_8900_-NONE-_-NONE-,292026551,2301034,145956,2022-03-31,2022,85558.38,GHA TECHNOLOGIES INC,ROHDE & SCHWARZ HANDHELL OSCILLOSCOPES
CONT_AWD_89233018CNR000004_8900_-NONE-_-NONE-,292026551,2301097,145551,2022-03-31,2022,149701.5,INFORMATION MANAGEMENT GROUP INCORPORATED,INFORMATION TECHNOLOGY (IT) SUPPORT SERVICES
CONT_AWD_89233018CNR000004_8900_-NONE-_-NONE-,292026551,995227,133225-0044,2022-03-31,2022,44815.0,SNK ENTERPRISES INC,PERFORM UNDERGROUND SYSTEMS REPAIRS WORK IN ACCORDANCE WITH TECHNICAL SPECIFICAT
CONT_AWD_89233018CNR000004_8900_-NONE-_-NONE-,292026551,996182,146139,2022-03-31,2022,33000.0,ALTAIR ENGINEERING INC.,ACUSOLVE LICENSE RENEWAL FY22
CONT_AWD_89233018CNR000004_8900_-NONE-_-NONE-,292026551,997225,146135-0001,2022-03-31,2022,1728604.0,"GRM KONTRACTING, LLC",1717 GENERAL CONSTRUCTION
CONT_AWD_89233018CNR000004_8900_-NONE-_-NONE-,292026551,1001109,145622,2022-04-03,2022,39383.85,DYNAMIC SYSTEMS INC,"ORACLE DATA WAREHOUSE SUPPORT, SERVICE, AND LICENSE RENEWAL"
CONT_AWD_89233018CNR000004_8900_-NONE-_-NONE-,292026551,993978,145399,2022-04-03,2022,788065.58,DYNAMIC SYSTEMS INC,FY22 IBM LSF MAINTENANCE CONTRACT
CONT_AWD_89233018CNR000004_8900_-NONE-_-NONE-,292026551,998711,145859,2022-04-03,2022,93000.0,"WESTWIND COMPUTER PRODUCTS, INC.","CONTENT MANAGER 3,000 LICENSE RENEWAL"
CONT_AWD_89233018CNR000004_8900_-NONE-_-NONE-,292026551,2299234,7019208,2022-04-04,2022,198200.0,BAKER AND ASSOCIATES,0
CONT_AWD_89233018CNR000004_8900_-NONE-_-NONE-,292026551,2300084,145860,2022-04-04,2022,79071.45,"DLT SOLUTIONS, LLC",AUTODESK SOFTWARE LICENSE RENEWAL #110001642231 #110003078491
CONT_AWD_89233018CNR000004_8900_-NONE-_-NONE-,292026551,2304991,145899,2022-04-04,2022,86020.0,"MIRION TECHNOLOGIES (CANBERRA), INC.",LB-4200 GAB DETECTOR
CONT_AWD_89233018CNR000004_8900_-NONE-_-NONE-,292026551,2306709,146129,2022-04-04,2022,47525.0,PI PHYSIK INSTRUMENTE LP,SUPPLIER SHALL PROVIDE THE FOLLOWING ITEMS IN ACCORDANCE WITH THE ATTACHED ADMIN
CONT_AWD_89233018CNR000004_8900_-NONE-_-NONE-,292026551,2308782,145911,2022-04-04,2022,228360.0,CONTAINER PRODUCTS CORPORATION,B-12 TYPE A STEEL CONTAINERS
CONT_AWD_89233018CNR000004_8900_-NONE-_-NONE-,292026551,982083,145203,2022-04-04,2022,108594.0,NEFF EXPANSION NE LLC,UR5E UNIVERSAL ROBOT WITH ROBOTIQ FORCE COPILOT SOFTWARE
CONT_AWD_89233018CNR000004_8900_-NONE-_-NONE-,292026551,987449,146173,2022-04-04,2022,43990.0,"JOHN C. BERRY & SONS, INC.",FUEL ORDER FOR BOILERS HEATING SEASON 2021-2022
CONT_AWD_89233018CNR000004_8900_-NONE-_-NONE-,292026551,2301091,7019268,2022-04-05,2022,45543.0,"BEARDSLEY DESIGN ASSOCIATES ARCHITECTURE, ENGINEERING, LANDSCAPE ARCHITECTURE, D.P.C.",BUILDINGS A4/A6 FIRE WATER MODIFICATIONS
CONT_AWD_89233018CNR000004_8900_-NONE-_-NONE-,292026551,2302873,145851,2022-04-05,2022,41340.15,LOGISTICS365 INC,NVIDIA VIDEO CARDS
CONT_AWD_89233018CNR000004_8900_-NONE-_-NONE-,292026551,980131,145764,2022-04-05,2022,558866.4,STERLING COMPUTERS CORPORATION,FY22 S6G MTS SIM SUITE VI
CONT_AWD_89233018CNR000004_8900_-NONE-_-NONE-,292026551,981219,145871,2022-04-05,2022,30907.9,STERLING COMPUTERS CORPORATION,FY22 DFD HW MAINTENANCE
CONT_AWD_89233018CNR000004_8900_-NONE-_-NONE-,292026551,981700,146089,2022-04-05,2022,55429.0,"BURNS INDUSTRIAL EQUIPMENT, INC",PALLET JACK
CONT_AWD_89233018CNR000004_8900_-NONE-_-NONE-,292026551,986222,145837,2022-04-05,2022,542251.08,STERLING COMPUTERS CORPORATION,FY22 A1B NF TR VI
CONT_AWD_89233018CNR000004_8900_-NONE-_-NONE-,292026551,986851,145756,2022-04-05,2022,317002.62,STERLING COMPUTERS CORPORATION,FY22 DATA PROTECTION ENHANCEMENTS AND EXPANSION
CONT_AWD_89233018CNR000004_8900_-NONE-_-NONE-,292026551,989875,145878,2022-04-05,2022,768441.3,STERLING COMPUTERS CORPORATION,FY22 VIRTUAL INFRASTRUCTURE UPGRADE
CONT_AWD_89233018CNR000004_8900_-NONE-_-NONE-,292026551,991599,145908,2022-04-05,2022,84811.83,LEMO USA INC,WEBER - POLDAS PRODUCTION CONNECTORS
CONT_AWD_89233018CNR000004_8900_-NONE-_-NONE-,292026551,995048,144242,2022-04-05,2022,445865.0,"VANGURA TOOL, INC.",BLASKO -PALM III DRIVE UNIT ASSEMBLY
CONT_AWD_89233018CNR000004_8900_-NONE-_-NONE-,292026551,2299765,7019273,2022-04-06,2022,114210.0,BAKER AND ASSOCIATES,TOA-401 BPU TITLE III ENGINEERING SUPPORT
CONT_AWD_89233018CNR000004_8900_-NONE-_-NONE-,292026551,2303464,145737,2022-04-06,2022,51007.04,HACH COMPANY,HACH ORBISHERE PROVE & RECHARGE KIT (CARL BARR)
CONT_AWD_89233018CNR000004_8900_-NONE-_-NONE-,292026551,2304593,140268-0006,2022-04-06,2022,114969.0,"K & D ELECTRIC, INC.",GSS MASTER AGREEMENT
CONT_AWD_89233018CNR000004_8900_-NONE-_-NONE-,292026551,2308220,139919-0031,2022-04-06,2022,68067.0,SAVANNAH RIVER NUCLEAR SOLUTIONS LLC,LOW LEVEL RAD WASTE SHIPMENTS TO SRNS BET-491 TO 494
CONT_AWD_89233018CNR000004_8900_-NONE-_-NONE-,292026551,989058,139166,2022-04-06,2022,39689785.86,"CHAMPION, INC.",CHAMPION SUBTIER DIRECT PAYMENT UNDER GRANITE CONSTRUCTION PO #7018988 (CS 106A)
CONT_AWD_89233018CNR000004_8900_-NONE-_-NONE-,292026551,996619,145889,2022-04-06,2022,72784.0,"DOVER ENGINEERED PRODUCTS SEGMENT, INC.","268205-WRIST JOINT PART OF MANIPULATORS MODEL 8, HOT CELL; D-10164 CAGE: 95624"
CONT_AWD_89233018CNR000004_8900_-NONE-_-NONE-,292026551,999102,145883,2022-04-06,2022,1153852.0,"WESTWIND COMPUTER PRODUCTS, INC.",FY22 HP SERVERS:
CONT_AWD_89233018CNR000004_8900_-NONE-_-NONE-,292026551,2300742,145671,2022-04-07,2022,698484.01,CYNERGY PROFESSIONAL SYSTEMS LLC,MICROSOFT PREMIER SUPPORT RENEWAL - POP 5/26/22-5/25/23
CONT_AWD_89233018CNR000004_8900_-NONE-_-NONE-,292026551,2301709,145280,2022-04-07,2022,125697.99,MULTI-PHASE CONTRACTING CORP.,TF-15 TOP DECK DISMANTLEMENT
CONT_AWD_89233018CNR000004_8900_-NONE-_-NONE-,292026551,2303206,145830,2022-04-07,2022,40000.0,"FPOLISOLUTIONS, LLC",LOOP SEAL ASSESSMENT SUITE ASSESSMENT PLAN AND COST ESTIMATE DEVELOPMENT
CONT_AWD_89233018CNR000004_8900_-NONE-_-NONE-,292026551,981625,140859-0023,2022-04-07,2022,45350.0,DEPENDABLE TOOL & DIE CO INC,WA22HAW004 (S. GLENNON) LEDSH PROCUREMENT
CONT_AWD_89233018CNR000004_8900_-NONE-_-NONE-,292026551,981812,146171,2022-04-07,2022,94235.0,DEWESOFT LLC,DEWESOFT DAS
CONT_AWD_89233018CNR000004_8900_-NONE-_-NONE-,292026551,982086,140859-0022,2022-04-07,2022,45000.0,DEPENDABLE TOOL & DIE CO INC,WA22HAW004 (S. GLENNON) LEDSH PROCUREMENT
CONT_AWD_89233018CNR000004_8900_-NONE-_-NONE-,292026551,992909,145658,2022-04-07,2022,77840.0,"VANGURA TOOL, INC.",BLASKO - PALM III HARDWARE
CONT_AWD_89233018CNR000004_8900_-NONE-_-NONE-,292026551,2298292,145926,2022-04-08,2022,34588.0,"IDEAL SYSTEM SOLUTIONS, INC.",VQPT - COTS PRESSURE TRANSDUCERS
CONT_AWD_89233018CNR000004_8900_-NONE-_-NONE-,292026551,998964,144602,2022-04-08,2022,159417.31,COLOSSAL CONTRACTING LLC,PRIMENET NETWORK INFRASTRUCTURE ONSITE SERVICING AT NAVAL NUCLEAR POWER TRAINING
CONT_AWD_89233018CNR000004_8900_-NONE-_-NONE-,292026551,2302275,141756-0036,2022-04-11,2022,38225.0,GEL LABORATORIES LLC,ANALYZE BIOASSAY SAMPLES
CONT_AWD_89233018CNR000004_8900_-NONE-_-NONE-,292026551,2304807,145674,2022-04-11,2022,191550.0,"HOPEWELL DESIGNS, INC.",HOPEWELL DESIGNS BOX CALIBRATOR SYSTEM
CONT_AWD_89233018CNR000004_8900_-NONE-_-NONE-,292026551,2309989,145793,2022-04-11,2022,247300.9,ACCESS ANVIL CORP,PRECAST CONCRETE TEMPORARY BARRIERS
CONT_AWD_89233018CNR000004_8900_-NONE-_-NONE-,292026551,986080,145552,2022-04-11,2022,614350.0,DATA PHYSICS CORPORATION,ABACUS 906 CHASIS & CARDS
CONT_AWD_89233018CNR000004_8900_-NONE-_-NONE-,292026551,2304561,146109,2022-04-12,2022,42000.0,ELECTRIC POWER RESEARCH INSTITUTE INC,DESIGN AND DELIVER CUSTOM PAUT WEDGES FOR NOZZLE APPLICATIONS- FY22 ACTION BUT P
CONT_AWD_89233018CNR000004_8900_-NONE-_-NONE-,292026551,2305945,7019263,2022-04-12,2022,150331.0,IDAHO ENVIRONMENTAL COALITION LLC,FY22-27 IEC SITE SERVICES
CONT_AWD_89233018CNR000004_8900_-NONE-_-NONE-,292026551,2308844,146170,2022-04-12,2022,49560.0,CONTAINER PRODUCTS CORPORATION,B-12 AND B-25 IP-1 SHIPPING CONTAINERS
CONT_AWD_89233018CNR000004_8900_-NONE-_-NONE-,292026551,983157,145806,2022-04-12,2022,40541.54,PETERSEN INCORPORATED,FABRICATION AND ACCEPTANCE OF 1X MSC MOUNTING RING (DWG. 6D31969N)
CONT_AWD_89233018CNR000004_8900_-NONE-_-NONE-,292026551,994850,145627,2022-04-12,2022,506880.0,COLOSSAL CONTRACTING LLC,INSTRUMENTATION AND CONTROLS INFORMATION TECHNOLOGY (ICIT) TECHNICAL SUPPORT (PE
CONT_AWD_89233018CNR000004_8900_-NONE-_-NONE-,292026551,995483,133225-0045,2022-04-12,2022,70511.0,SNK ENTERPRISES INC,PERFORM UNDERGROUND SYSTEMS REPAIRS WORK IN ACCORDANCE WITH TECHNICAL SPECIFICAT
CONT_AWD_89233018CNR000004_8900_-NONE-_-NONE-,292026551,979876,146092,2022-04-13,2022,100550.0,DATA PHYSICS CORPORATION,DATA PHYSICS SOFTWARE MAINTENANCE
CONT_AWD_89233018CNR000004_8900_-NONE-_-NONE-,292026551,994064,146238,2022-04-13,2022,99915.63,COLOSSAL CONTRACTING LLC,"SERVER FOR CDR. AUDITING, MONITORING APPLICATION"
CONT_AWD_89233018CNR000004_8900_-NONE-_-NONE-,292026551,2296456,140271-0008,2022-04-14,2022,30040.19,"DALE HUFFAKER TRUCK AND BACKHOE, L.L.C.",GSS MASTER AGREEMENT
CONT_AWD_89233018CNR000004_8900_-NONE-_-NONE-,292026551,2300736,145630,2022-04-14,2022,905860.0,"W.M. SCHULTZ CONSTRUCTION, INC.",J8 K4 LIFT STATIONS PUMPS & CONTROLLERS REPLACEMENT
CONT_AWD_89233018CNR000004_8900_-NONE-_-NONE-,292026551,2302735,145721,2022-04-14,2022,52230.91,ADVANCED MEASUREMENT TECHNOLOGY INC,RADIOCHEMISTRY EQUIPMENT EXTENDED WARRANTY
CONT_AWD_89233018CNR000004_8900_-NONE-_-NONE-,292026551,2308429,145590,2022-04-14,2022,151736.77,THERMO ELECTRON NORTH AMERICA LLC,IR SPECTROMETER AND MICROSCOPE
CONT_AWD_89233018CNR000004_8900_-NONE-_-NONE-,292026551,999695,146036,2022-04-14,2022,96828.0,AQUA-AEROBIC SYSTEMS INC,SITE-SWTF DISK FILTER JOB
CONT_AWD_89233018CNR000004_8900_-NONE-_-NONE-,292026551,1000738,145538,2022-04-15,2022,337301.3,COLOSSAL CONTRACTING LLC,CISCO NETWORKING EQUIPMENT
CONT_AWD_89233018CNR000004_8900_-NONE-_-NONE-,292026551,2307548,146181,2022-04-15,2022,217840.0,MAEHR MACHINERY INC.,MITSUBISHI MV2400ST WIRE EDM
CONT_AWD_89233018CNR000004_8900_-NONE-_-NONE-,292026551,1001193,146128,2022-04-18,2022,86760.0,"WESTWIND COMPUTER PRODUCTS, INC.",FY22 ITP FIREWALLS AND SFP'S
CONT_AWD_89233018CNR000004_8900_-NONE-_-NONE-,292026551,2298426,146096,2022-04-18,2022,33203.16,"IDEAL SYSTEM SOLUTIONS, INC.",POLDAS PRODUCTION SYSTEM
CONT_AWD_89233018CNR000004_8900_-NONE-_-NONE-,292026551,2303379,146045,2022-04-18,2022,48457.5,GHA TECHNOLOGIES INC,ESS SMALL ARMS TRANSMITTERS FOR NRF
CONT_AWD_89233018CNR000004_8900_-NONE-_-NONE-,292026551,2303959,146050,2022-04-18,2022,152234.22,GHA TECHNOLOGIES INC,FY22 NXLOG SOFTWARE MAINTENANCE:
CONT_AWD_89233018CNR000004_8900_-NONE-_-NONE-,292026551,2304439,146085,2022-04-18,2022,193953.91,LOGISTICS365 INC,SCANNING CMMS
CONT_AWD_89233018CNR000004_8900_-NONE-_-NONE-,292026551,980613,145963,2022-04-18,2022,45735.97,STERLING COMPUTERS CORPORATION,HPE MAINTENANCE RENEWAL
CONT_AWD_89233018CNR000004_8900_-NONE-_-NONE-,292026551,992060,146203,2022-04-18,2022,216118.44,"DEFENSHIELD, INC.",DFP BALLISTIC PANELS
CONT_AWD_89233018CNR000004_8900_-NONE-_-NONE-,292026551,998186,142848,2022-04-18,2022,1728441.6,MCFARLAND TECHNOLOGY INC,NAVAL TRAINING INFORMATION SYSTEMS (NTIS) SOFTWARE APPLICATION & NETWORK PERSONN
CONT_AWD_89233018CNR000004_8900_-NONE-_-NONE-,292026551,998367,145117,2022-04-18,2022,475897.0,"ALL WATER SYSTEMS, INC.",MEMBRANE DEGAS SYSTEM
CONT_AWD_89233018CNR000004_8900_-NONE-_-NONE-,292026551,999135,146185,2022-04-18,2022,124477.72,COLOSSAL CONTRACTING LLC,FY22 PLURALSIGHT LICENSE RENEWAL:
CONT_AWD_89233018CNR000004_8900_-NONE-_-NONE-,292026551,2299841,146200,2022-04-19,2022,32601.69,"IDEAL SYSTEM SOLUTIONS, INC.",FY22 NI DAS HARDWARE FOR WET DRY SENSOR TEST
CONT_AWD_89233018CNR000004_8900_-NONE-_-NONE-,292026551,2300491,146134-0002,2022-04-19,2022,396830.0,FACILITY SUPPORT SERVICES LLC,1717 GENERAL CONSTRUCTION
CONT_AWD_89233018CNR000004_8900_-NONE-_-NONE-,292026551,2301612,145975,2022-04-19,2022,40777.44,"ARAMSCO, INC.",MASTERCRAFT FILTERS (DAVE HACKER)
CONT_AWD_89233018CNR000004_8900_-NONE-_-NONE-,292026551,2302863,145974,2022-04-19,2022,90817.95,TIGER-VAC INC.,TIGER VAC FILTERS (DAVE HACKER)
CONT_AWD_89233018CNR000004_8900_-NONE-_-NONE-,292026551,2303968,146274,2022-04-19,2022,54943.95,"GOVSMART, INC.",QUEST SOFTWARE UTILITIES
CONT_AWD_89233018CNR000004_8900_-NONE-_-NONE-,292026551,2305940,139919-0032,2022-04-19,2022,60691.5,SAVANNAH RIVER NUCLEAR SOLUTIONS LLC,LOW LEVEL RAD WASTE SHIPMENTS TO SRNS 22-RM-010 & 22-RM-013
CONT_AWD_89233018CNR000004_8900_-NONE-_-NONE-,292026551,2307795,146119,2022-04-19,2022,344845.69,LAYHER INC,SCAFFOLDING FOR OHCF
CONT_AWD_89233018CNR000004_8900_-NONE-_-NONE-,292026551,980165,146123,2022-04-19,2022,107675.04,STERLING COMPUTERS CORPORATION,S1B IO EPCP NETWORK SWITCHES
CONT_AWD_89233018CNR000004_8900_-NONE-_-NONE-,292026551,990925,145633,2022-04-19,2022,783662.0,CRISTO DEMOLITION INC,KNOLLS LABORATORY BUILDING A4 DEMOLITION
CONT_AWD_89233018CNR000004_8900_-NONE-_-NONE-,292026551,994631,145836,2022-04-19,2022,117407.36,COLOSSAL CONTRACTING LLC,FY22 A1B NF TR DATA PROECTION
CONT_AWD_89233018CNR000004_8900_-NONE-_-NONE-,292026551,997534,145357,2022-04-19,2022,441340.0,"HIGH VOLTAGE ELECTRIC SERVICE, INC.",HVES ELECTRICAL POWER DISTRIBUTION SYSTEM MAINTENANCE CONTRACT FOR KNOLLS SITE
CONT_AWD_89233018CNR000004_8900_-NONE-_-NONE-,292026551,2297086,145508,2022-04-20,2022,1530000.0,"DALE HUFFAKER TRUCK AND BACKHOE, L.L.C.",1342 RED ROAD REFURBISHMENT PROJECT
CONT_AWD_89233018CNR000004_8900_-NONE-_-NONE-,292026551,2308629,144963,2022-04-20,2022,515245.0,UNIVERSITY OF WISCONSIN SYSTEM,UNIVERSITY OF WISCONSIN CORROSION WORK - 3 YEAR PERIOD OF PERFORMANCE
CONT_AWD_89233018CNR000004_8900_-NONE-_-NONE-,292026551,2309238,145668,2022-04-20,2022,125650.0,AMERICAN FABRICATION INC,CONTAMINATED RIGGING STORAGE FABRICATION AND ASSEMBLY (SFE 7)
CONT_AWD_89233018CNR000004_8900_-NONE-_-NONE-,292026551,982489,146330,2022-04-20,2022,43890.0,"JOHN C. BERRY & SONS, INC.",FUEL ORDER FOR BOILERS HEATING SEASON 2021-2022
CONT_AWD_89233018CNR000004_8900_-NONE-_-NONE-,292026551,994562,146135-0003,2022-04-20,2022,134877.0,"GRM KONTRACTING, LLC",1717 GENERAL CONSTRUCTION
CONT_AWD_89233018CNR000004_8900_-NONE-_-NONE-,292026551,997867,145914,2022-04-20,2022,31260.0,"DIVERSIFIED METAL PRODUCTS, INC",VENT ADAPTERS
CONT_AWD_89233018CNR000004_8900_-NONE-_-NONE-,292026551,2298123,146192,2022-04-21,2022,35523.66,"IDEAL SYSTEM SOLUTIONS, INC.",NATIONAL INSTRUMENTS (LEONARD ANDERSON)
CONT_AWD_89233018CNR000004_8900_-NONE-_-NONE-,292026551,2298308,7019274,2022-04-21,2022,341362.39,BAKER AND ASSOCIATES,N BUILDING UTILITY PIPE BRIDGE PROJECT (TASK ORDER AUTHORIZATION #021)
CONT_AWD_89233018CNR000004_8900_-NONE-_-NONE-,292026551,2299489,146122-0001,2022-04-21,2022,332586.5,MESSER LLC,INERT GAS BULK ARGON AND NITROGEN2
CONT_AWD_89233018CNR000004_8900_-NONE-_-NONE-,292026551,2301346,7019266,2022-04-21,2022,112436.0,"BEARDSLEY DESIGN ASSOCIATES ARCHITECTURE, ENGINEERING, LANDSCAPE ARCHITECTURE, D.P.C.",TOA 022 - HAZARDOUS MATERIAL SURVEYS AND WASTE CHARACTERIZATION FOR STEAM PIPING
CONT_AWD_89233018CNR000004_8900_-NONE-_-NONE-,292026551,2301534,146142,2022-04-21,2022,42027.0,LOGISTICS365 INC,BETTIS LOCK-ON CCTV HARDWARE & LICENSES
CONT_AWD_89233018CNR000004_8900_-NONE-_-NONE-,292026551,2303722,146286,2022-04-21,2022,48230.0,"HEXATECH, INC",ALUMINUM NITRIDE WAFERS
CONT_AWD_89233018CNR000004_8900_-NONE-_-NONE-,292026551,2306181,145752,2022-04-21,2022,32337.0,"TRUSTED SYSTEMS, INC.",IPS SECURITY CONTAINER FOR TABLETS - GSA
CONT_AWD_89233018CNR000004_8900_-NONE-_-NONE-,292026551,980410,141056-0004,2022-04-21,2022,32605.0,"LABORATORY TESTING, LLC",MASTER AGREEMENT FOR WORK AUTHORIZATIONS
CONT_AWD_89233018CNR000004_8900_-NONE-_-NONE-,292026551,997281,145080,2022-04-21,2022,32358.0,"J. MARCOZ, INC.",LADDER 320 FABRICATION
CONT_AWD_89233018CNR000004_8900_-NONE-_-NONE-,292026551,1000325,146133,2022-04-22,2022,271890.0,KIN-TECH MFG INC,DURICK - EAST LLW UNIVERSAL DRAWER DRUMS 2022 2
CONT_AWD_89233018CNR000004_8900_-NONE-_-NONE-,292026551,997709,146159,2022-04-22,2022,125175.0,PREMIER AUTOMATION LLC,FRIEWALD - 1 CUSTOM BUILT TRANSFER SWITCH CABINET PER SOW-SPTS-001
CONT_AWD_89233018CNR000004_8900_-NONE-_-NONE-,292026551,999383,145244,2022-04-22,2022,1200757.11,COLOSSAL CONTRACTING LLC,CISCO HARDWARE FOR GICNET
CONT_AWD_89233018CNR000004_8900_-NONE-_-NONE-,292026551,1000775,140908-0007,2022-04-25,2022,2712954.0,"WESTWIND COMPUTER PRODUCTS, INC.",FY21/22 ACCESS DEVICE BLANKET ORDER
CONT_AWD_89233018CNR000004_8900_-NONE-_-NONE-,292026551,2301492,146046,2022-04-25,2022,280873.6,HACH COMPANY,"THE SUPPLIER SHALL FURNISH THE NECESSARY LABOR, SUPERVISION, SERVICES, TOOLS, EQ"
CONT_AWD_89233018CNR000004_8900_-NONE-_-NONE-,292026551,980685,140859-0025,2022-04-25,2022,30194.0,DEPENDABLE TOOL & DIE CO INC,WA22HAW004 (S. GLENNON) LEDSH PROCUREMENT
CONT_AWD_89233018CNR000004_8900_-NONE-_-NONE-,292026551,987466,146193,2022-04-25,2022,77466.62,TEVET LLC,NI CONTROLLER - JOSLIN
CONT_AWD_89233018CNR000004_8900_-NONE-_-NONE-,292026551,987587,140859-0026,2022-04-25,2022,96575.0,DEPENDABLE TOOL & DIE CO INC,WA22HAW004 (S. GLENNON) LEDSH PROCUREMENT
CONT_AWD_89233018CNR000004_8900_-NONE-_-NONE-,292026551,987716,145395,2022-04-25,2022,2560752.0,PETERSEN INCORPORATED,TYPE IV WASTE CANISTERS
CONT_AWD_89233018CNR000004_8900_-NONE-_-NONE-,292026551,990149,146197,2022-04-25,2022,51696.0,NEFF EXPANSION NE LLC,UR16E UNIVERSAL ROBOT WITH ROBOTIQ FORCE COPILOT SOFTWARE
CONT_AWD_89233018CNR000004_8900_-NONE-_-NONE-,292026551,990233,146368,2022-04-25,2022,47700.0,PARKLAND USA CORPORATION,"DIESEL FUEL NO. 1, DYED FOR EDG FUEL TANKS - NATHAN FUNK"
CONT_AWD_89233018CNR000004_8900_-NONE-_-NONE-,292026551,997489,145619,2022-04-25,2022,45654.5,DYNAMIC SYSTEMS INC,FY22 ORACLE - EDU TECHNOLOGY LEARNING SUBSCRIPTION:
CONT_AWD_89233018CNR000004_8900_-NONE-_-NONE-,292026551,997694,145276,2022-04-25,2022,411650.02,"DIVERSIFIED METAL PRODUCTS, INC",TOO M-290 DRAIN SYSTEMS FABRICATION PER THE TECHNICAL REQUIREMENTS DOCUMENT AND
CONT_AWD_89233018CNR000004_8900_-NONE-_-NONE-,292026551,1001015,145465,2022-04-26,2022,76136.6,COLOSSAL CONTRACTING LLC,COMPUTERS FOR A1B TECH REFRESH
CONT_AWD_89233018CNR000004_8900_-NONE-_-NONE-,292026551,2308078,146146,2022-04-26,2022,65758.53,"MJL ENTERPRISES, LLC",MAMAVA PODS FROM MJL ENTERPRISES
CONT_AWD_89233018CNR000004_8900_-NONE-_-NONE-,292026551,992215,146206,2022-04-26,2022,57460.0,"WESTWIND COMPUTER PRODUCTS, INC.",FY-22 FS.PROJECT DEVELOPMENT SYSTEMS ENGINEERING EQUIPMENT
CONT_AWD_89233018CNR000004_8900_-NONE-_-NONE-,292026551,992694,146311,2022-04-26,2022,33806.0,SAGE TECHNOLOGIES CORPORATION,PURCHASE COMMERCIAL OFF THE SHELF SOFTWARE FOR PERFORMING MODAL ANALYSIS. ONE CO
CONT_AWD_89233018CNR000004_8900_-NONE-_-NONE-,292026551,997192,137834-0012,2022-04-26,2022,33148.42,"ENGINE SYSTEMS, INC.",PARTS (NON-INVENTORY) MASTER AGREEMENT FOR DIESEL ENGINE PARTS
CONT_AWD_89233018CNR000004_8900_-NONE-_-NONE-,292026551,1002225,146051,2022-04-27,2022,545879.0,"GARTNER, INC.",GARTNER GROUP INFORMATION TECHNICAL RESEARCH SERVICE (POP: 06/01/2022 - 05/31/20
CONT_AWD_89233018CNR000004_8900_-NONE-_-NONE-,292026551,2303882,145881,2022-04-27,2022,31200.34,"DH TECHNOLOGIES, INC.",FY22 ITP VMWARE RENEWALS:
CONT_AWD_89233018CNR000004_8900_-NONE-_-NONE-,292026551,983172,146245,2022-04-27,2022,255584.0,CARAHSOFT TECHNOLOGY CORP,MOBILE THREAT DEFENSE - LOOKOUT MAINTENANCE - POP 8/14/22-8/13/23
CONT_AWD_89233018CNR000004_8900_-NONE-_-NONE-,292026551,987236,146262,2022-04-27,2022,31179.06,"LYME COMPUTER SYSTEMS, INC.",MATLAB SOFTWARE PROCUREMENT
CONT_AWD_89233018CNR000004_8900_-NONE-_-NONE-,292026551,997926,137834-0013,2022-04-27,2022,31816.72,"ENGINE SYSTEMS, INC.",PARTS (NON-INVENTORY) MASTER AGREEMENT FOR DIESEL ENGINE PARTS
CONT_AWD_89233018CNR000004_8900_-NONE-_-NONE-,292026551,999900,146320,2022-04-27,2022,157000.0,"WESTWIND COMPUTER PRODUCTS, INC.",FY22 ENTERPRISE DOCKING STATIONS:
CONT_AWD_89233018CNR000004_8900_-NONE-_-NONE-,292026551,2298291,146385,2022-04-28,2022,460368.0,"BATTELLE SAVANNAH RIVER ALLIANCE, LLC",AUKUS NNPP TECHNOLOGY EXCHANGE DEEP DIVE
CONT_AWD_89233018CNR000004_8900_-NONE-_-NONE-,292026551,2302563,146004,2022-04-28,2022,77331.0,"GRAYLOC PRODUCTS, L.L.C",CATALOGNA - GRAYLOC COMPONENTS
CONT_AWD_89233018CNR000004_8900_-NONE-_-NONE-,292026551,2306328,7019153,2022-04-28,2022,604910.0,HANSON JANITORIAL SUPPLY INC,JANITORIAL SUPPLIES
CONT_AWD_89233018CNR000004_8900_-NONE-_-NONE-,292026551,2307378,146005,2022-04-28,2022,54972.0,CUSTOM ENGINEERING CO.,CATALOGNA - SPOOLPIECES
CONT_AWD_89233018CNR000004_8900_-NONE-_-NONE-,292026551,2308953,143268,2022-04-28,2022,4553268.0,BWXT ADVANCED TECHNOLOGIES LLC,BWXT AT- EMERGING TECHNOLOGY
CONT_AWD_89233018CNR000004_8900_-NONE-_-NONE-,292026551,2310102,7019276,2022-04-28,2022,1298013.0,"WALSH ENGINEERING SERVICES, PC",TOA-502 DECOMMISSION & DEMOLITION (D&D) OF A1W COMPLEX FINAL DESIGN
CONT_AWD_89233018CNR000004_8900_-NONE-_-NONE-,292026551,991095,140859-0027,2022-04-28,2022,40105.0,DEPENDABLE TOOL & DIE CO INC,WA22HAW004 (S. GLENNON) LEDSH PROCUREMENT
CONT_AWD_89233018CNR000004_8900_-NONE-_-NONE-,292026551,991648,146253,2022-04-28,2022,66786.1,STERLING COMPUTERS CORPORATION,FY22 IDE BELKIN KVMS AND DELL MONITORS
CONT_AWD_89233018CNR000004_8900_-NONE-_-NONE-,292026551,1004221,145861,2022-04-29,2022,148136.7,MICRO-OPTICS PRECISION INSTRUMENTS INC,ZEISS MICROSCOPES WORKSTATION AND SOFTWARE UPGRADES
CONT_AWD_89233018CNR000004_8900_-NONE-_-NONE-,292026551,2309205,145843,2022-04-29,2022,312400.0,"EOS OF NORTH AMERICA, INC.",2022 M290 MAINTENANCE CONTRACT RENEWAL
CONT_AWD_89233018CNR000004_8900_-NONE-_-NONE-,292026551,984585,145816,2022-04-29,2022,124049.0,AVNET INC,XILINX LICENSE RENEWALS AND PROTOTYPE BOARDS
CONT_AWD_89233018CNR000004_8900_-NONE-_-NONE-,292026551,994859,143355,2022-04-29,2022,378757.0,DYNAMIC SYSTEMS INC,BUSINESS SYSTEMS MAINTENANCE CONTRACT (PERIOD OF PERFORMANCE: 1 YEAR)
CONT_AWD_89233018CNR000004_8900_-NONE-_-NONE-,292026551,2296491,145856,2022-05-18,2022,3983597.0,"CTG FEDERAL, LLC",FY22 TIER 2/3 STORAGE HARDWARE
CONT_AWD_89233018CNR000004_8900_-NONE-_-NONE-,292026551,2297197,146315,2022-05-19,2022,97194.0,"CTG FEDERAL, LLC",FY22 SBIT COHESITY
CONT_AWD_89233018CNR000004_8900_-NONE-_-NONE-,292026551,2301441,146503,2022-06-01,2022,69355.6,GHA TECHNOLOGIES INC,LAN UPS SUPPORT
CONT_AWD_89233018CNR000004_8900_-NONE-_-NONE-,292026551,993925,146684,2022-06-01,2022,74513.5,COLOSSAL CONTRACTING LLC,BETTIS STORES - IT PERIPHERALS:
CONT_AWD_89233018CNR000004_8900_-NONE-_-NONE-,292026551,997309,146510,2022-06-01,2022,90592.0,"DOVER ENGINEERED PRODUCTS SEGMENT, INC.",CHOMA - MOD E AND 4 TM PARTS
CONT_AWD_89233018CNR000004_8900_-NONE-_-NONE-,292026551,2300369,146229,2022-06-02,2022,104664.0,"DOOSAN BOBCAT NORTH AMERICA, INC.",BOBCAT UTILITY VEHICLES (UW56 SERIES) TRADE-IN KESSELRING SITE - FY2022
CONT_AWD_89233018CNR000004_8900_-NONE-_-NONE-,292026551,2301368,146491,2022-06-02,2022,32905.6,HACH COMPANY,EC OXYGEN SENSORS
CONT_AWD_89233018CNR000004_8900_-NONE-_-NONE-,292026551,2304923,146564,2022-06-02,2022,39150.0,"WESTMORELAND MECHANICAL TESTING & RESEARCH, INC.",TENSILE AND FRACTURE TOUGHNESS TESTS OF ZIRCONIUM ALLOYS.
CONT_AWD_89233018CNR000004_8900_-NONE-_-NONE-,292026551,992825,146530,2022-06-02,2022,44000.0,LECO CORP,RENEWING SERVICE CONTRACTS FOR KAPL LECO INSTRUMENTS
CONT_AWD_89233018CNR000004_8900_-NONE-_-NONE-,292026551,2306828,146509,2022-06-03,2022,86278.32,ELMET EUCLID LLC,LEDONNE - PROCUREMENT OF ODS MO PLATE
CONT_AWD_89233018CNR000004_8900_-NONE-_-NONE-,292026551,988951,145623,2022-06-06,2022,326993.0,SOURCE CODE LLC,FY22 - FY18 HPC MAINTENANCE (08/13/2022-08/12/2023)
CONT_AWD_89233018CNR000004_8900_-NONE-_-NONE-,292026551,998126,146322,2022-06-06,2022,41340.0,CIMQUEST INC,GEOMAGIC SOFTWARE
CONT_AWD_89233018CNR000004_8900_-NONE-_-NONE-,292026551,998133,146135-0005,2022-06-06,2022,44615.0,"GRM KONTRACTING, LLC",1717 GENERAL CONSTRUCTION
CONT_AWD_89233018CNR000004_8900_-NONE-_-NONE-,292026551,1000031,146440,2022-06-07,2022,91912.24,COLOSSAL CONTRACTING LLC,CISCO EQUIPMENT
CONT_AWD_89233018CNR000004_8900_-NONE-_-NONE-,292026551,2300145,146759,2022-06-07,2022,96040.0,KEYENCE CORPORATION OF AMERICA,COOK - PROCUREMENT OF A KEYENCE VHX-7000 SYSTEM
CONT_AWD_89233018CNR000004_8900_-NONE-_-NONE-,292026551,2300232,146730,2022-06-07,2022,82470.0,LUNA INNOVATIONS INCORPORATED,OBR-6235 OBR-6235-1
CONT_AWD_89233018CNR000004_8900_-NONE-_-NONE-,292026551,2300471,146678,2022-06-07,2022,44200.0,SILIXA LLC,STANDARD FIBER OPTIC SENSORS FOR SILIXA
CONT_AWD_89233018CNR000004_8900_-NONE-_-NONE-,292026551,2304128,146631,2022-06-07,2022,96462.65,DS GOVERNMENT SOLUTIONS CORP,FY22 PURCHASE OF ISIGHT LICENSES
CONT_AWD_89233018CNR000004_8900_-NONE-_-NONE-,292026551,2307745,146701,2022-06-07,2022,297690.46,PENTEK INC,PENTEK MOOSE PURCHASE
CONT_AWD_89233018CNR000004_8900_-NONE-_-NONE-,292026551,2308786,146760,2022-06-07,2022,53698.0,"APPLIED TEST SYSTEMS, LLC",THOMPSON - ATS CLEVIS & PINS (KREIDLER)
CONT_AWD_89233018CNR000004_8900_-NONE-_-NONE-,292026551,982065,140859-0029,2022-06-07,2022,31500.0,DEPENDABLE TOOL & DIE CO INC,WA22HAW035 - SHIELD RINGS
CONT_AWD_89233018CNR000004_8900_-NONE-_-NONE-,292026551,989830,146621,2022-06-07,2022,45012.6,TEVET LLC,KEYSIGHT DC POWER ANALYZERS
CONT_AWD_89233018CNR000004_8900_-NONE-_-NONE-,292026551,990696,146247,2022-06-07,2022,448329.74,ENFIELD ENTERPRISES LLC,SFWST LINING
CONT_AWD_89233018CNR000004_8900_-NONE-_-NONE-,292026551,999617,146358,2022-06-07,2022,30345.51,COLOSSAL CONTRACTING LLC,NETWORK EQUPMENT
CONT_AWD_89233018CNR000004_8900_-NONE-_-NONE-,292026551,1000656,146041,2022-06-08,2022,344802.35,FIERCE SOFTWARE CORP,FY22 REDHAT MAINTENANCE RENEWAL
CONT_AWD_89233018CNR000004_8900_-NONE-_-NONE-,292026551,1001235,146679,2022-06-08,2022,294868.28,COLOSSAL CONTRACTING LLC,PALO ALTO VIRTUAL FIREWALL AZURE-BASED NGFW CREDITS:
CONT_AWD_89233018CNR000004_8900_-NONE-_-NONE-,292026551,2304017,146161,2022-06-08,2022,44120.0,DISK-O-TAPE INC,FY22 LTO TAPE
CONT_AWD_89233018CNR000004_8900_-NONE-_-NONE-,292026551,2309231,146412,2022-06-08,2022,33999.99,"EMA DESIGN AUTOMATION, INC.",ORCAD MAINTENANCE
CONT_AWD_89233018CNR000004_8900_-NONE-_-NONE-,292026551,990932,146637,2022-06-08,2022,43700.0,RAND WORLDWIDE SUBSIDIARY INC,FY-22 LEICA SOFTWARE MAINTENANCE (KSO & NRF)
CONT_AWD_89233018CNR000004_8900_-NONE-_-NONE-,292026551,998232,146633,2022-06-08,2022,127360.0,ASSURANCE DATA INC,FY22 MALWARE DETENTION SANDBOX SERVERS (FIREEYE X6500):
CONT_AWD_89233018CNR000004_8900_-NONE-_-NONE-,292026551,2303669,146624,2022-06-09,2022,46057.9,LOGISTICS365 INC,VIDEO GENERATOR/PROTOCOL ANALYZER
CONT_AWD_89233018CNR000004_8900_-NONE-_-NONE-,292026551,2304901,146769,2022-06-09,2022,167664.0,"MIRION TECHNOLOGIES (CANBERRA), INC.",DETECTOR
CONT_AWD_89233018CNR000004_8900_-NONE-_-NONE-,292026551,2309776,146271,2022-06-09,2022,95297.0,AMERICAN FABRICATION INC,TRANSITION SHIELD WATERFALL FEATURE COMPONENTS AND FABRICATION OF PIPING SYSTEM
CONT_AWD_89233018CNR000004_8900_-NONE-_-NONE-,292026551,2310037,146771,2022-06-09,2022,31138.65,WAYGATE TECHNOLOGIES USA LP,BORESCOPE CABLE AND TIPS
CONT_AWD_89233018CNR000004_8900_-NONE-_-NONE-,292026551,982604,130684-0090,2022-06-09,2022,130444.0,"BECHTEL PLANT MACHINERY, INC.",BPMI FUNDS TRANSFER
CONT_AWD_89233018CNR000004_8900_-NONE-_-NONE-,292026551,983787,146604,2022-06-09,2022,218750.0,DEPENDABLE TOOL & DIE CO INC,CLEANING PROBES
CONT_AWD_89233018CNR000004_8900_-NONE-_-NONE-,292026551,989902,146697,2022-06-09,2022,38755.87,NEFF EXPANSION NE LLC,(ATIP - FORSYTHE) ROBOTIC ARM
CONT_AWD_89233018CNR000004_8900_-NONE-_-NONE-,292026551,990973,130684-0091,2022-06-09,2022,187635.0,"BECHTEL PLANT MACHINERY, INC.",BPMI FUNDS TRANSFER
CONT_AWD_89233018CNR000004_8900_-NONE-_-NONE-,292026551,1002480,146566,2022-06-10,2022,38457.8,CLAYTON ENGINEERING CO,LEM TRANSDUCER SPARES
CONT_AWD_89233018CNR000004_8900_-NONE-_-NONE-,292026551,2307460,146823,2022-06-10,2022,40810.0,"MIRION TECHNOLOGIES (CANBERRA), INC.",IN-VIVO CHAIR
CONT_AWD_89233018CNR000004_8900_-NONE-_-NONE-,292026551,2300123,146592,2022-06-13,2022,47094.56,GHA TECHNOLOGIES INC,FY22 PTCS LAPTOP REFRESH
CONT_AWD_89233018CNR000004_8900_-NONE-_-NONE-,292026551,2303101,146660,2022-06-13,2022,214150.04,LOGISTICS365 INC,NETWORK FAILURE PREVENTION TOOL (VIAVI) MAINTENANCE
CONT_AWD_89233018CNR000004_8900_-NONE-_-NONE-,292026551,985141,130684-0093,2022-06-13,2022,151500.0,"BECHTEL PLANT MACHINERY, INC.",BPMI FUNDS TRANSFER
CONT_AWD_89233018CNR000004_8900_-NONE-_-NONE-,292026551,988882,145652,2022-06-13,2022,83980.9,"PITTSBURGH FLUID SYSTEMS, LLC",LOPATKA - PALM III COOLING WATER PANEL
CONT_AWD_89233018CNR000004_8900_-NONE-_-NONE-,292026551,991347,130684-0092,2022-06-13,2022,606000.0,"BECHTEL PLANT MACHINERY, INC.",BPMI FUNDS TRANSFER
CONT_AWD_89233018CNR000004_8900_-NONE-_-NONE-,292026551,994869,145853,2022-06-13,2022,429400.0,MCFARLAND TECHNOLOGY INC,TWO (2) SUBCONTRACTOR PERSONNEL TO PROVIDE CLEARED ONSITE SOFTWARE PROGRAMMING A
CONT_AWD_89233018CNR000004_8900_-NONE-_-NONE-,292026551,997003,146298,2022-06-13,2022,111506.09,"ABBA TECHNOLOGIES, INC.",FY22 - FY20 HPC MAINTENANCE RENEWAL
CONT_AWD_89233018CNR000004_8900_-NONE-_-NONE-,292026551,999663,146659,2022-06-13,2022,196337.0,"VIDEO DYNAMICS, INC.",FY22 VBRICK INFRASTRUCTURE - ENCODER HW REPLACEMENT / REFRESH
CONT_AWD_89233018CNR000004_8900_-NONE-_-NONE-,292026551,2302528,146284,2022-06-14,2022,135525.78,GARRISON FIRE & RESCUE CORP.,TURNOUT GEAR ES 5 YEAR SWAP
CONT_AWD_89233018CNR000004_8900_-NONE-_-NONE-,292026551,2301469,138177-0006,2022-06-15,2022,120362.32,WISETEK SOLUTIONS INC,AIS SCRAPPING
CONT_AWD_89233018CNR000004_8900_-NONE-_-NONE-,292026551,2305651,145540,2022-06-15,2022,62172.0,REXEL USA INC,NEW STOCK ITEMS FOR POWER DISTRIBUTION
CONT_AWD_89233018CNR000004_8900_-NONE-_-NONE-,292026551,990713,146793,2022-06-15,2022,65481.18,STERLING COMPUTERS CORPORATION,RACKMOUNTED PCS FOR DE/DT
CONT_AWD_89233018CNR000004_8900_-NONE-_-NONE-,292026551,2303444,141756-0044,2022-06-16,2022,40600.0,GEL LABORATORIES LLC,ANALYZE BIOASSAY SAMPLES
CONT_AWD_89233018CNR000004_8900_-NONE-_-NONE-,292026551,992341,146842,2022-06-16,2022,86439.42,"RALPH W. EARL CO., INC.",HAPTION VIRTUOSE 6D TAO
CONT_AWD_89233018CNR000004_8900_-NONE-_-NONE-,292026551,995146,146135-0006,2022-06-16,2022,649789.0,"GRM KONTRACTING, LLC",1717 GENERAL CONSTRUCTION
CONT_AWD_89233018CNR000004_8900_-NONE-_-NONE-,292026551,2297840,146867,2022-06-17,2022,39936.8,"W.W. GRAINGER, INC.",SITE-IM SHOP/QC PRESSURE MODULE ORDER
CONT_AWD_89233018CNR000004_8900_-NONE-_-NONE-,292026551,1000335,146632,2022-06-20,2022,1709720.0,"WESTWIND COMPUTER PRODUCTS, INC.",FY22 HP ZBOOK FIREFLY G8 AND PERIPHERALS:
CONT_AWD_89233018CNR000004_8900_-NONE-_-NONE-,292026551,2308684,146877,2022-06-20,2022,116086.0,PI PHYSIK INSTRUMENTE LP,SUPPLIER SHALL PROVIDE THE FOLLOWING ITEMS IN ACCORDANCE WITH THE ATTACHED ADMIN
CONT_AWD_89233018CNR000004_8900_-NONE-_-NONE-,292026551,2303532,146134-0003,2022-06-21,2022,271100.0,FACILITY SUPPORT SERVICES LLC,1717 GENERAL CONSTRUCTION
CONT_AWD_89233018CNR000004_8900_-NONE-_-NONE-,292026551,2303986,145999,2022-06-21,2022,1639713.86,MULTI-PHASE CONTRACTING CORP.,HULL INSULATION 2022-2024
CONT_AWD_89233018CNR000004_8900_-NONE-_-NONE-,292026551,2307971,146734,2022-06-21,2022,75857.0,FLUKE ELECTRONICS CORP,PRESSURE MEASUREMENT MODULES
CONT_AWD_89233018CNR000004_8900_-NONE-_-NONE-,292026551,982746,146623,2022-06-21,2022,773228.36,STERLING COMPUTERS CORPORATION,FY22 DELL EMC POWERSCALE (BE KS)
CONT_AWD_89233018CNR000004_8900_-NONE-_-NONE-,292026551,985766,146634,2022-06-21,2022,143471.96,STERLING COMPUTERS CORPORATION,FY22 HCL ENDPOINT MANAGER (PATCHING) -BIGFIX
CONT_AWD_89233018CNR000004_8900_-NONE-_-NONE-,292026551,989877,146585,2022-06-21,2022,39498.04,STERLING COMPUTERS CORPORATION,EATON LITHIUM UPS
CONT_AWD_89233018CNR000004_8900_-NONE-_-NONE-,292026551,2301227,146547,2022-06-22,2022,241303.44,"MHF PACKAGING SOLUTIONS, LLC","722423-4 FT. X 4 FT. X 6 FT. STEEL BOX WITH CLIPS, BRM MODEL COO90-ST/IP-1, PART"
CONT_AWD_89233018CNR000004_8900_-NONE-_-NONE-,292026551,2302668,146826,2022-06-22,2022,83140.0,OHIO TRANSMISSION LLC,SUPPLIER SHALL PROVIDE THE FOLLOWING ITEMS IN ACCORDANCE WITH THE ATTACHED ADMIN
CONT_AWD_89233018CNR000004_8900_-NONE-_-NONE-,292026551,2305511,146815,2022-06-22,2022,69672.23,"GREEN MOUNTAIN ELECTRIC SUPPLY, INC.",SITE OHARA UWZ CONDUIT
CONT_AWD_89233018CNR000004_8900_-NONE-_-NONE-,292026551,2306157,146174,2022-06-22,2022,49265.0,"ECKERT & ZIEGLER ANALYTICS, INC",CHEMISTRY-RH HEALTH SOURCES
CONT_AWD_89233018CNR000004_8900_-NONE-_-NONE-,292026551,998443,146606,2022-06-22,2022,990000.0,MCFARLAND TECHNOLOGY INC,TEXTUAL DATA MANAGEMENT SYSTEM
CONT_AWD_89233018CNR000004_8900_-NONE-_-NONE-,292026551,1000196,146744,2022-06-23,2022,153845.38,COLOSSAL CONTRACTING LLC,CH CORE/NEXUS SWITCH REPLACEMENT
CONT_AWD_89233018CNR000004_8900_-NONE-_-NONE-,292026551,1001575,146343,2022-06-23,2022,131306.0,MTS SYSTEMS CORPORATION,PURCHASE OF TWO (2) MTS LANDMARK TABLE TOP LOAD FRAMES.
CONT_AWD_89233018CNR000004_8900_-NONE-_-NONE-,292026551,2303796,140911-0007,2022-06-23,2022,37600.0,"THE M&P LAB, INC.",MASTER AGREEMENT FOER WORK AUTHORIZATIONS
CONT_AWD_89233018CNR000004_8900_-NONE-_-NONE-,292026551,981448,146401,2022-06-23,2022,46000.0,CARAHSOFT TECHNOLOGY CORP,FY22 DOCAVE BACKUP AND RECOVERY MAINTENANCE RENEWAL - POP 7/1/22-6/30/23
CONT_AWD_89233018CNR000004_8900_-NONE-_-NONE-,292026551,987118,146375,2022-06-23,2022,1047788.17,STERLING COMPUTERS CORPORATION,FY22 DFD CISCO SERVERS IN ACCORDANCE WITH ATTACHED TECHNICAL SPECIFICATION
CONT_AWD_89233018CNR000004_8900_-NONE-_-NONE-,292026551,995977,146773,2022-06-23,2022,30068.53,DYNAMIC SYSTEMS INC,FY22 SYMANTEC ENDPOINT ENCRYPTION:
CONT_AWD_89233018CNR000004_8900_-NONE-_-NONE-,292026551,997081,146949,2022-06-23,2022,39225.0,"OHIO VALLEY INDUSTRIAL SERVICES, INC",MEYERS - LOOP 29 INSULATION
CONT_AWD_89233018CNR000004_8900_-NONE-_-NONE-,292026551,999110,145697,2022-06-23,2022,2398518.26,COLOSSAL CONTRACTING LLC,CISCO SMARTNET MAINTENANCE
CONT_AWD_89233018CNR000004_8900_-NONE-_-NONE-,292026551,2302943,140911-0008,2022-06-24,2022,37600.0,"THE M&P LAB, INC.",MASTER AGREEMENT FOER WORK AUTHORIZATIONS
CONT_AWD_89233018CNR000004_8900_-NONE-_-NONE-,292026551,2308199,146602,2022-06-27,2022,286790.42,"ORION TECHNOLOGIES, LLC",SUPPLIER SHALL PROVIDE THE FOLLOWING ITEMS IN ACCORDANCE WITH THE ATTACHED ADMIN
CONT_AWD_89233018CNR000004_8900_-NONE-_-NONE-,292026551,990420,139166,2022-06-27,2022,1857600.0,"CHAMPION, INC.",CHAMPION SUBTIER DIRECT PAYMENT UNDER GRANITE CONSTRUCTION PO #7018988 (CS 106A)
CONT_AWD_89233018CNR000004_8900_-NONE-_-NONE-,292026551,994060,146703,2022-06-27,2022,48100.0,"BOLD ZEBRAS, LLC",FY22 POWER PLATFORM CONSULTING
CONT_AWD_89233018CNR000004_8900_-NONE-_-NONE-,292026551,995744,146863,2022-06-27,2022,67388.19,COLOSSAL CONTRACTING LLC,CCTV MEDIA CONVERTERS
CONT_AWD_89233018CNR000004_8900_-NONE-_-NONE-,292026551,995835,146966,2022-06-27,2022,99115.0,COLOSSAL CONTRACTING LLC,FY22 VIEWSONIC MONITORS:
CONT_AWD_89233018CNR000004_8900_-NONE-_-NONE-,292026551,999543,146918,2022-06-27,2022,87322.5,COLOSSAL CONTRACTING LLC,FY22 SENNHEISER SPEAKERS (PRIMENET):
CONT_AWD_89233018CNR000004_8900_-NONE-_-NONE-,292026551,999989,146626,2022-06-27,2022,197177.15,COLOSSAL CONTRACTING LLC,S6G NETWORK UPGRADES
CONT_AWD_89233018CNR000004_8900_-NONE-_-NONE-,292026551,2302798,145571,2022-06-28,2022,328489.0,"RHOADS INDUSTRIES, INC.",TF-150 LUBE OIL CONSOLE
CONT_AWD_89233018CNR000004_8900_-NONE-_-NONE-,292026551,2303769,7019070,2022-06-28,2022,56971.28,MARCOM LLC,"FY20-FY25 CHEMICAL MANGEMENT SERVICES, GARDNER, DAWSON, LAWSON"
CONT_AWD_89233018CNR000004_8900_-NONE-_-NONE-,292026551,2304123,146752,2022-06-28,2022,52250.2,GARRISON FIRE & RESCUE CORP.,ESS NEW HIRE TURNOUT GEAR ORDER
CONT_AWD_89233018CNR000004_8900_-NONE-_-NONE-,292026551,2309685,146891,2022-06-28,2022,33000.0,CONTAINER PRODUCTS CORPORATION,IP-1 B25 CLIPPED BOXES
CONT_AWD_89233018CNR000004_8900_-NONE-_-NONE-,292026551,2298558,146715,2022-06-29,2022,220880.0,MEL PRAGER INC,MEL PRAGER INC. DETECTOR EMULATORS
CONT_AWD_89233018CNR000004_8900_-NONE-_-NONE-,292026551,2301001,146740,2022-06-29,2022,112786.0,THE GRIEVE CORPORATION,"THE SUPPLIER SHALL FURNISH THE NECESSARY LABOR, SUPERVISION, SERVICES, TOOLS, EQ"
CONT_AWD_89233018CNR000004_8900_-NONE-_-NONE-,292026551,2307277,146709,2022-06-29,2022,106486.0,SFS CHEMICAL SAFETY INC,CHEMICAL WASTE MANAGEMENT YEARLY MAINTENANCE FOR EMS 6.2
CONT_AWD_89233018CNR000004_8900_-NONE-_-NONE-,292026551,991340,146367,2022-06-29,2022,108000.0,HAWORTH INC,HAWORTH DESIGN SURVEY
CONT_AWD_89233018CNR000004_8900_-NONE-_-NONE-,292026551,992668,146377,2022-06-29,2022,671213.14,COLOSSAL CONTRACTING LLC,VTC - VIDEO CONFERENCING SYSTEM ANNUAL SUPPORT/MAINTENANCE
CONT_AWD_89233018CNR000004_8900_-NONE-_-NONE-,292026551,1000313,146160,2022-06-30,2022,365869.26,DYNAMIC SYSTEMS INC,FY22 ORACLE HARDWARE
CONT_AWD_89233018CNR000004_8900_-NONE-_-NONE-,292026551,1000831,146749,2022-06-30,2022,254703.41,COLOSSAL CONTRACTING LLC,PLANVIEW SOFTWARE RENEWAL - POP 8/15/22-8/14/23
CONT_AWD_89233018CNR000004_8900_-NONE-_-NONE-,292026551,2301712,7019070,2022-06-30,2022,101370.56,MARCOM LLC,"FY20-FY25 CHEMICAL MANGEMENT SERVICES, GARDNER, DAWSON, LAWSON"
CONT_AWD_89233018CNR000004_8900_-NONE-_-NONE-,292026551,985919,146419,2022-06-30,2022,235969.0,STERLING COMPUTERS CORPORATION,FY22 COMMVAULT SOFTWARE LICENSES
CONT_AWD_89233018CNR000004_8900_-NONE-_-NONE-,292026551,992539,146897,2022-06-30,2022,45654.0,ASSURANCE DATA INC,CHECKMARX CXSAST SUBSCRIPTION
CONT_AWD_89233018CNR000004_8900_-NONE-_-NONE-,292026551,2297774,147145,2022-08-11,2022,182641.78,"CTG FEDERAL, LLC",FY22 LAN TECH REFRESH #2
CONT_AWD_89233018CNR000004_8900_-NONE-_-NONE-,292026551,997485,147204,2022-08-25,2022,159844.0,"WESTWIND COMPUTER PRODUCTS, INC.",EB RPCO KVM
CONT_AWD_89233018CNR000004_8900_-NONE-_-NONE-,292026551,2301201,147446,2022-09-01,2022,62870.0,KEYENCE CORPORATION OF AMERICA,KEYENCE LASER PROFILOMETER ADDITIONAL PERIPHERALS AND SPARES
CONT_AWD_89233018CNR000004_8900_-NONE-_-NONE-,292026551,2303483,147344,2022-09-01,2022,59924.34,LOGISTICS365 INC,IR THERMAL CAMERAS
CONT_AWD_89233018CNR000004_8900_-NONE-_-NONE-,292026551,2304380,147594,2022-09-01,2022,232480.0,STRUERS INC,NON TWD ORDER FOR CHASE NELSON FOR OPS. EXAMS EQUIPMENT SUPPLY.
CONT_AWD_89233018CNR000004_8900_-NONE-_-NONE-,292026551,2304974,146934-0002,2022-09-01,2022,87893.2,"INFORMATION SYSTEMS LABORATORIES, INC",ISL MASTER AGREEMENT FOR SNAP SOFTWARE
CONT_AWD_89233018CNR000004_8900_-NONE-_-NONE-,292026551,2305756,146934-0003,2022-09-01,2022,105938.4,"INFORMATION SYSTEMS LABORATORIES, INC",ISL MASTER AGREEMENT FOR SNAP SOFTWARE
CONT_AWD_89233018CNR000004_8900_-NONE-_-NONE-,292026551,2308467,146934-0001,2022-09-01,2022,64914.4,"INFORMATION SYSTEMS LABORATORIES, INC",ISL MASTER AGREEMENT FOR SNAP SOFTWARE
CONT_AWD_89233018CNR000004_8900_-NONE-_-NONE-,292026551,2308759,147613,2022-09-01,2022,35690.22,"HILL & MARKES, LLC",HILL & MARKES JANITORIAL SUPPLIES
CONT_AWD_89233018CNR000004_8900_-NONE-_-NONE-,292026551,993102,147137,2022-09-01,2022,55980.0,TRANE U.S. INC.,SITE-TRANE B75 MAU REPLACEMENT
CONT_AWD_89233018CNR000004_8900_-NONE-_-NONE-,292026551,2303377,140911-0011,2022-09-02,2022,85200.0,"THE M&P LAB, INC.",MASTER AGREEMENT FOER WORK AUTHORIZATIONS
CONT_AWD_89233018CNR000004_8900_-NONE-_-NONE-,292026551,1004208,147165,2022-09-07,2022,123892.5,"PENGATE HANDLING SYSTEMS, INC.",SWING -REACH TRUCK
CONT_AWD_89233018CNR000004_8900_-NONE-_-NONE-,292026551,2303849,147026,2022-09-07,2022,1127000.0,LUNA INNOVATIONS INCORPORATED,LUNA MODIFICATIONS PHASE II
CONT_AWD_89233018CNR000004_8900_-NONE-_-NONE-,292026551,2309213,147056-0003,2022-09-07,2022,90000.0,"ASCYNDENT, LLC",FY22 DATA HUB PROFESSIONAL OFFSITE SERVICES
CONT_AWD_89233018CNR000004_8900_-NONE-_-NONE-,292026551,2302757,147385,2022-09-08,2022,45000.0,MODELON INC.,(ATIP - PITSCHMAN) MODELON SOFTWARE
CONT_AWD_89233018CNR000004_8900_-NONE-_-NONE-,292026551,2305994,147553,2022-09-08,2022,57140.0,SCHEDMD LLC,FY22 SLURM SUPPORT & TRAINING CLASS
CONT_AWD_89233018CNR000004_8900_-NONE-_-NONE-,292026551,986954,147227,2022-09-08,2022,125693.0,"SIMAKAS COMPANY, INC.",WALLACE - PIPING ORDER
CONT_AWD_89233018CNR000004_8900_-NONE-_-NONE-,292026551,995748,147156,2022-09-08,2022,137925.11,HOLMANS USA CORPORATION,NETWORK EQT FOR GPU CLUSTERS
CONT_AWD_89233018CNR000004_8900_-NONE-_-NONE-,292026551,2305258,147589,2022-09-09,2022,40983.0,ZIBRA CORPORATION,ZIBRA BORESCOPE PROBES
CONT_AWD_89233018CNR000004_8900_-NONE-_-NONE-,292026551,2296936,147647,2022-09-12,2022,31246.65,"W.W. GRAINGER, INC.",NEW TABLES AND CHAIRS FOR THE CAFE (ALYSON EMERY)
CONT_AWD_89233018CNR000004_8900_-NONE-_-NONE-,292026551,2300231,147572,2022-09-12,2022,78100.0,EXXACT CORPORATION,RSVT - VIVE PRO SECURE - SY SUPPLY AND SPARES
CONT_AWD_89233018CNR000004_8900_-NONE-_-NONE-,292026551,2308322,146952,2022-09-12,2022,44466.53,"INFORMATION SYSTEMS LABORATORIES, INC",PLAN FOR A CODE MERGE OF RELAP5-3D WITH NUPAC
CONT_AWD_89233018CNR000004_8900_-NONE-_-NONE-,292026551,993474,147571,2022-09-12,2022,86310.0,"WESTWIND COMPUTER PRODUCTS, INC.",RSVT - POWER WORKSTATIONS
CONT_AWD_89233018CNR000004_8900_-NONE-_-NONE-,292026551,997046,147315,2022-09-12,2022,279415.64,DYNAMIC SYSTEMS INC,FY22 ORACLE PCA NODES
CONT_AWD_89233018CNR000004_8900_-NONE-_-NONE-,292026551,1001467,147260,2022-09-13,2022,180761.79,"NIKON METROLOGY, LLC",LARGE OPTICAL INSPECTION SYSTEM
CONT_AWD_89233018CNR000004_8900_-NONE-_-NONE-,292026551,2298734,147013,2022-09-13,2022,437825.0,"APPLIED POWER SYSTEMS, INC.",POWER ELECTRONIC INVERTERS FOR KS B28
CONT_AWD_89233018CNR000004_8900_-NONE-_-NONE-,292026551,2299962,147650,2022-09-13,2022,62201.0,UNITECH SERVICES GROUP,TSS JOB
CONT_AWD_89233018CNR000004_8900_-NONE-_-NONE-,292026551,2309891,147653,2022-09-13,2022,55712.15,"A. BLAIR POWELL COMPANY, INC.",MEYERS - LOOP 29 CONTROL VALVES REFURBISHMENT
CONT_AWD_89233018CNR000004_8900_-NONE-_-NONE-,292026551,993241,147377,2022-09-13,2022,93000.0,"ALPHA SPECTRA, INC.",ALPHA DETECTORS
CONT_AWD_89233018CNR000004_8900_-NONE-_-NONE-,292026551,999558,147238,2022-09-13,2022,131073.41,COLOSSAL CONTRACTING LLC,NRF NETWORK INFRASTRUCTURE
CONT_AWD_89233018CNR000004_8900_-NONE-_-NONE-,292026551,2298159,146528,2022-09-14,2022,312274.81,"HB WORKPLACES, LLC",S5G 2ND FLOOR CUBICLE REPLACEMENT
CONT_AWD_89233018CNR000004_8900_-NONE-_-NONE-,292026551,2305131,140349-0074,2022-09-14,2022,122117.55,"O'CONNELL ELECTRIC COMPANY, INC.",DATA COMMUNICATION NETWORK INFRASTRUCTURE FOR KNOLLS AND KESSELRING SITES
CONT_AWD_89233018CNR000004_8900_-NONE-_-NONE-,292026551,985139,146886,2022-09-14,2022,61583.12,OLYMPUS AMERICA INC,OLYMPUS DSX 1000
CONT_AWD_89233018CNR000004_8900_-NONE-_-NONE-,292026551,986511,147475,2022-09-14,2022,40000.0,UNIVERSITY OF PITTSBURGH - OF THE COMMONWEALTH SYSTEM OF HIGHER EDUCATION,(ATIP - RUFFLEY) SHREC IUCRC AT UNIVERSITY OF PITTSBURGH - MEMBERSHIP
CONT_AWD_89233018CNR000004_8900_-NONE-_-NONE-,292026551,987021,147268,2022-09-14,2022,283000.0,"ADVANCED MAGNET LAB, INC.",(ATIP - MUNROE) PASSIVE MAGNETIC BEARING - PHASE 2
CONT_AWD_89233018CNR000004_8900_-NONE-_-NONE-,292026551,991493,146796,2022-09-14,2022,150500.0,"SHAWMUT EQUIPMENT COMPANY, INCORPORATED",HEAVY LIFT CRANE (HLC) MODIFICATION CONTRACT
CONT_AWD_89233018CNR000004_8900_-NONE-_-NONE-,292026551,997433,147537,2022-09-14,2022,43855.02,COLOSSAL CONTRACTING LLC,"29014, LINE ITEMS #4, 5, 9 & 10."
CONT_AWD_89233018CNR000004_8900_-NONE-_-NONE-,292026551,1004281,147406,2022-09-15,2022,72433.0,ILLINOIS TOOL WORKS INC.,MICROHARDNESS TESTER FOR CELL 4
CONT_AWD_89233018CNR000004_8900_-NONE-_-NONE-,292026551,2296958,147064,2022-09-15,2022,164381.5,"DATRON USA, INC.",E7 - MINI MILL
CONT_AWD_89233018CNR000004_8900_-NONE-_-NONE-,292026551,2304836,146550,2022-09-15,2022,34000000.0,"BATTELLE ENERGY ALLIANCE, LLC",ATR 2C CUBICLE REFURBISHMENT
CONT_AWD_89233018CNR000004_8900_-NONE-_-NONE-,292026551,2305175,147539,2022-09-15,2022,93240.0,CONTAINER PRODUCTS CORPORATION,ORDER #10 B-25 B-12 IP-1 CONTAINERS
CONT_AWD_89233018CNR000004_8900_-NONE-_-NONE-,292026551,2307506,146745,2022-09-15,2022,566000.0,"HOOSICK VALLEY CONTRACTORS, INC.",SUSTAINABILITY - UTILITY METER INSTALLATION
CONT_AWD_89233018CNR000004_8900_-NONE-_-NONE-,292026551,2310096,139919-0052,2022-09-15,2022,32850.0,"BATTELLE SAVANNAH RIVER ALLIANCE, LLC",LOW LEVEL RADIOACTIVE WASTE TO SRS
CONT_AWD_89233018CNR000004_8900_-NONE-_-NONE-,292026551,985612,147253,2022-09-15,2022,86700.0,ROZELL NORTH LLC,DISMANTLE TF-119 STA. 3 AND 5
CONT_AWD_89233018CNR000004_8900_-NONE-_-NONE-,292026551,2307843,147374,2022-09-16,2022,131276.0,"TILLEY MECHANICAL TECHNOLOGIES, INC.",VQPT FILTER & DEGAS SKID
CONT_AWD_89233018CNR000004_8900_-NONE-_-NONE-,292026551,2302223,147382,2022-09-19,2022,240657.12,DS GOVERNMENT SOLUTIONS CORP,LEASE OF 3DEXPERIENCE LICENSES
CONT_AWD_89233018CNR000004_8900_-NONE-_-NONE-,292026551,2302252,147649,2022-09-19,2022,313724.0,"FPOLISOLUTIONS, LLC",SIMULATION FRAMEWORK AND DATA ONTOLOGY TOOLS TO BEPU ANALYSIS
CONT_AWD_89233018CNR000004_8900_-NONE-_-NONE-,292026551,2304172,147200,2022-09-19,2022,300000.0,"UBERETHER, INC.",SAILPOINT PROFESSIONAL SERVICES (10/01/2022-09/30/2023)
CONT_AWD_89233018CNR000004_8900_-NONE-_-NONE-,292026551,2305430,147597,2022-09-19,2022,84220.0,TELETRIX CORPORATION,TELETRIX
CONT_AWD_89233018CNR000004_8900_-NONE-_-NONE-,292026551,2309890,147107,2022-09-19,2022,87940.0,"COMSOL, INC.",(ATIP - MUNROE) COMSOL ADDITIONAL LICENSES
CONT_AWD_89233018CNR000004_8900_-NONE-_-NONE-,292026551,998277,147440,2022-09-19,2022,31870.0,EASY LIFT EQUIPMENT CO INC,DRUM HAULER
CONT_AWD_89233018CNR000004_8900_-NONE-_-NONE-,292026551,998609,147640,2022-09-19,2022,43068.18,COLOSSAL CONTRACTING LLC,TACLANE
CONT_AWD_89233018CNR000004_8900_-NONE-_-NONE-,292026551,2297234,147596,2022-09-20,2022,42450.0,"MIRION TECHNOLOGIES (CANBERRA), INC.",OSPREYS
CONT_AWD_89233018CNR000004_8900_-NONE-_-NONE-,292026551,2301230,146768,2022-09-20,2022,99181.0,MULTI-PHASE CONTRACTING CORP.,M290 VIP INSTALLATION
CONT_AWD_89233018CNR000004_8900_-NONE-_-NONE-,292026551,2306564,147535,2022-09-20,2022,803436.0,"MONSTER GOVERNMENT SOLUTIONS, LLC","TALENT MANAGEMENT, RECRUITMENT AND WEBSITE MAINTENANCE FOR A THREE YEAR PERIOD"
CONT_AWD_89233018CNR000004_8900_-NONE-_-NONE-,292026551,2307223,147250,2022-09-20,2022,78952.0,"THOMPSON & JOHNSON EQUIPMENT CO., INC.",TOYOTA ELECTRIC LIFT TRUCK
CONT_AWD_89233018CNR000004_8900_-NONE-_-NONE-,292026551,2308485,140349-0083,2022-09-20,2022,66306.3,"O'CONNELL ELECTRIC COMPANY, INC.",DATA COMMUNICATION NETWORK INFRASTRUCTURE FOR KNOLLS AND KESSELRING SITES
CONT_AWD_89233018CNR000004_8900_-NONE-_-NONE-,292026551,2308785,140349-0084,2022-09-20,2022,50946.8,"O'CONNELL ELECTRIC COMPANY, INC.",DATA COMMUNICATION NETWORK INFRASTRUCTURE FOR KNOLLS AND KESSELRING SITES
CONT_AWD_89233018CNR000004_8900_-NONE-_-NONE-,292026551,995083,147284,2022-09-20,2022,77596.0,FEDERAL RESOURCES CORPORATION,TRELLIX/MCAFEE CONSULTING SERVICES
CONT_AWD_89233018CNR000004_8900_-NONE-_-NONE-,292026551,2296201,129672-0008,2022-09-21,2022,193500.0,JAMES H. MALOY INC,2018 EARTHWORKS MASTER AGREEMENT
CONT_AWD_89233018CNR000004_8900_-NONE-_-NONE-,292026551,2296810,129672-0007,2022-09-21,2022,148200.0,JAMES H. MALOY INC,2018 EARTHWORKS MASTER AGREEMENT
CONT_AWD_89233018CNR000004_8900_-NONE-_-NONE-,292026551,2297962,147206,2022-09-21,2022,348000.0,JAMES H. MALOY INC,O2 SANITARY LINE REPLACEMENT PROJECT
CONT_AWD_89233018CNR000004_8900_-NONE-_-NONE-,292026551,981458,147303,2022-09-21,2022,319850.0,ROZELL NORTH LLC,VQPT MAIN AUXILIARY SKID - BTP
CONT_AWD_89233018CNR000004_8900_-NONE-_-NONE-,292026551,989954,146260-0001,2022-09-21,2022,185192.0,ENFIELD ENTERPRISES LLC,KESSELRING SITE DOORS MASTER AGREEMENT
CONT_AWD_89233018CNR000004_8900_-NONE-_-NONE-,292026551,993529,147578,2022-09-21,2022,40414.0,"RALPH W. EARL CO., INC.",UR3 ROBOT W/GRIPPERS
CONT_AWD_89233018CNR000004_8900_-NONE-_-NONE-,292026551,995549,147353,2022-09-21,2022,615676.54,COLOSSAL CONTRACTING LLC,NETWORKING SWITCHES
CONT_AWD_89233018CNR000004_8900_-NONE-_-NONE-,292026551,996449,147142,2022-09-21,2022,372426.82,COLOSSAL CONTRACTING LLC,LAN TECH REFRESH BPMI- IN ACCORDANCE WITH ATTACHED TECHNICAL SPECIFICATION
CONT_AWD_89233018CNR000004_8900_-NONE-_-NONE-,292026551,996759,146135-0010,2022-09-21,2022,1083900.0,"GRM KONTRACTING, LLC",1717 GENERAL CONSTRUCTION
CONT_AWD_89233018CNR000004_8900_-NONE-_-NONE-,292026551,2304843,147309,2022-09-22,2022,1463988.0,FEI COMPANY,TRANSMISSION ELECTRON MICROSCOPE SYSTEM
CONT_AWD_89233018CNR000004_8900_-NONE-_-NONE-,292026551,2305892,7019296,2022-09-22,2022,59803.15,"SAGE ENGINEERING ASSOCIATES, LLP",AE DESIGN OF THE BLDG 6 FUNCTION RELOCATION TO BLDG 19
CONT_AWD_89233018CNR000004_8900_-NONE-_-NONE-,292026551,2307336,147768,2022-09-22,2022,50000.0,TELETRIX CORPORATION,SELF-FRISKING PROTOTYPE
CONT_AWD_89233018CNR000004_8900_-NONE-_-NONE-,292026551,2308640,147620,2022-09-22,2022,50000.0,TELETRIX CORPORATION,SELF-FRISK TRAINING SYSTEM PROTOTYPE
CONT_AWD_89233018CNR000004_8900_-NONE-_-NONE-,292026551,980021,147681,2022-09-22,2022,51580.0,"TURF EQUIPMENT & IRRIGATION, INC.",VENTRAC 4500Y TRACTORS AND ACCESSORIES
CONT_AWD_89233018CNR000004_8900_-NONE-_-NONE-,292026551,980379,147207,2022-09-22,2022,108558.36,STERLING COMPUTERS CORPORATION,ANNUAL MAINTENANCE FOR ICIT DELL TECHNOLOGIES EQUIPMENT
CONT_AWD_89233018CNR000004_8900_-NONE-_-NONE-,292026551,983064,147259,2022-09-22,2022,36000.0,"AGGREKO, LLC",TEMPORARY COOLING SYSTEM SERVICE FOR BETTIS DATA CENTER
CONT_AWD_89233018CNR000004_8900_-NONE-_-NONE-,292026551,983161,147394,2022-09-22,2022,156831.0,"DISTRIBUTION MANAGEMENT COMPANY, INC.",FLOWTRAC SOFTWARE
CONT_AWD_89233018CNR000004_8900_-NONE-_-NONE-,292026551,989257,147756,2022-09-22,2022,58920.0,"TURF EQUIPMENT & IRRIGATION, INC.",VENTRAC 4520Y TRACTORS AND ACCESSORIES
CONT_AWD_89233018CNR000004_8900_-NONE-_-NONE-,292026551,995055,145485,2022-09-22,2022,520400.0,TENOVA INC,COLD MILL REFURBISHMENT OF MILL ROLLS AND ELECTRONIC INTERFACE SYSTEM
CONT_AWD_89233018CNR000004_8900_-NONE-_-NONE-,292026551,996747,147102,2022-09-22,2022,99630.0,SIEMENS INDUSTRY SOFTWARE INC.,MENTOR SIMULATION TOOLS
CONT_AWD_89233018CNR000004_8900_-NONE-_-NONE-,292026551,2305113,147218,2022-09-23,2022,31321.5,"TESTFORCE USA, INC.",EE EQUIPMENT UPGRADES
CONT_AWD_89233018CNR000004_8900_-NONE-_-NONE-,292026551,2306656,147061,2022-09-23,2022,35817.0,TECO-WESTINGHOUSE MOTOR COMPANY,DYNO BEARING LINER REPLACEMENT AND INSTALLATION
CONT_AWD_89233018CNR000004_8900_-NONE-_-NONE-,292026551,2306721,147641,2022-09-23,2022,157786.41,NEW DAY OFFICE PRODUCTS & FURNISHINGS INC,PNS OFFICE FURNITURE REHAB
CONT_AWD_89233018CNR000004_8900_-NONE-_-NONE-,292026551,991051,147351,2022-09-23,2022,374580.0,VADATECH INC,COMMUNICATION PASS-THROUGH CARD PROTOTYPE SUGGESTED BUYER (IF KNOWN)
CONT_AWD_89233018CNR000004_8900_-NONE-_-NONE-,292026551,2301451,147774-0001,2022-09-26,2022,195602.6,MURN INCORPORATED,1867 PAVING MASTER AGREEMENT
CONT_AWD_89233018CNR000004_8900_-NONE-_-NONE-,292026551,2305685,144851,2022-09-26,2022,275149.09,"THE METRO GROUP, INC.",WATER CHEMISTRY SERVICE AND MAINTENANCE SUBCONTRACT
CONT_AWD_89233018CNR000004_8900_-NONE-_-NONE-,292026551,993759,147220,2022-09-26,2022,277289.01,DEC USA INC,NON TWD ORDER FOR BENJAMIN JONES FOR CSRF AND NFSH EQUIPMENT BUILD.
CONT_AWD_89233018CNR000004_8900_-NONE-_-NONE-,292026551,998326,147599,2022-09-26,2022,44010.0,"BIZON GROUP, INC",20'X8'X8.5' CARGO CONTAINTER END LOADER ONE-USE WOODEN FLOOR
CONT_AWD_89233018CNR000004_8900_-NONE-_-NONE-,292026551,999565,147098,2022-09-26,2022,566794.04,DEC USA INC,"THE SUPPLIER WILL FABRICATE, TEST AND DELIVER 2 - PORT TRANSFER CONTAINMENTS."
CONT_AWD_89233018CNR000004_8900_-NONE-_-NONE-,292026551,2297340,129672-0009,2022-09-27,2022,80900.0,JAMES H. MALOY INC,2018 EARTHWORKS MASTER AGREEMENT
CONT_AWD_89233018CNR000004_8900_-NONE-_-NONE-,292026551,2298555,147379,2022-09-27,2022,35981.08,"IDEAL SYSTEM SOLUTIONS, INC.",NATIONAL INSTRUMENT FOR KTPE/TE/DSE
CONT_AWD_89233018CNR000004_8900_-NONE-_-NONE-,292026551,2301478,141052-0004,2022-09-27,2022,59170.02,"METAL IMPROVEMENT COMPANY, LLC",MASTER AGREEMENT FOR WORK AUTHORIZATIONS - WA22HAW064
CONT_AWD_89233018CNR000004_8900_-NONE-_-NONE-,292026551,2303075,147342,2022-09-27,2022,33810.0,"MHF PACKAGING SOLUTIONS, LLC",CARLSON - 5 FOOT ISO'S
CONT_AWD_89233018CNR000004_8900_-NONE-_-NONE-,292026551,2307340,7019306,2022-09-27,2022,492834.88,"SAGE ENGINEERING ASSOCIATES, LLP",TOA 131_BLDG 28 MDR
CONT_AWD_89233018CNR000004_8900_-NONE-_-NONE-,292026551,2307828,147695,2022-09-27,2022,42659.4,"ENERGYSOLUTIONS, LLC","DISPOSAL OF LOW LEVEL RADIOACTIVE WASTE, ENERGY SOLUTIONS, CLIVE UT"
CONT_AWD_89233018CNR000004_8900_-NONE-_-NONE-,292026551,2309690,147694,2022-09-27,2022,70549.52,"ENERGYSOLUTIONS, LLC","RENTAL, DECONTAMINATION AND TRANSPORTATION OF INTERMODAL CONTAINERS."
CONT_AWD_89233018CNR000004_8900_-NONE-_-NONE-,292026551,994507,146835,2022-09-27,2022,254659.5,COLOSSAL CONTRACTING LLC,"KVM SWITCHBOXES, KVM CABLES, FIBER PATCH CABLES AND COMPUTER PERIPHERALS TO SUPP"
CONT_AWD_89233018CNR000004_8900_-NONE-_-NONE-,292026551,995375,147547,2022-09-27,2022,144594.6,COLOSSAL CONTRACTING LLC,TACLANE FY22 PURCHASE
CONT_AWD_89233018CNR000004_8900_-NONE-_-NONE-,292026551,1002157,147082,2022-09-28,2022,57241.21,METTLER-TOLEDO LLC,CALIBRATION AND CORRECTIVE MAINTENANCE ON METTLER TOLEDO SCALES AND BALANCES
CONT_AWD_89233018CNR000004_8900_-NONE-_-NONE-,292026551,2300867,147678,2022-09-28,2022,161489.42,UNISON COST ENGINEERING LLC,(ATIP - ROSECRANS) COST BASED MODELING SOFTWARE
CONT_AWD_89233018CNR000004_8900_-NONE-_-NONE-,292026551,2301707,147244,2022-09-28,2022,45338.0,"SECURE SUPPLY, INC",EQUIPMENT ORDER FOR WORLD DINING
CONT_AWD_89233018CNR000004_8900_-NONE-_-NONE-,292026551,2306309,147373,2022-09-28,2022,534126.52,DRS NAVAL POWER SYSTEMS INC,EXECUTION OF STATEMENT OF WORK FOR MAIN PROPULSION MOTOR DRIVE POWER ELECTRONIC
CONT_AWD_89233018CNR000004_8900_-NONE-_-NONE-,292026551,2309384,147715,2022-09-28,2022,412490.0,CLARK-MXR INC,PURCHASE OF UMW LASER
CONT_AWD_89233018CNR000004_8900_-NONE-_-NONE-,292026551,2309519,146953,2022-09-28,2022,62237.0,"BATTELLE ENERGY ALLIANCE, LLC",RELAP5-3D ? NUPAC ALIGNMENT PLAN - INL
CONT_AWD_89233018CNR000004_8900_-NONE-_-NONE-,292026551,994634,147127,2022-09-28,2022,42560.06,"TELEDYNE INSTRUMENTS, INC.",TELEDYNE CABLE ASSEMBLIES
CONT_AWD_89233018CNR000004_8900_-NONE-_-NONE-,292026551,2303788,147666,2022-10-03,2023,124412.0,"MANAGEMENT CONCEPTS, INC",FY23 PM TRAINING - PROJECT MANAGEMENT TRAINING
CONT_AWD_89233018CNR000004_8900_-NONE-_-NONE-,292026551,991811,147485,2022-10-03,2023,36737.14,ALPHA OMEGA SHELVING INC,LOOP 29 OPERATOR STATION FURNITURE
CONT_AWD_89233018CNR000004_8900_-NONE-_-NONE-,292026551,992180,145938,2022-10-03,2023,48715.0,KIN-TECH MFG INC,PORTZ - LIPT SPACERS
CONT_AWD_89233018CNR000004_8900_-NONE-_-NONE-,292026551,986718,147347,2022-10-04,2023,40000.0,"SCHNEIDER DOWNS & CO., INC.",FMP EXPAND EARLY START PROGRAM AND TELEWORK HYBRID MODELS FOR FUTURE AND ACTIVE
CONT_AWD_89233018CNR000004_8900_-NONE-_-NONE-,292026551,2309806,147479,2022-10-06,2023,36396.0,REPEAT BUSINESS SYSTEMS INC,RENEWAL OF RICOH COPIER LEASE AND USAGE
CONT_AWD_89233018CNR000004_8900_-NONE-_-NONE-,292026551,2306174,147757,2022-10-07,2023,147730.63,"ENERGYSOLUTIONS, LLC",ENERGYSOLUTIONS - DISPOSAL OF NAVAL COMPONENTS FROM SHIPYARD
CONT_AWD_89233018CNR000004_8900_-NONE-_-NONE-,292026551,2300400,147574,2022-10-10,2023,817450.0,FACILITY SUPPORT SERVICES LLC,AML OUTER ROOM ALTERATION
CONT_AWD_89233018CNR000004_8900_-NONE-_-NONE-,292026551,2307851,139919-0053,2022-10-10,2023,41202.0,SAVANNAH RIVER NUCLEAR SOLUTIONS LLC,LOW LEVEL RADIOACTIVE WASTE TO SRS
CONT_AWD_89233018CNR000004_8900_-NONE-_-NONE-,292026551,2310189,146973,2022-10-10,2023,30660.0,SMI MANUFACTURING INC,SOLOCHIER - TAPERLOK SEAL RING CUSTOM SIZE ORDER FOR THL
CONT_AWD_89233018CNR000004_8900_-NONE-_-NONE-,292026551,984943,147851,2022-10-10,2023,50800.0,DEWESOFT LLC,(ATIP - CEARLEY) DEWESOFT DAQ SYSTEM
CONT_AWD_89233018CNR000004_8900_-NONE-_-NONE-,292026551,988295,147643,2022-10-10,2023,36400.0,MACHINERY WEST INC,3 1/2' SHACKLES
CONT_AWD_89233018CNR000004_8900_-NONE-_-NONE-,292026551,2302616,146846,2022-10-11,2023,75750.0,"LEIDOS SECURITY DETECTION & AUTOMATION, INC.",EXPLOSIVE DETECTION UNIT
CONT_AWD_89233018CNR000004_8900_-NONE-_-NONE-,292026551,2306931,147905,2022-10-11,2023,55189.55,"NORTHEAST HVAC SOLUTIONS, INC.",NEW INVENTORY PARTS - NORTHEAST HVAC SOLUTIONS - 9/13/2022
CONT_AWD_89233018CNR000004_8900_-NONE-_-NONE-,292026551,2309192,125349-0015,2022-10-11,2023,76500.0,"BATTELLE ENERGY ALLIANCE, LLC",CHARACTERIZATION AND/OR TESTING OF NUCLEAR MATERIALS
CONT_AWD_89233018CNR000004_8900_-NONE-_-NONE-,292026551,995354,143224-0003,2022-10-11,2023,63038.0,DESERT PEAK GENERAL CONTRACTORS LLC,ROOF MAINTENANCE
CONT_AWD_89233018CNR000004_8900_-NONE-_-NONE-,292026551,2306555,147056-0004,2022-10-12,2023,70000.0,"ASCYNDENT, LLC",FY22 DATA HUB PROFESSIONAL OFFSITE SERVICES
CONT_AWD_89233018CNR000004_8900_-NONE-_-NONE-,292026551,2308957,147760,2022-10-12,2023,46161.14,"ENERGYSOLUTIONS, LLC",DOE CONTRACT ENERGYSOLUTIONS DISPOSAL OF TREATED MLLW 9703-01-0018 LLW 7326-06-0
CONT_AWD_89233018CNR000004_8900_-NONE-_-NONE-,292026551,2309798,147759,2022-10-12,2023,46652.48,"ENERGYSOLUTIONS, LLC",DOE CONTRACT ENERGYSOLUTIONS TREATMENT OF MLLW AND TRANSPORTATION 9703-01-0018 9
CONT_AWD_89233018CNR000004_8900_-NONE-_-NONE-,292026551,2310033,147836,2022-10-12,2023,60496.38,"PALISADE COMPANY, LLC",PALISADE @RISK LICENSE RENEWAL
CONT_AWD_89233018CNR000004_8900_-NONE-_-NONE-,292026551,2305411,147550,2022-10-13,2023,215000.0,STRYDER CORP,HANDSHAKE (STRYDER CORP) RENEWAL
CONT_AWD_89233018CNR000004_8900_-NONE-_-NONE-,292026551,987355,147862,2022-10-13,2023,36400.0,"TRIMECH SOLUTIONS, LLC",RENEWAL OF MAINTENANCE LICENSING OF MASTERCAM SOFTWARE AND 1 ADDITIONAL SEAT THR
CONT_AWD_89233018CNR000004_8900_-NONE-_-NONE-,292026551,2302513,147794,2022-10-14,2023,73500.0,"MHF PACKAGING SOLUTIONS, LLC","PROCURMENT OF B-25 STYLE BOXES. SPECIFICALLY, C095'S"
CONT_AWD_89233018CNR000004_8900_-NONE-_-NONE-,292026551,2303103,7019308,2022-10-17,2023,70455.0,"BEARDSLEY DESIGN ASSOCIATES ARCHITECTURE, ENGINEERING, LANDSCAPE ARCHITECTURE, D.P.C.",TOA 30 - L4 ROOF REPLACEMENT DETAILED DESIGN
CONT_AWD_89233018CNR000004_8900_-NONE-_-NONE-,292026551,2304946,147663,2022-10-17,2023,55373.57,"ENERGYSOLUTIONS, LLC",ENERGYSOLUTIONS - DISPOSAL OF GOV'T-OWNED RPI LINAC WASTE MATERIALS
CONT_AWD_89233018CNR000004_8900_-NONE-_-NONE-,292026551,2305593,7019303,2022-10-17,2023,66391.9,"SAGE ENGINEERING ASSOCIATES, LLP","TOA 132 WASTE MATRIX SAMPLING FACILITY MATERIALS SUBCONTRACTED ABATEMENT SCOPE,"
CONT_AWD_89233018CNR000004_8900_-NONE-_-NONE-,292026551,2308557,147111,2022-10-17,2023,128400.0,ATLAS ERGONOMICS LLC,KNOLLS ERGONOMIC IMPROVEMENT PROGRAM
CONT_AWD_89233018CNR000004_8900_-NONE-_-NONE-,292026551,998983,142848,2022-10-17,2023,2288755.2,MCFARLAND TECHNOLOGY INC,NAVAL TRAINING INFORMATION SYSTEMS (NTIS) SOFTWARE APPLICATION & NETWORK PERSONN
CONT_AWD_89233018CNR000004_8900_-NONE-_-NONE-,292026551,2297839,147652,2022-10-18,2023,1596300.0,"GOVSMART, INC.",FY23 NNL SERVICENOW MAINTENANCE - POP 10/29/2022-10/28/2023
CONT_AWD_89233018CNR000004_8900_-NONE-_-NONE-,292026551,2306637,139287-0008,2022-10-18,2023,42960.0,"HILL ENGINEERING, LLC",CONTRACT RESIDUAL STRESS MEASUREMENTS - HILL ENGINEERING
CONT_AWD_89233018CNR000004_8900_-NONE-_-NONE-,292026551,992511,147614,2022-10-18,2023,128950.02,"EASY STREET JD&S, LLC",SPECIALTY FORK TRUCK FOR KSO
CONT_AWD_89233018CNR000004_8900_-NONE-_-NONE-,292026551,994466,147853,2022-10-18,2023,31000.0,BNC CORP.,SCIONIX WITH HAM
CONT_AWD_89233018CNR000004_8900_-NONE-_-NONE-,292026551,999686,147887,2022-10-18,2023,36050.79,POLARIS SALES INC,PURCHASE OF NEW POLARIS RANGER
CONT_AWD_89233018CNR000004_8900_-NONE-_-NONE-,292026551,2303963,147600,2022-10-19,2023,47508.93,"MOTION INDUSTRIES, INC.",LUPE - SLEW DRIVES
CONT_AWD_89233018CNR000004_8900_-NONE-_-NONE-,292026551,2307546,139919-0054,2022-10-20,2023,60646.51,SAVANNAH RIVER NUCLEAR SOLUTIONS LLC,LOW LEVEL RADIOACTIVE WASTE TO SRS
CONT_AWD_89233018CNR000004_8900_-NONE-_-NONE-,292026551,2310013,7019314,2022-10-20,2023,74823.12,"SAGE ENGINEERING ASSOCIATES, LLP",TOA 135 SOUTHWEST QUADRANT STORM WATER UPGRADES DETAILED DESIGN
CONT_AWD_89233018CNR000004_8900_-NONE-_-NONE-,292026551,992501,147934,2022-10-20,2023,91225.0,PREMIER AUTOMATION LLC,"STEINER - SPLIT BACKPLANE RSVP CABINET - PXIE, REV 7"
CONT_AWD_89233018CNR000004_8900_-NONE-_-NONE-,292026551,2299837,147724,2022-10-24,2023,41500.0,ELECTRICAL WHOLESALE SUPPLY CO INC,1936012 4-5
CONT_AWD_89233018CNR000004_8900_-NONE-_-NONE-,292026551,2302140,140268-0009,2022-10-24,2023,104379.0,"K & D ELECTRIC, INC.",GSS MASTER AGREEMENT
CONT_AWD_89233018CNR000004_8900_-NONE-_-NONE-,292026551,2302715,148016,2022-10-24,2023,40458.0,TIMILON CORPORATION,FILTERS AND UV BULBS FOR THE ENVIROKLENZ SITE AIR PURIFIERS
CONT_AWD_89233018CNR000004_8900_-NONE-_-NONE-,292026551,2305681,146859,2022-10-24,2023,105560.0,"SMGS, LLC",TO SUPPORT BETTIS STORAGE NEEDS.
CONT_AWD_89233018CNR000004_8900_-NONE-_-NONE-,292026551,2309917,147819,2022-10-24,2023,32959.22,"ENVIRONMENTAL SYSTEMS RESEARCH INSTITUTE, INC.",SOFTWARE SUPPORT
CONT_AWD_89233018CNR000004_8900_-NONE-_-NONE-,292026551,994473,147710,2022-10-24,2023,827488.8,COLOSSAL CONTRACTING LLC,NPTU-C CISCO NETWORKING EQUIPMENT
CONT_AWD_89233018CNR000004_8900_-NONE-_-NONE-,292026551,2296967,146936,2022-10-25,2023,264074.0,SOUTHWEST RESEARCH INSTITUTE,ACE EXTERNAL AUTOMATION-SWRI
CONT_AWD_89233018CNR000004_8900_-NONE-_-NONE-,292026551,2298962,147871,2022-10-25,2023,471613.0,MONARCH LATHES LP,WEILER E80 HD/SL2 CNC/MANUAL LATHE
CONT_AWD_89233018CNR000004_8900_-NONE-_-NONE-,292026551,991086,147948,2022-10-25,2023,40932.0,RUPPERT FAMILY ELECTRONICS INC,CABLES
CONT_AWD_89233018CNR000004_8900_-NONE-_-NONE-,292026551,987694,148047,2022-10-26,2023,44165.0,PARKLAND USA CORPORATION,PURCHASE FUEL FOR THE FUEL STATION
CONT_AWD_89233018CNR000004_8900_-NONE-_-NONE-,292026551,993230,148005,2022-10-26,2023,96747.0,"PRECISION FILTERS, INC.",SIGNAL CONDITIONERS - ATIP RELATED
CONT_AWD_89233018CNR000004_8900_-NONE-_-NONE-,292026551,1000898,147918,2022-10-27,2023,30694.04,DYNAMIC SYSTEMS INC,FY23 SYMANTEC ENDPOINT ENCRYPTION RENEWAL
CONT_AWD_89233018CNR000004_8900_-NONE-_-NONE-,292026551,2296209,147677,2022-10-27,2023,471878.82,"GOVSMART, INC.",FY23 NR SERVICENOW MAINTENANCE - POP 10/29/2022-10/28/2023
CONT_AWD_89233018CNR000004_8900_-NONE-_-NONE-,292026551,2297655,147942,2022-10-27,2023,381000.0,"DALE HUFFAKER TRUCK AND BACKHOE, L.L.C.",SFHP SNOW REMOVAL FOR THE 2022-2023 WINTER SEASON
CONT_AWD_89233018CNR000004_8900_-NONE-_-NONE-,292026551,2298137,147915,2022-10-27,2023,94432.0,"IDEAL SYSTEM SOLUTIONS, INC.",NI HARDWARE - JOSLIN
CONT_AWD_89233018CNR000004_8900_-NONE-_-NONE-,292026551,2302013,147368-0001,2022-10-27,2023,415230.17,MUTUAL TELECOM SERVICES INC.,FY23 - TELEPHONE SYSTEM MAINTENANCE
CONT_AWD_89233018CNR000004_8900_-NONE-_-NONE-,292026551,2306844,146821-0007,2022-10-27,2023,38170.0,"PACKAGE ONE INDUSTRIES, LLC",WA22HAW072 - FLANGES & ADAPTER PLATES
CONT_AWD_89233018CNR000004_8900_-NONE-_-NONE-,292026551,986990,147831,2022-10-27,2023,145381.68,"THUNDERCAT TECHNOLOGY, LLC",FY23 MULESOFT PLATFORM MANAGED ONSITE SERVICE POP 11/01/2022-10/31/2023
CONT_AWD_89233018CNR000004_8900_-NONE-_-NONE-,292026551,993319,147703,2022-10-27,2023,393734.0,"WESTWIND COMPUTER PRODUCTS, INC.",MICROFOCUS CONTENT MANAGER (RMA) MAINTENANCE
CONT_AWD_89233018CNR000004_8900_-NONE-_-NONE-,292026551,2298429,147727,2022-10-28,2023,137203.23,"GSE PERFORMANCE SOLUTIONS, LLC",JADE MAINTENANCE CONTRACT
CONT_AWD_89233018CNR000004_8900_-NONE-_-NONE-,292026551,2302283,147754,2022-10-31,2023,155442.0,THE RESEARCH FOUNDATION FOR THE STATE UNIVERSITY OF NEW YORK,NI-FERRITE PARTICLE RESEARCH AND DEVELOPMENT AT SUNY POLYTECHNIC INSTITUTE
CONT_AWD_89233018CNR000004_8900_-NONE-_-NONE-,292026551,2303459,7019267,2022-10-31,2023,51568.0,"BEARDSLEY DESIGN ASSOCIATES ARCHITECTURE, ENGINEERING, LANDSCAPE ARCHITECTURE, D.P.C.",TOA #7 SECURITY LIFT GATE REPLACEMENT FIELD FOLLOW AND COMMISSIONING SERVICES
CONT_AWD_89233018CNR000004_8900_-NONE-_-NONE-,292026551,2303960,147904,2022-10-31,2023,68670.0,"DH TECHNOLOGIES, INC.",FY23 TERADICI MAINTENANCE RENEWAL
CONT_AWD_89233018CNR000004_8900_-NONE-_-NONE-,292026551,2303996,147815,2022-10-31,2023,148736.03,CYNERGY PROFESSIONAL SYSTEMS LLC,FY23 ACTIVE DIRECTORY QUEST INTRUST MAINTENANCE RENEWAL
CONT_AWD_89233018CNR000004_8900_-NONE-_-NONE-,292026551,2306332,148114,2022-10-31,2023,32067.9,"HILL & MARKES, LLC",JANITORIAL SUPPLIES KAPL09152022
CONT_AWD_89233018CNR000004_8900_-NONE-_-NONE-,292026551,988863,139166,2022-10-31,2023,1745062.09,"CHAMPION, INC.",CHAMPION SUBTIER DIRECT PAYMENT UNDER GRANITE CONSTRUCTION PO #7018988 (CS 106A)
CONT_AWD_89233018CNR000004_8900_-NONE-_-NONE-,292026551,993375,147936,2022-10-31,2023,33715.38,COLOSSAL CONTRACTING LLC,GICNET PHASE 1 PDU/UPS
CONT_AWD_89233018CNR000004_8900_-NONE-_-NONE-,292026551,1001110,147726,2022-11-01,2023,58948.0,"LASPINA LAWN, GARDEN & TURF EQUIPMENT, INC.",2 KUBOTA RTV PURCHASES WITH TRADE-IN OF 2 USED KUBOTA'S
CONT_AWD_89233018CNR000004_8900_-NONE-_-NONE-,292026551,2303584,145532-0004,2022-11-01,2023,48310.0,THE LINCOLN ELECTRIC COMPANY,"WA22HAW068, FABRICATE GMA-DED TEST BLOCKS"
CONT_AWD_89233018CNR000004_8900_-NONE-_-NONE-,292026551,2306271,147906,2022-11-01,2023,53662.5,FLUKE ELECTRONICS CORP,PURCHASE GOLD CARE COVERAGE FOR FLUKE CALIBRATORS
CONT_AWD_89233018CNR000004_8900_-NONE-_-NONE-,292026551,2306492,147926,2022-11-01,2023,85978.5,FLUKE ELECTRONICS CORP,SITE-QC FLUKE METER
CONT_AWD_89233018CNR000004_8900_-NONE-_-NONE-,292026551,2309958,147345,2022-11-01,2023,50000.0,HDF GROUP,HDF5 ENTERPRISE SUPPORT CONTRACT
CONT_AWD_89233018CNR000004_8900_-NONE-_-NONE-,292026551,985018,139166,2022-11-01,2023,1206841.05,"CHAMPION, INC.",CHAMPION SUBTIER DIRECT PAYMENT UNDER GRANITE CONSTRUCTION PO #7018988 (CS 106A)
CONT_AWD_89233018CNR000004_8900_-NONE-_-NONE-,292026551,991191,148046,2022-11-01,2023,45250.0,PARKLAND USA CORPORATION,FUEL ORDER FOR BOILERS HEATING SEASON 2022-2023
CONT_AWD_89233018CNR000004_8900_-NONE-_-NONE-,292026551,1000749,144807,2022-11-02,2023,95444.75,LIBURDI DIMETRICS CORPORATION,"THE SUPPLIER SHALL FURNISH THE NECESSARY LABOR, SUPERVISION, SERVICES, TOOLS, EQ"
CONT_AWD_89233018CNR000004_8900_-NONE-_-NONE-,292026551,2304662,139919-0055,2022-11-02,2023,42214.51,"BATTELLE SAVANNAH RIVER ALLIANCE, LLC",LOW LEVEL RADIOACTIVE WASTE TO SRS
CONT_AWD_89233018CNR000004_8900_-NONE-_-NONE-,292026551,2309945,146934-0005,2022-11-02,2023,49984.4,"INFORMATION SYSTEMS LABORATORIES, INC",ISL MASTER AGREEMENT FOR SNAP SOFTWARE
CONT_AWD_89233018CNR000004_8900_-NONE-_-NONE-,292026551,989975,147818,2022-11-02,2023,353134.87,BRUKER AXS LLC,FY 23 BRUKER G8 GALILEO WITH MASS SPECTROMETER AND IR FURNACE
CONT_AWD_89233018CNR000004_8900_-NONE-_-NONE-,292026551,990013,148134,2022-11-03,2023,93900.0,PARKLAND USA CORPORATION,FUEL ORDER FOR BOILERS HEATING SEASON 2022-2023
CONT_AWD_89233018CNR000004_8900_-NONE-_-NONE-,292026551,995426,146135-0010,2022-11-04,2023,1083899.0,"GRM KONTRACTING, LLC",1717 GENERAL CONSTRUCTION
CONT_AWD_89233018CNR000004_8900_-NONE-_-NONE-,292026551,2305512,148053,2022-11-07,2023,253272.0,CONTAINER PRODUCTS CORPORATION,ORDER # 12 SHIELDED B-12 CONTAINERS
CONT_AWD_89233018CNR000004_8900_-NONE-_-NONE-,292026551,984264,148208,2022-11-08,2023,48050.0,PARKLAND USA CORPORATION,FUEL ORDER FOR BOILERS HEATING SEASON 2022-2023
CONT_AWD_89233018CNR000004_8900_-NONE-_-NONE-,292026551,1001182,146591,2022-11-09,2023,995800.0,"DOVER ENGINEERED PRODUCTS SEGMENT, INC.",TELEMANIPULATORS
CONT_AWD_89233018CNR000004_8900_-NONE-_-NONE-,292026551,1003794,148191,2022-11-09,2023,60000.0,"MATERIALS DESIGN, INC.","MODELING BASIC PROPERTIES OF (NI, CR, FE)O OXIDE"
CONT_AWD_89233018CNR000004_8900_-NONE-_-NONE-,292026551,2309606,147056-0005,2022-11-09,2023,70000.0,"ASCYNDENT, LLC",FY22 DATA HUB PROFESSIONAL OFFSITE SERVICES
CONT_AWD_89233018CNR000004_8900_-NONE-_-NONE-,292026551,983832,148162,2022-11-09,2023,34833.0,B M KRAMER & COMPANY INC,REPLACEMENT STEAM METERS FOR STEAM DIST. SYSTEM
CONT_AWD_89233018CNR000004_8900_-NONE-_-NONE-,292026551,996668,147913,2022-11-09,2023,40859.0,COLOSSAL CONTRACTING LLC,CISCO CATALYST 9400 SERIES LINE CARDS
CONT_AWD_89233018CNR000004_8900_-NONE-_-NONE-,292026551,992722,147795,2022-11-10,2023,107973.97,SIEMENS GOVERNMENT TECHNOLOGIES INC,CCURE SSAS 2023
CONT_AWD_89233018CNR000004_8900_-NONE-_-NONE-,292026551,993308,147983,2022-11-10,2023,42800.0,"ELECTRO OPTICAL COMPONENTS, INC",EOC - JOSLIN
CONT_AWD_89233018CNR000004_8900_-NONE-_-NONE-,292026551,993648,148083,2022-11-10,2023,156284.07,COLOSSAL CONTRACTING LLC,FY23 COMSEC PURCHASE
CONT_AWD_89233018CNR000004_8900_-NONE-_-NONE-,292026551,995097,141414,2022-11-10,2023,49750.0,"VANGURA TOOL, INC.",STONER _MODIFIED FLEX NUTS-
CONT_AWD_89233018CNR000004_8900_-NONE-_-NONE-,292026551,2302087,148111,2022-11-14,2023,49347.0,COMPUTER AIDED TECHNOLOGY LLC,22-23 SOLIDWORKS SOFTWARE MAINTENANCE BULK BUY- YEARLY SOLIDWORKS SOFTWARE RENEW
CONT_AWD_89233018CNR000004_8900_-NONE-_-NONE-,292026551,2302517,148072,2022-11-14,2023,33669.6,"LEIDOS SECURITY DETECTION & AUTOMATION, INC.","KITS (4), B220 SERVICE KITS (MATERIAL NEEDED FOR TRAINING AT VENDOR FACILITY)"
CONT_AWD_89233018CNR000004_8900_-NONE-_-NONE-,292026551,2303873,147720,2022-11-14,2023,891140.0,FACILITY SUPPORT SERVICES LLC,AMTL/EMTF INFRASTRUCTURE UPGRADE (PHASE 2)
CONT_AWD_89233018CNR000004_8900_-NONE-_-NONE-,292026551,2309845,145854,2022-11-14,2023,663520.0,"NAVARRO RESEARCH AND ENGINEERING, INC.",ASCM IT SUBCONTRACTORS
CONT_AWD_89233018CNR000004_8900_-NONE-_-NONE-,292026551,991408,148240,2022-11-14,2023,98000.0,"JOHN C. BERRY & SONS, INC.",FUEL ORDER FOR BOILERS HEATING SEASON 2022-2023
CONT_AWD_89233018CNR000004_8900_-NONE-_-NONE-,292026551,2302847,147985,2022-11-15,2023,256593.8,EMPIRE MAGNETICS INC.,EDM ELECTRODE & GANTRY STEPPER MOTORS
CONT_AWD_89233018CNR000004_8900_-NONE-_-NONE-,292026551,2304680,138832-0002,2022-11-15,2023,36980.0,CUSTOM TOOL & MODEL CORP,WORK AUTHORIZATION MASTER AGREEMENT - WA22HAW074
CONT_AWD_89233018CNR000004_8900_-NONE-_-NONE-,292026551,997548,147920,2022-11-15,2023,881560.0,"DOVER ENGINEERED PRODUCTS SEGMENT, INC.",CHOMA - WEST CELL TELE-MANIPULATORS
CONT_AWD_89233018CNR000004_8900_-NONE-_-NONE-,292026551,998942,139678-0001,2022-11-15,2023,70800.0,SCIAKY INC,MASTER AGREEMENT - WA22HAW057
CONT_AWD_89233018CNR000004_8900_-NONE-_-NONE-,292026551,2301672,147893,2022-11-16,2023,328213.76,HACH COMPANY,SUPPLIER SHALL PROVIDE THE FOLLOWING ITEMS IN ACCORDANCE WITH THE ATTACHED ADMIN
CONT_AWD_89233018CNR000004_8900_-NONE-_-NONE-,292026551,2302854,148019,2022-11-16,2023,79355.0,"DH TECHNOLOGIES, INC.",FY 2023 NNPTC NUTANIX MAINTENANCE
CONT_AWD_89233018CNR000004_8900_-NONE-_-NONE-,292026551,979868,147801,2022-11-16,2023,39250.0,MACHINERY WEST INC,STAINLESS STEEL SHACKLES
CONT_AWD_89233018CNR000004_8900_-NONE-_-NONE-,292026551,990410,148045,2022-11-16,2023,98000.0,"JOHN C. BERRY & SONS, INC.",FUEL ORDER FOR BOILERS HEATING SEASON 2022-2023
CONT_AWD_89233018CNR000004_8900_-NONE-_-NONE-,292026551,996226,144370,2022-11-17,2023,327403.47,COLOSSAL CONTRACTING LLC,KS NNTP CORE SWITCH
CONT_AWD_89233018CNR000004_8900_-NONE-_-NONE-,292026551,996659,148025,2022-11-17,2023,316447.09,COLOSSAL CONTRACTING LLC,FY 2023 NNPTC NUTANIX CLUSTER
CONT_AWD_89233018CNR000004_8900_-NONE-_-NONE-,292026551,997608,148024,2022-11-17,2023,264347.64,COLOSSAL CONTRACTING LLC,FY 2023 NNPTC DELL SERVERS AND STORAGE
CONT_AWD_89233018CNR000004_8900_-NONE-_-NONE-,292026551,2304199,7019321,2022-11-18,2023,319055.0,"BEARDSLEY DESIGN ASSOCIATES ARCHITECTURE, ENGINEERING, LANDSCAPE ARCHITECTURE, D.P.C.",TOA 32 DETAIL DESING BUILDING 19-IDE FACILITY ALTERATIONS
CONT_AWD_89233018CNR000004_8900_-NONE-_-NONE-,292026551,985437,147848,2022-11-18,2023,78250.0,DEPENDABLE TOOL & DIE CO INC,TF-150 PUMP CASING MOCKUP
CONT_AWD_89233018CNR000004_8900_-NONE-_-NONE-,292026551,1000311,148093,2022-11-21,2023,54210.55,COLOSSAL CONTRACTING LLC,BETTIS STORES - IT PERIPHERALS:
CONT_AWD_89233018CNR000004_8900_-NONE-_-NONE-,292026551,2300874,147602,2022-11-21,2023,138854.65,"DH TECHNOLOGIES, INC.",FY23  F5 NETWORKS HARDWARE AND SOFTWARE MAINTENANCE
CONT_AWD_89233018CNR000004_8900_-NONE-_-NONE-,292026551,985134,147329,2022-11-21,2023,700126.32,"CONCUR TECHNOLOGIES, INC.",CONCUR SERVICES  (2YR TERM)
CONT_AWD_89233018CNR000004_8900_-NONE-_-NONE-,292026551,992005,148375,2022-11-21,2023,30716.0,MACHINERY WEST INC,RIGGING GEAR RR-1080
CONT_AWD_89233018CNR000004_8900_-NONE-_-NONE-,292026551,994069,147780,2022-11-21,2023,302820.0,"SRI FIRE SPRINKLER, LLC",K4 SPRINKLER REPLACEMENT
CONT_AWD_89233018CNR000004_8900_-NONE-_-NONE-,292026551,994700,148043,2022-11-21,2023,145719.16,COLOSSAL CONTRACTING LLC,NRF USER NETWORK EXPANSION
CONT_AWD_89233018CNR000004_8900_-NONE-_-NONE-,292026551,999230,148138,2022-11-21,2023,272683.31,COLOSSAL CONTRACTING LLC,FY23 SUPPORT & MAINTENANCE RENEWAL (RUBRIK)
CONT_AWD_89233018CNR000004_8900_-NONE-_-NONE-,292026551,2299055,148012,2022-11-22,2023,205560.0,BLUE TECH INC.,SAP SUSTAINMENT SERVICES
CONT_AWD_89233018CNR000004_8900_-NONE-_-NONE-,292026551,2300374,147892,2022-11-22,2023,163863.04,TECPLOT INC,FY23 TECPLOT LICENSE RENEWAL
CONT_AWD_89233018CNR000004_8900_-NONE-_-NONE-,292026551,2304208,148048,2022-11-22,2023,141852.48,TECPLOT INC,FIELDVIEW SOFTWARE LICENSE RENEWAL
CONT_AWD_89233018CNR000004_8900_-NONE-_-NONE-,292026551,2306669,147965,2022-11-22,2023,176100.51,"A. BLAIR POWELL COMPANY, INC.",REGESTER - KAMMER VALVES
CONT_AWD_89233018CNR000004_8900_-NONE-_-NONE-,292026551,1002786,148236,2022-11-23,2023,69868.0,CLAYTON ENGINEERING CO,AC BREAKERS FOR THE HPI&C LAB
CONT_AWD_89233018CNR000004_8900_-NONE-_-NONE-,292026551,984836,148414,2022-11-28,2023,47990.0,"JOHN C. BERRY & SONS, INC.",FUEL ORDER FOR BOILERS HEATING SEASON 2022-2023
CONT_AWD_89233018CNR000004_8900_-NONE-_-NONE-,292026551,989233,148139,2022-11-28,2023,165630.75,GOVERNMENT SCIENTIFIC SOURCE INC,MGCL TEST FACILITY MATERIALS
CONT_AWD_89233018CNR000004_8900_-NONE-_-NONE-,292026551,989576,148137,2022-11-28,2023,234611.97,STERLING COMPUTERS CORPORATION,FY23 SUPPORT & MAINTENANCE RENEWAL (DELL EMC)
CONT_AWD_89233018CNR000004_8900_-NONE-_-NONE-,292026551,2298125,147054,2022-11-29,2023,1746705.14,"JOHNSON CONTROLS BUILDING AUTOMATION SYSTEMS, LLC",JCBAS CHILLER AND COOLING TOWER SERVICE CONTRACT
CONT_AWD_89233018CNR000004_8900_-NONE-_-NONE-,292026551,2307803,148155,2022-11-29,2023,49980.0,"GREEN MOUNTAIN ELECTRIC SUPPLY, INC.",SITE-MEDINA 2022.10.10
CONT_AWD_89233018CNR000004_8900_-NONE-_-NONE-,292026551,1003757,147482,2022-11-30,2023,40935.04,SEALING DEVICES INC.,VQPT O-RINGS AND CUSHIONS
CONT_AWD_89233018CNR000004_8900_-NONE-_-NONE-,292026551,1004954,147968,2022-11-30,2023,105340.0,"Q-MATION, LLC","ANNUAL, CY23, WONDERWARE SOFTWARE MAINTENANCE CONTRACT"
CONT_AWD_89233018CNR000004_8900_-NONE-_-NONE-,292026551,994283,148193,2022-11-30,2023,31470.0,"VANGURA TOOL, INC.",DOLLIN - MACHINING
CONT_AWD_89233018CNR000004_8900_-NONE-_-NONE-,292026551,998412,148374,2022-11-30,2023,42908.0,"LASPINA LAWN, GARDEN & TURF EQUIPMENT, INC.",KUBOTA TRACTOR PURCHASE
CONT_AWD_89233018CNR000004_8900_-NONE-_-NONE-,292026551,983214,148386,2022-12-13,2023,1499258.0,"CTG FEDERAL, LLC",FY23 VMWARE ENTERPRISE LICENSING AGREEMENT
CONT_AWD_89233018CNR000004_8900_-NONE-_-NONE-,292026551,2303453,148853,2023-01-25,2023,40000.0,LOGISTICS365 INC,"SIMS - INSTALOD STUDIO SOFTWARE, 2 OFFLINE PERPETUAL LICENSES"
CONT_AWD_89233018CNR000004_8900_-NONE-_-NONE-,292026551,2300850,148797,2023-03-01,2023,88855.0,MULTI PHASE CONTRACTING CORP,K4 TF-91 ROLL-UP DOOR REPLACEMENT
CONT_AWD_89233018CNR000004_8900_-NONE-_-NONE-,292026551,2302821,149166,2023-03-01,2023,126672.0,LOGISTICS365 INC,FY23 PLURALSIGHT LICENSE RENEWAL
CONT_AWD_89233018CNR000004_8900_-NONE-_-NONE-,292026551,2304551,148858,2023-03-01,2023,38519.8,"W. & O. SUPPLY, INC.",BMC PH - GFE VALVES FOR VOT & HTT (COTS)
CONT_AWD_89233018CNR000004_8900_-NONE-_-NONE-,292026551,988993,148894,2023-03-01,2023,183941.02,STERLING COMPUTERS CORPORATION,FY23 - REDHAT OPENSHIFT LICENSE/SUPPORT RENEWAL
CONT_AWD_89233018CNR000004_8900_-NONE-_-NONE-,292026551,994966,149412,2023-03-01,2023,39286.0,"EXECUTIVE INFORMATION SYSTEMS, L.L.C.",FY23 DFD JMP RENEWAL
CONT_AWD_89233018CNR000004_8900_-NONE-_-NONE-,292026551,999752,148542-0008,2023-03-01,2023,69246.24,"DAVIES OFFICE REFURBISHING, INC.",PROVIDE MODULAR FURNITURE IN ACCORDANCE WITH FMP MODULAR FURNITURE SPECIFICATION
CONT_AWD_89233018CNR000004_8900_-NONE-_-NONE-,292026551,2297624,149376,2023-03-02,2023,30000.0,THERMO CIDTEC INC,SUPPLIER SHALL PROVIDE THE FOLLOWING ITEMS IN ACCORDANCE WITH THE ATTACHED ADMIN
CONT_AWD_89233018CNR000004_8900_-NONE-_-NONE-,292026551,2299563,149459,2023-03-02,2023,35241.0,UNITECH SERVICES GROUP,PROTECH
CONT_AWD_89233018CNR000004_8900_-NONE-_-NONE-,292026551,2306801,147718,2023-03-02,2023,533950.0,AIRTECH LLC,"THE SUPPLIER SHALL FURNISH THE NECESSARY LABOR, SUPERVISION, SERVICES, TOOLS, EQ"
CONT_AWD_89233018CNR000004_8900_-NONE-_-NONE-,292026551,994183,149372,2023-03-02,2023,32358.5,COLOSSAL CONTRACTING LLC,BETTIS STORES - IT PERIPHERALS
CONT_AWD_89233018CNR000004_8900_-NONE-_-NONE-,292026551,996456,149344,2023-03-02,2023,82832.9,COLOSSAL CONTRACTING LLC,FY23 PRIMENET PERIPHERAL
CONT_AWD_89233018CNR000004_8900_-NONE-_-NONE-,292026551,2307559,149375,2023-03-03,2023,30499.85,ENERGYSOLUTIONS FEDERAL SUPPORT LLC,ENERGYSOLUTIONS BEAR CREEK 2023-DISPOSAL
CONT_AWD_89233018CNR000004_8900_-NONE-_-NONE-,292026551,2308177,148834,2023-03-03,2023,32000.0,ALPHATRONX LTD,X-RAY SERVICE CONTRACT ON AGFA AND SEIFECT MACHINES
CONT_AWD_89233018CNR000004_8900_-NONE-_-NONE-,292026551,1000244,149331,2023-03-06,2023,299117.76,COLOSSAL CONTRACTING LLC,FY23 UNCLASSIFIED PERIMETER FIREWALLS
CONT_AWD_89233018CNR000004_8900_-NONE-_-NONE-,292026551,1000705,149001,2023-03-06,2023,37920.0,"CHEMCUT HOLDINGS, LLC",CHEMCUT CORPORATION
CONT_AWD_89233018CNR000004_8900_-NONE-_-NONE-,292026551,1000758,149347,2023-03-06,2023,45124.58,COLOSSAL CONTRACTING LLC,MISC NETWORKING EQUIPMENT
CONT_AWD_89233018CNR000004_8900_-NONE-_-NONE-,292026551,1004563,149378,2023-03-06,2023,196885.68,"ADVANCED INDUSTRIAL, LLC","2073901, LINE ITEMS #1 THRU #6."
CONT_AWD_89233018CNR000004_8900_-NONE-_-NONE-,292026551,2299617,149279,2023-03-06,2023,90338.05,"IDEAL SYSTEM SOLUTIONS, INC.",NATIONAL INSTRUMENTS HARDWARE
CONT_AWD_89233018CNR000004_8900_-NONE-_-NONE-,292026551,2301421,149125-0001,2023-03-06,2023,196900.0,"SPECTRA TECH, INC.",GES STAFF AUGMENTATION
CONT_AWD_89233018CNR000004_8900_-NONE-_-NONE-,292026551,2304220,149125-0002,2023-03-06,2023,247120.0,"SPECTRA TECH, INC.",GES STAFF AUGMENTATION
CONT_AWD_89233018CNR000004_8900_-NONE-_-NONE-,292026551,2306207,149504,2023-03-06,2023,30179.0,FRAMATOME INC,"(KSO) VALVE, SOLENOID, 3-WAY, 3/8'"
CONT_AWD_89233018CNR000004_8900_-NONE-_-NONE-,292026551,980851,148801,2023-03-06,2023,116802.0,CARAHSOFT TECHNOLOGY CORP,FY23: DENODO DATA VIRTUALIZATION PLATFORM
CONT_AWD_89233018CNR000004_8900_-NONE-_-NONE-,292026551,988479,147834,2023-03-06,2023,735526.0,"SIMAKAS COMPANY, INC.",KNOTTS - ?
CONT_AWD_89233018CNR000004_8900_-NONE-_-NONE-,292026551,990546,149510,2023-03-06,2023,64800.0,"JOHN C. BERRY & SONS, INC.",FUEL ORDER FOR BOILERS HEATING SEASON 2022-2023
CONT_AWD_89233018CNR000004_8900_-NONE-_-NONE-,292026551,994327,148808,2023-03-06,2023,95000.0,"WESTWIND COMPUTER PRODUCTS, INC.","RMA 3,000 LICENSE RENEWAL"
CONT_AWD_89233018CNR000004_8900_-NONE-_-NONE-,292026551,997978,148946,2023-03-06,2023,142554.98,COLOSSAL CONTRACTING LLC,FY23 O365 BACKUP SOLUTION (COMMVAULT)
CONT_AWD_89233018CNR000004_8900_-NONE-_-NONE-,292026551,998505,148604,2023-03-06,2023,44852.0,"WESTWIND COMPUTER PRODUCTS, INC.",FY23 ACCESS DEVICE BULK BUY LEAD UNITS
CONT_AWD_89233018CNR000004_8900_-NONE-_-NONE-,292026551,1001539,149218,2023-03-07,2023,37086.0,MTS SYSTEMS CORPORATION,PROCUREMENT OF ONE MTS ALIGNMENT SYSTEM
CONT_AWD_89233018CNR000004_8900_-NONE-_-NONE-,292026551,2302443,147302,2023-03-07,2023,5873770.0,FACILITY SUPPORT SERVICES LLC,BETTIS NW3R ALTERATIONS PROJECT
CONT_AWD_89233018CNR000004_8900_-NONE-_-NONE-,292026551,2307537,140349-0132,2023-03-07,2023,34459.0,"O'CONNELL ELECTRIC COMPANY, INC.",DATA COMMUNICATION NETWORK INFRASTRUCTURE FOR KNOLLS AND KESSELRING SITES
CONT_AWD_89233018CNR000004_8900_-NONE-_-NONE-,292026551,2308427,149073,2023-03-07,2023,340660.0,CUSTOM ENGINEERING CO.,CTC STEAM-WATER LOOP HEATER PIPING SPOOLS
CONT_AWD_89233018CNR000004_8900_-NONE-_-NONE-,292026551,2309225,140349-0130,2023-03-07,2023,32167.6,"O'CONNELL ELECTRIC COMPANY, INC.",DATA COMMUNICATION NETWORK INFRASTRUCTURE FOR KNOLLS AND KESSELRING SITES
CONT_AWD_89233018CNR000004_8900_-NONE-_-NONE-,292026551,981333,149134,2023-03-07,2023,43341.78,CARAHSOFT TECHNOLOGY CORP,RENEWAL OF ATLASSIAN PRODUCT LICENSES
CONT_AWD_89233018CNR000004_8900_-NONE-_-NONE-,292026551,987335,148833,2023-03-07,2023,67562.88,"ADEK TECHNICAL SALES, INC.",ADEK CUSTOM RACK MOUNT PCS
CONT_AWD_89233018CNR000004_8900_-NONE-_-NONE-,292026551,994580,149472,2023-03-07,2023,62789.94,COLOSSAL CONTRACTING LLC,IT PERIPHERALS
CONT_AWD_89233018CNR000004_8900_-NONE-_-NONE-,292026551,996893,149038,2023-03-07,2023,1280208.0,"WESTWIND COMPUTER PRODUCTS, INC.",FY23 SERVERS (HP)
CONT_AWD_89233018CNR000004_8900_-NONE-_-NONE-,292026551,998136,149473,2023-03-07,2023,82742.49,COLOSSAL CONTRACTING LLC,BETTIS STORES - IT PERIPHERALS
CONT_AWD_89233018CNR000004_8900_-NONE-_-NONE-,292026551,2300043,149343,2023-03-08,2023,497994.58,"DLT SOLUTIONS, LLC",FY23 AUTODESK SUITE
CONT_AWD_89233018CNR000004_8900_-NONE-_-NONE-,292026551,2304012,149409,2023-03-08,2023,79326.0,"MHF PACKAGING SOLUTIONS, LLC",B25 BOXES FOR PURCHASE
CONT_AWD_89233018CNR000004_8900_-NONE-_-NONE-,292026551,2304237,149408,2023-03-08,2023,237292.0,"MHF PACKAGING SOLUTIONS, LLC",CARLSON - 22 ISO CONTAINERS OF VARIOUS SIZES
CONT_AWD_89233018CNR000004_8900_-NONE-_-NONE-,292026551,2304905,7019338,2023-03-08,2023,165522.6,"SAGE ENGINEERING ASSOCIATES, LLP",TOA 144 LINE 3 - T3 CHEMISTRY BUILDING COMMISSIONING
CONT_AWD_89233018CNR000004_8900_-NONE-_-NONE-,292026551,982622,148891,2023-03-08,2023,92425.0,OLYMPUS AMERICA INC,EVIDENT SCIENTIFIC - OMNIX3 64
CONT_AWD_89233018CNR000004_8900_-NONE-_-NONE-,292026551,985693,148761,2023-03-08,2023,33634.74,STERLING COMPUTERS CORPORATION,DATA ACQUISITION SYSTEM PCS
CONT_AWD_89233018CNR000004_8900_-NONE-_-NONE-,292026551,987771,149170,2023-03-08,2023,760513.0,REGAN TECHNOLOGIES CORP,MICROSOFT PREMIER SUPPORT RENEWAL - POP 5/26/23-5/25/24
CONT_AWD_89233018CNR000004_8900_-NONE-_-NONE-,292026551,994470,149195,2023-03-08,2023,35565.12,PREMIER AUTOMATION LLC,LOAD BANK JUNCTION BOX
CONT_AWD_89233018CNR000004_8900_-NONE-_-NONE-,292026551,2302855,149189,2023-03-09,2023,37350.0,RELX INC.,FY2023 LEXIS NEXIS
CONT_AWD_89233018CNR000004_8900_-NONE-_-NONE-,292026551,2303324,149102,2023-03-09,2023,119870.0,"THE M&P LAB, INC.",LTCP TESTING
CONT_AWD_89233018CNR000004_8900_-NONE-_-NONE-,292026551,2304640,146836,2023-03-09,2023,63000.0,IHS GLOBAL INC,FY23 IHS RENEWAL
CONT_AWD_89233018CNR000004_8900_-NONE-_-NONE-,292026551,2309716,149368,2023-03-09,2023,85567.32,MERIDIAN KNOWLEDGE SOLUTIONS LLC,MERIDIAN MANAGED SERVICES - FY23
CONT_AWD_89233018CNR000004_8900_-NONE-_-NONE-,292026551,992264,149310,2023-03-09,2023,245000.0,"COMPREX, LLC",DESIGN/BUILD COMPACT STEAM GENERATORS
CONT_AWD_89233018CNR000004_8900_-NONE-_-NONE-,292026551,992520,149453,2023-03-09,2023,82215.0,"FCN, INC.",FY23 JFROG ARTIFACTORY ENTERPRISE X LICENSES
CONT_AWD_89233018CNR000004_8900_-NONE-_-NONE-,292026551,995979,149194,2023-03-09,2023,52652.81,COLOSSAL CONTRACTING LLC,FY 2023 NPTU-C HPE EQUIPMENT MAINTENANCE
CONT_AWD_89233018CNR000004_8900_-NONE-_-NONE-,292026551,999409,149342,2023-03-09,2023,35419.12,POLARIS SALES INC,2023 POLARIS RANGER UTV
CONT_AWD_89233018CNR000004_8900_-NONE-_-NONE-,292026551,983850,148753,2023-03-10,2023,177400.0,"SPECTRO ANALYTICAL INSTRUMENTS, INC.",PROCUREMENT OF SPECTRO ARCOS ICP-OES FOR BLDG. C7
CONT_AWD_89233018CNR000004_8900_-NONE-_-NONE-,292026551,988711,147565,2023-03-10,2023,252218.0,LENAPE FORGED PRODUCTS CORP,VQPT TEST PUMP ROTOR COMPONENTS (GROUP M2)
CONT_AWD_89233018CNR000004_8900_-NONE-_-NONE-,292026551,1000033,149393,2023-03-13,2023,61533.3,COLOSSAL CONTRACTING LLC,CISCO NETWORK SWITCHES
CONT_AWD_89233018CNR000004_8900_-NONE-_-NONE-,292026551,1003136,148958,2023-03-13,2023,43730.0,PHOENIX ANALYSIS & DESIGN TECHNOLOGIES INC,RENEWAL - FLOWNEX LICENSE
CONT_AWD_89233018CNR000004_8900_-NONE-_-NONE-,292026551,2300938,148606,2023-03-13,2023,633990.0,"AUTHENTIC8, INC",FY23 WEB BROWSER ISOLATION (SILO) RENEWAL
CONT_AWD_89233018CNR000004_8900_-NONE-_-NONE-,292026551,989244,149604,2023-03-13,2023,30650.0,PARKLAND USA CORPORATION,FUEL ORDER FOR BOILERS HEATING SEASON 2022-2023
CONT_AWD_89233018CNR000004_8900_-NONE-_-NONE-,292026551,995604,149276,2023-03-13,2023,60000.0,NTOPOLOGY INC,SOFTWARE LICENSES
CONT_AWD_89233018CNR000004_8900_-NONE-_-NONE-,292026551,2302638,136981-0134,2023-03-14,2023,53447.89,GEL LABORATORIES LLC,NAVAL REACTOR FACILITY 2020-2025 WASTE CHARACTERIZATION SAMPLING CONTRACT
CONT_AWD_89233018CNR000004_8900_-NONE-_-NONE-,292026551,983589,149341,2023-03-14,2023,107063.38,WSC FEDERAL LLC,3KEYMASTER AND ADD-ONS (FY23)
CONT_AWD_89233018CNR000004_8900_-NONE-_-NONE-,292026551,2300320,149416,2023-03-15,2023,241167.0,ILLINOIS TOOL WORKS INC,PROCUREMENT OF INSTRON AVE2'S AND STRAIN CHANNEL EXPANSION BOXES
CONT_AWD_89233018CNR000004_8900_-NONE-_-NONE-,292026551,2302330,148942,2023-03-15,2023,99372.0,"METAL IMPROVEMENT COMPANY, LLC",HEAT TREATMENT AND TESTING OF TWELVE LOW ALLOY STEEL BILLETS ? EXPERIMENTAL
CONT_AWD_89233018CNR000004_8900_-NONE-_-NONE-,292026551,2303680,148318,2023-03-15,2023,88995.0,"GRAYLOC PRODUCTS, L.L.C",ZEHMISCH - CTC GRAYLOC ORDER 1
CONT_AWD_89233018CNR000004_8900_-NONE-_-NONE-,292026551,2309041,7019343,2023-03-15,2023,362945.64,"SAGE ENGINEERING ASSOCIATES, LLP",TOA 114 KS FIRE SYSTEM UPGRADE
CONT_AWD_89233018CNR000004_8900_-NONE-_-NONE-,292026551,982274,149438,2023-03-15,2023,32172.33,"BLAKE GROUP HOLDINGS, INC.","BLAKE THERMAL, NEW C-CENTRAL HEAT SYSTEM PARTS, BMP"
CONT_AWD_89233018CNR000004_8900_-NONE-_-NONE-,292026551,992375,149106,2023-03-15,2023,839620.64,DYNAMIC SYSTEMS INC,FY23 IBM LSF MAINTENANCE CONTRACT
CONT_AWD_89233018CNR000004_8900_-NONE-_-NONE-,292026551,1000022,149191,2023-03-16,2023,39765.66,COLOSSAL CONTRACTING LLC,FY 2023 NPTU CHAS PALO ALTO MAINTENANCE
CONT_AWD_89233018CNR000004_8900_-NONE-_-NONE-,292026551,1001096,149505,2023-03-16,2023,344922.06,COLOSSAL CONTRACTING LLC,FY23 LAN TECH REFRESH HARDWARE
CONT_AWD_89233018CNR000004_8900_-NONE-_-NONE-,292026551,2304210,146134-0004,2023-03-16,2023,89403.0,FACILITY SUPPORT SERVICES LLC,1717 GENERAL CONSTRUCTION
CONT_AWD_89233018CNR000004_8900_-NONE-_-NONE-,292026551,986249,149345,2023-03-16,2023,748891.62,"CTG FEDERAL, LLC",FY23 DFD BLADE SERVERS
CONT_AWD_89233018CNR000004_8900_-NONE-_-NONE-,292026551,997216,149193,2023-03-16,2023,45891.74,COLOSSAL CONTRACTING LLC,FY 2023 NPTU CHARLESTON DOMAIN CONTROLLERS
CONT_AWD_89233018CNR000004_8900_-NONE-_-NONE-,292026551,2309390,148147-0001,2023-03-17,2023,126500.0,"HOOSICK VALLEY CONTRACTORS, INC.",INSTALL M290 VIP WET POOL
CONT_AWD_89233018CNR000004_8900_-NONE-_-NONE-,292026551,1001761,149300,2023-03-20,2023,48604.36,METTLER-TOLEDO LLC,CDL-KTL BALANCE
CONT_AWD_89233018CNR000004_8900_-NONE-_-NONE-,292026551,1003118,148912,2023-03-20,2023,37650.0,UNITED MACHINING NORTH AMERICA LLC,GF SOLUTIONS SERVICE CONTRACT IN F-SHOP
CONT_AWD_89233018CNR000004_8900_-NONE-_-NONE-,292026551,1004463,149619,2023-03-20,2023,33668.25,"ADVANCED INDUSTRIAL, LLC","201534-TAPE, 3M TAPE RED NUCLEAR GRADE, 2' WIDE;  TWO YEAR SHELF LIFE. P/N: 8979"
CONT_AWD_89233018CNR000004_8900_-NONE-_-NONE-,292026551,2297042,149421,2023-03-20,2023,35850.0,NAC LPT LLC,VENDOR PROVIDED TECHNICAL SUPPORT AND TRAINING FOR MERCURY WASTE REMEDIATION
CONT_AWD_89233018CNR000004_8900_-NONE-_-NONE-,292026551,2308506,7019347,2023-03-20,2023,100426.04,"SAGE ENGINEERING ASSOCIATES, LLP",FIT OUT CONCEPT DESIGN - TOA 146
CONT_AWD_89233018CNR000004_8900_-NONE-_-NONE-,292026551,990265,149685,2023-03-20,2023,199764.0,UT-BATTELLE LLC,AM ACE MOLD DEVELOPMENT
CONT_AWD_89233018CNR000004_8900_-NONE-_-NONE-,292026551,991855,149734,2023-03-20,2023,57000.0,"JOHN C. BERRY & SONS, INC.",FUEL ORDER FOR BOILERS HEATING SEASON 2022-2023
CONT_AWD_89233018CNR000004_8900_-NONE-_-NONE-,292026551,1001171,149357,2023-03-21,2023,43042.0,"WESTWIND COMPUTER PRODUCTS, INC.",FY23 PRINTERS (HURD)
CONT_AWD_89233018CNR000004_8900_-NONE-_-NONE-,292026551,2300537,149283,2023-03-21,2023,64435.8,"CARL ZEISS MICROSCOPY, LLC",ZEISS ATLAS 5 SOFTWARE
CONT_AWD_89233018CNR000004_8900_-NONE-_-NONE-,292026551,2301215,148605,2023-03-21,2023,500000.0,ELECTRIC POWER RESEARCH INSTITUTE INC,EPRI EAF COMPONENT TEST
CONT_AWD_89233018CNR000004_8900_-NONE-_-NONE-,292026551,2301470,149360,2023-03-21,2023,99880.0,TA INSTRUMENTS - WATERS L.L.C.,PROCUREMENT OF A TA INSTRUMENTS DIFFERENTIAL SCANNING CALORIMETER
CONT_AWD_89233018CNR000004_8900_-NONE-_-NONE-,292026551,2305849,148745,2023-03-21,2023,269813.31,"ENERGY IDAHO OPERATIONS OFFICE, UNITED STATES DEPT OF",DOE RADIOACTIVE PHANTOM LUNG PURCHASE
CONT_AWD_89233018CNR000004_8900_-NONE-_-NONE-,292026551,2306448,149358,2023-03-21,2023,49630.43,EMD MILLIPORE CORP,PURCHASE OF TWO MILLIPORE WATER SYSTEMS
CONT_AWD_89233018CNR000004_8900_-NONE-_-NONE-,292026551,992422,146135-0014,2023-03-21,2023,639048.0,"GRM KONTRACTING, LLC",1717 GENERAL CONSTRUCTION
CONT_AWD_89233018CNR000004_8900_-NONE-_-NONE-,292026551,995106,148681,2023-03-21,2023,38950.0,"WESTWIND COMPUTER PRODUCTS, INC.",NRPR 2323E (MONITORS AND DOCKING STATIONS)
CONT_AWD_89233018CNR000004_8900_-NONE-_-NONE-,292026551,995469,149396,2023-03-21,2023,57150.0,"WESTWIND COMPUTER PRODUCTS, INC.",NPTU-BS NNTP MONITORS AND MICE
CONT_AWD_89233018CNR000004_8900_-NONE-_-NONE-,292026551,1002752,148557,2023-03-22,2023,827864.0,CHROMALOX INC,ZEHMISCH - CTC IMMERSION HEATER
CONT_AWD_89233018CNR000004_8900_-NONE-_-NONE-,292026551,2303628,148639,2023-03-22,2023,164576.5,"BODYCOTE IMT, INC.",PICA - CYLINDRICAL BILLETS BY PM-HIP: BODYCOTE TRIALS OF ALTERNATE POWDERS
CONT_AWD_89233018CNR000004_8900_-NONE-_-NONE-,292026551,986045,149141,2023-03-22,2023,38746.75,"CTG FEDERAL, LLC",RENEWAL FOR BACKUP EXEC V-RAY
CONT_AWD_89233018CNR000004_8900_-NONE-_-NONE-,292026551,990541,143682-0008,2023-03-22,2023,52350.0,LINDA M YATES,"ENVIRONMENTAL INVESTIGATION,CHARACTERIZATION, AND REMEDIATION SERVICES MASTER CO"
CONT_AWD_89233018CNR000004_8900_-NONE-_-NONE-,292026551,993885,149241,2023-03-22,2023,238226.6,COLOSSAL CONTRACTING LLC,NETWORK SWITCHES FOR A-7
CONT_AWD_89233018CNR000004_8900_-NONE-_-NONE-,292026551,994276,149040,2023-03-22,2023,110243.95,DYNAMIC SYSTEMS INC,SOFTWARE MAINTENANCE RENEWAL
CONT_AWD_89233018CNR000004_8900_-NONE-_-NONE-,292026551,1000884,148680,2023-03-23,2023,57052.58,COLOSSAL CONTRACTING LLC,NRPR 2320E (CISCO 9300 48 PORT POE+ COPPER SWITCH)
CONT_AWD_89233018CNR000004_8900_-NONE-_-NONE-,292026551,1004300,149466,2023-03-23,2023,66625.0,ILLINOIS TOOL WORKS INC.,BACKUP MICROHARDNESS TESTER FOR CELL 4
CONT_AWD_89233018CNR000004_8900_-NONE-_-NONE-,292026551,2297152,149586,2023-03-23,2023,298312.0,"MIRION TECHNOLOGIES (CANBERRA), INC.",MIRION ICAM WEATHER ENCLOSURES
CONT_AWD_89233018CNR000004_8900_-NONE-_-NONE-,292026551,2297865,7019350,2023-03-23,2023,102691.0,"BEARDSLEY DESIGN ASSOCIATES ARCHITECTURE, ENGINEERING, LANDSCAPE ARCHITECTURE, D.P.C.",SPECIAL INSPECTIONS - TOA 37
CONT_AWD_89233018CNR000004_8900_-NONE-_-NONE-,292026551,2301055,147833,2023-03-23,2023,265000.0,STACK HIP LLC,ALLOY 600 DEMONSTRATION PART TEST ARTICLE E
CONT_AWD_89233018CNR000004_8900_-NONE-_-NONE-,292026551,2301063,149339,2023-03-23,2023,54244.0,"MHF PACKAGING SOLUTIONS, LLC",TYPE IP-1 20'X8'X8.5' CARGO CONTAINTER SIDE LOADER WITH METAL FLOOR
CONT_AWD_89233018CNR000004_8900_-NONE-_-NONE-,292026551,2303579,149351,2023-03-23,2023,270440.0,TA INSTRUMENTS - WATERS L.L.C.,PURCHASE OF ONE TA INSTRUMENTS LASER FLASH DIFFUSIVITY SYSTEM
CONT_AWD_89233018CNR000004_8900_-NONE-_-NONE-,292026551,2309468,149474,2023-03-23,2023,93300.0,MERIDIAN KNOWLEDGE SOLUTIONS LLC,MERIDIAN (SECOND ORDER FOR WILLIS)
CONT_AWD_89233018CNR000004_8900_-NONE-_-NONE-,292026551,2309741,149062,2023-03-23,2023,111000.0,SCIENTIFIC FORMING TECHNOLOGIES CORPORATION,2023-2024 ANNUAL RENEWAL OF DEFORM LICENSES
CONT_AWD_89233018CNR000004_8900_-NONE-_-NONE-,292026551,980144,149035,2023-03-23,2023,144562.95,VADATECH INC,VPX EQUIPMENT FROM VADATECH
CONT_AWD_89233018CNR000004_8900_-NONE-_-NONE-,292026551,983866,149353,2023-03-23,2023,82000.0,ADVANCED OPTICAL TECHNOLOGIES INC,POLARIZED LIGHT MICROSCOPY EVALUATION OF AM MATERIALS
CONT_AWD_89233018CNR000004_8900_-NONE-_-NONE-,292026551,991052,140859-0035,2023-03-23,2023,34505.0,DEPENDABLE TOOL & DIE CO INC,WA23HAW007
CONT_AWD_89233018CNR000004_8900_-NONE-_-NONE-,292026551,991378,149670,2023-03-23,2023,39200.88,"LASER TECHNIQUES COMPANY, LLC",SUPPLIER SHALL PROVIDE THE FOLLOWING ITEMS IN ACCORDANCE WITH THE ATTACHED ADMIN
CONT_AWD_89233018CNR000004_8900_-NONE-_-NONE-,292026551,996413,149443,2023-03-23,2023,69213.46,COLOSSAL CONTRACTING LLC,FY23 DFD SW MAINTENANCE
CONT_AWD_89233018CNR000004_8900_-NONE-_-NONE-,292026551,997029,129667-0005,2023-03-23,2023,190129.0,SNK ENTERPRISES INC,2018 EARTHWORKS MASTER AGREEMENT
CONT_AWD_89233018CNR000004_8900_-NONE-_-NONE-,292026551,999053,149441,2023-03-23,2023,119106.25,COLOSSAL CONTRACTING LLC,NPTU-BS NNTP ZERO CLIENTS FY23
CONT_AWD_89233018CNR000004_8900_-NONE-_-NONE-,292026551,999424,149450,2023-03-23,2023,80658.0,KIN-TECH MFG INC,"GRAVES - MACHINING OF ZR-4 TENSILE, COMPRESSION, AND COMPACT TENSION SPECIMENS."
CONT_AWD_89233018CNR000004_8900_-NONE-_-NONE-,292026551,997290,148932,2023-03-24,2023,2431714.69,COLOSSAL CONTRACTING LLC,FY23 CISCO SMARTNET MAINTENANCE - POP 6/1/23-5/31/24 (B)
CONT_AWD_89233018CNR000004_8900_-NONE-_-NONE-,292026551,1001037,149457,2023-03-27,2023,96754.9,COLOSSAL CONTRACTING LLC,DETAILED FLEET DATA VIA 5G - CONCEPTUAL -- CISCO
CONT_AWD_89233018CNR000004_8900_-NONE-_-NONE-,292026551,2298952,149235,2023-03-27,2023,316444.0,"GSE PERFORMANCE SOLUTIONS, LLC","THE SUPPLIER SHALL FURNISH THE NECESSARY LABOR, SUPERVISION, SERVICES, TOOLS, EQ"
CONT_AWD_89233018CNR000004_8900_-NONE-_-NONE-,292026551,2302707,149622,2023-03-27,2023,47784.0,DIGITAL ARCHETYPE LLC,ECF CAMERAS
CONT_AWD_89233018CNR000004_8900_-NONE-_-NONE-,292026551,980602,139166,2023-03-27,2023,923814.2,"CHAMPION, INC.",CHAMPION SUBTIER DIRECT PAYMENT UNDER GRANITE CONSTRUCTION PO #7018988 (CS 106A)
CONT_AWD_89233018CNR000004_8900_-NONE-_-NONE-,292026551,993039,149422,2023-03-27,2023,45664.07,POLARIS SALES INC,POLARIS RANGER CREW XP 1000 NORTHSTAR EDITION PREMIUM
CONT_AWD_89233018CNR000004_8900_-NONE-_-NONE-,292026551,1000492,149477,2023-03-28,2023,56866.0,"WESTWIND COMPUTER PRODUCTS, INC.",FY 23 IDE & NDTE LAPTOPS
CONT_AWD_89233018CNR000004_8900_-NONE-_-NONE-,292026551,1000527,149537,2023-03-28,2023,64854.0,ASSURANCE DATA INC,FY23 ENCASE SOFTWARE MAINTENANCE
CONT_AWD_89233018CNR000004_8900_-NONE-_-NONE-,292026551,1003101,148465,2023-03-28,2023,79415.51,CLAYTON ENGINEERING CO,TF120 ONLINE SYSTEM PLC PARTS
CONT_AWD_89233018CNR000004_8900_-NONE-_-NONE-,292026551,982950,140859-0036,2023-03-28,2023,34020.0,DEPENDABLE TOOL & DIE CO INC,WA23HAW002
CONT_AWD_89233018CNR000004_8900_-NONE-_-NONE-,292026551,984972,149157,2023-03-28,2023,48284.0,FERRO CERAMIC GRINDING INC,TS-116F SUBSTRATES
CONT_AWD_89233018CNR000004_8900_-NONE-_-NONE-,292026551,993530,149764,2023-03-28,2023,68191.2,"MASTER-LEE ENERGY SERVICES, CORP.",NON TWD ORDER FOR JED PETERS FOR OPERATIONS LIGHTING EQUIPMENT SUPPLY.
CONT_AWD_89233018CNR000004_8900_-NONE-_-NONE-,292026551,997071,149558,2023-03-28,2023,273165.05,COLOSSAL CONTRACTING LLC,S1B VIRTUAL INFRASTRUCTURE - STORAGE AND HOSTS
CONT_AWD_89233018CNR000004_8900_-NONE-_-NONE-,292026551,997904,149445,2023-03-28,2023,109368.66,COLOSSAL CONTRACTING LLC,CCURE NETWORK SWITCH EQUIPMENT
CONT_AWD_89233018CNR000004_8900_-NONE-_-NONE-,292026551,1001601,149718,2023-03-29,2023,68793.4,METTLER-TOLEDO LLC,T9 AUTOTITRATOR PURCHASE
CONT_AWD_89233018CNR000004_8900_-NONE-_-NONE-,292026551,2305576,149746,2023-03-29,2023,56376.0,T M VACUUM PRODUCTS,PROCURE FOUR REPLACEMENT FURNACE TRANSFORMERS
CONT_AWD_89233018CNR000004_8900_-NONE-_-NONE-,292026551,2308829,147471,2023-03-29,2023,427652.0,"GENESYS CONSULTING SERVICES, INC.",SOFTWARE AND ENGINEERING APPLICATION DEVELOPER SERVICES
CONT_AWD_89233018CNR000004_8900_-NONE-_-NONE-,292026551,2309134,149669,2023-03-29,2023,47181.95,ENERGYSOLUTIONS FEDERAL SUPPORT LLC,ENERGYSOLUTIONS LLRW 7324-03-0007 - DISPOSAL
CONT_AWD_89233018CNR000004_8900_-NONE-_-NONE-,292026551,2310014,148828,2023-03-29,2023,265720.0,DRD TECHNOLOGY CORPORATION,FY23 ANSYS SCADE DISPLAY SOFTWARE LICENSES
CONT_AWD_89233018CNR000004_8900_-NONE-_-NONE-,292026551,995982,149563,2023-03-29,2023,37435.69,"HEILIND MIL-AERO, LLC",S9G TIII CABLE ORDER B
CONT_AWD_89233018CNR000004_8900_-NONE-_-NONE-,292026551,997255,149565,2023-03-29,2023,33547.64,"HEILIND MIL-AERO, LLC",S9G TIII CABLE ORDER C
CONT_AWD_89233018CNR000004_8900_-NONE-_-NONE-,292026551,997486,148948,2023-03-29,2023,199987.87,"ABBA TECHNOLOGIES, INC.",FY23 - HPC FY19 CLUSTER SUPPORT
CONT_AWD_89233018CNR000004_8900_-NONE-_-NONE-,292026551,1000136,149579,2023-03-30,2023,30119.13,COLOSSAL CONTRACTING LLC,FY23 DFD CISCO HW MAINTENANCE
CONT_AWD_89233018CNR000004_8900_-NONE-_-NONE-,292026551,1002510,145532-0011,2023-03-30,2023,68100.0,THE LINCOLN ELECTRIC COMPANY,WA23HAW008 - GAS METAL ARC ADDITIVE
CONT_AWD_89233018CNR000004_8900_-NONE-_-NONE-,292026551,2300503,147970,2023-03-30,2023,231100.0,"ANTECH SYSTEMS, INC.",ATIP #544; DEMONSTRATION OF ANTECH SYSTEMS? ULTRASONIC MODE IDENTIFICATION (UMI)
CONT_AWD_89233018CNR000004_8900_-NONE-_-NONE-,292026551,2301890,149451,2023-03-30,2023,42300.0,KLA CORPORATION,ANNUAL SERVICE CONTRACT FOR A NANOINDENTER SYSTEM
CONT_AWD_89233018CNR000004_8900_-NONE-_-NONE-,292026551,2302876,148433,2023-03-30,2023,268000.0,STACK HIP LLC,KORENOSKI - ALLOY 625 DEMONSTRATION PART TEST ARTICLE Q
CONT_AWD_89233018CNR000004_8900_-NONE-_-NONE-,292026551,2303417,145624,2023-03-30,2023,19902935.0,FACILITY SUPPORT SERVICES LLC,"SDL/BRES DESIGN-BUILD CONSTRUCTION CONTRACT, PER ATTACHED DOCUMENTS"
CONT_AWD_89233018CNR000004_8900_-NONE-_-NONE-,292026551,2305155,149863,2023-03-30,2023,154670.11,DRD TECHNOLOGY CORPORATION,ANSYS SOFTWARE SUITE LICENSES
CONT_AWD_89233018CNR000004_8900_-NONE-_-NONE-,292026551,2305768,146934-0009,2023-03-30,2023,30840.2,"INFORMATION SYSTEMS LABORATORIES, INC",ISL MASTER AGREEMENT FOR SNAP SOFTWARE
CONT_AWD_89233018CNR000004_8900_-NONE-_-NONE-,292026551,2308598,139287-0010,2023-03-30,2023,97560.0,"HILL ENGINEERING, LLC",CONTRACT RESIDUAL STRESS MEASUREMENTS - HILL ENGINEERING
CONT_AWD_89233018CNR000004_8900_-NONE-_-NONE-,292026551,2308885,146934-0010,2023-03-30,2023,81906.8,"INFORMATION SYSTEMS LABORATORIES, INC",ISL MASTER AGREEMENT FOR SNAP SOFTWARE
CONT_AWD_89233018CNR000004_8900_-NONE-_-NONE-,292026551,2309064,149593,2023-03-30,2023,97183.31,PROCESS OPTIMIZATION CORP,FRANC3D JUNE-DECEMBER 2023 MAINTENANCE RENEWAL
CONT_AWD_89233018CNR000004_8900_-NONE-_-NONE-,292026551,983749,149487,2023-03-30,2023,1162737.0,"NIKON SLM SOLUTIONS NA, INC.",SLM 280 2.0 LASER-POWDER BED FUSION CAPITAL EQUIPMENT
CONT_AWD_89233018CNR000004_8900_-NONE-_-NONE-,292026551,995680,149581,2023-03-30,2023,53878.62,COLOSSAL CONTRACTING LLC,FY23 DFD COHESITY HW MAINTENANCE
CONT_AWD_89233018CNR000004_8900_-NONE-_-NONE-,292026551,998146,149231,2023-03-30,2023,731000.0,"HIGH VOLTAGE ELECTRIC SERVICE, INC.",CIRCUIT BREAKERS (DAVE JACKSON)
CONT_AWD_89233018CNR000004_8900_-NONE-_-NONE-,292026551,998213,149544,2023-03-30,2023,33053.86,COLOSSAL CONTRACTING LLC,FY23 DFD F5 HW MAINTENANCE
CONT_AWD_89233018CNR000004_8900_-NONE-_-NONE-,292026551,2297646,149016,2023-03-31,2023,56540.0,"MIRION TECHNOLOGIES (CANBERRA), INC.","LL-100-0893-DETECTOR, ICAM PIPS, MIRION TECHNOLOGIES; PART OF I&C RADIAC SPARE P"
CONT_AWD_89233018CNR000004_8900_-NONE-_-NONE-,292026551,2298960,7019360,2023-03-31,2023,61900.0,BAKER AND ASSOCIATES,ATHTF COOLING TOWER REPLACEMENT: PHASE 1 AND PHASE 2 (TASK ORDER AUTHORIZATION #
CONT_AWD_89233018CNR000004_8900_-NONE-_-NONE-,292026551,985481,148984,2023-03-31,2023,354780.0,ROZELL NORTH LLC,TF-150 PHASE 5.1 INSTALLATION
CONT_AWD_89233018CNR000004_8900_-NONE-_-NONE-,292026551,999219,149886,2023-04-13,2023,99400.0,G. C. MICRO CORPORATION,VARJO AERO HMDS FOR NNSY
CONT_AWD_89233018CNR000004_8900_-NONE-_-NONE-,292026551,979975,149950,2023-05-31,2023,146505.86,"CTG FEDERAL, LLC",DAS BACKEND STORAGE UPGRADES
CONT_AWD_89233018CNR000004_8900_-NONE-_-NONE-,292026551,991173,149523,2023-06-06,2023,70000.0,"CTG FEDERAL, LLC",NETAPP FAS2720A STORAGE ARRAY
CONT_AWD_89233018CNR000004_8900_-NONE-_-NONE-,292026551,980045,150531,2023-06-14,2023,77822.2,"CTG FEDERAL, LLC",FY23 DFD TABLEAU RENEWAL
CONT_AWD_89233018CNR000004_8900_-NONE-_-NONE-,292026551,990589,149109,2023-06-14,2023,3380280.0,"CTG FEDERAL, LLC","FY23 TIER 1, 2, AND 3 STORAGE HARDWARE (NETAPP)"
CONT_AWD_89233018CNR000004_8900_-NONE-_-NONE-,292026551,989555,150268,2023-06-19,2023,455426.0,"CTG FEDERAL, LLC",FY23 COMMVAULT MAINTENANCE
CONT_AWD_89233018CNR000004_8900_-NONE-_-NONE-,292026551,988322,150434,2023-06-29,2023,232950.07,"CTG FEDERAL, LLC",FY23  TIER 3 PRIMENET STORAGE BACKUPS EQUIPMENT
CONT_AWD_89233018CNR000004_8900_-NONE-_-NONE-,292026551,1000729,148786-0020,2023-07-05,2023,140400.0,"WESTWIND COMPUTER PRODUCTS, INC.",PC BULK BUY
CONT_AWD_89233018CNR000004_8900_-NONE-_-NONE-,292026551,1000864,150450,2023-07-05,2023,134793.19,COLOSSAL CONTRACTING LLC,FY23 FIREEYE MAINTENANCE RENEWAL
CONT_AWD_89233018CNR000004_8900_-NONE-_-NONE-,292026551,2299109,150727,2023-07-05,2023,61458.57,WEST PENN LACO INC,MANUAL WELDING POWER SUPPLIES
CONT_AWD_89233018CNR000004_8900_-NONE-_-NONE-,292026551,2304562,150521,2023-07-05,2023,77707.72,"FLANDERS FILTERS, INC",BETTIS STORES - HEPA FILTERS 5.18.23
CONT_AWD_89233018CNR000004_8900_-NONE-_-NONE-,292026551,2307989,150644,2023-07-05,2023,253795.49,"FARMER'S COPPER, LTD.",BELL - CTC BULK COPPER BUS
CONT_AWD_89233018CNR000004_8900_-NONE-_-NONE-,292026551,2309056,139919-0071,2023-07-06,2023,86559.56,SAVANNAH RIVER NUCLEAR SOLUTIONS LLC,LOW LEVEL RADIOACTIVE WASTE TO SRS
CONT_AWD_89233018CNR000004_8900_-NONE-_-NONE-,292026551,2309154,139919-0070,2023-07-06,2023,60136.65,SAVANNAH RIVER NUCLEAR SOLUTIONS LLC,LOW LEVEL RADIOACTIVE WASTE TO SRS
CONT_AWD_89233018CNR000004_8900_-NONE-_-NONE-,292026551,983717,150737,2023-07-06,2023,180800.0,"NEWTON RESEARCH LABS, INC",VIP SPARE PARTS
CONT_AWD_89233018CNR000004_8900_-NONE-_-NONE-,292026551,984008,150044,2023-07-06,2023,123690.0,SYNERTECH PM INC.,FABRICATION OF NINE (9) A508 GRADE 4N POWDER METALLURGY HOT ISOSTATIC PRESS BILL
CONT_AWD_89233018CNR000004_8900_-NONE-_-NONE-,292026551,986928,7019361,2023-07-06,2023,24997979.0,BWSR LLC,"TASK ORDER NO. 1, IDIQ 7019318"
CONT_AWD_89233018CNR000004_8900_-NONE-_-NONE-,292026551,987200,150296,2023-07-06,2023,34257.87,"LYME COMPUTER SYSTEMS, INC.",MATLAB SOFTWARE PROCUREMENT
CONT_AWD_89233018CNR000004_8900_-NONE-_-NONE-,292026551,2306047,150413,2023-07-07,2023,435380.0,"HOOSICK VALLEY CONTRACTORS, INC.",T1 RENOVATION
CONT_AWD_89233018CNR000004_8900_-NONE-_-NONE-,292026551,2306227,150793,2023-07-07,2023,44700.34,ENERGYSOLUTIONS FEDERAL SUPPORT LLC,ENERGYSOLUTIONS MLLW LLRW TREATMENT AND TRANSPORTATION - JULY 2023
CONT_AWD_89233018CNR000004_8900_-NONE-_-NONE-,292026551,982966,150935,2023-07-07,2023,31010.12,"PITTSBURGH FLUID SYSTEMS, LLC",SUPPLIER SHALL PROVIDE THE FOLLOWING ITEMS IN ACCORDANCE WITH THE ATTACHED ADMIN
CONT_AWD_89233018CNR000004_8900_-NONE-_-NONE-,292026551,999852,150362,2023-07-07,2023,57835.13,CARPENTER ADDITIVE U.S. LLC,BECHTEL - MANUFACTURE OF CANISTERS FOR HOT ISOSTATIC PRESSURE (HIP) TESTING OF C
CONT_AWD_89233018CNR000004_8900_-NONE-_-NONE-,292026551,2300245,150796,2023-07-10,2023,234423.0,MURN INCORPORATED,2023 BETTIS PAVING -- 1867-29
CONT_AWD_89233018CNR000004_8900_-NONE-_-NONE-,292026551,2304468,150672,2023-07-10,2023,44492.0,"ECOMASS TECHNOLOGIES, LP",HOT CELL CAMERA SHIELDING
CONT_AWD_89233018CNR000004_8900_-NONE-_-NONE-,292026551,983517,150837,2023-07-10,2023,41736.33,EASTERN POWER TECHNOLOGIES INC,OTDR
CONT_AWD_89233018CNR000004_8900_-NONE-_-NONE-,292026551,988296,150821,2023-07-10,2023,44603.2,"PITTSBURGH FLUID SYSTEMS, LLC",SWAGELOK FOR CTC TH LOOPS
CONT_AWD_89233018CNR000004_8900_-NONE-_-NONE-,292026551,988973,150973,2023-07-10,2023,88250.5,MACHINERY WEST INC,GENERAL RIGGING EQUIPMENT TO SUPPORT LAB WEIGHT HANDLING
CONT_AWD_89233018CNR000004_8900_-NONE-_-NONE-,292026551,996144,150768,2023-07-10,2023,644438.18,COLOSSAL CONTRACTING LLC,GICNET PHASE2 SUPPORTING HARDWARE
CONT_AWD_89233018CNR000004_8900_-NONE-_-NONE-,292026551,998099,148542-0030,2023-07-10,2023,130690.1,"DAVIES OFFICE REFURBISHING, INC.",PROVIDE MODULAR FURNITURE IN ACCORDANCE WITH FMP MODULAR FURNITURE SPECIFICATION
CONT_AWD_89233018CNR000004_8900_-NONE-_-NONE-,292026551,999312,150774,2023-07-10,2023,40980.0,"WESTWIND COMPUTER PRODUCTS, INC.",HP LASERJET M751DN AND M612DN PRINTERS AND SECURE HARD DRIVES
CONT_AWD_89233018CNR000004_8900_-NONE-_-NONE-,292026551,1005017,149338,2023-07-11,2023,239182.0,ENERGYSOLUTIONS FEDERAL SUPPORT LLC,"RLPS DEMINERALIZER REPLACEMENTS 1865873 #3,4"
CONT_AWD_89233018CNR000004_8900_-NONE-_-NONE-,292026551,2297218,149681,2023-07-11,2023,248610.0,SOUTHWEST RESEARCH INSTITUTE,SWRI AEF DEVELOPMENT
CONT_AWD_89233018CNR000004_8900_-NONE-_-NONE-,292026551,2299172,150953,2023-07-11,2023,31700.0,"CUMMINS-WAGNER COMPANY, INC.",FLYGT PUMP
CONT_AWD_89233018CNR000004_8900_-NONE-_-NONE-,292026551,2301806,150661,2023-07-11,2023,53100.0,TRISTAR INC,CREO CAD TRAINING
CONT_AWD_89233018CNR000004_8900_-NONE-_-NONE-,292026551,2303936,150948,2023-07-11,2023,34380.0,FABER ASSOCIATES INC,RUSSO - PARKER ACR BULK BUY
CONT_AWD_89233018CNR000004_8900_-NONE-_-NONE-,292026551,2305955,141252-0001,2023-07-11,2023,37955.0,"WESTMORELAND MECHANICAL TESTING & RESEARCH, INC.",WA23HAW012 - TESTING OF ZIRCALOY TENSILE SPECIMEN
CONT_AWD_89233018CNR000004_8900_-NONE-_-NONE-,292026551,1000356,150849,2023-07-12,2023,275005.0,"WESTWIND COMPUTER PRODUCTS, INC.",FY23 STANDARD PRINTERS - USER SERVICES
CONT_AWD_89233018CNR000004_8900_-NONE-_-NONE-,292026551,2303147,150816,2023-07-12,2023,79071.0,"SECURE SUPPLY, INC",ELECTRICAL TEST EQUIPMENT FOR PREVENTATIVE MAINTENANCE TASKS
CONT_AWD_89233018CNR000004_8900_-NONE-_-NONE-,292026551,997131,150171,2023-07-12,2023,59994.0,VCLOUD TECH INC,PLECS SOFTWARE
CONT_AWD_89233018CNR000004_8900_-NONE-_-NONE-,292026551,1003406,150566,2023-07-13,2023,178336.78,TESTEQUITY LLC,A-BE SIGNAL GENERATORS REPLACEMENT
CONT_AWD_89233018CNR000004_8900_-NONE-_-NONE-,292026551,2297922,150292,2023-07-13,2023,49096.0,VIBRANT TECHNOLOGY INC,ME'SCOPE CY23 RENEWAL
CONT_AWD_89233018CNR000004_8900_-NONE-_-NONE-,292026551,2300121,150907,2023-07-13,2023,35145.6,HAMILTON COMPANY,ALTS DISSOLVED OXYGEN EQUIPMENT (ZENOBI)
CONT_AWD_89233018CNR000004_8900_-NONE-_-NONE-,292026551,2302473,150728,2023-07-13,2023,38988.8,LOGISTICS365 INC,FY 2023 NNPTC DELL IGEL ZERO CLIENTS
CONT_AWD_89233018CNR000004_8900_-NONE-_-NONE-,292026551,2305851,150711,2023-07-13,2023,41798.86,PRIMARY ARMS LLC,LVPO OPTICS FOR NRPF
CONT_AWD_89233018CNR000004_8900_-NONE-_-NONE-,292026551,2308377,136775-0010,2023-07-13,2023,63350.0,"ALARON, LLC",THIS PURCHASE ORDER IS FOR THE DISPOSAL OF VARIOUS EQUIPMENT.   THE SUPPLIER WIL
CONT_AWD_89233018CNR000004_8900_-NONE-_-NONE-,292026551,2310221,136775-0009,2023-07-13,2023,78500.0,"ALARON, LLC",THIS PURCHASE ORDER IS FOR THE DISPOSAL OF VARIOUS EQUIPMENT.   THE SUPPLIER WIL
CONT_AWD_89233018CNR000004_8900_-NONE-_-NONE-,292026551,2297277,7019370,2023-07-14,2023,171617.0,"BEARDSLEY DESIGN ASSOCIATES ARCHITECTURE, ENGINEERING, LANDSCAPE ARCHITECTURE, D.P.C.",TOA # 34 - Q14 NDT LABORATORY RENOVATION DETAILED DESIGN
CONT_AWD_89233018CNR000004_8900_-NONE-_-NONE-,292026551,979858,150732,2023-07-14,2023,46730.56,STERLING COMPUTERS CORPORATION,FY23 ELASTIC STACK MAINTENANCE FOR NNPTC
CONT_AWD_89233018CNR000004_8900_-NONE-_-NONE-,292026551,989592,150730,2023-07-14,2023,51777.17,STERLING COMPUTERS CORPORATION,ANNUAL VMWARE LICENSE AND SUPPORT RENEWAL
CONT_AWD_89233018CNR000004_8900_-NONE-_-NONE-,292026551,2304644,150868,2023-07-17,2023,168200.0,LUNA INNOVATIONS INCORPORATED,PROCURE LUNA DISTRIBUTED FIBER OPTIC SENSING (DFOS) SYSTEM FOR BETTIS CCT
CONT_AWD_89233018CNR000004_8900_-NONE-_-NONE-,292026551,2304672,150291,2023-07-17,2023,55996.0,"EMA DESIGN AUTOMATION, INC.",CADENCE SOFTWARE LICENSE MAINTENANCE RENEWAL
CONT_AWD_89233018CNR000004_8900_-NONE-_-NONE-,292026551,2308799,150098,2023-07-17,2023,55770.0,"O'CONNELL ELECTRIC COMPANY, INC.",FIBER OPTIC NETWORK INSTALLATION - PLCNET
CONT_AWD_89233018CNR000004_8900_-NONE-_-NONE-,292026551,983933,150346,2023-07-17,2023,441447.56,"THUNDERCAT TECHNOLOGY, LLC",FY23 COLLIBRA
CONT_AWD_89233018CNR000004_8900_-NONE-_-NONE-,292026551,985710,150154,2023-07-17,2023,190203.0,"CTG FEDERAL, LLC","FY23 HPDA - SOFTWARE LICENSES (VMWARE, CLOUDERA, RED HAT)"
CONT_AWD_89233018CNR000004_8900_-NONE-_-NONE-,292026551,986946,150269,2023-07-17,2023,508436.0,"CTG FEDERAL, LLC",FY23 BACKUP SOFTWARE/HARDWARE
CONT_AWD_89233018CNR000004_8900_-NONE-_-NONE-,292026551,987165,150482,2023-07-17,2023,649941.08,STERLING COMPUTERS CORPORATION,FY23 QUANTUM BACKUP TAPE LIBRARY
CONT_AWD_89233018CNR000004_8900_-NONE-_-NONE-,292026551,988623,149108,2023-07-17,2023,2503424.0,"CTG FEDERAL, LLC",FY23 TIER 1 STORAGE SUPPORT (DDN LUSTRE) AND TIER 2/3 STORAGE SUPPORT (NETAPP)
CONT_AWD_89233018CNR000004_8900_-NONE-_-NONE-,292026551,990461,149584,2023-07-17,2023,203361.37,STERLING COMPUTERS CORPORATION,"FY23 HPDA - SOFTWARE LICENSES (VMWARE, CLOUDERA, RED HAT)"
CONT_AWD_89233018CNR000004_8900_-NONE-_-NONE-,292026551,991157,148907,2023-07-17,2023,70730.84,"DMG MORI USA, INC.",DMG MORI DMU65 MONOBLOCK PM & REPAIR (2023-2025)
CONT_AWD_89233018CNR000004_8900_-NONE-_-NONE-,292026551,2302976,149809,2023-07-18,2023,33361.2,"METAL IMPROVEMENT COMPANY, LLC",2023 METAL POWDER CHARACTERIZATION WORK SCOPE
CONT_AWD_89233018CNR000004_8900_-NONE-_-NONE-,292026551,999030,146135-0020,2023-07-18,2023,273661.0,GRM KONTRACTING LLC,1717 GENERAL CONSTRUCTION
CONT_AWD_89233018CNR000004_8900_-NONE-_-NONE-,292026551,2301278,150753,2023-07-19,2023,53906.15,GHA TECHNOLOGIES INC,ATI COUPLERS AND HARDWARE
CONT_AWD_89233018CNR000004_8900_-NONE-_-NONE-,292026551,994757,149902,2023-07-19,2023,93665.0,PREMIER AUTOMATION LLC,"THE SUPPLIER SHALL FURNISH THE NECESSARY LABOR, SUPERVISION, SERVICES, TOOLS, EQ"
CONT_AWD_89233018CNR000004_8900_-NONE-_-NONE-,292026551,997708,150595,2023-07-19,2023,45411.24,COLOSSAL CONTRACTING LLC,FY23 NPTU-C F5 MAINTENANCE
CONT_AWD_89233018CNR000004_8900_-NONE-_-NONE-,292026551,2303686,150911,2023-07-20,2023,89014.98,MUTUAL TELECOM SERVICES INC.,SESSION BORDER CONTROLLER INSTALLATION - BETTIS
CONT_AWD_89233018CNR000004_8900_-NONE-_-NONE-,292026551,987856,150742,2023-07-20,2023,36750.0,"REGULATORY COMPLIANCE SERVICES, CORP",PCB ONSITE TRAINING
CONT_AWD_89233018CNR000004_8900_-NONE-_-NONE-,292026551,991027,150282,2023-07-20,2023,36515.0,SCOT FORGE COMPANY,TACKES - FOLLOW ON FE-10NI MATERIALS TESTING
CONT_AWD_89233018CNR000004_8900_-NONE-_-NONE-,292026551,2303802,147745,2023-07-21,2023,1583974.18,EMPIRE MAGNETICS INC.,RESERVED FOR CMI
CONT_AWD_89233018CNR000004_8900_-NONE-_-NONE-,292026551,2307798,150609,2023-07-21,2023,53350.0,"WESTMORELAND MECHANICAL TESTING & RESEARCH, INC.","HYDRIDING, PRECRACKING, SIDE-GROOVING, AND TENSILE AND FRACTURE TOUGHNESS TESTIN"
CONT_AWD_89233018CNR000004_8900_-NONE-_-NONE-,292026551,981102,139166,2023-07-21,2023,1450724.88,"CHAMPION, INC.",CHAMPION SUBTIER DIRECT PAYMENT UNDER GRANITE CONSTRUCTION PO #7018988 (CS 106A)
CONT_AWD_89233018CNR000004_8900_-NONE-_-NONE-,292026551,995490,150713,2023-07-21,2023,63170.0,CARPENTER ADDITIVE U.S. LLC,PICA - SPECIAL PROCESS PM-HIP A625 BY CARPENTER
CONT_AWD_89233018CNR000004_8900_-NONE-_-NONE-,292026551,1001353,151023,2023-07-24,2023,35392.48,"OHIO VALLEY INDUSTRIAL SERVICES, INC",MALENCIA - OHIO VALLEY
CONT_AWD_89233018CNR000004_8900_-NONE-_-NONE-,292026551,1004292,150959,2023-07-24,2023,213738.0,ILLINOIS TOOL WORKS INC.,BUEHLER VH3300 HARDNESS TESTER - QUANTITY 2.
CONT_AWD_89233018CNR000004_8900_-NONE-_-NONE-,292026551,2304343,151050,2023-07-24,2023,84392.0,"MHF PACKAGING SOLUTIONS, LLC","722423-4 FT. X 4 FT. X 6 FT. STEEL BOX WITH CLIPS, BRM MODEL COO90-ST/IP-1, PART"
CONT_AWD_89233018CNR000004_8900_-NONE-_-NONE-,292026551,984595,151087,2023-07-24,2023,40000.0,"NEWTON RESEARCH LABS, INC",SHIPMENT OF M-290 VISUAL INSPECTION PLATFORM COMPONENTS
CONT_AWD_89233018CNR000004_8900_-NONE-_-NONE-,292026551,987170,150971,2023-07-24,2023,93938.41,STERLING COMPUTERS CORPORATION,FY23 TOAD ENTERPRISE LICENSING MAINTENANCE
CONT_AWD_89233018CNR000004_8900_-NONE-_-NONE-,292026551,997168,151017,2023-07-24,2023,97926.45,COLOSSAL CONTRACTING LLC,KVM SWITCHS - IT PERIPHERALS
CONT_AWD_89233018CNR000004_8900_-NONE-_-NONE-,292026551,998717,146135-0021,2023-07-24,2023,616470.0,GRM KONTRACTING LLC,1717 GENERAL CONSTRUCTION
CONT_AWD_89233018CNR000004_8900_-NONE-_-NONE-,292026551,982049,150724,2023-07-25,2023,60872.22,STERLING COMPUTERS CORPORATION,FY23 VM SUPPORT TENABLE SECURITY SOFTWARE (9/24/2023-9/23/2024)
CONT_AWD_89233018CNR000004_8900_-NONE-_-NONE-,292026551,983407,149650,2023-07-25,2023,225376.05,STERLING COMPUTERS CORPORATION,FY23 HPDA CLOUDERA SERVICES
CONT_AWD_89233018CNR000004_8900_-NONE-_-NONE-,292026551,989942,151019,2023-07-25,2023,193270.0,DIGITAL TRANSITIONS INC.,DIGITAL TRANSITIONS PHASE ONE DIGITAL CAMERA
CONT_AWD_89233018CNR000004_8900_-NONE-_-NONE-,292026551,995196,150567,2023-07-25,2023,681471.0,"SRI FIRE SPRINKLER, LLC",SERVICE CONTRACT FOR SPRINKLER SYSTEMS AT THE KNOLLS LAB SITE. CONTRACT IS TO PR
CONT_AWD_89233018CNR000004_8900_-NONE-_-NONE-,292026551,1002980,150933,2023-07-26,2023,78122.11,"UNITED REFRIGERATION, INC",THIS PURCHASE ORDER EXPRESSLY LIMITS ACCEPTANCE TO THE TERMS OF THIS OFFER AND F
CONT_AWD_89233018CNR000004_8900_-NONE-_-NONE-,292026551,2297637,151055,2023-07-26,2023,56540.0,"MIRION TECHNOLOGIES (CANBERRA), INC.","(NRF-INV LL-100-0893     ) DETECTOR, ICAM PIPS, MIRION TECHNOLOGIES"
CONT_AWD_89233018CNR000004_8900_-NONE-_-NONE-,292026551,2308359,148929,2023-07-26,2023,2106772.0,"APPLIED POWER SYSTEMS, INC.",INVERTER MANUFACTURE FOR 2022 KS B28 REFRESH PROJECT
CONT_AWD_89233018CNR000004_8900_-NONE-_-NONE-,292026551,987115,150820,2023-07-26,2023,249921.15,B M KRAMER & COMPANY INC,RAW PIPING MATERIALS FOR CTC TH LOOPS
CONT_AWD_89233018CNR000004_8900_-NONE-_-NONE-,292026551,987765,150945,2023-07-26,2023,69437.52,STERLING COMPUTERS CORPORATION,FY23 WHATSUP GOLD SOFTWARE MAINTENANCE
CONT_AWD_89233018CNR000004_8900_-NONE-_-NONE-,292026551,989177,150874,2023-07-26,2023,32613.43,EASTERN POWER TECHNOLOGIES INC,"THE SUPPLIER SHALL FURNISH THE NECESSARY LABOR, SUPERVISION, SERVICES, TOOLS, EQ"
CONT_AWD_89233018CNR000004_8900_-NONE-_-NONE-,292026551,995214,150613,2023-07-26,2023,814868.12,COLOSSAL CONTRACTING LLC,ENC SWITCH REFRESH
CONT_AWD_89233018CNR000004_8900_-NONE-_-NONE-,292026551,1001582,150963,2023-07-27,2023,43900.0,CLARKE HESS COMMUNICATION RESEARCH CORP,CLARK HESS TRANSCONDUCTANCE AMPLIFIER MODEL 8200
CONT_AWD_89233018CNR000004_8900_-NONE-_-NONE-,292026551,2305024,150910,2023-07-27,2023,474626.82,"TESTFORCE USA, INC.",CP TEST ACOUSTIC DAS
CONT_AWD_89233018CNR000004_8900_-NONE-_-NONE-,292026551,2308797,150700,2023-07-27,2023,122364.0,CUSTOM ENGINEERING CO.,TEST PUMP PIPE SPOOLS - GROUP W1
CONT_AWD_89233018CNR000004_8900_-NONE-_-NONE-,292026551,995584,150786,2023-07-27,2023,104106.55,COLOSSAL CONTRACTING LLC,AV EQUIPMENT UPDATE S6G SIM SUITE
CONT_AWD_89233018CNR000004_8900_-NONE-_-NONE-,292026551,998310,150902,2023-07-27,2023,1339787.08,COLOSSAL CONTRACTING LLC,GICNET PHASE 1A AND 1B SERVICES
CONT_AWD_89233018CNR000004_8900_-NONE-_-NONE-,292026551,2299306,150170,2023-07-28,2023,52049.44,"IDEAL SYSTEM SOLUTIONS, INC.",OC 540 NATIONAL INSTRUMENTS EMBEDDED INDUSTRIAL CONTROLLERS AND DATA ACQUISITION
CONT_AWD_89233018CNR000004_8900_-NONE-_-NONE-,292026551,2299615,7019378,2023-07-28,2023,275779.46,BAKER AND ASSOCIATES,TOA 425 (LINE 5) - FY2023 INVENTORY AND INSPECTION AUDIT FOR KNOLLS LABORATORY
CONT_AWD_89233018CNR000004_8900_-NONE-_-NONE-,292026551,2299895,150169,2023-07-28,2023,35676.95,"IDEAL SYSTEM SOLUTIONS, INC.",OC 543 NATIONAL INSTRUMENTS EMBEDDED INDUSTRIAL CONTROLLERS AND DATA ACQUISITION
CONT_AWD_89233018CNR000004_8900_-NONE-_-NONE-,292026551,2306106,150763,2023-07-28,2023,33247.54,"REXEL USA, INC.",MULLER HARDWARE 5-24-23 **HIGH RISK IT**
CONT_AWD_89233018CNR000004_8900_-NONE-_-NONE-,292026551,994296,148684,2023-07-28,2023,48850.0,ASSURANCE DATA INC,CHECKMARX CXSAST SUBSCRIPTION
CONT_AWD_89233018CNR000004_8900_-NONE-_-NONE-,292026551,2302216,150603,2023-07-31,2023,59010.0,"GRAYLOC PRODUCTS, L.L.C",GRAYLOC HUBS AND REMOTE CLAMP
CONT_AWD_89233018CNR000004_8900_-NONE-_-NONE-,292026551,2309647,140349-0146,2023-07-31,2023,33541.11,"O'CONNELL ELECTRIC COMPANY, INC.",DATA COMMUNICATION NETWORK INFRASTRUCTURE FOR KNOLLS AND KESSELRING SITES
CONT_AWD_89233018CNR000004_8900_-NONE-_-NONE-,292026551,991762,150904,2023-07-31,2023,79580.0,5S COMPONENTS INC,RESISTIVE LOAD BANK
CONT_AWD_89233018CNR000004_8900_-NONE-_-NONE-,292026551,994845,150478,2023-07-31,2023,392856.48,COLOSSAL CONTRACTING LLC,FY23 - CLOUDERA DATA SERVICES HARDWARE
CONT_AWD_89233018CNR000004_8900_-NONE-_-NONE-,292026551,994915,150946,2023-07-31,2023,42398.24,COLOSSAL CONTRACTING LLC,FY23 DL380 SERVER PROCUREMENT
CONT_AWD_89233018CNR000004_8900_-NONE-_-NONE-,292026551,997157,151105,2023-07-31,2023,102158.0,COLOSSAL CONTRACTING LLC,BELKIN KVM SWITCH - IT PERIPHERALS
CONT_AWD_89233018CNR000004_8900_-NONE-_-NONE-,292026551,2305744,151020,2023-08-23,2023,278207.04,HOLTEC GOVERNMENT SERVICES LLC,ONE VACUUM DRYING SYSTEM BUILD TO PRINT
CONT_AWD_89233018CNR000004_8900_-NONE-_-NONE-,292026551,999615,151213,2023-09-15,2023,727842.95,COLOSSAL CONTRACTING LLC,FY23 LAN UPGRADES 2
CONT_AWD_89233018CNR000004_8900_-NONE-_-NONE-,292026551,995406,149481,2023-09-20,2023,797448.96,COLOSSAL CONTRACTING LLC,IT SUPPLEMENTAL SYSTEM ADMINISTRATORS
CONT_AWD_89233018CNR000004_8900_-NONE-_-NONE-,292026551,997633,150792,2023-09-26,2023,108695.23,COLOSSAL CONTRACTING LLC,ICIT SERVERS
CONT_AWD_89233018CNR000004_8900_-NONE-_-NONE-,292026551,986533,151668,2023-10-30,2024,118910.4,GOVERNMENT SCIENTIFIC SOURCE INC,SAF MICROSCOPE AND ACCESSORIES
CONT_AWD_89233018CNR000004_8900_-NONE-_-NONE-,292026551,999608,151964,2023-11-08,2024,57771.0,"WESTWIND COMPUTER PRODUCTS, INC.",FY24 TERADICI MAINTENANCE RENEWAL
CONT_AWD_89233018CNR000004_8900_-NONE-_-NONE-,292026551,993746,151340,2023-11-14,2024,86613.0,"WESTWIND COMPUTER PRODUCTS, INC.",SAN DIEGO A4W FIDE AIS REFRESH
CONT_AWD_89233018CNR000004_8900_-NONE-_-NONE-,292026551,998390,151341,2023-11-14,2024,74228.0,"WESTWIND COMPUTER PRODUCTS, INC.",PPU A4W FIDE AIS REFRESH
CONT_AWD_89233018CNR000004_8900_-NONE-_-NONE-,292026551,998479,151339,2023-11-14,2024,98105.0,"WESTWIND COMPUTER PRODUCTS, INC.",NORFOLK A4W FIDE AIS REFRESH
CONT_AWD_89233018CNR000004_8900_-NONE-_-NONE-,292026551,998965,151338,2023-11-14,2024,100367.0,"WESTWIND COMPUTER PRODUCTS, INC.",BREMERTON A4W FIDE AIS REFRESH
CONT_AWD_89233018CNR000004_8900_-NONE-_-NONE-,292026551,983685,152130,2023-11-21,2024,188210.0,"THUNDERCAT TECHNOLOGY, LLC",FY24 CHECKMARX RENEWAL
CONT_AWD_89233018CNR000004_8900_-NONE-_-NONE-,292026551,992507,152136,2023-11-21,2024,66561.0,"WESTWIND COMPUTER PRODUCTS, INC.",KS NNTP HPE SUPPORT RENEWAL
CONT_AWD_89233018CNR000004_8900_-NONE-_-NONE-,292026551,983529,152138,2023-12-01,2024,144360.0,"LAVISION, INC.",VQPT - PIV LASER
CONT_AWD_89233018CNR000004_8900_-NONE-_-NONE-,292026551,2309777,150487-0001,2023-12-04,2024,74500.0,"NATIONAL JET COMPANY, INC.",RELEASE #1 - CRAYON PRODUCTION
CONT_AWD_89233018CNR000004_8900_-NONE-_-NONE-,292026551,2310141,152143,2023-12-04,2024,85748.0,RG INDUSTRIES INC,SUPPLIER SHALL PROVIDE THE FOLLOWING ITEMS IN ACCORDANCE WITH THE ATTACHED ADMIN
CONT_AWD_89233018CNR000004_8900_-NONE-_-NONE-,292026551,983367,152217,2023-12-04,2024,108650.0,"MICROTRAC, INC.","THE SUPPLIER SHALL FURNISH THE NECESSARY LABOR, SUPERVISION, SERVICES, TOOLS, EQ"
CONT_AWD_89233018CNR000004_8900_-NONE-_-NONE-,292026551,984506,152050,2023-12-04,2024,34888.61,"ROGUE WAVE SOFTWARE, INC.",FY24 PV-WAVE LICENSE RENEWAL
CONT_AWD_89233018CNR000004_8900_-NONE-_-NONE-,292026551,1000811,152258,2023-12-05,2024,265012.22,COLOSSAL CONTRACTING LLC,FY24 SUPPORT & MAINTENANCE RENEWAL (RUBRIK)
CONT_AWD_89233018CNR000004_8900_-NONE-_-NONE-,292026551,2297538,152224,2023-12-05,2024,74096.88,"STRATASYS, INC",FY 24 STRATASYS 3D PRINTER 1 YR. MAINT. KNO CONTRACT
CONT_AWD_89233018CNR000004_8900_-NONE-_-NONE-,292026551,2303216,152364,2023-12-05,2024,71054.54,TIGER-VAC INC.,TIGER VACUUM MERCURY
CONT_AWD_89233018CNR000004_8900_-NONE-_-NONE-,292026551,2304398,152170,2023-12-05,2024,48402.96,"DH TECHNOLOGIES, INC.",FY 2024 NNPTC NUTANIX MAINTENANCE
CONT_AWD_89233018CNR000004_8900_-NONE-_-NONE-,292026551,2308495,152343,2023-12-05,2024,70900.0,"WESTMORELAND MECHANICAL TESTING & RESEARCH, INC.",STRESS ASSISTED HYDROGEN MIGRATION (CYCLED WITH AND WITHOUT LOAD)
CONT_AWD_89233018CNR000004_8900_-NONE-_-NONE-,292026551,2309407,150767,2023-12-05,2024,1279913.0,"A. BLAIR POWELL COMPANY, INC.","CTC FLOW CONTROL VALVES FOR TH-1, TH-2, TH-3"
CONT_AWD_89233018CNR000004_8900_-NONE-_-NONE-,292026551,2297223,152244,2023-12-06,2024,137081.0,"MIRION TECHNOLOGIES (CANBERRA), INC.","PURCHASE OF RADIATION DETECTION SYSTEM (DETECTOR, CONTROLLER, PREAMPLIFIER, CABL"
CONT_AWD_89233018CNR000004_8900_-NONE-_-NONE-,292026551,2300178,141756-0083,2023-12-06,2024,30125.0,GEL LABORATORIES LLC,ANALYZE BIOASSAY SAMPLES
CONT_AWD_89233018CNR000004_8900_-NONE-_-NONE-,292026551,985367,152444,2023-12-06,2024,30000.0,"JOHN C. BERRY & SONS, INC.",FUEL ORDER FOR BOILERS HEATING SEASON 2022-2023
CONT_AWD_89233018CNR000004_8900_-NONE-_-NONE-,292026551,2303058,146136-0002,2023-12-07,2024,250165.0,DIMARCO CONSTRUCTION CO. INC.,1717 GENERAL CONSTRUCTION
CONT_AWD_89233018CNR000004_8900_-NONE-_-NONE-,292026551,2305102,152243,2023-12-07,2024,33629.5,FLUKE ELECTRONICS CORP,FLUKE 8588A MULTIMETER AND GOLD CARE PLAN WITH TRADE-IN
CONT_AWD_89233018CNR000004_8900_-NONE-_-NONE-,292026551,2308551,150936-0004,2023-12-07,2024,50050.77,SAVANNAH RIVER NUCLEAR SOLUTIONS LLC,LLRW SHIPMENTS FROM BETTIS TO SRNS
CONT_AWD_89233018CNR000004_8900_-NONE-_-NONE-,292026551,981130,152157,2023-12-07,2024,50000.0,DEPENDABLE TOOL & DIE CO INC,TS-120K FLOW MEASUREMENT DEVICES
CONT_AWD_89233018CNR000004_8900_-NONE-_-NONE-,292026551,983268,152102,2023-12-07,2024,1367727.54,STERLING COMPUTERS CORPORATION,FY24 VMWARE RENEWAL
CONT_AWD_89233018CNR000004_8900_-NONE-_-NONE-,292026551,984103,152275,2023-12-07,2024,59000.0,"JOHN C. BERRY & SONS, INC.",FUEL ORDER FOR BOILERS HEATING SEASON 2022-2023
CONT_AWD_89233018CNR000004_8900_-NONE-_-NONE-,292026551,989059,152324,2023-12-07,2024,38000.0,EASTERN POWER TECHNOLOGIES INC,ULTRASONIC CLEANER FOR NRD
CONT_AWD_89233018CNR000004_8900_-NONE-_-NONE-,292026551,990826,152303,2023-12-07,2024,172303.88,STERLING COMPUTERS CORPORATION,FY24 VMWARE LICENSE RENEWAL
CONT_AWD_89233018CNR000004_8900_-NONE-_-NONE-,292026551,997052,152261,2023-12-07,2024,108708.0,COLOSSAL CONTRACTING LLC,FY 2024 NNPTC ZERO/THIN CLIENT LAPTOPS
CONT_AWD_89233018CNR000004_8900_-NONE-_-NONE-,292026551,998220,152260,2023-12-07,2024,534600.0,G. C. MICRO CORPORATION,UNITY 3D SOFTWARE RENEWAL. PLEASE RENEW THE LICENSE POOL FOR TWO YEARS AT THE CU
CONT_AWD_89233018CNR000004_8900_-NONE-_-NONE-,292026551,2300440,152019,2023-12-08,2024,216952.0,"HEXAGON MANUFACTURING INTELLIGENCE, LLC",HEXAGON LEICA AT960 ABSOLUTE 6D0F TRACKER
CONT_AWD_89233018CNR000004_8900_-NONE-_-NONE-,292026551,1003199,152352,2023-12-11,2024,87640.0,"PCB PIEZOTRONICS, INC.","THE SUPPLIER SHALL FURNISH THE NECESSARY LABOR, SUPERVISION, SERVICES, TOOLS, EQ"
CONT_AWD_89233018CNR000004_8900_-NONE-_-NONE-,292026551,2301260,152127,2023-12-11,2024,50036.5,AVO MULTI-AMP CORP,MEGGER CABLE TESTER
CONT_AWD_89233018CNR000004_8900_-NONE-_-NONE-,292026551,2307928,140349-0188,2023-12-11,2024,87085.0,"O'CONNELL ELECTRIC COMPANY, INC.",DATA COMMUNICATION NETWORK INFRASTRUCTURE FOR KNOLLS AND KESSELRING SITES
CONT_AWD_89233018CNR000004_8900_-NONE-_-NONE-,292026551,988079,151624,2023-12-11,2024,156460.0,"REVVITY HEALTH SCIENCES, INC.",PURCHASE OF REVVITY SERVICE CONTRACT
CONT_AWD_89233018CNR000004_8900_-NONE-_-NONE-,292026551,10413935,137088-0010,2023-12-12,2024,240000.0,GE VERNOVA OPERATIONS LLC,GENERAL ELECTRIC MASTER AGREEMENT IN ACCORDANCE TO TECHNICAL SPECIFICATION
CONT_AWD_89233018CNR000004_8900_-NONE-_-NONE-,292026551,2309616,140349-0183,2023-12-12,2024,61750.6,"O'CONNELL ELECTRIC COMPANY, INC.",DATA COMMUNICATION NETWORK INFRASTRUCTURE FOR KNOLLS AND KESSELRING SITES
CONT_AWD_89233018CNR000004_8900_-NONE-_-NONE-,292026551,998364,152183,2023-12-12,2024,46200.0,ALTAIR ENGINEERING INC.,ALTAIR EDEM SOFTWARE
CONT_AWD_89233018CNR000004_8900_-NONE-_-NONE-,292026551,1001659,151946,2023-12-13,2024,35500.0,"THE MODAL SHOP, INC.",RESONANCE ULTRASOUND SPECTROSCOPY EQUIPMENT FROM MODAL SHOP
CONT_AWD_89233018CNR000004_8900_-NONE-_-NONE-,292026551,2303137,149641,2023-12-13,2024,1193440.0,"DIAKONT ADVANCED TECHNOLOGIES, INC.",LINTON - BORESCOPES AND CONTROLLERS -   PLEASE PROVIDE THE FOLLOWING IN ACCORDIN
CONT_AWD_89233018CNR000004_8900_-NONE-_-NONE-,292026551,986437,152062,2023-12-13,2024,129388.49,THERMO-CALC SOFTWARE INC.,THERMO-CALC SOFTWARE MAINTENANCE AND SUPPORT COVERING 1/1/2024 TO 12/31/2024
CONT_AWD_89233018CNR000004_8900_-NONE-_-NONE-,292026551,994794,151947,2023-12-13,2024,151115.42,THERMO EBERLINE LLC,FY24 SINGLE QUADRUPOLE ICP-MS (ICAP RQ PLUS) (BETTIS)
CONT_AWD_89233018CNR000004_8900_-NONE-_-NONE-,292026551,995503,151881,2023-12-13,2024,202161.16,AGILENT TECHNOLOGIES INC,FY24 AGILENT 7900 ICP-MS FOR C7
CONT_AWD_89233018CNR000004_8900_-NONE-_-NONE-,292026551,998541,152154,2023-12-13,2024,76036.0,REGENTS OF THE UNIVERSITY OF MICHIGAN,UNIVERSITY OF MICHIGAN PROTON IRRADIATION
CONT_AWD_89233018CNR000004_8900_-NONE-_-NONE-,292026551,2299738,7019413,2023-12-14,2024,149343.0,BAKER AND ASSOCIATES,ECF ROOF HATCH DESIGN
CONT_AWD_89233018CNR000004_8900_-NONE-_-NONE-,292026551,2303614,152191,2023-12-14,2024,147626.0,UNIVERSITY SYSTEM OF NEW HAMPSHIRE,FFT MICROSTRUCTURE-BASED CRACKING MODEL DEVELOPMENT
CONT_AWD_89233018CNR000004_8900_-NONE-_-NONE-,292026551,981337,151780,2023-12-14,2024,106874.0,"ASPEN TECHNOLOGY, INC.",ASPEN LICENSE RENEWAL
CONT_AWD_89233018CNR000004_8900_-NONE-_-NONE-,292026551,984200,152070,2023-12-14,2024,150000.0,BATTELLE MEMORIAL INSTITUTE,NEUTRON DETECTOR TESTING AT PNNL
CONT_AWD_89233018CNR000004_8900_-NONE-_-NONE-,292026551,989530,152108,2023-12-14,2024,69600.0,PARKLAND USA CORPORATION,FUEL ORDER FOR BOILERS HEATING SEASON 2022-2023
CONT_AWD_89233018CNR000004_8900_-NONE-_-NONE-,292026551,998824,152119,2023-12-14,2024,92646.4,COLOSSAL CONTRACTING LLC,FY24 NRLFO SAVS 301132460
CONT_AWD_89233018CNR000004_8900_-NONE-_-NONE-,292026551,1002173,152365,2023-12-15,2024,63226.21,METTLER-TOLEDO LLC,PEX MICRO BALANCE
CONT_AWD_89233018CNR000004_8900_-NONE-_-NONE-,292026551,1003530,152334,2023-12-15,2024,64545.0,ILLINOIS TOOL WORKS INC.,PROCUREMENT OF BUEHLER AUTOMET 250 PRO
CONT_AWD_89233018CNR000004_8900_-NONE-_-NONE-,292026551,2305253,151982,2023-12-18,2024,44300.0,OPTI TEMP INC,"THE SUPPLIER SHALL FURNISH THE NECESSARY LABOR, SUPERVISION, SERVICES, TOOLS, EQ"
CONT_AWD_89233018CNR000004_8900_-NONE-_-NONE-,292026551,2309330,152176,2023-12-18,2024,72605.0,CUSTOM TOOL & MODEL CORP.,VPQT TOOLING GRP4B
CONT_AWD_89233018CNR000004_8900_-NONE-_-NONE-,292026551,2309799,151866,2023-12-18,2024,1347000.0,"HOOSICK VALLEY CONTRACTORS, INC.",BUILDING 87 HVAC REPLACEMENT
CONT_AWD_89233018CNR000004_8900_-NONE-_-NONE-,292026551,982970,152174,2023-12-18,2024,55474.0,"NETZSCH INSTRUMENTS NORTH AMERICA, LLC",PURCHASE OF A NETZSCH DILATOMETER SPARE FURNACE
CONT_AWD_89233018CNR000004_8900_-NONE-_-NONE-,292026551,989976,152057,2023-12-18,2024,97225.0,EDDYFI CORP,FY24 ULTRAVISION MAINTENANCE
CONT_AWD_89233018CNR000004_8900_-NONE-_-NONE-,292026551,992338,152285,2023-12-18,2024,87574.0,TSI INCORPORATED,TSI EQUIPMENT- SHAWN BOVA
CONT_AWD_89233018CNR000004_8900_-NONE-_-NONE-,292026551,999259,152181,2023-12-18,2024,50153.73,"IDEAL SYSTEM SOLUTIONS, INC.",NATIONAL INSTRUMENTS - S.SHOPMYER
CONT_AWD_89233018CNR000004_8900_-NONE-_-NONE-,292026551,1000806,152090,2023-12-19,2024,110774.0,"Q-MATION, LLC",AVEVA WONDERWARE MAINTENANCE CONTRACT - CY24 DASA 10592
CONT_AWD_89233018CNR000004_8900_-NONE-_-NONE-,292026551,2297506,151948,2023-12-19,2024,49200.0,"EXTENDE, INC.",FY24 CIVA ANNUAL MAINTENANCE
CONT_AWD_89233018CNR000004_8900_-NONE-_-NONE-,292026551,2297645,7019416,2023-12-19,2024,214996.0,"BEARDSLEY DESIGN ASSOCIATES ARCHITECTURE, ENGINEERING, LANDSCAPE ARCHITECTURE, D.P.C.","TOA 23 - FIELD FOLLOW, COMMISSIONING, AS BUILTS"
CONT_AWD_89233018CNR000004_8900_-NONE-_-NONE-,292026551,2299074,152085,2023-12-19,2024,126140.0,ENGYS LTD,ENGYS HELYX LICENSE RENEWAL FY24
CONT_AWD_89233018CNR000004_8900_-NONE-_-NONE-,292026551,2305245,136775-0013,2023-12-19,2024,77889.4,"ALARON, LLC",THIS PURCHASE ORDER IS FOR THE DISPOSAL OF VARIOUS EQUIPMENT.   THE SUPPLIER WIL
CONT_AWD_89233018CNR000004_8900_-NONE-_-NONE-,292026551,2306651,152448,2023-12-19,2024,82858.0,SCHEDMD LLC,SLURM SUPPORT  LEVEL 3  12/12/23-12/11/24
CONT_AWD_89233018CNR000004_8900_-NONE-_-NONE-,292026551,2308218,136775-0014,2023-12-19,2024,52500.0,"ALARON, LLC",THIS PURCHASE ORDER IS FOR THE DISPOSAL OF VARIOUS EQUIPMENT.   THE SUPPLIER WIL
CONT_AWD_89233018CNR000004_8900_-NONE-_-NONE-,292026551,2308937,151760,2023-12-19,2024,113395.82,SPENCER GROUP INC,FACTSAGE SOFTWARE - KNOLLS
CONT_AWD_89233018CNR000004_8900_-NONE-_-NONE-,292026551,981979,152538,2023-12-19,2024,60000.0,"JOHN C. BERRY & SONS, INC.",FUEL ORDER FOR BOILERS HEATING SEASON 2022-2023
CONT_AWD_89233018CNR000004_8900_-NONE-_-NONE-,292026551,984582,152437,2023-12-19,2024,95952.71,STERLING COMPUTERS CORPORATION,FY24 HPC INTEL COMPLIERS MAINTENANCE (SOFTWARE MAINTENANCE)
CONT_AWD_89233018CNR000004_8900_-NONE-_-NONE-,292026551,990283,152009,2023-12-19,2024,1249898.0,ENFIELD ENTERPRISES LLC,KS BOILERHOUSE DFT REPLACEMENT
CONT_AWD_89233018CNR000004_8900_-NONE-_-NONE-,292026551,994490,152515,2023-12-19,2024,33871.06,COLOSSAL CONTRACTING LLC,RESERVED PO FOR TELEWORK
CONT_AWD_89233018CNR000004_8900_-NONE-_-NONE-,292026551,998028,152336,2023-12-19,2024,236099.46,COLOSSAL CONTRACTING LLC,ELASTIC STACK - FEDERAL/PLATINUM SUBSCRIPTION
CONT_AWD_89233018CNR000004_8900_-NONE-_-NONE-,292026551,1002997,152441,2023-12-20,2024,162127.0,"ESTECO NORTH AMERICA, INC.",2024 MODEFRONTIER LICENSE RENEWAL
CONT_AWD_89233018CNR000004_8900_-NONE-_-NONE-,292026551,1003462,151968,2023-12-20,2024,224880.0,"BRUKER NANO, INC",PROCUREMENT OF BRUKER ALICONA INFINITEFOCUSSL 3D METROLOGY TOOL
CONT_AWD_89233018CNR000004_8900_-NONE-_-NONE-,292026551,2299970,151579,2023-12-20,2024,383769.6,"GSE PERFORMANCE SOLUTIONS, LLC",TWO FOR PROVIDE TWO (2) INFORMATION TECHNOLOGY SERVICES PERSONNE FOR NNL IT AT M
CONT_AWD_89233018CNR000004_8900_-NONE-_-NONE-,292026551,2302765,146134-0009,2023-12-20,2024,650480.0,FACILITY SUPPORT SERVICES LLC,1717 GENERAL CONSTRUCTION
CONT_AWD_89233018CNR000004_8900_-NONE-_-NONE-,292026551,2304212,146134-0010,2023-12-20,2024,1345782.0,FACILITY SUPPORT SERVICES LLC,1717 GENERAL CONSTRUCTION
CONT_AWD_89233018CNR000004_8900_-NONE-_-NONE-,292026551,2307490,151955,2023-12-20,2024,58950.0,"WESTERN STATES CIRCUIT BREAKERS, INC",480V AND 2400V BREAKER REFURBISHMENT
CONT_AWD_89233018CNR000004_8900_-NONE-_-NONE-,292026551,984531,152249,2023-12-20,2024,165830.0,SYNERTECH PM INC.,AHRENS - PM-HIP STRAIGHT PIPE SPECIMENS
CONT_AWD_89233018CNR000004_8900_-NONE-_-NONE-,292026551,987973,151788,2023-12-20,2024,66248.18,"LYME COMPUTER SYSTEMS, INC.","MATLAB LICENSES AND TOOLBOXES; IN SUPPORT OF CTF, PHILA"
CONT_AWD_89233018CNR000004_8900_-NONE-_-NONE-,292026551,993342,152011,2023-12-20,2024,43389.0,"EXECUTIVE INFORMATION SYSTEMS, L.L.C.",2024-2025 ANNUAL RENEWAL OF SAS LICENSES
CONT_AWD_89233018CNR000004_8900_-NONE-_-NONE-,292026551,996051,152449,2023-12-20,2024,97040.0,"WABTEC INSPECTION TECHNOLOGIES, INC.",OLYMPUS OMNISCAN X3
CONT_AWD_89233018CNR000004_8900_-NONE-_-NONE-,292026551,997121,151709,2023-12-20,2024,36984.0,HAMILTON ASSOCIATES INC,21-N ENSEMBLE 220V PHOTOMETER
CONT_AWD_89233018CNR000004_8900_-NONE-_-NONE-,292026551,998436,151987,2023-12-20,2024,1016691.04,DYNAMIC SYSTEMS INC,FY24 ORACLE HARDWARE
CONT_AWD_89233018CNR000004_8900_-NONE-_-NONE-,292026551,1000786,152428,2023-12-21,2024,84372.6,COLOSSAL CONTRACTING LLC,FY24 CSPO NETWORK SWITCHES
CONT_AWD_89233018CNR000004_8900_-NONE-_-NONE-,292026551,1002275,152132,2023-12-21,2024,434519.12,"AGSI, LLC",FY24 ADOBE RENEWAL (1/26/2024-1/25/2025)
CONT_AWD_89233018CNR000004_8900_-NONE-_-NONE-,292026551,2299538,152337,2023-12-21,2024,44136.5,"GSE PERFORMANCE SOLUTIONS, LLC",SIMEXEC 5.0 LICENSES
CONT_AWD_89233018CNR000004_8900_-NONE-_-NONE-,292026551,2301942,152262,2023-12-21,2024,76015.3,LOGISTICS365 INC,FY24 NNTP NPTU-BS MISC HARDWARE
CONT_AWD_89233018CNR000004_8900_-NONE-_-NONE-,292026551,2306869,152247,2023-12-21,2024,54679.0,"APPLIED TEST SYSTEMS, LLC",PROCUREMENT OF THREE YEAR CALIBRATION CONTRACT FOR ATS LOAD FRAMES
CONT_AWD_89233018CNR000004_8900_-NONE-_-NONE-,292026551,2307204,151962,2023-12-21,2024,49273.4,WILSEA CORP,SKYDIO DRONE STARTER KITS
CONT_AWD_89233018CNR000004_8900_-NONE-_-NONE-,292026551,2308828,152113,2023-12-21,2024,60000.0,TELETRIX CORPORATION,TELETRIX INSTRUMENTS FOR RADIOLOGICAL TRAINING AT NRF
CONT_AWD_89233018CNR000004_8900_-NONE-_-NONE-,292026551,2309678,149973,2023-12-21,2024,471960.0,TEIKOKU USA INC.,TH3 TEST LOOP CIRCULATING PUMPS
CONT_AWD_89233018CNR000004_8900_-NONE-_-NONE-,292026551,990914,151991,2023-12-21,2024,2329509.0,RENSSELAER POLYTECHNIC INSTITUTE,LINAC OPERATIONS RENEWAL 2024-2026
CONT_AWD_89233018CNR000004_8900_-NONE-_-NONE-,292026551,995054,152507,2023-12-21,2024,34081.0,"WESTWIND COMPUTER PRODUCTS, INC.",FY24 LEAD UNITS
CONT_AWD_89233018CNR000004_8900_-NONE-_-NONE-,292026551,995145,148542-0059,2023-12-21,2024,90155.84,"DAVIES OFFICE REFURBISHING, INC.",PROVIDE MODULAR FURNITURE IN ACCORDANCE WITH FMP MODULAR FURNITURE SPECIFICATION
CONT_AWD_89233018CNR000004_8900_-NONE-_-NONE-,292026551,995905,152426,2023-12-21,2024,33138.79,COLOSSAL CONTRACTING LLC,A4W FIDE SWITCH REFRESH SAN DIEGO
CONT_AWD_89233018CNR000004_8900_-NONE-_-NONE-,292026551,2309918,152266,2023-12-26,2024,83000.0,GRAY BEARDS ENGINEERING LLC,ASSESSMENT OF NAVAL NUCLEAR LABORATORY ELECTRON BEAM WELDING WITH ADDITIVE MANUF
CONT_AWD_89233018CNR000004_8900_-NONE-_-NONE-,292026551,10413934,137088-0011,2023-12-27,2024,1710600.0,GE VERNOVA OPERATIONS LLC,GENERAL ELECTRIC MASTER AGREEMENT IN ACCORDANCE TO TECHNICAL SPECIFICATION
CONT_AWD_89233018CNR000004_8900_-NONE-_-NONE-,292026551,2300424,140911-0016,2023-12-28,2024,97200.0,"THE M&P LAB, INC.",MASTER AGREEMENT - WA23HAW049 CORROSION FATIGUE CRACK TESTING
CONT_AWD_89233018CNR000004_8900_-NONE-_-NONE-,292026551,994807,152366,2023-12-28,2024,37108.51,COLOSSAL CONTRACTING LLC,BMC HELIX ITSM ONPREM
CONT_AWD_89233018CNR000004_8900_-NONE-_-NONE-,292026551,1002646,152397,2024-01-02,2024,39576.0,GENERAL NUCLEAR CORP,GLASPELL - CYLINDRICAL BAR STOCK (CONCAVE GROOVE WELDABILITY PROJECT)
CONT_AWD_89233018CNR000004_8900_-NONE-_-NONE-,292026551,2303598,152239,2024-01-03,2024,162620.0,"ISTO, INC.",2024 IEEE ELECTRONIC LIBRARY (ANNUAL RENEWAL FOR NNL)
CONT_AWD_89233018CNR000004_8900_-NONE-_-NONE-,292026551,981758,151896,2024-01-03,2024,223753.0,ARNOLD MACHINERY CO,NRF TELEHANDLER - FY24
CONT_AWD_89233018CNR000004_8900_-NONE-_-NONE-,292026551,986132,152611,2024-01-03,2024,54600.0,"JOHN C. BERRY & SONS, INC.",FUEL ORDER FOR BOILERS HEATING SEASON 2022-2023
CONT_AWD_89233018CNR000004_8900_-NONE-_-NONE-,292026551,987155,152506,2024-01-03,2024,120300.0,STERLING COMPUTERS CORPORATION,FY24 WINMAGIC FULL DISK ENCRYPTION MAINTENANCE
CONT_AWD_89233018CNR000004_8900_-NONE-_-NONE-,292026551,999246,152405,2024-01-03,2024,145755.95,LECO CORP,FY24 LECO SERVICE CONTRACT RENEWAL (5 YEAR)
CONT_AWD_89233018CNR000004_8900_-NONE-_-NONE-,292026551,1002271,152227,2024-01-04,2024,36250.0,E.J. BROOKS COMPANY,FY24 US CARGO  BOLT SEAL
CONT_AWD_89233018CNR000004_8900_-NONE-_-NONE-,292026551,2297863,152229,2024-01-04,2024,82274.0,"MIRION TECHNOLOGIES (CANBERRA), INC.",FY24 MIRION SERIES 6 ALPHA / BETA ANALYZER
CONT_AWD_89233018CNR000004_8900_-NONE-_-NONE-,292026551,2301929,152289,2024-01-04,2024,335460.0,"A. W. MILLER TECHNICAL SALES, INC.",MAZAK QT 200MY
CONT_AWD_89233018CNR000004_8900_-NONE-_-NONE-,292026551,2304849,149124-0015,2024-01-04,2024,234911.52,"NAVARRO RESEARCH AND ENGINEERING, INC.",GES STAFF AUGMENTATION
CONT_AWD_89233018CNR000004_8900_-NONE-_-NONE-,292026551,2305679,149124-0012,2024-01-04,2024,304880.8,"NAVARRO RESEARCH AND ENGINEERING, INC.",GES STAFF AUGMENTATION
CONT_AWD_89233018CNR000004_8900_-NONE-_-NONE-,292026551,2306482,149124-0014,2024-01-04,2024,239473.12,"NAVARRO RESEARCH AND ENGINEERING, INC.",GES STAFF AUGMENTATION
CONT_AWD_89233018CNR000004_8900_-NONE-_-NONE-,292026551,2307281,151846,2024-01-04,2024,219999.99,"BATTELLE ENERGY ALLIANCE, LLC",THERMAL DIFFUSIVITY OF IRRADIATED ZIRCALOY - PHASE II
CONT_AWD_89233018CNR000004_8900_-NONE-_-NONE-,292026551,2308247,146934-0015,2024-01-04,2024,42607.2,"INFORMATION SYSTEMS LABORATORIES, INC",ISL MASTER AGREEMENT FOR SNAP SOFTWARE
CONT_AWD_89233018CNR000004_8900_-NONE-_-NONE-,292026551,2309135,151842,2024-01-04,2024,180000.0,"BATTELLE ENERGY ALLIANCE, LLC",WIGNER ENERGY PHASE III
CONT_AWD_89233018CNR000004_8900_-NONE-_-NONE-,292026551,2309701,152272,2024-01-04,2024,240000.0,"BATTELLE ENERGY ALLIANCE, LLC",CONCEPTUAL DESIGN OF TREAT TESTING
CONT_AWD_89233018CNR000004_8900_-NONE-_-NONE-,292026551,2309822,149124-0013,2024-01-04,2024,239473.12,"NAVARRO RESEARCH AND ENGINEERING, INC.",GES STAFF AUGMENTATION
CONT_AWD_89233018CNR000004_8900_-NONE-_-NONE-,292026551,996591,152190,2024-01-04,2024,44812.5,KIN-TECH MFG INC,GRAVES - MACHINING OF ZR-4 FLAT TENSILE SPECIMENS.
CONT_AWD_89233018CNR000004_8900_-NONE-_-NONE-,292026551,998217,152530,2024-01-04,2024,77997.58,COLOSSAL CONTRACTING LLC,IT PERIPHERALS
CONT_AWD_89233018CNR000004_8900_-NONE-_-NONE-,292026551,999677,150734-0001,2024-01-04,2024,35774.21,"DAVIES OFFICE REFURBISHING, INC.",PROVIDE MODULAR FURNITURE IN ACCORDANCE WITH FMP MODULAR FURNITURE SPECIFICATION
CONT_AWD_89233018CNR000004_8900_-NONE-_-NONE-,292026551,1002050,152637,2024-01-08,2024,38651.0,FABER ASSOCIATES INC,WOLAK - ASSEMBLY DISASSEMBLY TABLE SERVO EQUIPMENT
CONT_AWD_89233018CNR000004_8900_-NONE-_-NONE-,292026551,2297367,143661-0003,2024-01-08,2024,735415.0,"ATLANTIC CONTRACTING & SPECIALTIES, LLC",ASBESTOS ABATEMENT MASTER AGREEMENT (1)
CONT_AWD_89233018CNR000004_8900_-NONE-_-NONE-,292026551,2301142,152335,2024-01-08,2024,684830.0,"A. W. MILLER TECHNICAL SALES, INC.",MAZAK INTEGREX I100HSN
CONT_AWD_89233018CNR000004_8900_-NONE-_-NONE-,292026551,987496,151877,2024-01-08,2024,153920.0,REGAL BELOIT AMERICA INC,ELASTOMERIC COUPLING BREAKAWAY ASSEMBLIES
CONT_AWD_89233018CNR000004_8900_-NONE-_-NONE-,292026551,2305611,149126-0005,2024-01-09,2024,304348.96,"HILL INTERNATIONAL, INC.",GES STAFF AUGMENTATION
CONT_AWD_89233018CNR000004_8900_-NONE-_-NONE-,292026551,2301439,152518,2024-01-10,2024,44874.92,GHA TECHNOLOGIES INC,UR5E
CONT_AWD_89233018CNR000004_8900_-NONE-_-NONE-,292026551,2305515,7019420,2024-01-10,2024,71763.44,"SAGE ENGINEERING ASSOCIATES, LLP",TOA 142 -B87 HVAC RENOVATION FIELD FOLLOW AND COMMISSIONING
CONT_AWD_89233018CNR000004_8900_-NONE-_-NONE-,292026551,2307025,152483,2024-01-10,2024,109200.0,"TROY BOILER WORKS, INC",SUPPLY FLEX CONNECTOR
CONT_AWD_89233018CNR000004_8900_-NONE-_-NONE-,292026551,2307313,7019418,2024-01-10,2024,78557.6,"SAGE ENGINEERING ASSOCIATES, LLP",TOA 159 - BUILDING RECOMMISSIONING ENERGY AUDIT
CONT_AWD_89233018CNR000004_8900_-NONE-_-NONE-,292026551,989198,151863,2024-01-10,2024,39215.0,SAVAGE ENGINEERING & SALES INC,SERVICE CONTRACT FOR THE SAVAGE 500 TON PRESS
CONT_AWD_89233018CNR000004_8900_-NONE-_-NONE-,292026551,999920,152460,2024-01-10,2024,97440.0,"ALPHA SPECTRA, INC.",ALPHA DETECTORS
CONT_AWD_89233018CNR000004_8900_-NONE-_-NONE-,292026551,1000041,152264,2024-01-11,2024,160771.73,SIEMENS GOVERNMENT TECHNOLOGIES INC,ELASTICSEARCH MAINTENANCE
CONT_AWD_89233018CNR000004_8900_-NONE-_-NONE-,292026551,1004030,151722,2024-01-11,2024,35796.6,"ADVANCED INDUSTRIAL, LLC","LATEX GLOVES, ANTI-C, SIZE 10, LENGTH 15 /  LATEX GLOVES, ANTI-C, SIZE 9, LENGTH"
CONT_AWD_89233018CNR000004_8900_-NONE-_-NONE-,292026551,2299274,7019417,2024-01-11,2024,69336.0,BAKER AND ASSOCIATES,NRF BACKUP POWER SUPPLY AE REDLINE MARKUP AS-BUILTS
CONT_AWD_89233018CNR000004_8900_-NONE-_-NONE-,292026551,2307291,152396,2024-01-11,2024,96330.0,ALPHATRONX LTD,FLAT PANEL DETECTOR
CONT_AWD_89233018CNR000004_8900_-NONE-_-NONE-,292026551,993600,151906,2024-01-11,2024,1148597.44,COLOSSAL CONTRACTING LLC,TRELLIX MAINTENANCE/SUPPORT CONTRACT
CONT_AWD_89233018CNR000004_8900_-NONE-_-NONE-,292026551,993704,151857,2024-01-11,2024,911950.0,"DOVER ENGINEERED PRODUCTS SEGMENT, INC.",ALEXANDER - FY24 TM ORDER FOR THE MEL
CONT_AWD_89233018CNR000004_8900_-NONE-_-NONE-,292026551,998628,152504,2024-01-11,2024,180000.0,"NANOVEA, INC.","THE SUPPLIER SHALL FURNISH THE NECESSARY LABOR, SUPERVISION, SERVICES, TOOLS, EQ"
CONT_AWD_89233018CNR000004_8900_-NONE-_-NONE-,292026551,2306436,7019387,2024-01-12,2024,199823.36,"SAGE ENGINEERING ASSOCIATES, LLP",TOA 113 - DATA CENTER POWER AND CAPACITY UPGRADES PROJECT
CONT_AWD_89233018CNR000004_8900_-NONE-_-NONE-,292026551,994715,152588,2024-01-12,2024,68533.02,COLOSSAL CONTRACTING LLC,ANNUAL SUPPORT CONTRACT FOR 9 CISCO 9400 SWITCHES
CONT_AWD_89233018CNR000004_8900_-NONE-_-NONE-,292026551,2306098,152212,2024-01-15,2024,398564.82,"BATTELLE ENERGY ALLIANCE, LLC",PIE OF ZR ALLOY CORROSION COUPONS
CONT_AWD_89233018CNR000004_8900_-NONE-_-NONE-,292026551,2306901,152401,2024-01-15,2024,58400.0,"LINTECH MOTION CONTROL, INC",LINTECH SLIDES IN ACCORDANCE WITH SALIENT FEATURES LIST FOR LINTECH POSITIONING
CONT_AWD_89233018CNR000004_8900_-NONE-_-NONE-,292026551,993709,152410,2024-01-15,2024,51999.0,"NSL ANALYTICAL SERVICES, INC",HEAT TREATMENT AND TESTING OF THREE LOW ALLOY STEEL BILLETS PER TRD TKN20230825
CONT_AWD_89233018CNR000004_8900_-NONE-_-NONE-,292026551,994147,152283,2024-01-15,2024,44436.44,SFC VALVE CORPORATION,BMC BA GR - GFE VALVES FOR VOT AND HTT (COTS)
CONT_AWD_89233018CNR000004_8900_-NONE-_-NONE-,292026551,982313,152325,2024-01-16,2024,75255.0,DEPENDABLE TOOL & DIE CO INC,TF-150 GROUP U3 RECONFIGURATION SYSTEM MACHINED COMPONENTS
CONT_AWD_89233018CNR000004_8900_-NONE-_-NONE-,292026551,985614,152671,2024-01-16,2024,50400.0,"JOHN C. BERRY & SONS, INC.",FUEL ORDER FOR BOILERS HEATING SEASON 2023-2024
CONT_AWD_89233018CNR000004_8900_-NONE-_-NONE-,292026551,1001587,150736,2024-01-17,2024,386838.0,"MSA SAFETY SALES, LLC",MINE SAFETY APPLIANCE (MSA) MONITORS SERVICE CONTRACT
CONT_AWD_89233018CNR000004_8900_-NONE-_-NONE-,292026551,2302153,152158,2024-01-17,2024,391147.62,"STANTON INDUSTRIAL ELECTRIC SUPPLY, INC","THE SUPPLIER SHALL FURNISH THE NECESSARY LABOR, SUPERVISION, SERVICES, TOOLS, EQ"
CONT_AWD_89233018CNR000004_8900_-NONE-_-NONE-,292026551,2303943,152644,2024-01-17,2024,73554.0,EMPIRE MAGNETICS INC.,LEGND  PROJECT SPINDLE MOTORS
CONT_AWD_89233018CNR000004_8900_-NONE-_-NONE-,292026551,997820,152407,2024-01-17,2024,741510.0,COLOSSAL CONTRACTING LLC,FY24 SILO WEB ISOLATION MAINTENANCE RENEWAL (CLOUD)
CONT_AWD_89233018CNR000004_8900_-NONE-_-NONE-,292026551,1004611,152079,2024-01-18,2024,2818441.0,"PLANK, LLC",BUILDING 111 RENOVATION
CONT_AWD_89233018CNR000004_8900_-NONE-_-NONE-,292026551,2296600,152488,2024-01-18,2024,152422.0,"MIRION TECHNOLOGIES (CANBERRA), INC.",AEGIS PORTABLE SPECTROMETER
CONT_AWD_89233018CNR000004_8900_-NONE-_-NONE-,292026551,2297804,7019419,2024-01-18,2024,131732.0,"BEARDSLEY DESIGN ASSOCIATES ARCHITECTURE, ENGINEERING, LANDSCAPE ARCHITECTURE, D.P.C.",TOA 042 BUILDING RECOMMISSIONING PROJECT
CONT_AWD_89233018CNR000004_8900_-NONE-_-NONE-,292026551,2299354,152484,2024-01-18,2024,98990.0,MONARCH LATHES LP,MONARCH EE LATHE TRADE-IN S/N 33145-R
CONT_AWD_89233018CNR000004_8900_-NONE-_-NONE-,292026551,2304563,152092,2024-01-18,2024,824412.35,GHA TECHNOLOGIES INC,IBM RATIONAL PRODUCTS ANNUAL MAINTENANCE
CONT_AWD_89233018CNR000004_8900_-NONE-_-NONE-,292026551,992419,152696,2024-01-18,2024,41490.43,COLOSSAL CONTRACTING LLC,NNTP FY24 CISCO SMARTNET RENEWAL
CONT_AWD_89233018CNR000004_8900_-NONE-_-NONE-,292026551,996811,152357,2024-01-18,2024,222900.01,COLOSSAL CONTRACTING LLC,ICIT CISCO HARDWARE MAINTENANCE RENEWAL
CONT_AWD_89233018CNR000004_8900_-NONE-_-NONE-,292026551,997030,152339,2024-01-18,2024,65110.0,"WESTWIND COMPUTER PRODUCTS, INC.",A1B FIDE MINI PCS FOR  NORFOLK
CONT_AWD_89233018CNR000004_8900_-NONE-_-NONE-,292026551,998708,152340,2024-01-18,2024,65110.0,"WESTWIND COMPUTER PRODUCTS, INC.",A1B FIDE MINI PCS FOR TECH REFRESH
CONT_AWD_89233018CNR000004_8900_-NONE-_-NONE-,292026551,998747,152614,2024-01-18,2024,112374.0,"ROHDE & SCHWARZ USA, INC.","THE SUPPLIER SHALL FURNISH THE NECESSARY LABOR, SUPERVISION, SERVICES, TOOLS, EQ"
CONT_AWD_89233018CNR000004_8900_-NONE-_-NONE-,292026551,1004072,152664,2024-01-22,2024,30046.39,ACOPIAN TECHNICAL COMPANY,SD SE SPARE UVIS RAMP
CONT_AWD_89233018CNR000004_8900_-NONE-_-NONE-,292026551,2297366,151917,2024-01-22,2024,36374.0,"JOHNSON CONTROLS, INC",JOHNSON CONTROLS SERVICE CONTRACT
CONT_AWD_89233018CNR000004_8900_-NONE-_-NONE-,292026551,2302892,145532-0015,2024-01-22,2024,99600.0,THE LINCOLN ELECTRIC COMPANY,WA24HAW001 - RELEASE #15
CONT_AWD_89233018CNR000004_8900_-NONE-_-NONE-,292026551,2302923,150886-0002,2024-01-22,2024,74561.0,K & D ELECTRIC INC,GENERAL SITE SERVICES 3.0 FOR SFHP AGREEMENT
CONT_AWD_89233018CNR000004_8900_-NONE-_-NONE-,292026551,2307463,152400,2024-01-22,2024,318882.47,HOTTINGER BRUEL & KJAER INC.,HBK ACOUSTIC CAMERA PURCHASE FY24
CONT_AWD_89233018CNR000004_8900_-NONE-_-NONE-,292026551,997769,152059,2024-01-22,2024,51840.0,G. C. MICRO CORPORATION,PXI TO PMC ADAPTER AND SIO4 SERIAL PMC
CONT_AWD_89233018CNR000004_8900_-NONE-_-NONE-,292026551,2298063,7019399,2024-01-23,2024,32272.0,"BEARDSLEY DESIGN ASSOCIATES ARCHITECTURE, ENGINEERING, LANDSCAPE ARCHITECTURE, D.P.C.",TOA 003 FIELD FOLLOW SERVICES FOR DATA CENTER
CONT_AWD_89233018CNR000004_8900_-NONE-_-NONE-,292026551,2309475,152787,2024-01-23,2024,32778.24,"PCB PIEZOTRONICS OF NORTH CAROLINA, INC.",ORDER NEW ACCELEROMETERS AND CABLES FOR UPCOMING TEST IN FSVTL
CONT_AWD_89233018CNR000004_8900_-NONE-_-NONE-,292026551,995389,152620,2024-01-23,2024,166534.12,COLOSSAL CONTRACTING LLC,FY24 ENC REFRESH
CONT_AWD_89233018CNR000004_8900_-NONE-_-NONE-,292026551,986538,149306,2024-01-24,2024,189260.0,C6I SERVICES CORP,"ONE (1) LINUX OPERATING SYSTEM TECHNICIAN SUPPORTING DOE-Q CLEARED, ONSITE SERVI"
CONT_AWD_89233018CNR000004_8900_-NONE-_-NONE-,292026551,1001320,152358,2024-01-25,2024,210624.49,"FCN, INC.",ICIT CISCO SOFTWARE RENEWAL
CONT_AWD_89233018CNR000004_8900_-NONE-_-NONE-,292026551,2300483,152681,2024-01-25,2024,37050.0,"THERMOFLO EQUIPMENT COMPANY, INC.",EXPANSION TANKS/ AIR WATER SEPARATER FLUIDS LAB
CONT_AWD_89233018CNR000004_8900_-NONE-_-NONE-,292026551,2302817,152071,2024-01-25,2024,250000.0,"HEXAGON MANUFACTURING INTELLIGENCE, LLC",ATIP- PHASE 4 DEVELOPMENT OF A VIRTUAL PROTOTYPING CAPABILITY
CONT_AWD_89233018CNR000004_8900_-NONE-_-NONE-,292026551,2305539,152642,2024-01-25,2024,95912.0,"TESTFORCE USA, INC.",BUYING REPLACEMENT EQUIPMENT FOR EQUIPMENT THAT FAILED OPERATION.
CONT_AWD_89233018CNR000004_8900_-NONE-_-NONE-,292026551,2307731,152672,2024-01-25,2024,49538.0,"REMOTE OCEAN SYSTEMS, INC.","RP29746-A1, LINE ITEM #14."
CONT_AWD_89233018CNR000004_8900_-NONE-_-NONE-,292026551,2307892,152178,2024-01-25,2024,222910.0,"OXFORD INSTRUMENTS AMERICA, INC.",PROCUREMENT OF SYMMETRY 3 & ULTIM MAX 170 LARGE AREA DETECTOR
CONT_AWD_89233018CNR000004_8900_-NONE-_-NONE-,292026551,2308753,152791,2024-01-25,2024,105710.0,ACOPIAN TECHNICAL COMPANY,POWER SUPPLIES FOR TEST PLATFORM
CONT_AWD_89233018CNR000004_8900_-NONE-_-NONE-,292026551,2309656,152540,2024-01-25,2024,867185.0,MAGNA-POWER ELECTRONICS INC,COMMERCIAL-OFF-THE-SHELF (COTS) DC POWER SUPPLY FOR HPI&C LAB ADVANCED TESTING
CONT_AWD_89233018CNR000004_8900_-NONE-_-NONE-,292026551,982447,152829,2024-01-25,2024,51600.0,PARKLAND USA CORPORATION,FUEL ORDER FOR BOILERS HEATING SEASON 2023-2024
CONT_AWD_89233018CNR000004_8900_-NONE-_-NONE-,292026551,994543,152639,2024-01-25,2024,122350.0,"MCPEAK CO., INC.",FIRE PUMP/DIESEL GENERATOR SERVICE - KS
CONT_AWD_89233018CNR000004_8900_-NONE-_-NONE-,292026551,2297465,152818,2024-01-29,2024,62218.0,"GARTNER, INC.",GARTNER TECHNICAL CONSULTATION
CONT_AWD_89233018CNR000004_8900_-NONE-_-NONE-,292026551,2298858,7019421,2024-01-29,2024,48753.0,BAKER AND ASSOCIATES,MEDICAL SCIENCE COMPLEX TOA429
CONT_AWD_89233018CNR000004_8900_-NONE-_-NONE-,292026551,2308147,151958,2024-01-29,2024,32447.0,"REXBURG MOTOR SPORTS, L.L.C.",CAN AM DEFENDER - L & H LOAD TEST DEPARTMENT
CONT_AWD_89233018CNR000004_8900_-NONE-_-NONE-,292026551,997245,152732,2024-01-29,2024,49772.8,COLOSSAL CONTRACTING LLC,BETTIS STORES - IT ITEMS. 1.16.24
CONT_AWD_89233018CNR000004_8900_-NONE-_-NONE-,292026551,998599,151911,2024-01-29,2024,1165088.56,"IDEAL SYSTEM SOLUTIONS, INC.",FY24 - BULK PXIE HARDWARE FOR BETTIS AND KNOLLS
CONT_AWD_89233018CNR000004_8900_-NONE-_-NONE-,292026551,1003920,152446,2024-01-30,2024,35012.0,UTAH STATE UNIVERSITY,UTAH STATE UNIV:  BOS MEASUREMENTS IN FLOWS WITH DENSITY GRADIENTS
CONT_AWD_89233018CNR000004_8900_-NONE-_-NONE-,292026551,2298127,152371,2024-01-30,2024,143068.0,"GSE PERFORMANCE SOLUTIONS, LLC",BMC CIRCUIT BREAKER TRAINERS
CONT_AWD_89233018CNR000004_8900_-NONE-_-NONE-,292026551,2301590,152436,2024-01-30,2024,82460.0,"MHF PACKAGING SOLUTIONS, LLC","722423-4 FT. X 4 FT. X 6 FT. STEEL BOX WITH 14 CLIPS, BRM MODEL COO90-ST/IP-1, P"
CONT_AWD_89233018CNR000004_8900_-NONE-_-NONE-,292026551,2307646,152607,2024-01-30,2024,66417.54,"TESTFORCE USA, INC.",FY24 FLUIDS LABORATORY DATA ACQUISITION SYSTEM HARDWARE
CONT_AWD_89233018CNR000004_8900_-NONE-_-NONE-,292026551,981814,152612,2024-01-30,2024,239161.26,"GARTNER, INC.",GARTNER CONSULTING FY24
CONT_AWD_89233018CNR000004_8900_-NONE-_-NONE-,292026551,985235,140859-0047,2024-01-30,2024,36960.0,DEPENDABLE TOOL & DIE CO INC,WA24HAW003 - BEND TUBE
CONT_AWD_89233018CNR000004_8900_-NONE-_-NONE-,292026551,993223,152839,2024-01-30,2024,30000.0,WINTER COMPLIANCE LLC,INVESTIGATIVE FRAMEWORK/TRAINING
CONT_AWD_89233018CNR000004_8900_-NONE-_-NONE-,292026551,995100,152415,2024-01-30,2024,42607.8,COLOSSAL CONTRACTING LLC,FY24 OPENTEXT EXCEED LICENSES AND MAINTENANCE FOR SES
CONT_AWD_89233018CNR000004_8900_-NONE-_-NONE-,292026551,998580,150734-0010,2024-01-30,2024,74030.05,"DAVIES OFFICE REFURBISHING, INC.",PROVIDE MODULAR FURNITURE IN ACCORDANCE WITH FMP MODULAR FURNITURE SPECIFICATION
CONT_AWD_89233018CNR000004_8900_-NONE-_-NONE-,292026551,1000371,152715,2024-01-31,2024,32709.0,"THE PHASED ARRAY COMPANY, LLC",SUPPLIER SHALL PROVIDE THE FOLLOWING ITEMS IN ACCORDANCE WITH THE ATTACHED ADMIN
CONT_AWD_89233018CNR000004_8900_-NONE-_-NONE-,292026551,1000647,152474,2024-01-31,2024,115000.0,BOTTOM LINE TECHNOLOGIES INC,LOWER-COST/LOWER-POWER SRIO FPGA STUDY
CONT_AWD_89233018CNR000004_8900_-NONE-_-NONE-,292026551,2303196,152785,2024-01-31,2024,84291.56,HACH COMPANY,HACH - JOSLIN
CONT_AWD_89233018CNR000004_8900_-NONE-_-NONE-,292026551,982312,152826,2024-01-31,2024,143885.94,STERLING COMPUTERS CORPORATION,GICNET VMWARE FY24
CONT_AWD_89233018CNR000004_8900_-NONE-_-NONE-,292026551,992198,152770,2024-01-31,2024,81480.0,COLOSSAL CONTRACTING LLC,FY24 NR PROCUREMENT REQUEST 2403E
CONT_AWD_89233018CNR000004_8900_-NONE-_-NONE-,292026551,992618,152548,2024-01-31,2024,219621.88,COLOSSAL CONTRACTING LLC,PHASE3 MISCELLANEOUS EQUIPMENT (APC & TRIPPLITE)
CONT_AWD_89233018CNR000004_8900_-NONE-_-NONE-,292026551,993116,152698,2024-01-31,2024,154932.08,COLOSSAL CONTRACTING LLC,NRF USER NETWORK EXPANSION
CONT_AWD_89233018CNR000004_8900_-NONE-_-NONE-,292026551,993232,152549,2024-01-31,2024,51463.0,COLOSSAL CONTRACTING LLC,PHASE3 MISCELLANEOUS EQUIPMENT
CONT_AWD_89233018CNR000004_8900_-NONE-_-NONE-,292026551,994039,152879,2024-01-31,2024,40927.89,COLOSSAL CONTRACTING LLC,IT PERIPHERALS
CONT_AWD_89233018CNR000004_8900_-NONE-_-NONE-,292026551,994415,146838,2024-01-31,2024,85642.5,COLOSSAL CONTRACTING LLC,NRPR 2404E
CONT_AWD_89233018CNR000004_8900_-NONE-_-NONE-,292026551,998852,152689,2024-01-31,2024,78847.37,COLOSSAL CONTRACTING LLC,NNTP DC AND SQL SERVER PHASE REPLACEMENTS
CONT_AWD_89233018CNR000004_8900_-NONE-_-NONE-,292026551,2301248,7019422,2024-02-01,2024,177141.0,"BEARDSLEY DESIGN ASSOCIATES ARCHITECTURE, ENGINEERING, LANDSCAPE ARCHITECTURE, D.P.C.",TOA-44 HIGH PERFORMANCE COMPUTING DESIGN DETAIL
CONT_AWD_89233018CNR000004_8900_-NONE-_-NONE-,292026551,2302232,151777,2024-02-01,2024,1172499.0,ALLIUM US HOLDING LLC,2024 ACCURIS RENEWAL
CONT_AWD_89233018CNR000004_8900_-NONE-_-NONE-,292026551,2304671,152673,2024-02-01,2024,52418.0,ZIBRA CORPORATION,FLINT - FIBER OPTIC RIBBON PROBE 15' AND 42' LIGHT GUIDES
CONT_AWD_89233018CNR000004_8900_-NONE-_-NONE-,292026551,2307027,152707,2024-02-01,2024,409968.12,"G2IT, LLC",FY24 REMEDY LICENSE RENEWAL (5/1/2024-4/30/2025)
CONT_AWD_89233018CNR000004_8900_-NONE-_-NONE-,292026551,986065,152680,2024-02-01,2024,115064.04,CDW GOVERNMENT LLC,FY24: DENODO DATA VIRUALIZATION PLATFORM
CONT_AWD_89233018CNR000004_8900_-NONE-_-NONE-,292026551,998485,152533,2024-02-01,2024,122130.5,"TDC ENGINEERING, LLC",2023 FIBER OPTIC RIBBON PROBE PROCUREMENT
CONT_AWD_89233018CNR000004_8900_-NONE-_-NONE-,292026551,2302947,152643,2024-02-02,2024,48279.0,"MOUSER ELECTRONICS, INC",BUYING REPLACEMENT EQUIPMENT FOR EQUIPMENT THAT FAILED OPERATION.
CONT_AWD_89233018CNR000004_8900_-NONE-_-NONE-,292026551,2298905,146122-0007,2024-02-05,2024,357607.46,MESSER LLC,INERT GAS BULK ARGON AND NITROGEN2
CONT_AWD_89233018CNR000004_8900_-NONE-_-NONE-,292026551,2298987,152140,2024-02-05,2024,69400.0,"G. A. FLEET ASSOCIATES, INC",FLYGT PUMP
CONT_AWD_89233018CNR000004_8900_-NONE-_-NONE-,292026551,2305876,151765,2024-02-05,2024,272200.0,WASHINGTON MILLS ELECTRO MINERALS CORPORATION,CHAMELEON
CONT_AWD_89233018CNR000004_8900_-NONE-_-NONE-,292026551,980312,152471,2024-02-05,2024,64750.0,JTF BUSINESS SYSTEMS CORPORATION,SOLID STATE DISINTIGRATOR
CONT_AWD_89233018CNR000004_8900_-NONE-_-NONE-,292026551,2296373,152597,2024-02-06,2024,39450.0,"MIRION TECHNOLOGIES (CANBERRA), INC.",MIRION Q2/ISOLO SERVICE (PM/CM) -- BETTIS
CONT_AWD_89233018CNR000004_8900_-NONE-_-NONE-,292026551,2299936,152926,2024-02-06,2024,122520.0,"TEKTRONIX, INC.",TEKTRONIX OSCILLOSCOPE AND PERIPHERAL ORDER
CONT_AWD_89233018CNR000004_8900_-NONE-_-NONE-,292026551,2302066,152848,2024-02-06,2024,35382.2,PITTSBURGH AIR SYSTEMS INC,CRITCAL SPARES FOR MRTC-2 (L2) HVAC SYSTEM
CONT_AWD_89233018CNR000004_8900_-NONE-_-NONE-,292026551,994152,152476,2024-02-06,2024,63255.0,PREMIER AUTOMATION LLC,FRIEWALD - CUSTOM BUILT DATA-5 CABINET
CONT_AWD_89233018CNR000004_8900_-NONE-_-NONE-,292026551,995738,152796,2024-02-06,2024,35614.7,COLOSSAL CONTRACTING LLC,NETWORK CABINETS FOR NEW TRAILERS
CONT_AWD_89233018CNR000004_8900_-NONE-_-NONE-,292026551,996243,152587,2024-02-06,2024,31990.0,"EXIDA CONSULTING, LLC",EXSILENTIA ALARM TOOL
CONT_AWD_89233018CNR000004_8900_-NONE-_-NONE-,292026551,1001569,152115,2024-02-07,2024,440224.0,UNITED MACHINING NORTH AMERICA LLC,GF CUT P 550 PRO WIRE EDM MACHINE
CONT_AWD_89233018CNR000004_8900_-NONE-_-NONE-,292026551,2297805,152114,2024-02-07,2024,350821.0,"METHODS MACHINE TOOLS, INC.",WEILER EP50 LATHE
CONT_AWD_89233018CNR000004_8900_-NONE-_-NONE-,292026551,2304041,152688,2024-02-07,2024,99564.5,"DH TECHNOLOGIES, INC.",MAXIMO ZEBRA TABLETS & ACCESSORIES
CONT_AWD_89233018CNR000004_8900_-NONE-_-NONE-,292026551,2304509,152196,2024-02-07,2024,61946.0,IOP PUBLISHING INCORPORATED,FY24 IOP PUBLISHING RENEWAL
CONT_AWD_89233018CNR000004_8900_-NONE-_-NONE-,292026551,2307028,152544,2024-02-07,2024,60930.0,"CANARY LABS, INC.",CY24 CANARY LABS AXIOM/TRENDLINK SUPPORT CONTRACT RENEWAL
CONT_AWD_89233018CNR000004_8900_-NONE-_-NONE-,292026551,2307294,152995,2024-02-07,2024,70307.9,"POWERSPORTS, INC",NRF/ER CAN-AM PROCUREMENT AND UTILITY VEHICLE TRADE-IN -- FY23
CONT_AWD_89233018CNR000004_8900_-NONE-_-NONE-,292026551,996293,152895,2024-02-07,2024,76679.06,COLOSSAL CONTRACTING LLC,FY24 SBIT MICRO FOCUS MAINTENANCE
CONT_AWD_89233018CNR000004_8900_-NONE-_-NONE-,292026551,997657,152528,2024-02-07,2024,293441.29,NANOSONIC INC.,NANOSONIC
CONT_AWD_89233018CNR000004_8900_-NONE-_-NONE-,292026551,1000993,152679,2024-02-08,2024,57485.0,SPATIAL CORP,B. NEASE - CGM AND 3DPM SOFTWARE FOR 1 YEAR
CONT_AWD_89233018CNR000004_8900_-NONE-_-NONE-,292026551,2300939,145532-0016,2024-02-08,2024,64292.0,THE LINCOLN ELECTRIC COMPANY,WA24HAW006 - RELEASE #16
CONT_AWD_89233018CNR000004_8900_-NONE-_-NONE-,292026551,2301490,149899,2024-02-08,2024,902720.0,INFORMATION MANAGEMENT GROUP INCORPORATED,DIGITAL PRODUCT DATA ARCHITECTURE ONSITE SERVICES (DOE-L CLEARED)
CONT_AWD_89233018CNR000004_8900_-NONE-_-NONE-,292026551,2305645,152455,2024-02-08,2024,129594.95,"POWERSPORTS, INC","2023 DEFENDER MAX FOR I&C, ELEC, FIRE"
CONT_AWD_89233018CNR000004_8900_-NONE-_-NONE-,292026551,2305686,152996,2024-02-08,2024,137451.96,"REXBURG MOTOR SPORTS, L.L.C.","2023 DEFENDER MAX FOR I&C, ELEC, FIRE"
CONT_AWD_89233018CNR000004_8900_-NONE-_-NONE-,292026551,980693,152598,2024-02-08,2024,829000.0,DEPENDABLE TOOL & DIE CO INC,TEST ARTICLE 5
CONT_AWD_89233018CNR000004_8900_-NONE-_-NONE-,292026551,984546,148469,2024-02-08,2024,51997000.0,KIEWIT POWER CONSTRUCTORS CO,ROOFING AND SIDING FOR SFHP
CONT_AWD_89233018CNR000004_8900_-NONE-_-NONE-,292026551,2300510,151990-0001,2024-02-09,2024,104292.5,"GLASSMERE FUEL SERVICE, INC.",LIQUID FUEL DELIVERY CONTRACT - YEAR 1
CONT_AWD_89233018CNR000004_8900_-NONE-_-NONE-,292026551,2302409,152811,2024-02-09,2024,99726.0,KEYENCE CORPORATION OF AMERICA,LARGE FLOWMETER
CONT_AWD_89233018CNR000004_8900_-NONE-_-NONE-,292026551,1004880,146934-0017,2024-02-12,2024,55637.98,"INFORMATION SYSTEMS LABORATORIES, INC",ISL MASTER AGREEMENT FOR SNAP SOFTWARE
CONT_AWD_89233018CNR000004_8900_-NONE-_-NONE-,292026551,1004983,146934-0016,2024-02-12,2024,76389.4,"INFORMATION SYSTEMS LABORATORIES, INC",ISL MASTER AGREEMENT FOR SNAP SOFTWARE
CONT_AWD_89233018CNR000004_8900_-NONE-_-NONE-,292026551,2302262,152320,2024-02-12,2024,61366.66,ALDEC INC,ALDEC FPGA TOOLS
CONT_AWD_89233018CNR000004_8900_-NONE-_-NONE-,292026551,1000382,152813,2024-02-13,2024,115754.09,"NIKON METROLOGY, LLC","THE SUPPLIER SHALL FURNISH THE NECESSARY LABOR, SUPERVISION, SERVICES, TOOLS, EQ"
CONT_AWD_89233018CNR000004_8900_-NONE-_-NONE-,292026551,2297358,152815,2024-02-13,2024,1196240.0,DATA PHYSICS CORPORATION,FY24 DATA PHYSICS HARDWARE
CONT_AWD_89233018CNR000004_8900_-NONE-_-NONE-,292026551,2301354,152195,2024-02-13,2024,36161.0,AMERICAN PHYSICAL SOCIETY,FY24 APS ONLINE SUBSCRIPTION
CONT_AWD_89233018CNR000004_8900_-NONE-_-NONE-,292026551,2304782,152628,2024-02-13,2024,32808.3,PHILLIPS CORPORATION,M290 OPERATING SUPPLIES
CONT_AWD_89233018CNR000004_8900_-NONE-_-NONE-,292026551,2307300,152762,2024-02-13,2024,160590.0,"PRODUCT EVALUATION SYSTEMS, LLC.","SECTIONING, AND TESTING POWDER METALLURGY HOT ISOSTATIC PRESSED (PM-HIP) ALLOY 6"
CONT_AWD_89233018CNR000004_8900_-NONE-_-NONE-,292026551,2308011,153044,2024-02-13,2024,32132.0,"POWERSPORTS, INC",2024 DEFENDER MAX LIMITED FOR ENG
CONT_AWD_89233018CNR000004_8900_-NONE-_-NONE-,292026551,982817,152757,2024-02-13,2024,237387.07,TEVET LLC,DATA ACQUISITION EQUIPMENT
CONT_AWD_89233018CNR000004_8900_-NONE-_-NONE-,292026551,989639,152493,2024-02-13,2024,652457.01,STERLING COMPUTERS CORPORATION,FY24 AFM QUANTUM MAINTENANCE
CONT_AWD_89233018CNR000004_8900_-NONE-_-NONE-,292026551,992709,148865-0007,2024-02-13,2024,559234.0,SUNROC CONSTRUCTION CO INC,CONSTRUCTION MANAGEMENT CONTRACT
CONT_AWD_89233018CNR000004_8900_-NONE-_-NONE-,292026551,2300762,152539,2024-02-14,2024,237500.0,VANDERMOLEN INC,PURCHASING NEW BRUSH TRUCK FOR EMERGENCY SERVICES
CONT_AWD_89233018CNR000004_8900_-NONE-_-NONE-,292026551,2306978,152543,2024-02-14,2024,34050.0,"PICKERING INTERFACES, INC",PICKERING 40-263-001 RTD SIMULATOR PXI CARD
CONT_AWD_89233018CNR000004_8900_-NONE-_-NONE-,292026551,980080,152700,2024-02-14,2024,610258.02,STERLING COMPUTERS CORPORATION,PPTT TEST PLATFORM PLC COMPONENTS
CONT_AWD_89233018CNR000004_8900_-NONE-_-NONE-,292026551,985391,152982,2024-02-14,2024,112555.64,STERLING COMPUTERS CORPORATION,FY24 DFD COHESITY HADOOP
CONT_AWD_89233018CNR000004_8900_-NONE-_-NONE-,292026551,988734,152812,2024-02-14,2024,47120.92,TEVET LLC,NI CARDS
CONT_AWD_89233018CNR000004_8900_-NONE-_-NONE-,292026551,995510,152985,2024-02-14,2024,46322.0,"TACTICAL EDGE, INC.",TVA HARDWARE SIM CARDS AND SERVICE
CONT_AWD_89233018CNR000004_8900_-NONE-_-NONE-,292026551,999843,152939,2024-02-14,2024,45033.43,COLOSSAL CONTRACTING LLC,KNOLLS CAMERA UPGRADE
CONT_AWD_89233018CNR000004_8900_-NONE-_-NONE-,292026551,2300429,152778,2024-02-15,2024,38652.31,"DIMPLEX THERMAL SOLUTIONS, INC.",DIMPLEX BETTIS
CONT_AWD_89233018CNR000004_8900_-NONE-_-NONE-,292026551,2302911,146134-0011,2024-02-15,2024,991060.0,FACILITY SUPPORT SERVICES LLC,1717 GENERAL CONSTRUCTION
CONT_AWD_89233018CNR000004_8900_-NONE-_-NONE-,292026551,2304107,7019388,2024-02-15,2024,14895643.93,"STANTON INDUSTRIAL ELECTRIC SUPPLY, INC",CS-111E1 ELECTRICAL EQUIPMENT
CONT_AWD_89233018CNR000004_8900_-NONE-_-NONE-,292026551,2308380,152641,2024-02-15,2024,253150.0,"BRUKER NANO, INC","THE SUPPLIER SHALL FURNISH THE NECESSARY LABOR, SUPERVISION, SERVICES, TOOLS, EQ"
CONT_AWD_89233018CNR000004_8900_-NONE-_-NONE-,292026551,984424,152783,2024-02-15,2024,74068.25,MACHINERY WEST INC,GENERAL RIGGING EQUIPMENT TO SUPPORT LAB WEIGHT HANDLING
CONT_AWD_89233018CNR000004_8900_-NONE-_-NONE-,292026551,985698,152988,2024-02-15,2024,33500.0,"JOHN C. BERRY & SONS, INC.",FUEL ORDER FOR BOILERS HEATING SEASON 2023-2024
CONT_AWD_89233018CNR000004_8900_-NONE-_-NONE-,292026551,990653,152940,2024-02-15,2024,142379.2,STERLING COMPUTERS CORPORATION,FY24 PLURALSIGHT LICENSE RENEWAL
CONT_AWD_89233018CNR000004_8900_-NONE-_-NONE-,292026551,993216,150574-0003,2024-02-15,2024,46653.0,GRM KONTRACTING LLC,IDIQ SMALL TASK CONTRACT
CONT_AWD_89233018CNR000004_8900_-NONE-_-NONE-,292026551,994363,152873,2024-02-15,2024,35700.0,"VANGURA TOOL, INC.",PISTONO - MODIFY INCONEL PLATE INTO TEST SPECIMENS
CONT_AWD_89233018CNR000004_8900_-NONE-_-NONE-,292026551,2307847,151758,2024-02-16,2024,193504.0,UNIVERSITY OF WISCONSIN SYSTEM,UNIVERSITY OF WISCONSIN - FY2024 MFVAL RESEARCH CONTRACT: FILM THICKNESS AND HEA
CONT_AWD_89233018CNR000004_8900_-NONE-_-NONE-,292026551,2307458,152185,2024-02-19,2024,3006810.65,DRD TECHNOLOGY CORP,FY24 ANSYS SOFTWARE SUITE LICENSE RENEWAL
CONT_AWD_89233018CNR000004_8900_-NONE-_-NONE-,292026551,2308964,152456,2024-02-19,2024,143200.0,"O'CONNELL ELECTRIC COMPANY, INC.",GICNET - P6/P7 INTERNAL CABLE INSTALLATION
CONT_AWD_89233018CNR000004_8900_-NONE-_-NONE-,292026551,980516,152659,2024-02-19,2024,89925.0,MACHINERY WEST INC,SPS 65 TON LIFTING BEAM FOR RGR 1136 (BUFFERING CANISTER ASSEMBLY)
CONT_AWD_89233018CNR000004_8900_-NONE-_-NONE-,292026551,1001085,152745,2024-02-20,2024,110366.0,PARASOFT CORPORATION,PURCHASE PARASOFT C/C++ TEST
CONT_AWD_89233018CNR000004_8900_-NONE-_-NONE-,292026551,2305039,151869-0002,2024-02-20,2024,55955.33,SAVANNAH RIVER NUCLEAR SOLUTIONS LLC,LOW-LEVEL RADIOACTIVE WASTE DISPOSAL - KNOLLS LABORATORY AND KESSELRING SITES
CONT_AWD_89233018CNR000004_8900_-NONE-_-NONE-,292026551,2307916,153011,2024-02-20,2024,30472.0,"HERZAN, LLC",HERZAN ACTIVE VIBRATION TABLES
CONT_AWD_89233018CNR000004_8900_-NONE-_-NONE-,292026551,2308784,152197,2024-02-20,2024,85296.78,TAYLOR & FRANCIS GROUP LLC,2024 TAYLOR AND FRANCIS
CONT_AWD_89233018CNR000004_8900_-NONE-_-NONE-,292026551,980346,152825,2024-02-20,2024,54502.69,STERLING COMPUTERS CORPORATION,RENEWAL OF ATLASSIAN PRODUCT LICENSES
CONT_AWD_89233018CNR000004_8900_-NONE-_-NONE-,292026551,993755,152752,2024-02-20,2024,82270.0,"NIKON METROLOGY, LLC",CT RECONSTRUCTION COMPUTER AND SOFTWARE
CONT_AWD_89233018CNR000004_8900_-NONE-_-NONE-,292026551,1000447,148865-0008,2024-02-21,2024,783149.0,SUNROC CONSTRUCTION CO INC,CONSTRUCTION MANAGEMENT CONTRACT
CONT_AWD_89233018CNR000004_8900_-NONE-_-NONE-,292026551,2304540,152566,2024-02-21,2024,83928.0,HACH COMPANY,ALTS ORBISPHERES (JOSLIN)
CONT_AWD_89233018CNR000004_8900_-NONE-_-NONE-,292026551,983600,153074,2024-02-21,2024,59500.0,AMPHENOL (MARYLAND) INC,WILCOXON SHAKERS
CONT_AWD_89233018CNR000004_8900_-NONE-_-NONE-,292026551,992293,152766,2024-02-21,2024,266311.0,DYNAMIC SYSTEMS INC,FY24 PRIMAVERA LICENSE RENEWAL/MAINTENANCE
CONT_AWD_89233018CNR000004_8900_-NONE-_-NONE-,292026551,997005,152979,2024-02-21,2024,320195.51,COLOSSAL CONTRACTING LLC,FY24 WAN ENTERPRISE NETWORK EQUIPMENT
CONT_AWD_89233018CNR000004_8900_-NONE-_-NONE-,292026551,997924,152487,2024-02-21,2024,75300.0,"3M TECHNICAL CERAMICS QUAPAW, LLC",3M - FHZ
CONT_AWD_89233018CNR000004_8900_-NONE-_-NONE-,292026551,999358,148865-0004,2024-02-21,2024,230000.0,SUNROC CONSTRUCTION CO INC,CONSTRUCTION MANAGEMENT CONTRACT
CONT_AWD_89233018CNR000004_8900_-NONE-_-NONE-,292026551,1003769,152845,2024-02-22,2024,103570.0,WESTMORELAND COUNTY COMMUNITY COLLEGE,2024 WCCC TRAINING CONTRACT
CONT_AWD_89233018CNR000004_8900_-NONE-_-NONE-,292026551,2297303,152417,2024-02-22,2024,55000.0,"OHIO STATE UNIVERSITY, THE",MEMBERSHIP TO THE MANUFACTURING AND MATERIALS JOINING INNOVATION CENTER
CONT_AWD_89233018CNR000004_8900_-NONE-_-NONE-,292026551,2297560,152294,2024-02-22,2024,112566.0,GREEN HILLS SOFTWARE LLC,GREENHILLS MULTI IDE
CONT_AWD_89233018CNR000004_8900_-NONE-_-NONE-,292026551,2301515,152556,2024-02-22,2024,584798.02,DS GOVERNMENT SOLUTIONS CORP,FY24 ADDITIONAL LICENSES FOR ANNUAL RENEWAL - PO137419
CONT_AWD_89233018CNR000004_8900_-NONE-_-NONE-,292026551,985227,152903,2024-02-22,2024,51900.31,EASTERN POWER TECHNOLOGIES INC,BMC PH COTS ORDER 1
CONT_AWD_89233018CNR000004_8900_-NONE-_-NONE-,292026551,989238,153128,2024-02-22,2024,93784.0,"PITTSBURGH FLUID SYSTEMS, LLC",THOMPSON - INCONEL & HASTELLOY VALVES (DOLLIN)
CONT_AWD_89233018CNR000004_8900_-NONE-_-NONE-,292026551,990909,151163,2024-02-22,2024,69570.0,SYNERTECH PM INC.,DESIGN OF LARGE SCALE PM-HIP CANISTERS
CONT_AWD_89233018CNR000004_8900_-NONE-_-NONE-,292026551,2302520,152656,2024-02-23,2024,163438.56,"BODYCOTE IMT, INC.",PICA - PM-HIP BILLETS.
CONT_AWD_89233018CNR000004_8900_-NONE-_-NONE-,292026551,2301170,153067,2024-02-26,2024,220048.35,LOGISTICS365 INC,NETWORK FAILURE PREVENTION TOOL (VIAVI) MAINTENANCE - POP 9/23/24-9/22/25
CONT_AWD_89233018CNR000004_8900_-NONE-_-NONE-,292026551,2302800,146259-0001,2024-02-26,2024,191125.0,MULTI-PHASE CONTRACTING CORP.,KESSELRING SITE DOORS MASTER AGREEMENT
CONT_AWD_89233018CNR000004_8900_-NONE-_-NONE-,292026551,2306743,152855,2024-02-26,2024,80750.0,AMERICAN FABRICATION INC,"LL-N80-0066-STAND, REMNANT SUPPORT;  DWG: 1003N591; HEF 342"
CONT_AWD_89233018CNR000004_8900_-NONE-_-NONE-,292026551,984026,152182,2024-02-26,2024,238329.0,ARNOLD MACHINERY CO,NRF HYSTER H230XD FORKLIFT - FY24
CONT_AWD_89233018CNR000004_8900_-NONE-_-NONE-,292026551,995659,152809,2024-02-26,2024,37806.0,AGILENT TECHNOLOGIES INC,AGILENT TRISCROLL 600
CONT_AWD_89233018CNR000004_8900_-NONE-_-NONE-,292026551,999933,152912,2024-02-26,2024,34153.0,INDUSTRIAL FLOW NORTH AMERICA LLC,PULSATION DAMPENERS
CONT_AWD_89233018CNR000004_8900_-NONE-_-NONE-,292026551,1000193,152650,2024-02-27,2024,917001.0,THE PENNSYLVANIA STATE UNIVERSITY,(ATIP) MICROSTRUCTURE REFINEMENT- ULTRASONIC
CONT_AWD_89233018CNR000004_8900_-NONE-_-NONE-,292026551,2296667,150871,2024-02-27,2024,1697040.0,"BWXT NUCLEAR OPERATIONS GROUP, INC.",CONTROL DRIVE MECHANISM TECHNOLOGY DEVELOPMENT UNIT FABRICATION
CONT_AWD_89233018CNR000004_8900_-NONE-_-NONE-,292026551,981217,152950,2024-02-27,2024,62586.82,STERLING COMPUTERS CORPORATION,SERVERS
CONT_AWD_89233018CNR000004_8900_-NONE-_-NONE-,292026551,1001008,153021,2024-02-28,2024,564927.11,COLOSSAL CONTRACTING LLC,NTS-SEA FY24 LIFECYCLE SERVER PURCHASE
CONT_AWD_89233018CNR000004_8900_-NONE-_-NONE-,292026551,2296539,153038,2024-02-28,2024,42290.59,"GOVSMART, INC.",FY24 NPTU-C F5 MAINTENANCE
CONT_AWD_89233018CNR000004_8900_-NONE-_-NONE-,292026551,2308162,152747,2024-02-28,2024,112800.0,SCIENTIFIC FORMING TECHNOLOGIES CORPORATION,2024-2025 ANNUAL RENEWAL OF DEFORM LICENSES
CONT_AWD_89233018CNR000004_8900_-NONE-_-NONE-,292026551,997729,152640,2024-02-28,2024,452000.0,SOLAR ATMOSPHERES MANUFACTURING INC,"THE SUPPLIER SHALL FURNISH THE NECESSARY LABOR, SUPERVISION, SERVICES, TOOLS, EQ"
CONT_AWD_89233018CNR000004_8900_-NONE-_-NONE-,292026551,1003318,152852,2024-02-29,2024,128550.0,BUREAU VERITAS INSPECTION AND INSURANCE COMPANY,PRESSURE EQUIPMENT CODE INSPECTOR - BETTIS
CONT_AWD_89233018CNR000004_8900_-NONE-_-NONE-,292026551,2301166,152948,2024-02-29,2024,1243081.54,LOGISTICS365 INC,MATLAB - SOFTWARE MAINTENANCE RENEWAL 2024
CONT_AWD_89233018CNR000004_8900_-NONE-_-NONE-,292026551,2302322,153028,2024-02-29,2024,157972.0,AMERICAN PRODUCTIVITY & QUALITY CENTER INC,APQC CONTINUOUS IMPROVEMENT / KNOWLEDGE MANAGEMENT SUPPORT
CONT_AWD_89233018CNR000004_8900_-NONE-_-NONE-,292026551,2302327,151470-0001,2024-02-29,2024,50901.22,OFFICEIMAGES INC,TRAINING SPACES TSB2- 226 AND 361
CONT_AWD_89233018CNR000004_8900_-NONE-_-NONE-,292026551,2303435,149813-0002,2024-02-29,2024,42237.0,FACILITY SUPPORT SERVICES LLC,IDIQ SMALL TASK CONTRACT
CONT_AWD_89233018CNR000004_8900_-NONE-_-NONE-,292026551,2305671,152947,2024-02-29,2024,276340.0,DRD TECHNOLOGY CORP,FY24 ANSYS SCADE DISPLAY SOFTWARE LICENSES RENEWAL
CONT_AWD_89233018CNR000004_8900_-NONE-_-NONE-,292026551,2310030,149124-0016,2024-02-29,2024,236620.0,"NAVARRO RESEARCH AND ENGINEERING, INC.",GES STAFF AUGMENTATION
CONT_AWD_89233018CNR000004_8900_-NONE-_-NONE-,292026551,2310031,152329,2024-02-29,2024,80158.0,AK MATERIAL HANDLING SYSTEMS INC,GALVANIZED CANTILEVER
CONT_AWD_89233018CNR000004_8900_-NONE-_-NONE-,292026551,984262,150345,2024-02-29,2024,237802.0,J. SMITH RENTALS LIMITED LIABILITY COMPANY,GROUNDS MAINTENANCE CONTRACT
CONT_AWD_89233018CNR000004_8900_-NONE-_-NONE-,292026551,996218,153009,2024-02-29,2024,33004.6,KIN-TECH MFG INC,HILLIKER - GENERAL MACHINING OF ZIRCONIUM STOCK INTO SPECIMENS
CONT_AWD_89233018CNR000004_8900_-NONE-_-NONE-,292026551,997543,153137,2024-02-29,2024,40167.61,"EC AMERICA, INC",FY24 MARIADB SOFTWARE
CONT_AWD_89233018CNR000004_8900_-NONE-_-NONE-,292026551,998068,144548-0017,2024-02-29,2024,318570.0,THE PENNSYLVANIA STATE UNIVERSITY,METRICS DEVELOPMENT
CONT_AWD_89233018CNR000004_8900_-NONE-_-NONE-,292026551,998645,152529,2024-02-29,2024,205488.0,COLOSSAL CONTRACTING LLC,FY24 SAILPOINT LICENSE RENEWAL
CONT_AWD_89233018CNR000004_8900_-NONE-_-NONE-,292026551,10368989,7019144,2024-03-24,2024,98200.0,"MICHAEL BAKER INTERNATIONAL, INC.",TOA-7019179
CONT_AWD_89233018CNR000004_8900_-NONE-_-NONE-,292026551,1001191,148786-0025,2024-04-03,2024,134962.0,"WESTWIND COMPUTER PRODUCTS, INC.",PC BULK BUY
CONT_AWD_89233018CNR000004_8900_-NONE-_-NONE-,292026551,992460,148786-0031,2024-04-03,2024,49117.0,"WESTWIND COMPUTER PRODUCTS, INC.",PC BULK BUY
CONT_AWD_89233018CNR000004_8900_-NONE-_-NONE-,292026551,992680,148786-0023,2024-04-03,2024,423914.0,"WESTWIND COMPUTER PRODUCTS, INC.",PC BULK BUY
CONT_AWD_89233018CNR000004_8900_-NONE-_-NONE-,292026551,994903,148786-0022,2024-04-03,2024,268546.0,"WESTWIND COMPUTER PRODUCTS, INC.",PC BULK BUY
CONT_AWD_89233018CNR000004_8900_-NONE-_-NONE-,292026551,995229,148786-0027,2024-04-03,2024,286237.0,"WESTWIND COMPUTER PRODUCTS, INC.",PC BULK BUY
CONT_AWD_89233018CNR000004_8900_-NONE-_-NONE-,292026551,996004,148786-0028,2024-04-03,2024,1340439.0,"WESTWIND COMPUTER PRODUCTS, INC.",PC BULK BUY
CONT_AWD_89233018CNR000004_8900_-NONE-_-NONE-,292026551,996778,148786-0026,2024-04-03,2024,113539.0,"WESTWIND COMPUTER PRODUCTS, INC.",PC BULK BUY
CONT_AWD_89233018CNR000004_8900_-NONE-_-NONE-,292026551,997802,148786-0029,2024-04-03,2024,2051900.0,"WESTWIND COMPUTER PRODUCTS, INC.",PC BULK BUY
CONT_AWD_89233018CNR000004_8900_-NONE-_-NONE-,292026551,998069,148786-0024,2024-04-03,2024,71764.0,"WESTWIND COMPUTER PRODUCTS, INC.",PC BULK BUY
CONT_AWD_89233018CNR000004_8900_-NONE-_-NONE-,292026551,998574,148786-0030,2024-04-03,2024,2631515.0,"WESTWIND COMPUTER PRODUCTS, INC.",PC BULK BUY
CONT_AWD_89233018CNR000004_8900_-NONE-_-NONE-,292026551,997981,153331,2024-04-09,2024,82509.0,"WESTWIND COMPUTER PRODUCTS, INC.",CTO SERVER
CONT_AWD_89233018CNR000004_8900_-NONE-_-NONE-,292026551,2303366,153383,2024-04-11,2024,53222.7,LOGISTICS365 INC,KEYENCE VISION SYSTEM
CONT_AWD_89233018CNR000004_8900_-NONE-_-NONE-,292026551,993448,153495,2024-04-25,2024,34797.0,"WESTWIND COMPUTER PRODUCTS, INC.",HP LAPTOP FURY
CONT_AWD_89233018CNR000004_8900_-NONE-_-NONE-,292026551,1002872,153020,2024-05-01,2024,182000.0,MTS SYSTEMS CORPORATION,MTS FEASIBILITY STUDY
CONT_AWD_89233018CNR000004_8900_-NONE-_-NONE-,292026551,2297955,150443,2024-05-01,2024,250000.0,P C RECYCLER INC,AIS SCRAPPING CONTRACT (SANITIZATION / COLLECTORS)
CONT_AWD_89233018CNR000004_8900_-NONE-_-NONE-,292026551,2305983,153594,2024-05-01,2024,83625.0,"REMOTE OCEAN SYSTEMS, INC.",HI RAD CAMERA SYSTEM FOR USE IN HOT CELLS
CONT_AWD_89233018CNR000004_8900_-NONE-_-NONE-,292026551,980776,153158,2024-05-01,2024,102442.0,"SIMAKAS COMPANY, INC.",MALYS - CUSTOM PIPING FOR TEST LOOPS IN THE FLUIDS LAB
CONT_AWD_89233018CNR000004_8900_-NONE-_-NONE-,292026551,984995,153438,2024-05-01,2024,83980.7,"BURNS INDUSTRIAL EQUIPMENT, INC",HYSTER H120FT LIFT TRUCK PURCHASE
CONT_AWD_89233018CNR000004_8900_-NONE-_-NONE-,292026551,1000400,150574-0005,2024-05-02,2024,175300.0,GRM KONTRACTING LLC,IDIQ SMALL TASK CONTRACT
CONT_AWD_89233018CNR000004_8900_-NONE-_-NONE-,292026551,2301569,153573,2024-05-02,2024,79800.0,NORTH COAST TECHNICAL INC,MIL-X AND DA-X
CONT_AWD_89233018CNR000004_8900_-NONE-_-NONE-,292026551,2303193,152924,2024-05-02,2024,431029.98,2G ENGINEERING LLC,"THE SUPPLIER SHALL FURNISH THE NECESSARY LABOR, SUPERVISION, SERVICES, TOOLS, EQ"
CONT_AWD_89233018CNR000004_8900_-NONE-_-NONE-,292026551,2303291,153641,2024-05-02,2024,97464.0,"SECURE SUPPLY, INC",HAZ MAT ID ELITE METER PACKAGE
CONT_AWD_89233018CNR000004_8900_-NONE-_-NONE-,292026551,2305094,153113,2024-05-02,2024,426340.0,AMERICAN FABRICATION INC,FABRICATE 2 TOOL COLUMN STORAGE RACKS ACCORDING TO ATTACHED DRAWINGS AND TRD
CONT_AWD_89233018CNR000004_8900_-NONE-_-NONE-,292026551,2306451,153664,2024-05-02,2024,48300.0,CONTAINER PRODUCTS CORPORATION,"KSO REGULATE MATERIALS, B-25'S, DOUGLAS GIBSON"
CONT_AWD_89233018CNR000004_8900_-NONE-_-NONE-,292026551,983204,152627,2024-05-02,2024,1476151.0,"SPECTRO ANALYTICAL INSTRUMENTS, INC.","FMP ACCEPTS NU INSTRUMENT'S TERMS, TO THE EXTENT THAT THEY DO NOT CONFLICT WITH"
CONT_AWD_89233018CNR000004_8900_-NONE-_-NONE-,292026551,983992,153313,2024-05-02,2024,126686.8,"MOTION INDUSTRIES, INC.",RICKY LOYD-3330475 #1-2
CONT_AWD_89233018CNR000004_8900_-NONE-_-NONE-,292026551,993131,153748-0001,2024-05-02,2024,111083.0,GRM KONTRACTING LLC,1717 GENERAL CONSTRUCTION
CONT_AWD_89233018CNR000004_8900_-NONE-_-NONE-,292026551,986221,153611,2024-05-03,2024,53900.0,STERLING COMPUTERS CORPORATION,FY24 DOCAVE BACKUP AND RECOVERY MAINTENANCE RENEWAL
CONT_AWD_89233018CNR000004_8900_-NONE-_-NONE-,292026551,999860,153612,2024-05-03,2024,37418.45,COLOSSAL CONTRACTING LLC,FY24 BMC CLIENT MANAGEMENT MAINTENANCE RENEWAL - POP 9/30/24-9/29/2025
CONT_AWD_89233018CNR000004_8900_-NONE-_-NONE-,292026551,1000099,153506,2024-05-06,2024,865070.74,COLOSSAL CONTRACTING LLC,TACLANE REFRESH
CONT_AWD_89233018CNR000004_8900_-NONE-_-NONE-,292026551,1001287,152684,2024-05-06,2024,54681.0,TRANE U.S. INC.,SUPPLIER SHALL PROVIDE THE FOLLOWING ITEMS IN ACCORDANCE WITH THE ATTACHED ADMIN
CONT_AWD_89233018CNR000004_8900_-NONE-_-NONE-,292026551,2303766,140911-0019,2024-05-06,2024,57145.0,"THE M&P LAB, INC.",MASTER AGREEMENT - WA24HAW022
CONT_AWD_89233018CNR000004_8900_-NONE-_-NONE-,292026551,2304037,153668,2024-05-06,2024,33450.0,ULTRAFLEX POWER TECHNOLOGIES CORP,INDUCTION HEATER COIL - HOSES
CONT_AWD_89233018CNR000004_8900_-NONE-_-NONE-,292026551,2305173,150936-0011,2024-05-06,2024,53295.07,SAVANNAH RIVER NUCLEAR SOLUTIONS LLC,LLRW SHIPMENTS FROM BETTIS TO SRNS
CONT_AWD_89233018CNR000004_8900_-NONE-_-NONE-,292026551,2306685,149124-0020,2024-05-06,2024,127872.0,"NAVARRO RESEARCH AND ENGINEERING, INC.",GES STAFF AUGMENTATION
CONT_AWD_89233018CNR000004_8900_-NONE-_-NONE-,292026551,2309077,153719,2024-05-06,2024,61052.74,ENERGYSOLUTIONS FEDERAL SUPPORT LLC,DOE CONTRACT- WASTE TREATMENT AND TRANSIT OF MLLW-PCB AND MLLW AT ENERGY SOLUTIO
CONT_AWD_89233018CNR000004_8900_-NONE-_-NONE-,292026551,996006,153752,2024-05-06,2024,83720.0,COLOSSAL CONTRACTING LLC,PALO ALTO NETWORKS M-300
CONT_AWD_89233018CNR000004_8900_-NONE-_-NONE-,292026551,997643,153659,2024-05-06,2024,646093.73,COLOSSAL CONTRACTING LLC,ENC NETWORKING EQUIPMENT UPGRADE
CONT_AWD_89233018CNR000004_8900_-NONE-_-NONE-,292026551,1003306,153811,2024-05-07,2024,100343.91,TESTEQUITY LLC,BUYING REPLACEMENT EQUIPMENT FOR EQUIPMENT THAT FAILED OPERATION
CONT_AWD_89233018CNR000004_8900_-NONE-_-NONE-,292026551,2302030,153493,2024-05-07,2024,58000.0,LUNA INNOVATIONS INCORPORATED,RADIATION-HARDENED REMOTE MODULE CABLE (MINI-REMOTE)
CONT_AWD_89233018CNR000004_8900_-NONE-_-NONE-,292026551,2304961,152758,2024-05-07,2024,135225.0,"BRUKER NANO, INC",BRUKER NANO SERVICE CONTRACT RENEWAL (BETTIS)
CONT_AWD_89233018CNR000004_8900_-NONE-_-NONE-,292026551,2305418,153868,2024-05-07,2024,31866.12,BLACKHAWK INDUSTRIAL DISTRIBUTION INC,"201534-TAPE, 3M TAPE RED NUCLEAR GRADE, 2 WIDE;  TWO YEAR SHELF LIFE. P/N: 8979"
CONT_AWD_89233018CNR000004_8900_-NONE-_-NONE-,292026551,2307726,153629,2024-05-07,2024,91069.0,BLUCO CORP,(ATIP MOHL) REPAIR ENGINEERING DEMOSTRATION SUITE (REDS)
CONT_AWD_89233018CNR000004_8900_-NONE-_-NONE-,292026551,996042,153426,2024-05-07,2024,235516.05,COLOSSAL CONTRACTING LLC,BETTIS SERVER AND SWITCH STACK
CONT_AWD_89233018CNR000004_8900_-NONE-_-NONE-,292026551,2307960,153794,2024-05-08,2024,30700.0,"DESIGN & SOFTWARE INTERNATIONAL, INC","POWERMILL POST PROCESSING WITH TOOL DEFINITION FOR DMS LIBERTY HYBRID MACHINE, W"
CONT_AWD_89233018CNR000004_8900_-NONE-_-NONE-,292026551,2309856,148329-0005,2024-05-08,2024,111538.0,WASHINGTON MILLS ELECTRO MINERALS CORPORATION,MASTER AGREEMENT FOR WASHINGTON MILLS 5 YEAR CONTRACT
CONT_AWD_89233018CNR000004_8900_-NONE-_-NONE-,292026551,982782,152771,2024-05-08,2024,237820.0,"NIKON SLM SOLUTIONS NA, INC.",SLM 5 YEAR MAINTENANCE CONTRACT
CONT_AWD_89233018CNR000004_8900_-NONE-_-NONE-,292026551,983596,153470,2024-05-08,2024,1358431.82,AMERICAN CRANE & EQUIPMENT CORP,MARF DF BRIDGE CRANES MAINTENANCE SUPPORT
CONT_AWD_89233018CNR000004_8900_-NONE-_-NONE-,292026551,987309,153258,2024-05-08,2024,652303.02,STERLING COMPUTERS CORPORATION,FY24 RED HAT MAINTENANCE
CONT_AWD_89233018CNR000004_8900_-NONE-_-NONE-,292026551,989433,153082,2024-05-08,2024,511806.08,VERIZON BUSINESS NETWORK SERVICES LLC,FY24 EIS CONTRACT TRANSITION TO SOLE SOURCE (VERIZON CIRCUITS)
CONT_AWD_89233018CNR000004_8900_-NONE-_-NONE-,292026551,992533,153837,2024-05-08,2024,76800.5,DETECTACHEM INC.,PURCHASE ADDITIONAL (7) SEEKERE
CONT_AWD_89233018CNR000004_8900_-NONE-_-NONE-,292026551,995522,153608,2024-05-08,2024,37285.0,"DOVER ENGINEERED PRODUCTS SEGMENT, INC.","800126-Z-MOTOR ADAPTER KIT, PART OF OLDER ("
CONT_AWD_89233018CNR000004_8900_-NONE-_-NONE-,292026551,997231,153609,2024-05-08,2024,43376.0,"DOVER ENGINEERED PRODUCTS SEGMENT, INC.",MODEL F TM PARTS
CONT_AWD_89233018CNR000004_8900_-NONE-_-NONE-,292026551,2296439,153223,2024-05-09,2024,36928.56,R M HEADLEE CO INC,RUPTURE DISKS FOR SCIENCE AUTOCLAVE FACILITY (SAF)
CONT_AWD_89233018CNR000004_8900_-NONE-_-NONE-,292026551,2300660,153310,2024-05-09,2024,54601.05,OFFICEIMAGES INC,TRAINING SPACES TSB2A - 309 AND PXO OFFICE SPACE 361
CONT_AWD_89233018CNR000004_8900_-NONE-_-NONE-,292026551,2301488,153152,2024-05-09,2024,3791491.0,MULTI-PHASE CONTRACTING CORP.,BUILDING 28 MOTOR DRIVE REPLACEMENT PROJECT
CONT_AWD_89233018CNR000004_8900_-NONE-_-NONE-,292026551,2302717,151497,2024-05-09,2024,11410844.5,MULTI-PHASE CONTRACTING CORP.,CONSTRUCTION CONTRACT FOR THE DATA CENTER POWER AND CAPACITY UPGRADE GPP
CONT_AWD_89233018CNR000004_8900_-NONE-_-NONE-,292026551,980430,153498,2024-05-09,2024,74004.77,STERLING COMPUTERS CORPORATION,PLC COMPONENTS
CONT_AWD_89233018CNR000004_8900_-NONE-_-NONE-,292026551,986376,153797,2024-05-09,2024,144471.8,ALPHA OMEGA SHELVING INC,FURNITURE STORAGE - BETTIS SITE
CONT_AWD_89233018CNR000004_8900_-NONE-_-NONE-,292026551,991129,153570,2024-05-09,2024,147211.49,STERLING COMPUTERS CORPORATION,SERVERS AND STORAGE FOR KAPL
CONT_AWD_89233018CNR000004_8900_-NONE-_-NONE-,292026551,1003673,153730,2024-05-10,2024,112270.0,DAC WORLDWIDE LLC,PLC TRAINER LABORATORY REFURBISHMENT
CONT_AWD_89233018CNR000004_8900_-NONE-_-NONE-,292026551,2300140,153861,2024-05-10,2024,39655.0,"ACOUSTICAL INTERIORS, INC.",NRPR 2436E
CONT_AWD_89233018CNR000004_8900_-NONE-_-NONE-,292026551,2308175,153481,2024-05-10,2024,40812.0,THE BARNES GLOBAL ADVISORS LLC,ADDITIVE MANUFACTURING DESIGN WORKSHOPS
CONT_AWD_89233018CNR000004_8900_-NONE-_-NONE-,292026551,981797,146260-0003,2024-05-10,2024,241266.0,ENFIELD ENTERPRISES LLC,KESSELRING SITE DOORS MASTER AGREEMENT
CONT_AWD_89233018CNR000004_8900_-NONE-_-NONE-,292026551,993393,153716,2024-05-10,2024,32270.0,"VANGURA TOOL, INC.",DAMIAN - MACHINING OF INCONEL 625 TEST SPECIMEN FROM ANNEALED PLATE
CONT_AWD_89233018CNR000004_8900_-NONE-_-NONE-,292026551,998751,153804,2024-05-10,2024,95682.6,G. C. MICRO CORPORATION,VIDEO FIBER UPGRADE EQUIPMENT
CONT_AWD_89233018CNR000004_8900_-NONE-_-NONE-,292026551,999812,153863,2024-05-10,2024,48754.48,COLOSSAL CONTRACTING LLC,B116 CISCO SWITCH
CONT_AWD_89233018CNR000004_8900_-NONE-_-NONE-,292026551,2300613,151501,2024-05-13,2024,175386.02,OFFICEIMAGES INC,ROOM 216 FURNITURE AND INSTALL
CONT_AWD_89233018CNR000004_8900_-NONE-_-NONE-,292026551,2307227,153720,2024-05-13,2024,171447.0,AHLBERG CAMERAS INC,AHLBERG Z630 HD 1080P CAMERA SYSTEM
CONT_AWD_89233018CNR000004_8900_-NONE-_-NONE-,292026551,1001260,153873,2024-05-14,2024,34960.0,"DOVER ENGINEERED PRODUCTS SEGMENT, INC.",CRL
CONT_AWD_89233018CNR000004_8900_-NONE-_-NONE-,292026551,1004170,151882,2024-05-14,2024,50800.0,NORTH STAR IMAGING INCORPORATED,RADIOGRAPHY OF FIVE (5) LARGE SPECIMENS
CONT_AWD_89233018CNR000004_8900_-NONE-_-NONE-,292026551,2306001,153605,2024-05-14,2024,33925.2,"MSC INDUSTRIAL DIRECT CO., INC.",NON TWD ORDER FOR ERIC MUGLESTON FOR TECHS. SUPPORT EQUIPMENT SUPPLY.
CONT_AWD_89233018CNR000004_8900_-NONE-_-NONE-,292026551,986783,153514,2024-05-14,2024,40877.45,HOJ INNOVATIONS LLC,NNL WAREHOUSE OPTIMIZATION STUDY (FY24)
CONT_AWD_89233018CNR000004_8900_-NONE-_-NONE-,292026551,992336,153965,2024-05-14,2024,81383.0,"EXECUTIVE INFORMATION SYSTEMS, L.L.C.",JMP SOFTWARE MAINTENANCE - 200 USERS
CONT_AWD_89233018CNR000004_8900_-NONE-_-NONE-,292026551,2296352,153159,2024-05-15,2024,53016.0,WASTE CONTROL SPECIALISTS LLC,BETTIS WASTE BROKER SERVICES
CONT_AWD_89233018CNR000004_8900_-NONE-_-NONE-,292026551,2299813,7019442,2024-05-15,2024,383600.0,BAKER AND ASSOCIATES,BETTIS NORTH CAMPUS LAND DEVELOPMENT (TASK ORDER AUTHORIZATION #109)
CONT_AWD_89233018CNR000004_8900_-NONE-_-NONE-,292026551,2300595,153870,2024-05-15,2024,96516.0,"APPLIED AVIONICS, LLC",APPLIED AVIONICS INDICATORS/PUSHBUTTONS
CONT_AWD_89233018CNR000004_8900_-NONE-_-NONE-,292026551,2301462,153808,2024-05-15,2024,43709.2,TIGER-VAC INC.,TIGER VAC STOCK
CONT_AWD_89233018CNR000004_8900_-NONE-_-NONE-,292026551,2302870,153482,2024-05-15,2024,35032.0,"A. W. MILLER TECHNICAL SALES, INC.",MAZAK PM & REPAIR CONTRACT
CONT_AWD_89233018CNR000004_8900_-NONE-_-NONE-,292026551,2308534,153005,2024-05-15,2024,283270.0,CUSTOM TOOL & MODEL CORP.,"TEST ARTICLE 8, 11, 12, AND WEDGES"
CONT_AWD_89233018CNR000004_8900_-NONE-_-NONE-,292026551,2309190,153434,2024-05-15,2024,99990.0,"PRODUCT EVALUATION SYSTEMS, LLC.",SMALL BILLET EVAULATIONS
CONT_AWD_89233018CNR000004_8900_-NONE-_-NONE-,292026551,2309967,153658,2024-05-15,2024,3330264.29,COASPIRE LLC,PTC SOFTWARE SUBSCRIPTIONS
CONT_AWD_89233018CNR000004_8900_-NONE-_-NONE-,292026551,988723,153981,2024-05-15,2024,38490.0,"DUBOSE NATIONAL ENERGY SERVICES, INC.",DISCONNECTING MARF EMERGENCY CORE COOLING SYSTEM PIPING FROM THE S8G REACTOR FIL
CONT_AWD_89233018CNR000004_8900_-NONE-_-NONE-,292026551,991585,153722,2024-05-15,2024,91253.57,TEVET LLC,NI EMBEDDED CONTROLLER
CONT_AWD_89233018CNR000004_8900_-NONE-_-NONE-,292026551,994719,153945,2024-05-15,2024,42008.0,GEORGIA EXPOSITION MANUFACTURING CORPORATION,BASE WEIGHTS FOR MEL ROOF
CONT_AWD_89233018CNR000004_8900_-NONE-_-NONE-,292026551,1000979,153927,2024-05-16,2024,58154.85,COLOSSAL CONTRACTING LLC,IT PERIPHERALS
CONT_AWD_89233018CNR000004_8900_-NONE-_-NONE-,292026551,2299110,152776,2024-05-16,2024,779378.82,"JOHNSON CONTROLS BUILDING AUTOMATION SYSTEMS, LLC",5-SYSTEM SECURITY MAINTENANCE - KNOLLS & KS
CONT_AWD_89233018CNR000004_8900_-NONE-_-NONE-,292026551,2300199,153305,2024-05-16,2024,335992.0,MULTI-PHASE CONTRACTING CORP.,REPAIRS OF S8G HULL SADDLES 1-4
CONT_AWD_89233018CNR000004_8900_-NONE-_-NONE-,292026551,2303706,153793,2024-05-16,2024,19407999.72,"MINBURN TECHNOLOGY GROUP, LLC",MICROSOFT ENTERPRISE AGREEMENT
CONT_AWD_89233018CNR000004_8900_-NONE-_-NONE-,292026551,2306957,7019389,2024-05-16,2024,4544530.06,WHEELER MACHINERY CO,CS-111E2 STANDBY POWER SYSTEM
CONT_AWD_89233018CNR000004_8900_-NONE-_-NONE-,292026551,2307788,153691,2024-05-16,2024,389182.4,THERMO ELECTRON NORTH AMERICA LLC,ION CHROMATOGRAPHY EQUIPMENT BUY ? ICS-6000
CONT_AWD_89233018CNR000004_8900_-NONE-_-NONE-,292026551,980287,152928,2024-05-16,2024,149500.0,DEPENDABLE TOOL & DIE CO INC,DMC FIBER OPTIC RIBBON PROBE CALIBRATION CHANNELS FINAL
CONT_AWD_89233018CNR000004_8900_-NONE-_-NONE-,292026551,985488,153888,2024-05-16,2024,38233.2,STERLING COMPUTERS CORPORATION,FY24 LOGITECH IPAD KEYBOARD CASE
CONT_AWD_89233018CNR000004_8900_-NONE-_-NONE-,292026551,987899,153439,2024-05-16,2024,31216.0,FEDERAL CONTRACTS LLC,WELD LAB WALK BEHIND
CONT_AWD_89233018CNR000004_8900_-NONE-_-NONE-,292026551,988167,153657,2024-05-16,2024,73870.0,"TDY INDUSTRIES, LLC",NOLAN - FABRICATION OF SIX PM-HIP BILLETS
CONT_AWD_89233018CNR000004_8900_-NONE-_-NONE-,292026551,993473,153745,2024-05-16,2024,50750.0,"VANGURA TOOL, INC.",FISHER - WELDABILITY SPECIMENS MACHINING
CONT_AWD_89233018CNR000004_8900_-NONE-_-NONE-,292026551,995113,152779,2024-05-16,2024,51120.0,"INVERIS TRAINING SOLUTIONS, INC",FIRING RANGE UPGRADE (BETTIS - PF)
CONT_AWD_89233018CNR000004_8900_-NONE-_-NONE-,292026551,995233,152705,2024-05-16,2024,51658.0,"WESTWIND COMPUTER PRODUCTS, INC.","HPE DL360, DL380 GEN 10 CTO SERVER RENEWALS"
CONT_AWD_89233018CNR000004_8900_-NONE-_-NONE-,292026551,995953,153517,2024-05-16,2024,75000.0,REGENTS OF THE UNIVERSITY OF MICHIGAN,POST-PROTON-IRRADIATED AUTOCLAVE EXPOSURE OF ZIRCALOY-4 AND M5
CONT_AWD_89233018CNR000004_8900_-NONE-_-NONE-,292026551,997477,153857,2024-05-16,2024,32125.0,INDUSTRIAL FLOW NORTH AMERICA LLC,BETTIS SPARES - EMFT SPARES (4.30.24)
CONT_AWD_89233018CNR000004_8900_-NONE-_-NONE-,292026551,2303053,153836,2024-05-17,2024,98854.13,GHA TECHNOLOGIES INC,ELOGGER ELECTRONIC LOGBOOK SOFTWARE
CONT_AWD_89233018CNR000004_8900_-NONE-_-NONE-,292026551,982743,153824,2024-05-17,2024,35397.12,"ADEK TECHNICAL SALES, INC.",ADEK PC NEEDED FOR TESTING.
CONT_AWD_89233018CNR000004_8900_-NONE-_-NONE-,292026551,982843,153872,2024-05-17,2024,44990.0,PIE SCIENTIFIC LLC,FY24 PURCHASE OF PIE SCIENTIFIC PLASMA CLEANER
CONT_AWD_89233018CNR000004_8900_-NONE-_-NONE-,292026551,985566,153850,2024-05-17,2024,39215.0,"SPECTRO ANALYTICAL INSTRUMENTS, INC.",FY24 SPECTRO ANALYTICAL SERVICE CONTRACT RENEWAL (BETTIS)
CONT_AWD_89233018CNR000004_8900_-NONE-_-NONE-,292026551,994585,153911,2024-05-17,2024,35205.0,"OHIO VALLEY INDUSTRIAL SERVICES, INC",TF-150 PUMP ASSEMBLY INSULATION
CONT_AWD_89233018CNR000004_8900_-NONE-_-NONE-,292026551,1005050,153950,2024-05-20,2024,52617.6,"RAVENTEK SOLUTION PARTNERS, LLC",FY24 ELASTIC STACK MAINTENANCE FOR NNPTC
CONT_AWD_89233018CNR000004_8900_-NONE-_-NONE-,292026551,2303381,140911-0020,2024-05-20,2024,61200.0,"THE M&P LAB, INC.",MASTER AGREEMENT - WA24HAW024
CONT_AWD_89233018CNR000004_8900_-NONE-_-NONE-,292026551,991305,153330,2024-05-20,2024,2973771.0,"CTG FEDERAL, LLC",FY24 TIER 1-3 STORAGE SUPPORT
CONT_AWD_89233018CNR000004_8900_-NONE-_-NONE-,292026551,999506,153806,2024-05-20,2024,331770.67,COLOSSAL CONTRACTING LLC,KNOLLS REDUNDANCY EQUIPMENT
CONT_AWD_89233018CNR000004_8900_-NONE-_-NONE-,292026551,2301951,153963,2024-05-21,2024,171112.0,LUNA INNOVATIONS INCORPORATED,DISTRIBUTED FIBER OPTIC SENSOR PROCUREMENT (ATIP)
CONT_AWD_89233018CNR000004_8900_-NONE-_-NONE-,292026551,2302190,153889,2024-05-21,2024,102903.9,KEYENCE CORPORATION OF AMERICA,SCANNING CMMS
CONT_AWD_89233018CNR000004_8900_-NONE-_-NONE-,292026551,2308850,153878,2024-05-21,2024,31799.0,"TRUSTED SYSTEMS, INC.",SECURITY CABINET FOR KNOLLS Q14
CONT_AWD_89233018CNR000004_8900_-NONE-_-NONE-,292026551,984228,153579,2024-05-21,2024,37482.5,RICH INDUSTRIES INC,"278815- BOOT, POLY,  PART OF CELL REMOVAL CONTAINER (CRC) MISC.; DWGS. 943C871,"
CONT_AWD_89233018CNR000004_8900_-NONE-_-NONE-,292026551,2309563,153845,2024-05-22,2024,91715.03,AMERICAN FABRICATION INC,"201530-HOOK, LANYARD; CAGE: 6E963;  (BOX = 150 EACH; TO BE PACKAGED AS SUCH BY S"
CONT_AWD_89233018CNR000004_8900_-NONE-_-NONE-,292026551,984969,153880,2024-05-22,2024,62000.0,AMERICAN CRANE & EQUIPMENT CORP,ACECO 6 MO LT
CONT_AWD_89233018CNR000004_8900_-NONE-_-NONE-,292026551,986117,153402,2024-05-22,2024,117526.0,RENSSELAER POLYTECHNIC INSTITUTE,DISCRETE ELEMENT MODELING RESEARCH AND DEVELOPMENT EFFORT
CONT_AWD_89233018CNR000004_8900_-NONE-_-NONE-,292026551,992165,153748-0002,2024-05-22,2024,1199272.0,GRM KONTRACTING LLC,1717 GENERAL CONSTRUCTION
CONT_AWD_89233018CNR000004_8900_-NONE-_-NONE-,292026551,994602,153830,2024-05-22,2024,169741.0,RDO EQUIPMENT CO.,PURCHASE OF JOHN DEERE 410 P-TIER LOADER BACKHOE
CONT_AWD_89233018CNR000004_8900_-NONE-_-NONE-,292026551,995975,153892,2024-05-22,2024,174135.23,COLOSSAL CONTRACTING LLC,FY24 NXLOG SOFTWARE MAINTENANCE
CONT_AWD_89233018CNR000004_8900_-NONE-_-NONE-,292026551,1000652,153917,2024-05-23,2024,80440.85,COLOSSAL CONTRACTING LLC,ROCKWELL STUDIO 5000
CONT_AWD_89233018CNR000004_8900_-NONE-_-NONE-,292026551,2300901,153536,2024-05-23,2024,2987302.5,INFORMATION MANAGEMENT GROUP INCORPORATED,ICIT ON-SITE SERVICES
CONT_AWD_89233018CNR000004_8900_-NONE-_-NONE-,292026551,2302880,153393,2024-05-23,2024,668181.0,"BLUEBEAM, INC.",FY24 BLUEBEAM LICENSE RENEWAL
CONT_AWD_89233018CNR000004_8900_-NONE-_-NONE-,292026551,2307859,136775-0016,2024-05-23,2024,45900.0,"ALARON, LLC",THIS PURCHASE ORDER IS FOR THE DISPOSAL OF VARIOUS EQUIPMENT.   THE SUPPLIER WIL
CONT_AWD_89233018CNR000004_8900_-NONE-_-NONE-,292026551,983750,153733,2024-05-23,2024,141692.82,"PITTSBURGH FLUID SYSTEMS, LLC",SWAGELOK VALVES FOR CTC
CONT_AWD_89233018CNR000004_8900_-NONE-_-NONE-,292026551,992327,153132,2024-05-23,2024,99948.0,"TDA RESEARCH, INC.",NANOPARTICLE/UHMWPE COMPOSITE SHIELDING DEVELOPMENT
CONT_AWD_89233018CNR000004_8900_-NONE-_-NONE-,292026551,993338,153623,2024-05-23,2024,51115.0,"VANGURA TOOL, INC.",TF-150 GROUP GG2 IPS MACHINED COMPONENTS
CONT_AWD_89233018CNR000004_8900_-NONE-_-NONE-,292026551,998876,154047,2024-05-23,2024,237893.2,COLOSSAL CONTRACTING LLC,FY24 PRIMENET PERIPHERALS REFRESH
CONT_AWD_89233018CNR000004_8900_-NONE-_-NONE-,292026551,999520,153940,2024-05-23,2024,43217.0,"EXECUTIVE INFORMATION SYSTEMS, L.L.C.",FY24 DFD JMP RENEWAL
CONT_AWD_89233018CNR000004_8900_-NONE-_-NONE-,292026551,999555,153180,2024-05-23,2024,1171914.12,COLOSSAL CONTRACTING LLC,FY24 APDL REFRESH AND DATA PROTECTION EXPANSION
CONT_AWD_89233018CNR000004_8900_-NONE-_-NONE-,292026551,999629,154106,2024-05-24,2024,42450.0,COLOSSAL CONTRACTING LLC,IT PERIPHERALS
CONT_AWD_89233018CNR000004_8900_-NONE-_-NONE-,292026551,2297613,153871,2024-05-28,2024,36026.0,"A. V. LAUTTAMUS COMMUNICATIONS, INC.",PORTABLE RADIOS
CONT_AWD_89233018CNR000004_8900_-NONE-_-NONE-,292026551,984882,154053,2024-05-28,2024,32407.89,"PITTSBURGH FLUID SYSTEMS, LLC",SUPPLIER SHALL PROVIDE THE FOLLOWING ITEMS IN ACCORDANCE WITH THE ATTACHED ADMIN
CONT_AWD_89233018CNR000004_8900_-NONE-_-NONE-,292026551,989818,154118,2024-05-28,2024,33686.0,"PITTSBURGH FLUID SYSTEMS, LLC",WOLAK - EMTF PHASE 2 UPGRADE - SWAGELOK INCONEL PARTS
CONT_AWD_89233018CNR000004_8900_-NONE-_-NONE-,292026551,1000603,149602-0015,2024-05-29,2024,281021.0,SNK ENTERPRISES INC,KESSELRING SITE UNDERGROUND SYSTEMS REPAIRS
CONT_AWD_89233018CNR000004_8900_-NONE-_-NONE-,292026551,2306769,153886,2024-05-29,2024,93450.0,"SMGS, LLC",FY24 JFROG ARTIFACTORY ENTERPRISE X LICENSES
CONT_AWD_89233018CNR000004_8900_-NONE-_-NONE-,292026551,980684,153881,2024-05-29,2024,34067.73,AMERICAN CRANE & EQUIPMENT CORP,ACECO 6-10 WK LT
CONT_AWD_89233018CNR000004_8900_-NONE-_-NONE-,292026551,982572,153839,2024-05-29,2024,87536.8,UE SYSTEMS INC,UE SYSTEMS ULTRA SOUND EQUIPMENT
CONT_AWD_89233018CNR000004_8900_-NONE-_-NONE-,292026551,989690,153835,2024-05-29,2024,103591.82,WESTERN STATES EQUIPMENT COMPANY,PURCHASE OF CAT 305 CR EXCAVATOR
CONT_AWD_89233018CNR000004_8900_-NONE-_-NONE-,292026551,996018,153770,2024-05-29,2024,517740.0,"RAPID PREP, LLC",BLAST EQUIPMENT RENTAL
CONT_AWD_89233018CNR000004_8900_-NONE-_-NONE-,292026551,1001128,153426,2024-05-30,2024,395299.4,COLOSSAL CONTRACTING LLC,BETTIS SERVER AND SWITCH STACK
CONT_AWD_89233018CNR000004_8900_-NONE-_-NONE-,292026551,2300727,153800,2024-05-30,2024,366700.0,LUNA INNOVATIONS INCORPORATED,ODISI 7108
CONT_AWD_89233018CNR000004_8900_-NONE-_-NONE-,292026551,2301554,153531,2024-05-30,2024,50669.4,LOGISTICS365 INC,MATLAB FLOATING LICENSE AND ADDONS
CONT_AWD_89233018CNR000004_8900_-NONE-_-NONE-,292026551,2305150,153207,2024-05-30,2024,54950.0,"STRUCTURAL INTEGRITY ASSOCIATES, INC",DESIGN FOUR-SPECIMEN AUTOCLAVE
CONT_AWD_89233018CNR000004_8900_-NONE-_-NONE-,292026551,2306190,152772,2024-05-30,2024,119200.0,"WESTMORELAND MECHANICAL TESTING & RESEARCH, INC.","PHASE B STATIC CRUSH TEST, AM LATTICE SPECIMENS"
CONT_AWD_89233018CNR000004_8900_-NONE-_-NONE-,292026551,2307801,152362,2024-05-30,2024,170000.0,"BATTELLE ENERGY ALLIANCE, LLC",CONCEPTUAL DESIGN FOR NNPP USE OF THE FISSION PRODUCT RELEASE FURNACE
CONT_AWD_89233018CNR000004_8900_-NONE-_-NONE-,292026551,2307915,154120,2024-05-30,2024,760033.0,"L3HARRIS MARITIME POWER & ENERGY SOLUTIONS, INC",EXECUTION OF STATEMENT OF WORK FOR PEM DEMONSTRATOR CONCEPT DEVELOPMENT
CONT_AWD_89233018CNR000004_8900_-NONE-_-NONE-,292026551,2308253,148329-0006,2024-05-30,2024,182281.0,WASHINGTON MILLS ELECTRO MINERALS CORPORATION,MASTER AGREEMENT FOR WASHINGTON MILLS 5 YEAR CONTRACT
CONT_AWD_89233018CNR000004_8900_-NONE-_-NONE-,292026551,987703,150850-0009,2024-05-30,2024,94594.0,"RAMBOLL AMERICAS ENGINEERING SOLUTIONS, INC.","ENVIRONMENTAL CHARACTERIZATION, INVESTIGATION, AND REMEDIATION SERVICES FOR KAPL"
CONT_AWD_89233018CNR000004_8900_-NONE-_-NONE-,292026551,995276,152975,2024-05-30,2024,392949.0,NORTHROP GRUMMAN CORPORATION,EXECUTION OF STATEMENT OF WORK FOR PEM DEMONSTRATOR CONCEPT DEVELOPMENT
CONT_AWD_89233018CNR000004_8900_-NONE-_-NONE-,292026551,997302,153905,2024-05-30,2024,127547.0,"PRECISION FILTERS, INC.","DIGITAL FILTER SYSTEM, PFI INC"
CONT_AWD_89233018CNR000004_8900_-NONE-_-NONE-,292026551,997603,153924,2024-05-30,2024,54092.0,"DIAMOND SYSTEMS, LLC",NITROGEN AND HYDROGEN SENSORS
CONT_AWD_89233018CNR000004_8900_-NONE-_-NONE-,292026551,1002561,153554,2024-05-31,2024,98094.0,"EVOQUA WATER TECHNOLOGIES, LLC",REVERSE OSMOSIS MOBILE DEMINERALIZER UNITS
CONT_AWD_89233018CNR000004_8900_-NONE-_-NONE-,292026551,2307087,153984,2024-05-31,2024,47707.8,ENERGYSOLUTIONS FEDERAL SUPPORT LLC,DOE CONTRACT ENERGYSOLUTIONS DISPOSAL  LLW 7326-03-0021 AND OTHERS
CONT_AWD_89233018CNR000004_8900_-NONE-_-NONE-,292026551,985059,153281,2024-05-31,2024,50737.2,WAYNE WEAVER DBA JANI KING,CAFETERIA CLEANING CONTRACT
CONT_AWD_89233018CNR000004_8900_-NONE-_-NONE-,292026551,992218,153109,2024-05-31,2024,263760.0,TRANE U.S. INC.,TRANE CHILLER MAINTENANCE
CONT_AWD_89233018CNR000004_8900_-NONE-_-NONE-,292026551,993138,150734-0023,2024-05-31,2024,94102.28,"DAVIES OFFICE REFURBISHING, INC.",PROVIDE MODULAR FURNITURE IN ACCORDANCE WITH FMP MODULAR FURNITURE SPECIFICATION
CONT_AWD_89233018CNR000004_8900_-NONE-_-NONE-,292026551,2307127,153803,2024-06-03,2024,154075.0,ENERGYSOLUTIONS FEDERAL SUPPORT LLC,CTC GRAYLOC ORDER 2
CONT_AWD_89233018CNR000004_8900_-NONE-_-NONE-,292026551,983425,153802,2024-06-03,2024,33372.0,B M KRAMER & COMPANY INC,FOSTER - CTC - TH2 & TH 3 FLOW LEGS - VENTURI METER MACHINED BODIES
CONT_AWD_89233018CNR000004_8900_-NONE-_-NONE-,292026551,984557,137088-0012,2024-06-03,2024,121896.0,GE VERNOVA OPERATIONS LLC,GENERAL ELECTRIC MASTER AGREEMENT IN ACCORDANCE TO TECHNICAL SPECIFICATION
CONT_AWD_89233018CNR000004_8900_-NONE-_-NONE-,292026551,987748,154006,2024-06-03,2024,332971.96,"CTG FEDERAL, LLC",FY24 DFD SW MAINTENANCE
CONT_AWD_89233018CNR000004_8900_-NONE-_-NONE-,292026551,993248,153463,2024-06-03,2024,46126.06,DCAA CENTRAL REGION,"MOSHIER - 304 STAINLESS STEEL PIPE, VARIOUS SIZES, SCH 160"
CONT_AWD_89233018CNR000004_8900_-NONE-_-NONE-,292026551,995777,148865-0005,2024-06-03,2024,2941000.0,SUNROC CONSTRUCTION CO INC,CONSTRUCTION MANAGEMENT CONTRACT
CONT_AWD_89233018CNR000004_8900_-NONE-_-NONE-,292026551,997386,153638,2024-06-03,2024,307204.84,COLOSSAL CONTRACTING LLC,FY24 IVANTI RENEWAL
CONT_AWD_89233018CNR000004_8900_-NONE-_-NONE-,292026551,2304646,154096,2024-06-04,2024,60794.4,"THERMOFLO EQUIPMENT COMPANY, INC.",BUSWAY BREAKERS
CONT_AWD_89233018CNR000004_8900_-NONE-_-NONE-,292026551,2309518,153462,2024-06-04,2024,46385.02,"VESTIS SERVICES, LLC",LAUNDRY SERVICES CONTRACT 2024-2026
CONT_AWD_89233018CNR000004_8900_-NONE-_-NONE-,292026551,1002770,154168,2024-06-05,2024,37422.0,FABER ASSOCIATES INC,RUSSO - PALM III PARKER PRODUCTION COMPONENTS
CONT_AWD_89233018CNR000004_8900_-NONE-_-NONE-,292026551,1003899,153530,2024-06-05,2024,65730.0,"PLANK, LLC",AT2 ADO INSTALLATION PROJECT
CONT_AWD_89233018CNR000004_8900_-NONE-_-NONE-,292026551,987505,154121,2024-06-05,2024,37788.5,STERLING COMPUTERS CORPORATION,PUMP AND ASSOCIATED PARTS FOR SITE COOLING WATER
CONT_AWD_89233018CNR000004_8900_-NONE-_-NONE-,292026551,996500,154056,2024-06-05,2024,44394.41,DCAA CENTRAL REGION,SUPPLIER SHALL PROVIDE THE FOLLOWING ITEMS IN ACCORDANCE WITH THE ATTACHED ADMIN
CONT_AWD_89233018CNR000004_8900_-NONE-_-NONE-,292026551,1001291,153926,2024-06-06,2024,58827.61,COLOSSAL CONTRACTING LLC,FLIR T1020 INFRARED CAMERA
CONT_AWD_89233018CNR000004_8900_-NONE-_-NONE-,292026551,989004,153236,2024-06-06,2024,40021.28,ENFIELD ENTERPRISES LLC,L4 PUMP HOUSE GALLEY CLEANING 2024
CONT_AWD_89233018CNR000004_8900_-NONE-_-NONE-,292026551,996165,7019440,2024-06-06,2024,228544.0,"WALSH ENGINEERING SERVICES, PC",DESIGN REVIEW SUPPORT SERVICES FOR NEAP CIPR (TOA 510)
CONT_AWD_89233018CNR000004_8900_-NONE-_-NONE-,292026551,2297272,146960-0005,2024-06-07,2024,195845.85,JAMES H. MALOY INC,KESSELRING SITE EARTHWORKS MASTER AGREEMENT
CONT_AWD_89233018CNR000004_8900_-NONE-_-NONE-,292026551,2304457,7019380,2024-06-07,2024,300546.0,FACILITY SUPPORT SERVICES LLC,TOA 4 - OUTFALL 006 REFURBISHMENT
CONT_AWD_89233018CNR000004_8900_-NONE-_-NONE-,292026551,2306639,153809,2024-06-07,2024,45502.0,BLACKHAWK INDUSTRIAL DISTRIBUTION INC,PROCUREMENT OF A SECOTOM-60 SECTIONING SAW
CONT_AWD_89233018CNR000004_8900_-NONE-_-NONE-,292026551,1002704,152937,2024-06-10,2024,345567.12,"TELEDYNE BROWN ENGINEERING, INC.",M290 VIP TECHNICAL WORK PROPOSAL
CONT_AWD_89233018CNR000004_8900_-NONE-_-NONE-,292026551,1003540,154020,2024-06-10,2024,36073.8,ILLINOIS TOOL WORKS INC.,PROCUREMENT OF TWO (2) BUEHLER VIBROMET POLISHERS
CONT_AWD_89233018CNR000004_8900_-NONE-_-NONE-,292026551,1003552,153742,2024-06-10,2024,40000.0,PENNSYLVANIA STATE UNIVERSITY,WIELAND - INVESTMENT CASTINGS OF ZIRCONIUM ALLOYS
CONT_AWD_89233018CNR000004_8900_-NONE-_-NONE-,292026551,1004188,153947,2024-06-10,2024,279000.0,PAMAS PARTIKELMESS- UND ANALYSESYSTEME GMBH,3M - SPS AND RHP
CONT_AWD_89233018CNR000004_8900_-NONE-_-NONE-,292026551,2296575,153952,2024-06-10,2024,245240.17,P C RECYCLER INC,A625 LASER WIRE DED
CONT_AWD_89233018CNR000004_8900_-NONE-_-NONE-,292026551,2303076,153454,2024-06-10,2024,47547.0,GARRISON FIRE & RESCUE CORP.,TURNOUT GEAR / NAME TAGS
CONT_AWD_89233018CNR000004_8900_-NONE-_-NONE-,292026551,2303188,153662,2024-06-10,2024,414000.0,ELECTRIC POWER RESEARCH INSTITUTE INC,NFIR PROGRAM VIII MEMBERSHIP
CONT_AWD_89233018CNR000004_8900_-NONE-_-NONE-,292026551,2303317,153847,2024-06-10,2024,85649.85,"GRAYLOC PRODUCTS, L.L.C",PXI CONTROLLER & CHASSIS
CONT_AWD_89233018CNR000004_8900_-NONE-_-NONE-,292026551,2303949,153541,2024-06-10,2024,434402.0,MULTI-PHASE CONTRACTING CORP.,S8G STRUCTURAL STEEL REFURBISHMENT
CONT_AWD_89233018CNR000004_8900_-NONE-_-NONE-,292026551,981836,154140,2024-06-10,2024,51526.23,"CTG FEDERAL, LLC",IT PLATFORMS TIER 2 HARDWARE (NETAPP) AND SOFTWARE
CONT_AWD_89233018CNR000004_8900_-NONE-_-NONE-,292026551,989296,153891,2024-06-10,2024,62091.48,STERLING COMPUTERS CORPORATION,FY24 COLDFUSION RENEWAL
CONT_AWD_89233018CNR000004_8900_-NONE-_-NONE-,292026551,991694,153727,2024-06-10,2024,101440.06,AVNET INC,XILINX VIVADO LICENSE RENEWAL 2024
CONT_AWD_89233018CNR000004_8900_-NONE-_-NONE-,292026551,992606,153748-0003,2024-06-10,2024,609886.0,GRM KONTRACTING LLC,1717 GENERAL CONSTRUCTION
CONT_AWD_89233018CNR000004_8900_-NONE-_-NONE-,292026551,993148,153724,2024-06-10,2024,93487.17,COLOSSAL CONTRACTING LLC,TELEDYNE FLIR SKYRAIDER
CONT_AWD_89233018CNR000004_8900_-NONE-_-NONE-,292026551,998171,150443,2024-06-10,2024,228000.0,TEAM CORPORATION,AIS SCRAPPING CONTRACT (SANITIZATION / COLLECTORS)
CONT_AWD_89233018CNR000004_8900_-NONE-_-NONE-,292026551,999472,153890,2024-06-10,2024,66450.0,SUFIAN MUNIR INC.,KOBRA SOLID STATE DRIVE DIGITAL MEDIA SHREDDER
CONT_AWD_89233018CNR000004_8900_-NONE-_-NONE-,292026551,999820,153951,2024-06-10,2024,91100.16,COLOSSAL CONTRACTING LLC,VMWARE CLOUD FOUNDATION (VMWARE UPGRADE LICENSING)
CONT_AWD_89233018CNR000004_8900_-NONE-_-NONE-,292026551,1004499,153937,2024-06-11,2024,98005.0,CREAFORM USA INC,"CREAFORM 3D SCANNER, SOFTWARE, TARGETS AND LAPTOP"
CONT_AWD_89233018CNR000004_8900_-NONE-_-NONE-,292026551,2302425,150445,2024-06-11,2024,260030.0,"SUNNKING, INC.",AIS SCRAPPING CONTRACT (DISPOSITION / RECYCLERS)
CONT_AWD_89233018CNR000004_8900_-NONE-_-NONE-,292026551,2302948,153910,2024-06-11,2024,77544.0,"STANTON INDUSTRIAL ELECTRIC SUPPLY, INC",KESTER - SWAGELOK TUBING
CONT_AWD_89233018CNR000004_8900_-NONE-_-NONE-,292026551,2309132,150487-0003,2024-06-11,2024,92400.0,"NATIONAL JET COMPANY, INC.",RELEASE #1 - CRAYON PRODUCTION -ADD LINE #3
CONT_AWD_89233018CNR000004_8900_-NONE-_-NONE-,292026551,999103,149813-0004,2024-06-11,2024,50656.56,GRM KONTRACTING LLC,IDIQ SMALL TASK CONTRACT
CONT_AWD_89233018CNR000004_8900_-NONE-_-NONE-,292026551,1002910,154075,2024-06-12,2024,67227.4,"DANTEC DYNAMICS, INC.",ISTRA4D SOFTWARE UPGRADE
CONT_AWD_89233018CNR000004_8900_-NONE-_-NONE-,292026551,2302956,154030,2024-06-12,2024,531060.0,GC LASER SYSTEMS INC,(ATIP ROTH) LASER SYSTEM FOR PEARL HARBOR
CONT_AWD_89233018CNR000004_8900_-NONE-_-NONE-,292026551,2305282,153898,2024-06-12,2024,119061.26,BOBCAT OF SCHENECTADY LLC,"BOBCAT TRADE-IN (5600 FOR UW56) - FY24, KS"
CONT_AWD_89233018CNR000004_8900_-NONE-_-NONE-,292026551,984963,153833,2024-06-12,2024,608805.13,"CTG FEDERAL, LLC",FY24 COLLIBRA
CONT_AWD_89233018CNR000004_8900_-NONE-_-NONE-,292026551,985053,153736,2024-06-12,2024,307621.47,STERLING COMPUTERS CORPORATION,PLANVIEW MAINTENANCE RENEWAL
CONT_AWD_89233018CNR000004_8900_-NONE-_-NONE-,292026551,992361,148865-0010,2024-06-12,2024,226691.21,SUNROC CONSTRUCTION CO INC,CONSTRUCTION MANAGEMENT CONTRACT
CONT_AWD_89233018CNR000004_8900_-NONE-_-NONE-,292026551,992552,154155,2024-06-12,2024,39083.5,COLOSSAL CONTRACTING LLC,NETWORK SWITCHES TO SUPPORT NETWORKING PBX'S
CONT_AWD_89233018CNR000004_8900_-NONE-_-NONE-,292026551,2308587,154148,2024-06-13,2024,88708.2,ENERGYSOLUTIONS FEDERAL SUPPORT LLC,"KNOLLS LLRW 7324-03-0009 DISPOSAL TO ENERGYSOLUTIONS, CLIVE JULY 2024"
CONT_AWD_89233018CNR000004_8900_-NONE-_-NONE-,292026551,986024,153938,2024-06-13,2024,95000.0,B M KRAMER & COMPANY INC,2024 ANSYS FLUID STRUCTURE INTERACTION SEMINAR
CONT_AWD_89233018CNR000004_8900_-NONE-_-NONE-,292026551,991858,153104,2024-06-13,2024,40660.0,AMERICAN CRANE & EQUIPMENT CORP,FY24 CL PAMAS SERVICE CONTRACT (5 YEARS)
CONT_AWD_89233018CNR000004_8900_-NONE-_-NONE-,292026551,992490,153859,2024-06-13,2024,1498753.26,DYNAMIC SYSTEMS INC,FY24 ORACLE HARDWARE MAINTENANCE AND SUPPORT
CONT_AWD_89233018CNR000004_8900_-NONE-_-NONE-,292026551,1000383,154122,2024-06-14,2024,348291.44,COLOSSAL CONTRACTING LLC,ITP NETWORK HARDWARE MFA
CONT_AWD_89233018CNR000004_8900_-NONE-_-NONE-,292026551,2303989,41662301,2024-06-14,2024,59263.0,THE LINCOLN ELECTRIC COMPANY,"NFAS-BM, DE LAVAL, LOP BOWL REPAIR (FSS)"
CONT_AWD_89233018CNR000004_8900_-NONE-_-NONE-,292026551,1000901,145532-0019,2024-06-17,2024,60500.0,"3M TECHNICAL CERAMICS QUAPAW, LLC",WA24HAW019 - RELEASE #18
CONT_AWD_89233018CNR000004_8900_-NONE-_-NONE-,292026551,1001758,154123,2024-06-17,2024,345800.0,MTS SYSTEMS CORPORATION,MTS BIAXIAL FEASIBILITY STUDY
CONT_AWD_89233018CNR000004_8900_-NONE-_-NONE-,292026551,2303696,145532-0018,2024-06-17,2024,62000.0,STRUERS INC,WA24HAW019 - RELEASE #18
CONT_AWD_89233018CNR000004_8900_-NONE-_-NONE-,292026551,2304393,153451,2024-06-17,2024,57250.0,MURN INCORPORATED,PLATINUM WIRE
CONT_AWD_89233018CNR000004_8900_-NONE-_-NONE-,292026551,2307063,153518,2024-06-17,2024,668218.25,"DAVIS-ULMER SPRINKLER COMPANY, INC.",KNOLLS PASSIVE FIRE SUBCONTRACT
CONT_AWD_89233018CNR000004_8900_-NONE-_-NONE-,292026551,988502,154215,2024-06-17,2024,219750.0,"NETZSCH INSTRUMENTS NORTH AMERICA, LLC",SIMULTANEOUS THERMAL ANALYZER
CONT_AWD_89233018CNR000004_8900_-NONE-_-NONE-,292026551,993992,153171,2024-06-17,2024,49300.0,"BURT PROCESS EQUIPMENT, INC.",RLW TANKS
CONT_AWD_89233018CNR000004_8900_-NONE-_-NONE-,292026551,994261,7019430,2024-06-17,2024,499145.75,"WALSH ENGINEERING SERVICES, PC",CONCEPTUAL DESIGN FOR UTILITY EXPANSION PROJECT
CONT_AWD_89233018CNR000004_8900_-NONE-_-NONE-,292026551,2297472,153464,2024-06-18,2024,647618.0,"MIRION TECHNOLOGIES (CANBERRA), INC.",RADIOACTIVE MATERIALS LABORATORY Q2 WASTE ASSAY SYSTEM UPGRADE
CONT_AWD_89233018CNR000004_8900_-NONE-_-NONE-,292026551,1003809,154095,2024-06-19,2024,266195.0,PENNSYLVANIA STATE UNIVERSITY,2024 PAVING PROGRAM -- 1869-30
CONT_AWD_89233018CNR000004_8900_-NONE-_-NONE-,292026551,2301371,154278,2024-06-19,2024,125340.0,KEYENCE CORPORATION OF AMERICA,KEYENCE WIDE AREA CMM WM-6225
CONT_AWD_89233018CNR000004_8900_-NONE-_-NONE-,292026551,2301427,153748-0004,2024-06-19,2024,270963.0,HY-TECH SALES INC,1717 GENERAL CONSTRUCTION
CONT_AWD_89233018CNR000004_8900_-NONE-_-NONE-,292026551,986542,154170,2024-06-19,2024,33216.6,FASTECH LLC,FY24 DFD SBIT CABLES
CONT_AWD_89233018CNR000004_8900_-NONE-_-NONE-,292026551,997252,7019359,2024-06-19,2024,1960786.28,ALVAREZ LLC,WASTE & SHIPPING - ENERGY SOLUTIONS
CONT_AWD_89233018CNR000004_8900_-NONE-_-NONE-,292026551,1002084,152312,2024-06-20,2024,321898.0,"SENSA SOLUTIONS, INC.",ONSITE DOE-Q CLEARED SERVICES PROVIDED BY ONE (1) IT COORDINATOR AT FMP'S BETTIS
CONT_AWD_89233018CNR000004_8900_-NONE-_-NONE-,292026551,1004747,144548-0022,2024-06-20,2024,300038.0,PENNSYLVANIA STATE UNIVERSITY,METRICS DEVELOPMENT
CONT_AWD_89233018CNR000004_8900_-NONE-_-NONE-,292026551,2303393,154207,2024-06-20,2024,64785.0,"LC TECHNOLOGY SOLUTIONS, INC",CDL LCTS GLOVEBOX
CONT_AWD_89233018CNR000004_8900_-NONE-_-NONE-,292026551,2307954,154216,2024-06-20,2024,80378.0,"SMGS, LLC",FY24 IBM QRADAR
CONT_AWD_89233018CNR000004_8900_-NONE-_-NONE-,292026551,980977,153613,2024-06-20,2024,949883.0,"CTG FEDERAL, LLC",FY24 COMMVAULT EQUIPMENT
CONT_AWD_89233018CNR000004_8900_-NONE-_-NONE-,292026551,989640,154126,2024-06-20,2024,150088.14,"NETZSCH INSTRUMENTS NORTH AMERICA, LLC",NETZSCH LFA 467 HYPERFLASH SYSTEM
CONT_AWD_89233018CNR000004_8900_-NONE-_-NONE-,292026551,995729,154135,2024-06-20,2024,180745.84,COLOSSAL CONTRACTING LLC,FY 2024 HPE 3PAR MAINTENANCE FOR NPTU CHARLESTON
CONT_AWD_89233018CNR000004_8900_-NONE-_-NONE-,292026551,999844,154185,2024-06-20,2024,97276.68,"ABBA TECHNOLOGIES, INC.",FY24- FY19 HPC CLUSTER MAINTENANCE (6 MONTHS 9/28/2024-3/27/2025)
CONT_AWD_89233018CNR000004_8900_-NONE-_-NONE-,292026551,2303088,154099,2024-06-24,2024,35988.0,"SECURE SUPPLY, INC",DP-26A TRANSFORMER
CONT_AWD_89233018CNR000004_8900_-NONE-_-NONE-,292026551,2308263,154150,2024-06-24,2024,111457.05,ENERGYSOLUTIONS FEDERAL SUPPORT LLC,DOE CONTRACT ENERGYSOLUTIONS DISPOSAL BEAR CREEK TN LLW RS-24-04
CONT_AWD_89233018CNR000004_8900_-NONE-_-NONE-,292026551,2308721,153906,2024-06-24,2024,922836.0,"ASTLEY PRECISION MACHINE COMPANY, INC.",MBSE PILOT
CONT_AWD_89233018CNR000004_8900_-NONE-_-NONE-,292026551,983987,153753,2024-06-24,2024,344798.0,RENSSELAER POLYTECHNIC INSTITUTE,ELECTRO-THERMAL MODEL DEVELOPMENT FOR POWER CONVERTERS UTILIZING TSEP JUNCTION T
CONT_AWD_89233018CNR000004_8900_-NONE-_-NONE-,292026551,984576,154044,2024-06-24,2024,155900.0,DEPENDABLE TOOL & DIE CO INC,BRANDL - MANUAL CLEANING PROBE
CONT_AWD_89233018CNR000004_8900_-NONE-_-NONE-,292026551,990716,154088,2024-06-24,2024,130000.0,"CTG FEDERAL, LLC",IDAHO VIDEO PRODUCTION
CONT_AWD_89233018CNR000004_8900_-NONE-_-NONE-,292026551,994160,153019,2024-06-24,2024,373136.38,TEAM CORPORATION,TEAM CORP FEASIBILITY STUDY
CONT_AWD_89233018CNR000004_8900_-NONE-_-NONE-,292026551,995545,154214,2024-06-24,2024,222178.0,"DOVER ENGINEERED PRODUCTS SEGMENT, INC.",LONG LEAD CONTAINMENT COMPONENTS TO BE USED IN UPCOMING DESIGNS
CONT_AWD_89233018CNR000004_8900_-NONE-_-NONE-,292026551,1001300,154179,2024-06-25,2024,73500.0,GRM KONTRACTING LLC,HQTF PCQTL FABREEKA PAL 416-60P PNEUMATIC ISOLATOR
CONT_AWD_89233018CNR000004_8900_-NONE-_-NONE-,292026551,1002030,154152,2024-06-25,2024,94980.0,HYDRATIGHT OPERATIONS INC,PALMIERI - PUMP STATOR STUD TENSIONERS AND TENSIONER HOSE ASSEMBLIES
CONT_AWD_89233018CNR000004_8900_-NONE-_-NONE-,292026551,2298550,153748-0005,2024-06-25,2024,416885.0,JOHNSON MATTHEY INC.,1717 GENERAL CONSTRUCTION
CONT_AWD_89233018CNR000004_8900_-NONE-_-NONE-,292026551,2305338,154117,2024-06-25,2024,130520.0,"BERG ENGINEERING & SALES CO., INC.",NOSTER- VIZAAR BORESCOPES AND MIRROR TUBES
CONT_AWD_89233018CNR000004_8900_-NONE-_-NONE-,292026551,2306897,154208,2024-06-25,2024,36344.73,ENERGYSOLUTIONS FEDERAL SUPPORT LLC,"DISPOSAL - MLLW LLRW ENERGYSOLUTIONS CLIVE, JULY 2024"
CONT_AWD_89233018CNR000004_8900_-NONE-_-NONE-,292026551,2308457,153949,2024-06-25,2024,44000.0,ENERGYSOLUTIONS FEDERAL SUPPORT LLC,OFFSITE TRAINING REQUEST FOR SHADRICK HOWARD.
CONT_AWD_89233018CNR000004_8900_-NONE-_-NONE-,292026551,2309314,154209,2024-06-25,2024,68175.84,SAVVY PRODUCTIONS,"TREATMENT AND TRANSPORTATION - MLLW LLRW ENERGYSOLUTIONS CLIVE, JULY 2024"
CONT_AWD_89233018CNR000004_8900_-NONE-_-NONE-,292026551,983184,154338,2024-06-25,2024,32741.0,STERLING COMPUTERS CORPORATION,HAZARDOUS ENEGY CONTROL AND BASIC ELECTRICAL TESTING TRAINING
CONT_AWD_89233018CNR000004_8900_-NONE-_-NONE-,292026551,2300532,154041,2024-06-26,2024,59000.0,"METALWERKS, INC.",HENDRYCH - SIX VARIABLE FREQUENCY DRIVES (VFD) FOR CTC
CONT_AWD_89233018CNR000004_8900_-NONE-_-NONE-,292026551,2303445,154181,2024-06-26,2024,40963.36,INFORMATION MANAGEMENT GROUP INCORPORATED,FY24 DFD CLOUDERA SERVICES
CONT_AWD_89233018CNR000004_8900_-NONE-_-NONE-,292026551,997960,154268,2024-06-26,2024,97749.9,FARO TECHNOLOGIES INC,FARO LASER TRACKING SYSTEM
CONT_AWD_89233018CNR000004_8900_-NONE-_-NONE-,292026551,1002085,153586,2024-06-27,2024,43382.0,RESOURCE TRAINING INSTITUTE,PCB TRAINING FY24
CONT_AWD_89233018CNR000004_8900_-NONE-_-NONE-,292026551,1002424,153762,2024-06-27,2024,1000000.0,CLAYTON ENGINEERING CO,(ATIP LORENTZ) HIGH TEMPERATURE HIGH PERFORMANCE MATERIALS DEVELOPMENT
CONT_AWD_89233018CNR000004_8900_-NONE-_-NONE-,292026551,1004552,154221,2024-06-27,2024,136251.66,ILLINOIS TOOL WORKS INC.,BUEHLER MATERIAL FOR NRD
CONT_AWD_89233018CNR000004_8900_-NONE-_-NONE-,292026551,2300626,41795314,2024-06-27,2024,62400.0,THE LINCOLN ELECTRIC COMPANY,"INV 723501     ) LATEX GLOVES, ANTI-C, SIZE 9"
CONT_AWD_89233018CNR000004_8900_-NONE-_-NONE-,292026551,2301657,153907,2024-06-27,2024,449192.0,SILIXA LLC,CARINA DISTRIBUTED FIBER OPTIC SENSING SYSTEM FOR ACOUSTICS AND FLOW
CONT_AWD_89233018CNR000004_8900_-NONE-_-NONE-,292026551,2302056,7019437,2024-06-27,2024,478738.0,"BEARDSLEY DESIGN ASSOCIATES ARCHITECTURE, ENGINEERING, LANDSCAPE ARCHITECTURE, D.P.C.",TOA 46 P10 CONCEPT DESIGN KNOLLS LABORATORY
CONT_AWD_89233018CNR000004_8900_-NONE-_-NONE-,292026551,2303388,144548-0024,2024-06-27,2024,377193.0,"STANTON INDUSTRIAL ELECTRIC SUPPLY, INC",METRICS DEVELOPMENT
CONT_AWD_89233018CNR000004_8900_-NONE-_-NONE-,292026551,2307503,153986-0002,2024-06-27,2024,75000.0,"BATTELLE ENERGY ALLIANCE, LLC",BLANKET
CONT_AWD_89233018CNR000004_8900_-NONE-_-NONE-,292026551,988135,144548-0023,2024-06-27,2024,109483.0,"PITTSBURGH FLUID SYSTEMS, LLC",METRICS DEVELOPMENT
CONT_AWD_89233018CNR000004_8900_-NONE-_-NONE-,292026551,992476,154180,2024-06-27,2024,34300.36,COLOSSAL CONTRACTING LLC,FY 2024 HPE BLADE SERVER NPTU CHARLESTON
CONT_AWD_89233018CNR000004_8900_-NONE-_-NONE-,292026551,993526,150734-0031,2024-06-27,2024,30776.56,"DAVIES OFFICE REFURBISHING, INC.",PROVIDE MODULAR FURNITURE IN ACCORDANCE WITH FMP MODULAR FURNITURE SPECIFICATION
CONT_AWD_89233018CNR000004_8900_-NONE-_-NONE-,292026551,997142,152657,2024-06-27,2024,1875830.0,"ARCTOS TECHNOLOGY SOLUTIONS, LLC",ATIP AI FOR UT DATA ANALYSIS
CONT_AWD_89233018CNR000004_8900_-NONE-_-NONE-,292026551,998591,154062,2024-06-27,2024,611383.0,COLOSSAL CONTRACTING LLC,C-CURE 9000 SERVER UPGRADE
CONT_AWD_89233018CNR000004_8900_-NONE-_-NONE-,292026551,2299460,154252,2024-06-28,2024,1469640.0,"ATI SPECIALTY ALLOYS & COMPONENTS, LLC",BATTERY METRIC MC2020 BATTERY ANALYZERS
CONT_AWD_89233018CNR000004_8900_-NONE-_-NONE-,292026551,2301829,153814,2024-06-28,2024,241387.0,MULTI-PHASE CONTRACTING CORP.,TF-171 FOUNDATION RESURFACING
CONT_AWD_89233018CNR000004_8900_-NONE-_-NONE-,292026551,987824,154224,2024-06-28,2024,50639.16,TEVET LLC,CATIA SYSTEM MODELER
CONT_AWD_89233018CNR000004_8900_-NONE-_-NONE-,292026551,1001554,154042,2024-07-01,2024,143237.0,CLAYTON ENGINEERING CO,HENDRYCH - 16 SILICON CONTROLLED RECTIFIERS (SCR) FOR CTC
CONT_AWD_89233018CNR000004_8900_-NONE-_-NONE-,292026551,2303839,153972,2024-07-01,2024,166119.0,"CAPITOL POWER GROUP, L.L.C.",PM/CM FOR SYMMETRA UPS IN ERTT - 5 YEAR.
CONT_AWD_89233018CNR000004_8900_-NONE-_-NONE-,292026551,2305819,140349-0224,2024-07-01,2024,64114.3,"O'CONNELL ELECTRIC COMPANY, INC.",DATA COMMUNICATION NETWORK INFRASTRUCTURE FOR KNOLLS AND KESSELRING SITES
CONT_AWD_89233018CNR000004_8900_-NONE-_-NONE-,292026551,2306388,7019444,2024-07-01,2024,30134.74,"SAGE ENGINEERING ASSOCIATES, LLP",TOA 164 - E6 RTU REPLACEMENT
CONT_AWD_89233018CNR000004_8900_-NONE-_-NONE-,292026551,2307953,153776,2024-07-01,2024,64450.19,"APPLIED POWER SYSTEMS, INC.",APS 4.6MW INVERTER SPARE PARTS
CONT_AWD_89233018CNR000004_8900_-NONE-_-NONE-,292026551,985856,153367,2024-07-01,2024,917244.0,"SHAWMUT EQUIPMENT COMPANY, INCORPORATED",KS CRANE OPERATOR - FY24
CONT_AWD_89233018CNR000004_8900_-NONE-_-NONE-,292026551,988656,154232,2024-07-01,2024,39221.08,STERLING COMPUTERS CORPORATION,READSPEAKER LICENSE MAINTENANCE AND RENEWAL
CONT_AWD_89233018CNR000004_8900_-NONE-_-NONE-,292026551,1004029,154074,2024-07-02,2024,143675.26,SFS CHEMICAL SAFETY INC,CHEMICAL WASTE MANAGEMENT YEARLY MAINTENANCE 2024-2025
CONT_AWD_89233018CNR000004_8900_-NONE-_-NONE-,292026551,2302105,154206,2024-07-02,2024,49850.0,MP MACHINERY & TESTING LLC,PROCUREMENT OF ONE (1) MPM OPTICAL COMPARATOR
CONT_AWD_89233018CNR000004_8900_-NONE-_-NONE-,292026551,2303149,154131,2024-07-02,2024,37725.8,LOGISTICS365 INC,GDS NAIS 2X2- OSPREY-GENIE
CONT_AWD_89233018CNR000004_8900_-NONE-_-NONE-,292026551,2307297,153626,2024-07-02,2024,81200.0,DIRECT DIMENSIONS INC,PORTABLE TANK SCANNER
CONT_AWD_89233018CNR000004_8900_-NONE-_-NONE-,292026551,2307935,153852,2024-07-02,2024,132857.2,ACCESS ANVIL CORP,MAINTENANCE AND INSTALLATION OF SECURITY FENCES AND BARRIERS
CONT_AWD_89233018CNR000004_8900_-NONE-_-NONE-,292026551,983062,153782,2024-07-02,2024,463000.0,"OKOS SOLUTIONS, LLC",IMMERSION ULTRASONIC TESTING SYSTEM
CONT_AWD_89233018CNR000004_8900_-NONE-_-NONE-,292026551,993202,153790,2024-07-02,2024,71584.0,TOTAL EQUIPMENT COMPANY,SUPPLIER SHALL PROVIDE THE FOLLOWING ITEMS IN ACCORDANCE WITH THE ATTACHED ADMIN
CONT_AWD_89233018CNR000004_8900_-NONE-_-NONE-,292026551,998947,154289,2024-07-02,2024,146271.68,COLOSSAL CONTRACTING LLC,FY24 FIREEYE MAINTENANCE RENEWAL
CONT_AWD_89233018CNR000004_8900_-NONE-_-NONE-,292026551,2302491,154031,2024-07-03,2024,123762.4,EMERSON LLLP,SUPPLIER SHALL PROVIDE THE FOLLOWING ITEMS IN ACCORDANCE WITH THE ATTACHED ADMIN
CONT_AWD_89233018CNR000004_8900_-NONE-_-NONE-,292026551,2303553,7019443,2024-07-03,2024,473273.0,"BEARDSLEY DESIGN ASSOCIATES ARCHITECTURE, ENGINEERING, LANDSCAPE ARCHITECTURE, D.P.C.",TOA 48 - Q34 DETAILED DESIGN
CONT_AWD_89233018CNR000004_8900_-NONE-_-NONE-,292026551,2303558,154336,2024-07-03,2024,1519346.0,LOGISTICS365 INC,LOW SIDE VIAVI
CONT_AWD_89233018CNR000004_8900_-NONE-_-NONE-,292026551,2304933,154328,2024-07-03,2024,130893.07,RG INDUSTRIES INC,INDUSTRIAL NETWORK SWITCHES FOR PALM
CONT_AWD_89233018CNR000004_8900_-NONE-_-NONE-,292026551,995231,153569,2024-07-03,2024,250000.0,QUSTOM APPS LLC,QUSTOM WELD SOURCE CODE
CONT_AWD_89233018CNR000004_8900_-NONE-_-NONE-,292026551,2304590,154015,2024-07-08,2024,136752.8,DISK-O-TAPE INC,FY24 AFM LT07 TAPES
CONT_AWD_89233018CNR000004_8900_-NONE-_-NONE-,292026551,983167,154362,2024-07-08,2024,61300.0,CONAX TECHNOLOGIES LLC,WOJNAR - CONAX INCONEL MHC4 FITTINGS
CONT_AWD_89233018CNR000004_8900_-NONE-_-NONE-,292026551,985664,154008,2024-07-08,2024,344014.0,"MAHONEY NOTIFY-PLUS, INC.",KESSELRING SITE FIRE ALARM SERVICE (FY24)
CONT_AWD_89233018CNR000004_8900_-NONE-_-NONE-,292026551,1000504,154171,2024-07-09,2024,33922.59,COLOSSAL CONTRACTING LLC,FY24 IS -SYSTEM INFRA SPARE PARTS (ORDER CONTAINS NON-VOLITALE MEMORY)
CONT_AWD_89233018CNR000004_8900_-NONE-_-NONE-,292026551,1002284,154203,2024-07-09,2024,114111.26,HYDRATIGHT OPERATIONS INC,COSAL - HYDRATIGHT
CONT_AWD_89233018CNR000004_8900_-NONE-_-NONE-,292026551,2303168,153213,2024-07-09,2024,30131.52,"CARL ZEISS MICROSCOPY, LLC",FY24 ZEISS SERVICE CONTRACT RENEWAL
CONT_AWD_89233018CNR000004_8900_-NONE-_-NONE-,292026551,2303867,152994-0009,2024-07-09,2024,34852.0,GEL LABORATORIES LLC,NNL BIO ASSAY
CONT_AWD_89233018CNR000004_8900_-NONE-_-NONE-,292026551,2306240,149124-0021,2024-07-09,2024,199488.0,"NAVARRO RESEARCH AND ENGINEERING, INC.",GES STAFF AUGMENTATION
CONT_AWD_89233018CNR000004_8900_-NONE-_-NONE-,292026551,2309909,153543,2024-07-09,2024,235467.01,"NONFERROUS PRODUCTS, INC.",TEST ARTICLE 6
CONT_AWD_89233018CNR000004_8900_-NONE-_-NONE-,292026551,997406,153202,2024-07-09,2024,1629098.6,"NIKON METROLOGY, LLC",COMPUTED TOMOGRAPHY SYSTEM
CONT_AWD_89233018CNR000004_8900_-NONE-_-NONE-,292026551,998289,154291,2024-07-09,2024,40895.66,COLOSSAL CONTRACTING LLC,ANNUAL MAINTENANCE FOR F5 AND QUANTUM
CONT_AWD_89233018CNR000004_8900_-NONE-_-NONE-,292026551,2303463,154316,2024-07-10,2024,31491.0,"METAL IMPROVEMENT COMPANY, LLC",METAL POWDER CHARACTERIZATION ? PLASMA & EIGA POWDER
CONT_AWD_89233018CNR000004_8900_-NONE-_-NONE-,292026551,2305848,154434,2024-07-10,2024,77841.0,AHLBERG CAMERAS INC,CUNNINGHAM - AHLBERG CAMERA SYSTEM
CONT_AWD_89233018CNR000004_8900_-NONE-_-NONE-,292026551,993727,154009,2024-07-10,2024,405667.0,BOTTOM LINE TECHNOLOGIES INC,FAST RATE PROCESSOR PROTOTYPE DESIGN
CONT_AWD_89233018CNR000004_8900_-NONE-_-NONE-,292026551,1000367,154333,2024-07-11,2024,36551.35,COLOSSAL CONTRACTING LLC,"PNS S9G VIDE - SPARE LAPTOPS, PCS, AND TRANSCEIVERS"
CONT_AWD_89233018CNR000004_8900_-NONE-_-NONE-,292026551,1003432,154408,2024-07-11,2024,97075.03,MICRO-OPTICS PRECISION INSTRUMENTS INC,FY24 ZEISS AXIO ZOOM LIGHT OPTICAL MICROSCOPE
CONT_AWD_89233018CNR000004_8900_-NONE-_-NONE-,292026551,2302011,154330,2024-07-11,2024,59167.2,OFFICEIMAGES INC,AT2 STATION STACKERS
CONT_AWD_89233018CNR000004_8900_-NONE-_-NONE-,292026551,2303733,153284-0001,2024-07-11,2024,40930.0,"METAL IMPROVEMENT COMPANY, LLC",2024 METAL POWDER CHARACTERIZATION
CONT_AWD_89233018CNR000004_8900_-NONE-_-NONE-,292026551,996294,154335,2024-07-11,2024,278222.48,COLOSSAL CONTRACTING LLC,LAN UPGRADES #2
CONT_AWD_89233018CNR000004_8900_-NONE-_-NONE-,292026551,999205,148676,2024-07-11,2024,57280.0,FLOW GRINDING CORP.,NOVACAM PROFILOMETRY SYSTEM
CONT_AWD_89233018CNR000004_8900_-NONE-_-NONE-,292026551,2298756,154307,2024-07-12,2024,322088.0,"GSE PERFORMANCE SOLUTIONS, LLC",NNPTC LEGACY DC MOTOR CONTROLLER LAB UPGRADE
CONT_AWD_89233018CNR000004_8900_-NONE-_-NONE-,292026551,2304047,154448,2024-07-12,2024,30140.0,TRI-STATE TECHNICAL SALES CORP,MISC FLOWSERVE INV PARTS
CONT_AWD_89233018CNR000004_8900_-NONE-_-NONE-,292026551,2309237,154005,2024-07-12,2024,33275.0,"ECKERT & ZIEGLER ANALYTICS, INC","SOURCES REQUIRED FOR RAD HEALTH EQUIPMENT IN TSB1 (123, 124, 125)"
CONT_AWD_89233018CNR000004_8900_-NONE-_-NONE-,292026551,2305831,154489,2024-07-15,2024,116400.0,MAEHR MACHINERY INC.,CURRENT CT400 EDM DRILL
CONT_AWD_89233018CNR000004_8900_-NONE-_-NONE-,292026551,982523,153962,2024-07-15,2024,58056.0,"AMPLITUDE LASER, INC.","QUANTRONIX DARWIN DUO LASER, EVALUATION AND REPAIR BY VENDOR"
CONT_AWD_89233018CNR000004_8900_-NONE-_-NONE-,292026551,989668,153192,2024-07-15,2024,110468.34,ENFIELD ENTERPRISES LLC,FY24 PCW UNDERGROUND INSPECTION
CONT_AWD_89233018CNR000004_8900_-NONE-_-NONE-,292026551,995126,154212,2024-07-15,2024,75081.02,PREMIER AUTOMATION LLC,HICKENBOTH - BATTERY SWITCHBOARD BREAKERS
CONT_AWD_89233018CNR000004_8900_-NONE-_-NONE-,292026551,999253,153896,2024-07-15,2024,143166.0,COOLING AND POWER RENTALS INC,"TENTS, BLEACHERS, RESTROOMS, AND MISCELLANEOUS EQUIPMENT FOR IDAHO TRANSPORTATIO"
CONT_AWD_89233018CNR000004_8900_-NONE-_-NONE-,292026551,2299593,154204,2024-07-16,2024,106913.92,"NEFF EXPANSION PA, LLC",80/20 MATERIAL FOR TH1 AND TH2 CUBICLE CTC
CONT_AWD_89233018CNR000004_8900_-NONE-_-NONE-,292026551,983131,154323,2024-07-16,2024,48685.0,CARAHSOFT TECHNOLOGY CORP,ADINA ULTIMATE PERPETUAL LICENSE AND FIRST YEAR MAINTENANCE
CONT_AWD_89233018CNR000004_8900_-NONE-_-NONE-,292026551,987861,154337,2024-07-16,2024,312426.6,STERLING COMPUTERS CORPORATION,FY24 - HPDA - CLOUDERA DATA SERVICES AND CLOUDERA DATA PLATFORM ALSO TRAINING
CONT_AWD_89233018CNR000004_8900_-NONE-_-NONE-,292026551,989538,154227,2024-07-16,2024,34641.82,"MOTION INDUSTRIES, INC.",VALVES 5-24-24 B.G.
CONT_AWD_89233018CNR000004_8900_-NONE-_-NONE-,292026551,991686,150850-0011,2024-07-16,2024,139623.0,"RAMBOLL AMERICAS ENGINEERING SOLUTIONS, INC.","ENVIRONMENTAL CHARACTERIZATION, INVESTIGATION, AND REMEDIATION SERVICES FOR KAPL"
CONT_AWD_89233018CNR000004_8900_-NONE-_-NONE-,292026551,992383,153342,2024-07-16,2024,489684.7,DLC ELECTRIC LLC,UTILITY POLE REPLACEMENT FY24
CONT_AWD_89233018CNR000004_8900_-NONE-_-NONE-,292026551,994720,154290,2024-07-16,2024,58930.62,ENERGY & PROCESS CORP,NNSY MATERIAL
CONT_AWD_89233018CNR000004_8900_-NONE-_-NONE-,292026551,999647,154342,2024-07-16,2024,56750.57,COLOSSAL CONTRACTING LLC,CISCO SWITCHES AND PARTS FOR BETTIS AND KAPL
CONT_AWD_89233018CNR000004_8900_-NONE-_-NONE-,292026551,2297054,154375,2024-07-17,2024,59400.0,CAREERARC GROUP LLC,CAREER ARC RENEWAL
CONT_AWD_89233018CNR000004_8900_-NONE-_-NONE-,292026551,2297763,152768,2024-07-17,2024,140000.0,SOUTHWEST RESEARCH INSTITUTE,ACE MACHINE VISION SUPPORT
CONT_AWD_89233018CNR000004_8900_-NONE-_-NONE-,292026551,2303807,154518,2024-07-17,2024,35038.8,STRUERS INC,FY24 STRUERS TENUPOL-5 ELECTROPOLISHER
CONT_AWD_89233018CNR000004_8900_-NONE-_-NONE-,292026551,2306377,154441,2024-07-17,2024,98796.38,GUIDEPOINT SECURITY LLC,CHECKMARX CXSAST LICENSE RENEWAL
CONT_AWD_89233018CNR000004_8900_-NONE-_-NONE-,292026551,2306449,154383,2024-07-17,2024,67835.0,"QMP ENTERPRISES, INC.",CLAUSING CNC MILL
CONT_AWD_89233018CNR000004_8900_-NONE-_-NONE-,292026551,2306638,152709,2024-07-17,2024,335000.0,THE LELAND STANFORD JUNIOR UNIVERSITY,STANFORD QUANTUM ENERGY STORAGE MATERIALS
CONT_AWD_89233018CNR000004_8900_-NONE-_-NONE-,292026551,2307112,154469,2024-07-17,2024,61460.0,DRD TECHNOLOGY CORP,TWO ANNUAL LEASES FOR ANSYS TWIN BUILDER SOFTWARE
CONT_AWD_89233018CNR000004_8900_-NONE-_-NONE-,292026551,987278,154414,2024-07-17,2024,72278.82,BRUKER AXS LLC,FY24 BRUKER G4 ICARUS SERIES 2
CONT_AWD_89233018CNR000004_8900_-NONE-_-NONE-,292026551,990132,154329,2024-07-17,2024,127551.02,STERLING COMPUTERS CORPORATION,FY24 NEO4J SERVER LICENSE RENEWAL
CONT_AWD_89233018CNR000004_8900_-NONE-_-NONE-,292026551,2303615,153648,2024-07-18,2024,159380.0,"VACUUM PROCESS ENGINEERING, INC.",ACE TOOLING - VPE
CONT_AWD_89233018CNR000004_8900_-NONE-_-NONE-,292026551,2305951,153986-0001,2024-07-18,2024,100000.0,"BATTELLE ENERGY ALLIANCE, LLC",BLANKET
CONT_AWD_89233018CNR000004_8900_-NONE-_-NONE-,292026551,980150,154466,2024-07-18,2024,78771.36,STERLING COMPUTERS CORPORATION,FY24 DFD SBIT APC PDU
CONT_AWD_89233018CNR000004_8900_-NONE-_-NONE-,292026551,980579,154410,2024-07-18,2024,138865.0,EDDYFI CORP,ECTANE 3 MULTIPLEXER
CONT_AWD_89233018CNR000004_8900_-NONE-_-NONE-,292026551,998341,154377,2024-07-18,2024,196477.56,COLOSSAL CONTRACTING LLC,FY 24 NETWORK TECH REFRESH
CONT_AWD_89233018CNR000004_8900_-NONE-_-NONE-,292026551,1000391,154014,2024-07-19,2024,115830.49,"ABBA TECHNOLOGIES, INC.",FY24 - FY20 CLUSTER SUPPORT (POP: 9/28/2024-9/27/2025)
CONT_AWD_89233018CNR000004_8900_-NONE-_-NONE-,292026551,2299789,7019449,2024-07-22,2024,313929.0,BAKER AND ASSOCIATES,TOA 430 - CSRF MODIFICATIONS PROJECT FINAL DESIGN
CONT_AWD_89233018CNR000004_8900_-NONE-_-NONE-,292026551,2301467,7019446,2024-07-22,2024,134470.0,"BEARDSLEY DESIGN ASSOCIATES ARCHITECTURE, ENGINEERING, LANDSCAPE ARCHITECTURE, D.P.C.",TOA 45 KNOLLS SITE SECURITY VEHICLE LIFT GATE REPLACEMENT
CONT_AWD_89233018CNR000004_8900_-NONE-_-NONE-,292026551,2305387,154502,2024-07-22,2024,90000.0,"DYTRAN INSTRUMENTS, INC.",DYTRAN HIGH TEMPERATURE ACCELEROMETERS - TWO ADDITIONAL
CONT_AWD_89233018CNR000004_8900_-NONE-_-NONE-,292026551,2309312,151646-0002,2024-07-22,2024,36961.94,"JENSEN HUGHES, INC.",INFRASTRUCTURE ENGINEERING SUPPORT SERVICES AGREEMENT
CONT_AWD_89233018CNR000004_8900_-NONE-_-NONE-,292026551,2303037,154310,2024-07-23,2024,31436.0,"GATES UNDERWATER PRODUCTS, INC",UNDERWATER HOUSING FOR PHASE ONE CAMERA
CONT_AWD_89233018CNR000004_8900_-NONE-_-NONE-,292026551,2310041,154340,2024-07-23,2024,64370.0,"WESTMORELAND MECHANICAL TESTING & RESEARCH, INC.",MECHANICAL TESTING
CONT_AWD_89233018CNR000004_8900_-NONE-_-NONE-,292026551,992971,153748-0006,2024-07-23,2024,355352.0,GRM KONTRACTING LLC,1717 GENERAL CONSTRUCTION
CONT_AWD_89233018CNR000004_8900_-NONE-_-NONE-,292026551,1000929,154444,2024-07-24,2024,58746.54,COLOSSAL CONTRACTING LLC,CISCO SWITCHES AND PARTS FOR KAPL
CONT_AWD_89233018CNR000004_8900_-NONE-_-NONE-,292026551,2304097,154587,2024-07-24,2024,46718.5,"WESCO DISTRIBUTION, INC.",SECURITY - LOCKSMITHS
CONT_AWD_89233018CNR000004_8900_-NONE-_-NONE-,292026551,2305192,7019447,2024-07-24,2024,64739.55,"SAGE ENGINEERING ASSOCIATES, LLP",TOA 166 - KS SITE PERIMETER ROAD
CONT_AWD_89233018CNR000004_8900_-NONE-_-NONE-,292026551,2306407,154420,2024-07-24,2024,166045.0,MEDIA CYBERNETICS INC.,MEDIA CYBERNETICS IMAGE PRO 11
CONT_AWD_89233018CNR000004_8900_-NONE-_-NONE-,292026551,2307550,154651,2024-07-24,2024,146752.62,"WALTERS CO. AIRCONDITIONING, INC., THE",*THIS PO IS A VEHICLE FOR PAYMENT FOR PO 143815*
CONT_AWD_89233018CNR000004_8900_-NONE-_-NONE-,292026551,980880,154188,2024-07-24,2024,325594.2,CARAHSOFT TECHNOLOGY CORP,MOBILE THREAT DEFENSE - LOOKOUT MAINTENANCE - POP 8/14/24-8/13/25
CONT_AWD_89233018CNR000004_8900_-NONE-_-NONE-,292026551,991396,7019390,2024-07-24,2024,9674990.45,"AVANTECH, LLC",CS-111E3 POOL FILTRATION MECHANICAL SKIDS
CONT_AWD_89233018CNR000004_8900_-NONE-_-NONE-,292026551,993146,154315,2024-07-24,2024,67382.0,"WABTEC INSPECTION TECHNOLOGIES, INC.",CDL EVIDENT SERVICE
CONT_AWD_89233018CNR000004_8900_-NONE-_-NONE-,292026551,996762,154443,2024-07-24,2024,70853.66,COLOSSAL CONTRACTING LLC,CISCO SWITCHES FOR BETTIS
CONT_AWD_89233018CNR000004_8900_-NONE-_-NONE-,292026551,2298372,154487,2024-07-25,2024,415768.31,SCIFORMA CORPORATION,FY24 SCIFORMA RENEWAL
CONT_AWD_89233018CNR000004_8900_-NONE-_-NONE-,292026551,2302339,154663,2024-07-25,2024,1042800.0,"HEXAGON MANUFACTURING INTELLIGENCE, LLC",ATIP- PHASE I DEVELOPMENT OF A VIRTUAL PROTOTYPING CAPABILITY
CONT_AWD_89233018CNR000004_8900_-NONE-_-NONE-,292026551,2308471,154013,2024-07-25,2024,180960.0,EVOLV SOLUTIONS LLC,FY24 DUPLICATING SERVICES FOR KNOLLS AND BETTIS (FY24-29)
CONT_AWD_89233018CNR000004_8900_-NONE-_-NONE-,292026551,1002794,154693,2024-07-26,2024,37350.0,"PCB PIEZOTRONICS, INC.",ENDEVCO 2271C CHARGE CONVERTER
CONT_AWD_89233018CNR000004_8900_-NONE-_-NONE-,292026551,2301565,154574,2024-07-26,2024,38000.0,"ANTECH SALES, INC.",THERMOCOUPLE WIRE
CONT_AWD_89233018CNR000004_8900_-NONE-_-NONE-,292026551,2302889,149813-0005,2024-07-26,2024,136837.0,FACILITY SUPPORT SERVICES LLC,IDIQ SMALL TASK CONTRACT
CONT_AWD_89233018CNR000004_8900_-NONE-_-NONE-,292026551,2304476,154498,2024-07-26,2024,47635.0,GMW ASSOCIATES,PUMP CONTROL PROJECT; DANISENSE CURRENT PROBES
CONT_AWD_89233018CNR000004_8900_-NONE-_-NONE-,292026551,2305366,154478,2024-07-26,2024,34711.16,HOTTINGER BRUEL & KJAER INC.,HBK LAN-XI CALIBRATIONS FY24
CONT_AWD_89233018CNR000004_8900_-NONE-_-NONE-,292026551,2309724,153456,2024-07-26,2024,3680000.0,"BATTELLE ENERGY ALLIANCE, LLC",EXPENDED CORE PHYSICS EXAM
CONT_AWD_89233018CNR000004_8900_-NONE-_-NONE-,292026551,999267,154418,2024-07-26,2024,117114.11,COLOSSAL CONTRACTING LLC,FY24 ENC TACLANES
CONT_AWD_89233018CNR000004_8900_-NONE-_-NONE-,292026551,1003268,154378,2024-07-29,2024,176600.0,"A-1 PEST CONTROL, LLC",PEST CONTROL SERVICES CONTRACT 2024-2027
CONT_AWD_89233018CNR000004_8900_-NONE-_-NONE-,292026551,2296586,154437,2024-07-29,2024,50554.48,"W.W. GRAINGER, INC.",MASS DECON BLOW-UP TENTS
CONT_AWD_89233018CNR000004_8900_-NONE-_-NONE-,292026551,2303546,154672,2024-07-29,2024,456699.0,INFORMATION MANAGEMENT GROUP INCORPORATED,PO 154672 IS FOR PO 142394 THAT WAS CLOSED OUT IN THE SYSTEM IN ERROR.
CONT_AWD_89233018CNR000004_8900_-NONE-_-NONE-,292026551,2305159,154629,2024-07-29,2024,331143.0,"CATE INDUSTRIAL SOLUTIONS, LLC",NRF 688 COMPRESSED AIR SYSTEM EQUIPMENT REPLACEMENT
CONT_AWD_89233018CNR000004_8900_-NONE-_-NONE-,292026551,2306672,154630,2024-07-29,2024,47511.12,"CATE INDUSTRIAL SOLUTIONS, LLC",NRF 602 COMPRESSED AIR SYSTEM REPLACEMENT EQUIPMENT
CONT_AWD_89233018CNR000004_8900_-NONE-_-NONE-,292026551,2308748,153775,2024-07-29,2024,754256.25,LONG OIL HEAT INC,BULK GAS AND DIESEL FOR KS AND KNOLLS
CONT_AWD_89233018CNR000004_8900_-NONE-_-NONE-,292026551,980988,154051,2024-07-29,2024,62060.49,"ALLIED CONTROLS, INC.",TRANE EASTERN HEATING AND COOLING
CONT_AWD_89233018CNR000004_8900_-NONE-_-NONE-,292026551,981144,153799,2024-07-29,2024,169540.0,"TDY INDUSTRIES, LLC",MANUFACTURE OF 5 PM-HIP A625 SECTION FOR WELDABILITY TESTING #2
CONT_AWD_89233018CNR000004_8900_-NONE-_-NONE-,292026551,985402,154649,2024-07-29,2024,499985.0,C6I SERVICES CORP,PO 154649 IS FOR PO 142389 THAT WAS CLOSED OUT IN THE SYSTEM IN ERROR.
CONT_AWD_89233018CNR000004_8900_-NONE-_-NONE-,292026551,985647,154078,2024-07-29,2024,130054.62,"CTG FEDERAL, LLC",FY24 - HPDA - RED HAT OPERATING SYSTEM LICENSES (OPENSHIFT / LICENSES)
CONT_AWD_89233018CNR000004_8900_-NONE-_-NONE-,292026551,999455,154352,2024-07-29,2024,34532.0,"UPSTATE TESTING AND CONTROLS, INC",CONTROL CABINETS
CONT_AWD_89233018CNR000004_8900_-NONE-_-NONE-,292026551,2304820,153986-0004,2024-07-30,2024,945658.0,"BATTELLE ENERGY ALLIANCE, LLC",BLANKET
CONT_AWD_89233018CNR000004_8900_-NONE-_-NONE-,292026551,2307365,154465,2024-07-30,2024,63520.0,"CONTROL DESIGN, INC","THE SUPPLIER SHALL FURNISH THE NECESSARY LABOR, SUPERVISION, SERVICES, TOOLS, EQ"
CONT_AWD_89233018CNR000004_8900_-NONE-_-NONE-,292026551,2307555,153986-0003,2024-07-30,2024,4049920.4,"BATTELLE ENERGY ALLIANCE, LLC",BLANKET
CONT_AWD_89233018CNR000004_8900_-NONE-_-NONE-,292026551,2297050,154190,2024-07-31,2024,259880.0,"MIRION TECHNOLOGIES (CANBERRA), INC.",MIRION ARGOS-5AB
CONT_AWD_89233018CNR000004_8900_-NONE-_-NONE-,292026551,2303205,140911-0021,2024-07-31,2024,89500.0,"THE M&P LAB, INC.",MASTER AGREEMENT - WA24HAW011
CONT_AWD_89233018CNR000004_8900_-NONE-_-NONE-,292026551,2304051,154349,2024-07-31,2024,75000.0,908 DEVICES INC,REDWAVE METER
CONT_AWD_89233018CNR000004_8900_-NONE-_-NONE-,292026551,2307226,154648,2024-07-31,2024,55443.84,ENERGYSOLUTIONS FEDERAL SUPPORT LLC,INTERMODAL DISPOSAL - ENERGYSOLUTIONS - 2024
CONT_AWD_89233018CNR000004_8900_-NONE-_-NONE-,292026551,984912,154059,2024-07-31,2024,109589.06,TAYLOR BROTHERS INC,ISSUING A SERVICE CONTRACT FOR THE BLDG 692 CAFETERIA DUCT CLEANING.
CONT_AWD_89233018CNR000004_8900_-NONE-_-NONE-,292026551,991843,154586,2024-07-31,2024,84640.26,STERLING COMPUTERS CORPORATION,FY24 VM SUPPORT TENABLE SECURITY SOFTWARE RENEWAL
CONT_AWD_89233018CNR000004_8900_-NONE-_-NONE-,292026551,993245,154575,2024-07-31,2024,355000.0,ASSURANCE DATA INC,FY24 MALWARE DETECTION SANDBOX SERVERS
CONT_AWD_89233018CNR000004_8900_-NONE-_-NONE-,292026551,993587,154508,2024-07-31,2024,769619.48,COLOSSAL CONTRACTING LLC,TACLANE REFRESH #2
CONT_AWD_89233018CNR000004_8900_-NONE-_-NONE-,292026551,1001066,154592,2024-08-01,2024,42801.03,COLOSSAL CONTRACTING LLC,ENC SERVERS _ GUAM
CONT_AWD_89233018CNR000004_8900_-NONE-_-NONE-,292026551,1001124,154389,2024-08-01,2024,66533.0,"WESTWIND COMPUTER PRODUCTS, INC.",WORKSTATION ORDER FOR SIMS UNIT
CONT_AWD_89233018CNR000004_8900_-NONE-_-NONE-,292026551,1002680,151506-0002,2024-08-01,2024,51736.5,VEOLIA ES TECHNICAL SOLUTIONS LLC,CATCH BASIN CLEANING & SEDIMENT DISPOSAL CONTRACT
CONT_AWD_89233018CNR000004_8900_-NONE-_-NONE-,292026551,1003253,154486,2024-08-01,2024,490516.36,"GRAYBAR ELECTRIC COMPANY, INC.",S8G FIDE PLC HARDWARE ORDER
CONT_AWD_89233018CNR000004_8900_-NONE-_-NONE-,292026551,2302632,154515,2024-08-01,2024,33057.7,FLEXERA SOFTWARE LLC,FLEXERA INSTALLSHIELD PROFESSIONAL MAINTENANCE RENEWAL
CONT_AWD_89233018CNR000004_8900_-NONE-_-NONE-,292026551,2308936,152726,2024-08-01,2024,42260.0,GP STRATEGIES CORPORATION,SAP ONBOARDING UPGRADE
CONT_AWD_89233018CNR000004_8900_-NONE-_-NONE-,292026551,2309961,154604,2024-08-01,2024,30050.0,QUARTZ SCIENTIFIC INC,HILLIKER - PURCHASE OF HARDWARE TO SUPPORT HYDROGEN CHARGING CONTRACTS
CONT_AWD_89233018CNR000004_8900_-NONE-_-NONE-,292026551,2296735,154658,2024-08-02,2024,41183.34,HERC RENTALS INC,KESSELRING SITE DIESEL GENERATOR RENTAL
CONT_AWD_89233018CNR000004_8900_-NONE-_-NONE-,292026551,2304748,154001,2024-08-02,2024,54770.0,"WESTMORELAND MECHANICAL TESTING & RESEARCH, INC.",HYDROGEN CHARGING PROCESS - 108 TENSILE SPECIMENS
CONT_AWD_89233018CNR000004_8900_-NONE-_-NONE-,292026551,2306722,154002,2024-08-02,2024,32590.0,"WESTMORELAND MECHANICAL TESTING & RESEARCH, INC.",HYDROGEN CHARGING PROCESS - 58 TENSILE SPECIMENS
CONT_AWD_89233018CNR000004_8900_-NONE-_-NONE-,292026551,1000680,152983,2024-08-05,2024,417500.01,WEISS ACQUISITION LLC,"THE SUPPLIER SHALL FURNISH THE NECESSARY LABOR, SUPERVISION, SERVICES, TOOLS, EQ"
CONT_AWD_89233018CNR000004_8900_-NONE-_-NONE-,292026551,1001831,154474,2024-08-05,2024,40193.3,"GRAYBAR ELECTRIC COMPANY, INC.",AUKUS SCHNEIDER ELECTRIC PLC EQUIPMENT PURCHASE
CONT_AWD_89233018CNR000004_8900_-NONE-_-NONE-,292026551,983859,154361,2024-08-05,2024,166260.43,FASTECH LLC,BECHTEL - ADDITIVELY MANUFACTURED (POWDER BLOWN DIRECTED ENERGY DEPOSITION) HOLL
CONT_AWD_89233018CNR000004_8900_-NONE-_-NONE-,292026551,1004858,154580,2024-08-06,2024,71220.78,"BRINKMANN INSTRUMENTS, INC.",FY24 METROHM KARL FISHER
CONT_AWD_89233018CNR000004_8900_-NONE-_-NONE-,292026551,2302541,150886-0005,2024-08-06,2024,107250.0,K & D ELECTRIC INC,GENERAL SITE SERVICES 3.0 FOR SFHP AGREEMENT
CONT_AWD_89233018CNR000004_8900_-NONE-_-NONE-,292026551,2305304,154710,2024-08-06,2024,203250.0,"BOSTON DYNAMICS, INC.",BOSTON DYNAMICS SPOT ROBOT AND CHARGING STATION PURCHASE
CONT_AWD_89233018CNR000004_8900_-NONE-_-NONE-,292026551,985785,137088-0013,2024-08-06,2024,880703.83,GE VERNOVA OPERATIONS LLC,GENERAL ELECTRIC MASTER AGREEMENT IN ACCORDANCE TO TECHNICAL SPECIFICATION
CONT_AWD_89233018CNR000004_8900_-NONE-_-NONE-,292026551,991544,154471,2024-08-06,2024,53345.28,STERLING COMPUTERS CORPORATION,ANNUAL RENEWAL OF VMWARE/BROADCOM CLOUD FOUNDATION SOFTWARE
CONT_AWD_89233018CNR000004_8900_-NONE-_-NONE-,292026551,1000170,137836-0010,2024-08-07,2024,96600.0,"ENGINE SYSTEMS, INC.",SERVICE MASTER AGREEMENT FOR DIESEL ENGINE PARTS
CONT_AWD_89233018CNR000004_8900_-NONE-_-NONE-,292026551,1000633,148786-0034,2024-08-07,2024,81920.0,"WESTWIND COMPUTER PRODUCTS, INC.",PC BULK BUY
CONT_AWD_89233018CNR000004_8900_-NONE-_-NONE-,292026551,1001723,154643,2024-08-07,2024,47837.0,CLAYTON ENGINEERING CO,PARTS/ ON-SITE REPAIR SERVICE
CONT_AWD_89233018CNR000004_8900_-NONE-_-NONE-,292026551,1004529,153796,2024-08-07,2024,89250.0,"REMOTE OCEAN SYSTEMS, INC.",NEW REMOTE OCEAN SYSTEMS  SPARES ITEMS FOR JOSH LOISELLE
CONT_AWD_89233018CNR000004_8900_-NONE-_-NONE-,292026551,2299345,7019424,2024-08-07,2024,30000.0,BAKER AND ASSOCIATES,"FY24 INVENTORY AND INSPECTION AUDIT NRF,KESSELRING AND BETTIS"
CONT_AWD_89233018CNR000004_8900_-NONE-_-NONE-,292026551,2300680,153165,2024-08-07,2024,60000.0,DS GOVERNMENT SOLUTIONS CORP,DASSAULT SYSTEMS DEMONSTRATION
CONT_AWD_89233018CNR000004_8900_-NONE-_-NONE-,292026551,2300823,153874,2024-08-07,2024,57700.0,PARAGON ENERGY SOLUTIONS LLC,KS BREAKER INSTALL SUPPORT (4160V SQUARE-D BREAKERS)
CONT_AWD_89233018CNR000004_8900_-NONE-_-NONE-,292026551,2301240,154488,2024-08-07,2024,84291.56,HACH COMPANY,SUPPLIER SHALL PROVIDE THE FOLLOWING ITEMS IN ACCORDANCE WITH THE ATTACHED ADMIN
CONT_AWD_89233018CNR000004_8900_-NONE-_-NONE-,292026551,2303166,154423,2024-08-07,2024,51855.15,"DIMPLEX THERMAL SOLUTIONS, INC.","THE SUPPLIER SHALL FURNISH THE NECESSARY LABOR, SUPERVISION, SERVICES, TOOLS, EQ"
CONT_AWD_89233018CNR000004_8900_-NONE-_-NONE-,292026551,2309668,154665,2024-08-07,2024,61460.0,DRD TECHNOLOGY CORP,RENEWAL OF TWO ANNUAL LEASES FOR ANSYS TWIN BUILDER LICENSES
CONT_AWD_89233018CNR000004_8900_-NONE-_-NONE-,292026551,994109,154709,2024-08-07,2024,49831.19,COLOSSAL CONTRACTING LLC,NI DATA ACQUISITION SYSTEM (DAS) FOR ANSM
CONT_AWD_89233018CNR000004_8900_-NONE-_-NONE-,292026551,994525,148865-0011,2024-08-07,2024,913000.0,SUNROC CONSTRUCTION CO INC,CONSTRUCTION MANAGEMENT CONTRACT
CONT_AWD_89233018CNR000004_8900_-NONE-_-NONE-,292026551,994656,154421,2024-08-07,2024,263320.0,"WESTWIND COMPUTER PRODUCTS, INC.",FY24 PRINTERS
CONT_AWD_89233018CNR000004_8900_-NONE-_-NONE-,292026551,997821,154561,2024-08-07,2024,93212.5,COLOSSAL CONTRACTING LLC,CISCO CATALYST 9407 CORE SWITCH FOR NPTU-C
CONT_AWD_89233018CNR000004_8900_-NONE-_-NONE-,292026551,998507,154703,2024-08-07,2024,97662.5,ANARK CORPORATION,PURCHASE ANARK SOFTWARE MAINTAINANCE
CONT_AWD_89233018CNR000004_8900_-NONE-_-NONE-,292026551,999778,137836-0011,2024-08-07,2024,52800.0,"ENGINE SYSTEMS, INC.",SERVICE MASTER AGREEMENT FOR DIESEL ENGINE PARTS
CONT_AWD_89233018CNR000004_8900_-NONE-_-NONE-,292026551,1001735,154641,2024-08-08,2024,63379.36,METTLER-TOLEDO LLC,PEX MICRO BALANCE 3
CONT_AWD_89233018CNR000004_8900_-NONE-_-NONE-,292026551,2301689,154472,2024-08-08,2024,211800.0,TRI-STATE TECHNICAL SALES CORP,CRUCIAL REPAIR PART VALVE ACTUATOR
CONT_AWD_89233018CNR000004_8900_-NONE-_-NONE-,292026551,2302836,154594,2024-08-08,2024,146026.65,RAND WORLDWIDE SUBSIDIARY INC,LEICA RTC360 3D LASER SCANNER / SOFTWARE
CONT_AWD_89233018CNR000004_8900_-NONE-_-NONE-,292026551,2303834,154350,2024-08-08,2024,101558.8,"FLANDERS FILTERS, INC",HEPA FILTERS
CONT_AWD_89233018CNR000004_8900_-NONE-_-NONE-,292026551,2306392,154579,2024-08-08,2024,107895.44,THERMO ELECTRON NORTH AMERICA LLC,FY24 THERMO FISHER MASS SPECTROMETER FOR ION CHROMATOGRAPHY
CONT_AWD_89233018CNR000004_8900_-NONE-_-NONE-,292026551,2309947,154467,2024-08-08,2024,80761.0,FEI COMPANY,FY24 THERMO AUTOSCRIPT TEM SOFTWARE
CONT_AWD_89233018CNR000004_8900_-NONE-_-NONE-,292026551,983632,154615,2024-08-08,2024,103272.23,GOVERNMENT SCIENTIFIC SOURCE INC,FY24 KEYENCE DIGITAL STEREOSCOPE
CONT_AWD_89233018CNR000004_8900_-NONE-_-NONE-,292026551,998093,154351,2024-08-08,2024,458124.96,COLOSSAL CONTRACTING LLC,FY24 PROOFPOINT ANTI-PHISHING RENEWAL
CONT_AWD_89233018CNR000004_8900_-NONE-_-NONE-,292026551,2300841,154595,2024-08-09,2024,32922.41,CELLCO PARTNERSHIP,IPAD KEYBOARD CASES AND IPADS
CONT_AWD_89233018CNR000004_8900_-NONE-_-NONE-,292026551,1002018,154618,2024-08-12,2024,87366.99,METTLER-TOLEDO LLC,FY24 METTLER ANALYTICAL BALANCES
CONT_AWD_89233018CNR000004_8900_-NONE-_-NONE-,292026551,2300818,154591,2024-08-12,2024,386573.6,"OMEGA ENGINEERING, INC.",OMEGA MULTI-PIN CONNECTOR ORDER FOR TH-202B-2 -- COTS ITEMS
CONT_AWD_89233018CNR000004_8900_-NONE-_-NONE-,292026551,2305516,154747,2024-08-12,2024,35550.0,CRONMILLER MARKETING,AGREEMENT FOR RETIREMENT MEMENTOS
CONT_AWD_89233018CNR000004_8900_-NONE-_-NONE-,292026551,2308923,153983,2024-08-12,2024,76911.0,"FINLEY AND MULVENA, INC",TURN OUT GEAR INSPECTION AND REPAIRS (KNOLLS)
CONT_AWD_89233018CNR000004_8900_-NONE-_-NONE-,292026551,990133,154753,2024-08-12,2024,78737.4,STERLING COMPUTERS CORPORATION,SIMS AND RS - VIVE EQUIPMENT FOR CONVERSION FROM WIRELESS TO WIRED VR
CONT_AWD_89233018CNR000004_8900_-NONE-_-NONE-,292026551,992976,154761,2024-08-12,2024,36512.0,"WESTWIND COMPUTER PRODUCTS, INC.",PANASONIC HARDWARE
CONT_AWD_89233018CNR000004_8900_-NONE-_-NONE-,292026551,999930,154562,2024-08-12,2024,68225.0,"NOVEM, INC",THINKRELIABILITY CAUSE MAPPING TRAINING
CONT_AWD_89233018CNR000004_8900_-NONE-_-NONE-,292026551,2306885,144548-0020,2024-08-13,2024,95070.0,PENNSYLVANIA STATE UNIVERSITY,METRICS DEVELOPMENT
CONT_AWD_89233018CNR000004_8900_-NONE-_-NONE-,292026551,2309951,154725,2024-08-13,2024,323000.0,"DEVELOPMENT DIMENSIONS INTERNATIONAL, INC.",EXECUTIVE ASSESSMENT AND DEVELOPMENT PROJECT
CONT_AWD_89233018CNR000004_8900_-NONE-_-NONE-,292026551,996921,154451,2024-08-13,2024,82938.0,"VANGURA TOOL, INC.",POTTS - PARTS FOR PCQTL TOOLING TO ASSEMBLE AND DISASSEMBLE TEST EQUIPMENT
CONT_AWD_89233018CNR000004_8900_-NONE-_-NONE-,292026551,1002352,154770,2024-08-14,2024,74700.0,"PCB PIEZOTRONICS, INC.",ENDEVCO 2771C CHARGE CONVERTERS
CONT_AWD_89233018CNR000004_8900_-NONE-_-NONE-,292026551,1002792,154827,2024-08-14,2024,101759.48,"AGSI, LLC",FY24 TOAD ENTERPRISE LICENSING MAINTENANCE
CONT_AWD_89233018CNR000004_8900_-NONE-_-NONE-,292026551,2303451,154687,2024-08-14,2024,64202.0,"RENISHAW, INC.",GRAMIGNANO - RENISHAW XL-80 ADVANCED KIT MEASURING SYSTEM
CONT_AWD_89233018CNR000004_8900_-NONE-_-NONE-,292026551,2304658,154794,2024-08-14,2024,43272.22,THERMO ELECTRON NORTH AMERICA LLC,SUPPLIER SHALL PROVIDE THE FOLLOWING ITEMS IN ACCORDANCE WITH THE ATTACHED ADMIN
CONT_AWD_89233018CNR000004_8900_-NONE-_-NONE-,292026551,2307224,154366,2024-08-14,2024,55252.3,NANOSCIENCE INSTRUMENTS INC,PHENOM XL TABLETOP SCANNING ELECTRON MICROSCOPE (SEM) SERVICE
CONT_AWD_89233018CNR000004_8900_-NONE-_-NONE-,292026551,994637,154134,2024-08-14,2024,36420.0,TRANE U.S. INC.,SITE BLDG. 107 AC
CONT_AWD_89233018CNR000004_8900_-NONE-_-NONE-,292026551,1000896,154233,2024-08-15,2024,34920.0,"DOVER ENGINEERED PRODUCTS SEGMENT, INC.","268002-TONG-JAW ASSEMBLY PART OF MANIPULATORS MODEL 8, HOT CELL; CRL-11827-BUNA-"
CONT_AWD_89233018CNR000004_8900_-NONE-_-NONE-,292026551,2296319,154560,2024-08-15,2024,105990.0,"MIRION TECHNOLOGIES (CANBERRA), INC.",HYBRID COOLED DETECTORS
CONT_AWD_89233018CNR000004_8900_-NONE-_-NONE-,292026551,2298139,154752,2024-08-15,2024,511983.4,"GSE PERFORMANCE SOLUTIONS, LLC",SIMEXEC 5.0 LICENSES
CONT_AWD_89233018CNR000004_8900_-NONE-_-NONE-,292026551,2300459,154900,2024-08-15,2024,194234.0,WORLD DINING LLC,NRF CAFETERIA SERVICE CONTRACT (REPLACES PO 154804)
CONT_AWD_89233018CNR000004_8900_-NONE-_-NONE-,292026551,2306161,154848,2024-08-15,2024,203250.0,"BOSTON DYNAMICS, INC.",BOSTON DYNAMICS SPOT ROBOT AND CHARGING STATION PURCHASE
CONT_AWD_89233018CNR000004_8900_-NONE-_-NONE-,292026551,2308545,153883,2024-08-15,2024,78358.0,"BATTELLE ENERGY ALLIANCE, LLC",NEAP - AIR QUALITY SURVEY (FY24)
CONT_AWD_89233018CNR000004_8900_-NONE-_-NONE-,292026551,980930,154057,2024-08-15,2024,331473.36,"DS SERVICES OF AMERICA, INC.",BOTTLED WATER DELIVERIES
CONT_AWD_89233018CNR000004_8900_-NONE-_-NONE-,292026551,981470,154613,2024-08-15,2024,132886.96,"CTG FEDERAL, LLC",FY24 CISCO 9500
CONT_AWD_89233018CNR000004_8900_-NONE-_-NONE-,292026551,986810,154537,2024-08-15,2024,117126.7,STERLING COMPUTERS CORPORATION,DELL MAINTENANCE RENEWAL
CONT_AWD_89233018CNR000004_8900_-NONE-_-NONE-,292026551,994982,154778,2024-08-15,2024,47476.0,COLOSSAL CONTRACTING LLC,OPENSHIFT PLATFORM PLUS
CONT_AWD_89233018CNR000004_8900_-NONE-_-NONE-,292026551,1002273,154806,2024-08-16,2024,114349.84,CLAYTON ENGINEERING CO,SUPPLIER SHALL PROVIDE THE FOLLOWING ITEMS IN ACCORDANCE WITH THE ATTACHED ADMIN
CONT_AWD_89233018CNR000004_8900_-NONE-_-NONE-,292026551,2296566,154697,2024-08-16,2024,32715.99,MCMASTER-CARR SUPPLY CO,FY24 AIR WATER PIPING ORDER
CONT_AWD_89233018CNR000004_8900_-NONE-_-NONE-,292026551,2301769,154695,2024-08-16,2024,57200.0,GHA TECHNOLOGIES INC,FEMTO VOLTAGE AMPLIFIER (JOSLIN)
CONT_AWD_89233018CNR000004_8900_-NONE-_-NONE-,292026551,981466,154612,2024-08-16,2024,392370.24,"CTG FEDERAL, LLC",FY24 NETAPP
CONT_AWD_89233018CNR000004_8900_-NONE-_-NONE-,292026551,993280,154283,2024-08-16,2024,482976.0,COLOSSAL CONTRACTING LLC,HARDWARE OBSOLESCENCE WORK SUBCONTRACTORS
CONT_AWD_89233018CNR000004_8900_-NONE-_-NONE-,292026551,2303354,154853,2024-08-19,2024,67500.0,908 DEVICES INC,REDWAVE METER
CONT_AWD_89233018CNR000004_8900_-NONE-_-NONE-,292026551,2304190,141052-0012,2024-08-19,2024,124077.0,"METAL IMPROVEMENT COMPANY, LLC",WA24HAW026
CONT_AWD_89233018CNR000004_8900_-NONE-_-NONE-,292026551,980921,154674,2024-08-19,2024,62618.0,"THE GORDIAN GROUP, INC.",RS MEANS ANNUAL SUBSCRIPTION.  INCORPORATION OF THE RS MEANS SUB-LICENSE AND APP
CONT_AWD_89233018CNR000004_8900_-NONE-_-NONE-,292026551,2298047,154897,2024-08-20,2024,105465.0,"GARTNER, INC.",FY24 NR GARTNER RESEARCH
CONT_AWD_89233018CNR000004_8900_-NONE-_-NONE-,292026551,2300799,154506,2024-08-20,2024,32800.0,COMBUSTION SERVICE & EQUIPMENT CO,BOILER MAINTENANCE CONTRACT
CONT_AWD_89233018CNR000004_8900_-NONE-_-NONE-,292026551,2308006,153702,2024-08-20,2024,664967.92,"OPTICS TECHNOLOGY, INC",LINTON - BORESCOPE VENDOR 1
CONT_AWD_89233018CNR000004_8900_-NONE-_-NONE-,292026551,987351,154878,2024-08-20,2024,36860.4,STERLING COMPUTERS CORPORATION,NRPR 2464E - HP COLOR PRINTER
CONT_AWD_89233018CNR000004_8900_-NONE-_-NONE-,292026551,992085,154824,2024-08-20,2024,35038.86,STERLING COMPUTERS CORPORATION,FY24 COBALT STRIKE FOR PENETRATION TESTING
CONT_AWD_89233018CNR000004_8900_-NONE-_-NONE-,292026551,2297537,154866,2024-08-21,2024,43842.5,"A. V. LAUTTAMUS COMMUNICATIONS, INC.",VP8000 PORTABLE RADIOS
CONT_AWD_89233018CNR000004_8900_-NONE-_-NONE-,292026551,2307616,154813,2024-08-21,2024,64830.0,DAVIS CONTROLS CORP,FY24 CWS CONTROL VALVES
CONT_AWD_89233018CNR000004_8900_-NONE-_-NONE-,292026551,2308723,153731,2024-08-21,2024,536573.02,"NEWTON DESIGN, LLC","THE SUPPLIER SHALL FURNISH THE NECESSARY LABOR, SUPERVISION, SERVICES, TOOLS, EQ"
CONT_AWD_89233018CNR000004_8900_-NONE-_-NONE-,292026551,2297789,146960-0006,2024-08-22,2024,430093.44,JAMES H. MALOY INC,KESSELRING SITE EARTHWORKS MASTER AGREEMENT
CONT_AWD_89233018CNR000004_8900_-NONE-_-NONE-,292026551,2308261,149124-0022,2024-08-22,2024,160140.0,"NAVARRO RESEARCH AND ENGINEERING, INC.",GES STAFF AUGMENTATION
CONT_AWD_89233018CNR000004_8900_-NONE-_-NONE-,292026551,2309210,153986-0005,2024-08-22,2024,285000.0,"BATTELLE ENERGY ALLIANCE, LLC",BLANKET
CONT_AWD_89233018CNR000004_8900_-NONE-_-NONE-,292026551,979980,154775,2024-08-22,2024,58920.0,"PIEZOSYSTEM JENA, INC",SHAKER PIEZO PARTS (FY24)
CONT_AWD_89233018CNR000004_8900_-NONE-_-NONE-,292026551,980140,154608,2024-08-22,2024,1699860.72,"CTG FEDERAL, LLC",FY24 TIER 2 ADDITIONAL GSS NODES
CONT_AWD_89233018CNR000004_8900_-NONE-_-NONE-,292026551,984312,154876,2024-08-22,2024,45885.0,MACHINERY WEST INC,RINGGING GEAR REQUEST 1176
CONT_AWD_89233018CNR000004_8900_-NONE-_-NONE-,292026551,984979,154535,2024-08-22,2024,354476.5,STERLING COMPUTERS CORPORATION,ICIT FY24 SERVERS
CONT_AWD_89233018CNR000004_8900_-NONE-_-NONE-,292026551,997285,154296,2024-08-22,2024,32806.5,COLOSSAL CONTRACTING LLC,NRPR 2440E
CONT_AWD_89233018CNR000004_8900_-NONE-_-NONE-,292026551,998003,154654,2024-08-22,2024,52242.04,DYNAMIC SYSTEMS INC,FY24 ENC ROUTERS AND SWITCHES (GUAM NEW CONNECTION)
CONT_AWD_89233018CNR000004_8900_-NONE-_-NONE-,292026551,998039,154605,2024-08-22,2024,856688.0,COLOSSAL CONTRACTING LLC,FIVE (5) COMPUTER TECHNOLOGY SYSTEM SUPPORT (CTSS) SUBCONTRACTORS
CONT_AWD_89233018CNR000004_8900_-NONE-_-NONE-,292026551,1004598,153831,2024-08-23,2024,1080000.0,GLOBAL MONTELLO GROUP CORP,HEATING OIL FOR KS
CONT_AWD_89233018CNR000004_8900_-NONE-_-NONE-,292026551,2303195,154241,2024-08-23,2024,213842.16,"BODYCOTE IMT, INC.","PM-HIP BENCHMARK PART, NOZZLES SA508"
CONT_AWD_89233018CNR000004_8900_-NONE-_-NONE-,292026551,2303208,154172,2024-08-23,2024,91000.0,"THE M&P LAB, INC.",LASER POWDER BED FUSION 52I TESTING
CONT_AWD_89233018CNR000004_8900_-NONE-_-NONE-,292026551,2305112,154505,2024-08-23,2024,128570.0,THG AUTOMATION LLC,GTAW COBOT SYSTEM
CONT_AWD_89233018CNR000004_8900_-NONE-_-NONE-,292026551,995756,153877,2024-08-23,2024,157348.0,MOTT CORP,ACE TOOLING - MOTT
CONT_AWD_89233018CNR000004_8900_-NONE-_-NONE-,292026551,1003525,154735,2024-08-24,2024,44400.0,GAVISH INC.,SAPPHIRE WINDOWS
CONT_AWD_89233018CNR000004_8900_-NONE-_-NONE-,292026551,2308298,154721,2024-08-24,2024,33319.5,MIDWAY INDUSTRIAL SUPPLY INC.,PURCHASE OF ALLOY 600 PLATES
CONT_AWD_89233018CNR000004_8900_-NONE-_-NONE-,292026551,1004965,153671,2024-08-26,2024,133203.18,SIEMENS INDUSTRY INC,REPLACE THE DESIGO DOMAIN SERVER FOR THE NRF FIRE ALARM SYSTEM
CONT_AWD_89233018CNR000004_8900_-NONE-_-NONE-,292026551,2304465,141052-0013,2024-08-26,2024,40824.0,"METAL IMPROVEMENT COMPANY, LLC",WA24HAW026
CONT_AWD_89233018CNR000004_8900_-NONE-_-NONE-,292026551,2305180,154716,2024-08-26,2024,77400.0,"PRODUCT EVALUATION SYSTEMS, LLC.",ATI GENIIIB BILLET TESTING
CONT_AWD_89233018CNR000004_8900_-NONE-_-NONE-,292026551,2307022,140349-0233,2024-08-26,2024,69459.2,"O'CONNELL ELECTRIC COMPANY, INC.",DATA COMMUNICATION NETWORK INFRASTRUCTURE FOR KNOLLS AND KESSELRING SITES
CONT_AWD_89233018CNR000004_8900_-NONE-_-NONE-,292026551,2308876,154147,2024-08-26,2024,120000.0,"BATTELLE ENERGY ALLIANCE, LLC",INL FORENSIC WORK
CONT_AWD_89233018CNR000004_8900_-NONE-_-NONE-,292026551,980718,154186,2024-08-26,2024,1288730.0,"JOHN C. BERRY & SONS, INC.",NRF FUEL AGREEMENT
CONT_AWD_89233018CNR000004_8900_-NONE-_-NONE-,292026551,994842,148865-0012,2024-08-26,2024,140300.0,SUNROC CONSTRUCTION CO INC,CONSTRUCTION MANAGEMENT CONTRACT
CONT_AWD_89233018CNR000004_8900_-NONE-_-NONE-,292026551,996878,154061,2024-08-26,2024,345000.0,"STRESS AEROSPACE AND DEFENSE, LLC",DYNAMIC TESTING OF LATTICE TEST SPECIMENS
CONT_AWD_89233018CNR000004_8900_-NONE-_-NONE-,292026551,996978,154526,2024-08-26,2024,32422.73,COLOSSAL CONTRACTING LLC,HP Z8 FURY G5 TOWER WORKSTATION- CUSTOMIZABLE PRODUCT #3F0P6AV-MB
CONT_AWD_89233018CNR000004_8900_-NONE-_-NONE-,292026551,2300370,154744,2024-08-27,2024,148399.0,"PRIME MACHINE, INC.","FABRICATE 1- BLUE CONTAINMENT BUCKET HANDLING TOOL, 3 - M-290 CONTAINMENT BUCKET"
CONT_AWD_89233018CNR000004_8900_-NONE-_-NONE-,292026551,2308311,154865,2024-08-27,2024,42920.0,TROY WEB CONSULTING LLC,ECHART MAINTENANCE
CONT_AWD_89233018CNR000004_8900_-NONE-_-NONE-,292026551,2309743,154834,2024-08-27,2024,47169.0,"BATTELLE ENERGY ALLIANCE, LLC",SECURID SID700 HARDWARE TOKENS
CONT_AWD_89233018CNR000004_8900_-NONE-_-NONE-,292026551,982234,154913,2024-08-27,2024,206135.0,"ADVANCED SIMULATION TECHNOLOGY, INC.",CCS COMMUNICATIONS SYSTEM ASTI EQUIPMENT PROCUREMENT
CONT_AWD_89233018CNR000004_8900_-NONE-_-NONE-,292026551,984141,154826,2024-08-27,2024,94997.5,"CTG FEDERAL, LLC",FY24 E9-100 PATCH PANEL HARDWARE
CONT_AWD_89233018CNR000004_8900_-NONE-_-NONE-,292026551,987514,154757,2024-08-27,2024,33313.56,STERLING COMPUTERS CORPORATION,LAPTOPS FOR GAMMA-SPEC TRAINER
CONT_AWD_89233018CNR000004_8900_-NONE-_-NONE-,292026551,995790,154606,2024-08-27,2024,209475.0,"CIS SECURE COMPUTING, INC.",PHONES FOR ENERGY DRIVE PROJECT
CONT_AWD_89233018CNR000004_8900_-NONE-_-NONE-,292026551,998328,154808,2024-08-27,2024,33327.0,FEDERAL RESOURCES CORPORATION,FY24 NTIS TRELLIX LICENSING PURCHASE
CONT_AWD_89233018CNR000004_8900_-NONE-_-NONE-,292026551,1001127,154589,2024-08-28,2024,149011.61,PREMIER AUTOMATION LLC,"THE SUPPLIER SHALL FURNISH THE NECESSARY LABOR, SUPERVISION, SERVICES, TOOLS, EQ"
CONT_AWD_89233018CNR000004_8900_-NONE-_-NONE-,292026551,2300830,149125-0006,2024-08-28,2024,206160.0,"SPECTRA TECH, INC.",GES STAFF AUGMENTATION
CONT_AWD_89233018CNR000004_8900_-NONE-_-NONE-,292026551,2303267,154893,2024-08-28,2024,61588.0,"MHF PACKAGING SOLUTIONS, LLC",8/12 - 4FT ISO SHIPPING CONTAINER FROM MHF
CONT_AWD_89233018CNR000004_8900_-NONE-_-NONE-,292026551,2309939,154944,2024-08-28,2024,44799.66,ENERGYSOLUTIONS FEDERAL SUPPORT LLC,DOE CONTRACT- WASTE TREATMENT AND TRANSIT OF MLLW-PCB AND MLLW AT ENERGY SOLUTIO
CONT_AWD_89233018CNR000004_8900_-NONE-_-NONE-,292026551,983199,154297,2024-08-28,2024,58600.0,AUTOCLEAR LLC,NRPR 2451E
CONT_AWD_89233018CNR000004_8900_-NONE-_-NONE-,292026551,987757,154671,2024-08-28,2024,47350.1,"CTG FEDERAL, LLC",FY24 DFD IT (PALO ALTO AND NEXUS DASHBOARD) PS
CONT_AWD_89233018CNR000004_8900_-NONE-_-NONE-,292026551,1000195,153515,2024-08-29,2024,4852541.28,COLOSSAL CONTRACTING LLC,ONSITE IT ASSET MANAGEMENT SUPPORT PROVIDED BY DOE-Q CLEARED PERSONNEL
CONT_AWD_89233018CNR000004_8900_-NONE-_-NONE-,292026551,2304112,154700,2024-08-29,2024,334327.01,"COMPUTERIZED FACILITY INTEGRATION, LLC",IBM TRIRIGA LICENSE RENEWAL
CONT_AWD_89233018CNR000004_8900_-NONE-_-NONE-,292026551,2306028,153069,2024-08-29,2024,37768.0,SQUARE PEG TECHNOLOGIES LLC,FY24 DFD TABLEAU PROFESSIONAL SERVICES
CONT_AWD_89233018CNR000004_8900_-NONE-_-NONE-,292026551,2306201,154908,2024-08-29,2024,36255.14,"ENVIRONMENTAL SYSTEMS RESEARCH INSTITUTE, INC.",ESRI ARCGIS ENTERPRISE (ARCGIS FOR SERVER)
CONT_AWD_89233018CNR000004_8900_-NONE-_-NONE-,292026551,981663,153807,2024-08-29,2024,75000.0,DYNAPOWER COMPANY LLC,SERVICE FOR TRANSFORMER RECTIFIER SYSTEM (BLDG-28)
CONT_AWD_89233018CNR000004_8900_-NONE-_-NONE-,292026551,994332,153993,2024-08-29,2024,98000.0,"LEIDOS SECURITY DETECTION & AUTOMATION, INC.",QS-B220 SERVICE CONTRACT (ALL SITES) - FY24-28
CONT_AWD_89233018CNR000004_8900_-NONE-_-NONE-,292026551,2308189,149124-0024,2024-08-30,2024,127872.0,"NAVARRO RESEARCH AND ENGINEERING, INC.",GES STAFF AUGMENTATION
CONT_AWD_89233018CNR000004_8900_-NONE-_-NONE-,292026551,997992,154415,2024-08-30,2024,150000.0,"BRG MACHINERY CONSULTING, LLC",MAGNETIC BEARING TECHNOLOGY DEVELOPMENT
CONT_AWD_89233018CNR000004_8900_-NONE-_-NONE-,292026551,1000604,154877,2024-09-03,2024,379119.12,COLOSSAL CONTRACTING LLC,FY24 PKI ENTRUST RENEWAL (9/1/2024-8/31/2025)
CONT_AWD_89233018CNR000004_8900_-NONE-_-NONE-,292026551,2300820,154962,2024-09-03,2024,34440.0,FRIED BROS INC,LOCKS AND DOOR BARS FOR INVENTORY
CONT_AWD_89233018CNR000004_8900_-NONE-_-NONE-,292026551,2302220,154884,2024-09-03,2024,34412.0,GMW ASSOCIATES,CURRENT TRANSDUCERS; DANISENSE 1200A WITH ACCESSORIES
CONT_AWD_89233018CNR000004_8900_-NONE-_-NONE-,292026551,2303062,152713,2024-09-03,2024,58694.65,EMERSON LLLP,"EVALUATE, REPAIR & RECALIBRATE ROSEMOUNT 3051S PRESSURE TRANSMITTERS (LOT OF 47)"
CONT_AWD_89233018CNR000004_8900_-NONE-_-NONE-,292026551,2301070,149813-0006,2024-09-04,2024,43900.0,FACILITY SUPPORT SERVICES LLC,IDIQ SMALL TASK CONTRACT
CONT_AWD_89233018CNR000004_8900_-NONE-_-NONE-,292026551,2303719,154917,2024-09-04,2024,62650.0,908 DEVICES INC,PURCHASE OF HANDHELD FR-IR SPECTROMETER WITH INTEGRATED PUMP
CONT_AWD_89233018CNR000004_8900_-NONE-_-NONE-,292026551,2306899,149124-0023,2024-09-04,2024,288252.0,"NAVARRO RESEARCH AND ENGINEERING, INC.",GES STAFF AUGMENTATION
CONT_AWD_89233018CNR000004_8900_-NONE-_-NONE-,292026551,985113,154501,2024-09-04,2024,223089.5,CARAHSOFT TECHNOLOGY CORP,FY24 2FA CARDSTOCK - BPMI  PLEASE DELIVER TO BPMI: BECHTEL PLANT MACHINERY INC 3
CONT_AWD_89233018CNR000004_8900_-NONE-_-NONE-,292026551,991412,154331,2024-09-04,2024,57981.0,EXCELCO/NEWBROOK INC,DORN - CWS CLOSURE HEAD FABRICATION
CONT_AWD_89233018CNR000004_8900_-NONE-_-NONE-,292026551,991462,154452,2024-09-04,2024,586237.0,ENFIELD ENTERPRISES LLC,"A1 243/245/247 OFFICE RENOVATION PROJECT - DEMO EXISTING ELECTRIC, WINDOWS (FRAM"
CONT_AWD_89233018CNR000004_8900_-NONE-_-NONE-,292026551,994790,154831,2024-09-04,2024,394560.0,"ALL WATER SYSTEMS, INC.",BETTIS SPARES - NGMTR ION COLUMNS (2024)
CONT_AWD_89233018CNR000004_8900_-NONE-_-NONE-,292026551,995947,154694,2024-09-04,2024,57300.0,"SKYWORKS, L.L.C.",JLG - KESTER
CONT_AWD_89233018CNR000004_8900_-NONE-_-NONE-,292026551,2303833,154796,2024-09-05,2024,86400.0,MODELON INC.,(ATIP - PITSCHMAN) RENEWAL OF MODELON SOFTWARE LICENSES
CONT_AWD_89233018CNR000004_8900_-NONE-_-NONE-,292026551,2304301,7019455,2024-09-05,2024,641420.0,"BEARDSLEY DESIGN ASSOCIATES ARCHITECTURE, ENGINEERING, LANDSCAPE ARCHITECTURE, D.P.C.",TOA 49 - CLASSIFIED ISLANDS
CONT_AWD_89233018CNR000004_8900_-NONE-_-NONE-,292026551,2306354,154773,2024-09-05,2024,81668.0,HOTTINGER BRUEL & KJAER INC.,DATA ACQUISITION SYSTEM (FY24)
CONT_AWD_89233018CNR000004_8900_-NONE-_-NONE-,292026551,2307178,154906,2024-09-05,2024,65751.0,GATAN INC,EDAX UPGRADE SOFTWARE
CONT_AWD_89233018CNR000004_8900_-NONE-_-NONE-,292026551,982989,154991,2024-09-05,2024,33204.18,STERLING COMPUTERS CORPORATION,SOFTWARE SUPPORT FOR PURIFILE SOFTWARE AND ADDITIONAL TEST THREADS (LICENSE)
CONT_AWD_89233018CNR000004_8900_-NONE-_-NONE-,292026551,983593,154718,2024-09-05,2024,32527.2,STERLING COMPUTERS CORPORATION,ACCESS SWITCHES AND STACKING CABLES
CONT_AWD_89233018CNR000004_8900_-NONE-_-NONE-,292026551,983775,154018,2024-09-05,2024,262520.0,PERKINELMER U.S. LLC,PERKIN ELMER 5-YEAR SERVICE CONTRACT RENEWAL (BETTIS)
CONT_AWD_89233018CNR000004_8900_-NONE-_-NONE-,292026551,990520,154309,2024-09-05,2024,1028803.0,ENFIELD ENTERPRISES LLC,C1-120/129 RENOVATION PROJECT
CONT_AWD_89233018CNR000004_8900_-NONE-_-NONE-,292026551,990608,154670,2024-09-05,2024,100082.53,STERLING COMPUTERS CORPORATION,FY24 DFD ODBNODE
CONT_AWD_89233018CNR000004_8900_-NONE-_-NONE-,292026551,993154,150734-0038,2024-09-05,2024,50819.18,"DAVIES OFFICE REFURBISHING, INC.",PROVIDE MODULAR FURNITURE IN ACCORDANCE WITH FMP MODULAR FURNITURE SPECIFICATION
CONT_AWD_89233018CNR000004_8900_-NONE-_-NONE-,292026551,993998,154583,2024-09-05,2024,209283.06,COLOSSAL CONTRACTING LLC,FY24 AUKUS HARDWARE PROCUREMENT 3
CONT_AWD_89233018CNR000004_8900_-NONE-_-NONE-,292026551,995709,153584,2024-09-05,2024,148804.0,"SCHUF USA, INC","CTC FLOW CONTROL VALVES FOR TH1, TH2, TH3. ADDITIONAL VALVES (2)"
CONT_AWD_89233018CNR000004_8900_-NONE-_-NONE-,292026551,996075,154820,2024-09-05,2024,101430.0,"ALPHA SPECTRA, INC.",ALPHA DETECTORS
CONT_AWD_89233018CNR000004_8900_-NONE-_-NONE-,292026551,996120,154771,2024-09-05,2024,89588.0,"WESTWIND COMPUTER PRODUCTS, INC.",FY24 AUKUS HARDWARE
CONT_AWD_89233018CNR000004_8900_-NONE-_-NONE-,292026551,997062,154886,2024-09-05,2024,54714.0,"PRECISION FILTERS, INC.","DIGITAL FILTER SYSTEM, PFI INC 2024 FOR PUMP TEST"
CONT_AWD_89233018CNR000004_8900_-NONE-_-NONE-,292026551,998391,154644,2024-09-05,2024,46960.0,"INFORMATION TECHNOLOGIES SERVICES, INC.",BETTIS CABLING GICNET
CONT_AWD_89233018CNR000004_8900_-NONE-_-NONE-,292026551,998726,154777,2024-09-05,2024,57881.08,COLOSSAL CONTRACTING LLC,CISCO 2024 REFRESH
CONT_AWD_89233018CNR000004_8900_-NONE-_-NONE-,292026551,2301432,154822,2024-09-06,2024,45500.0,LOGISTICS365 INC,FY24 LIGHTNING FORMS LICENSES
CONT_AWD_89233018CNR000004_8900_-NONE-_-NONE-,292026551,2297048,154999,2024-09-09,2024,65763.75,"A. V. LAUTTAMUS COMMUNICATIONS, INC.",VP8000 EMERGENCY RESPONSE PORTABLE RADIOS
CONT_AWD_89233018CNR000004_8900_-NONE-_-NONE-,292026551,2297900,154567,2024-09-09,2024,44625.0,SOUTHWEST RESEARCH INSTITUTE,ATIP MANUFACTURE FLAWED SPECIMENS FOR PHASED ARRAY TESTING
CONT_AWD_89233018CNR000004_8900_-NONE-_-NONE-,292026551,2305213,154970,2024-09-09,2024,464415.35,DRD TECHNOLOGY CORP,ANSYS SOFTWARE SUITE LICENSES
CONT_AWD_89233018CNR000004_8900_-NONE-_-NONE-,292026551,2306163,155026,2024-09-09,2024,776965.0,DRD TECHNOLOGY CORP,ANSYS SOFTWARE SUITE LICENSES
CONT_AWD_89233018CNR000004_8900_-NONE-_-NONE-,292026551,983222,154688,2024-09-09,2024,302247.0,SCOT FORGE COMPANY,TACKES - BOOT CASTING TO FORGING CONVERSION PROJECT - SF
CONT_AWD_89233018CNR000004_8900_-NONE-_-NONE-,292026551,994838,154963,2024-09-09,2024,351331.48,COLOSSAL CONTRACTING LLC,FY24 UK TACLANES
CONT_AWD_89233018CNR000004_8900_-NONE-_-NONE-,292026551,1001337,154675,2024-09-10,2024,201567.37,COLOSSAL CONTRACTING LLC,CISCO PHASE 3 SUPPLEMENT PROCUREMENT (REMOTE SITE OPTIC MODULES)
CONT_AWD_89233018CNR000004_8900_-NONE-_-NONE-,292026551,2297504,154298,2024-09-10,2024,160000.0,KNIME INC.,KNIME SERVER LICENSE FOR FY25
CONT_AWD_89233018CNR000004_8900_-NONE-_-NONE-,292026551,2298789,154740,2024-09-10,2024,87435.0,CUSTOM ENGINEERING CO.,BURDETT - CP TEST LOOP IX/PF FOUNDATION
CONT_AWD_89233018CNR000004_8900_-NONE-_-NONE-,292026551,2299230,154821,2024-09-10,2024,151932.0,VERDANTAS LLC,CALIBRATION OF VENTURIS
CONT_AWD_89233018CNR000004_8900_-NONE-_-NONE-,292026551,2302347,154492,2024-09-10,2024,315627.0,INFORMATION MANAGEMENT GROUP INCORPORATED,IT SUBCONTRACTORS FOR HCTF NETWORK
CONT_AWD_89233018CNR000004_8900_-NONE-_-NONE-,292026551,2306208,155042,2024-09-10,2024,30672.36,ENERGYSOLUTIONS FEDERAL SUPPORT LLC,DOE CONTRACT ENERGYSOLUTIONS TREATMENT MLLW 9703-01-0022 AND OTHERS AND TRANSPOR
CONT_AWD_89233018CNR000004_8900_-NONE-_-NONE-,292026551,2307882,154025,2024-09-10,2024,1471937.13,FEI COMPANY,FY24 FEI / THERMO FISHER SERVICE CONTRACT RENEWAL (5 YEARS)
CONT_AWD_89233018CNR000004_8900_-NONE-_-NONE-,292026551,980999,154543,2024-09-10,2024,241148.25,TEVET LLC,DAS REDESIGN
CONT_AWD_89233018CNR000004_8900_-NONE-_-NONE-,292026551,988346,154927,2024-09-10,2024,41377.03,"COMMUNICATIONS CONSULTING, INC","THE SUPPLIER SHALL FURNISH THE NECESSARY LABOR, SUPERVISION, SERVICES, TOOLS, EQ"
CONT_AWD_89233018CNR000004_8900_-NONE-_-NONE-,292026551,2305632,136775-0017,2024-09-11,2024,48290.0,"ALARON, LLC",THIS PURCHASE ORDER IS FOR THE DISPOSAL OF VARIOUS EQUIPMENT.   THE SUPPLIER WIL
CONT_AWD_89233018CNR000004_8900_-NONE-_-NONE-,292026551,2308644,154683,2024-09-11,2024,483000.0,"AIMTEK, INC.",HILMAN/SILVESTRI - A508 POWDER ORDER
CONT_AWD_89233018CNR000004_8900_-NONE-_-NONE-,292026551,981233,154616,2024-09-11,2024,92872.5,STERLING COMPUTERS CORPORATION,SINGLE USER SUBSCRIPTON FOR MATTERMOST ENTERPRISE-GOV
CONT_AWD_89233018CNR000004_8900_-NONE-_-NONE-,292026551,992494,154968,2024-09-11,2024,46339.92,TOTAL EQUIPMENT COMPANY,CWS TEST PUMPS - STAUDT
CONT_AWD_89233018CNR000004_8900_-NONE-_-NONE-,292026551,993902,154548,2024-09-11,2024,255561.5,"COLUMBIA ENERGY & ENVIRONMENTAL SERVICES, INC.",PUMP CART FOR THE RWPS SYSTEM BEING INSTALLED IN CSRF FOR A1G BUFFERING
CONT_AWD_89233018CNR000004_8900_-NONE-_-NONE-,292026551,1004256,154857,2024-09-12,2024,92521.01,ILLINOIS TOOL WORKS INC.,MICROHARDNESS TESTER
CONT_AWD_89233018CNR000004_8900_-NONE-_-NONE-,292026551,2297803,155074,2024-09-12,2024,224552.0,"MIRION TECHNOLOGIES (CANBERRA), INC.","FY24 MIRION CANBERRA AEGIS SPECTROMETER GC40, RDC MICROGE DETECTOR"
CONT_AWD_89233018CNR000004_8900_-NONE-_-NONE-,292026551,2304026,155019,2024-09-12,2024,35854.0,COFFMAN ELECTRICAL EQUIPMENT CO.,SUPPLIER SHALL PROVIDE THE FOLLOWING ITEMS IN ACCORDANCE WITH THE ATTACHED ADMIN
CONT_AWD_89233018CNR000004_8900_-NONE-_-NONE-,292026551,2304712,150936-0012,2024-09-12,2024,50050.76,"BATTELLE SAVANNAH RIVER ALLIANCE, LLC",LLRW SHIPMENTS FROM BETTIS TO SRNS
CONT_AWD_89233018CNR000004_8900_-NONE-_-NONE-,292026551,2306413,150936-0013,2024-09-12,2024,86559.56,"BATTELLE SAVANNAH RIVER ALLIANCE, LLC",LLRW SHIPMENTS FROM BETTIS TO SRNS
CONT_AWD_89233018CNR000004_8900_-NONE-_-NONE-,292026551,2306662,154603,2024-09-12,2024,124761.29,BEAST CODE LLC,ATIP R&D METADATA DIGITAL THREAD
CONT_AWD_89233018CNR000004_8900_-NONE-_-NONE-,292026551,2308970,7019458,2024-09-12,2024,43715.32,"SAGE ENGINEERING ASSOCIATES, LLP",TOA 170 - CENTER ROAD WATER LINES REPLACEMENT COMMISSIONING SERVICES
CONT_AWD_89233018CNR000004_8900_-NONE-_-NONE-,292026551,2309279,140349-0228,2024-09-12,2024,56705.7,"O'CONNELL ELECTRIC COMPANY, INC.",DATA COMMUNICATION NETWORK INFRASTRUCTURE FOR KNOLLS AND KESSELRING SITES
CONT_AWD_89233018CNR000004_8900_-NONE-_-NONE-,292026551,981175,140862-0037,2024-09-12,2024,92200.0,CBM FABRICATION INC,WA23HAW048 (M. DAWDY) CABINET BASES
CONT_AWD_89233018CNR000004_8900_-NONE-_-NONE-,292026551,982178,154789,2024-09-12,2024,91060.0,ENFIELD ENTERPRISES LLC,KS S8G TILE REPLACEMENT (FY24)
CONT_AWD_89233018CNR000004_8900_-NONE-_-NONE-,292026551,982751,154726,2024-09-12,2024,78375.0,CBM FABRICATION INC,SATTLER - TEST STAND SUPPORT CRADLE
CONT_AWD_89233018CNR000004_8900_-NONE-_-NONE-,292026551,987773,154686,2024-09-12,2024,155305.0,SYNERTECH PM INC.,VANDERVORT - MANUFACTURE OF A STEPPED CYLINDER TEST ARTICLE BY POWDER METALLURGY
CONT_AWD_89233018CNR000004_8900_-NONE-_-NONE-,292026551,988664,154571,2024-09-12,2024,312287.06,"CTG FEDERAL, LLC",IT PLATFORMS TIER 2 HARDWARE (NETAPP) AND SOFTWARE
CONT_AWD_89233018CNR000004_8900_-NONE-_-NONE-,292026551,2301408,153774,2024-09-13,2024,49000.0,"SURPASS CHEMICAL COMPANY, INC.",KS BULK CHEMICAL CONTRACT
CONT_AWD_89233018CNR000004_8900_-NONE-_-NONE-,292026551,2303043,154621,2024-09-16,2024,353500.0,"THE M&P LAB, INC.",MACHINING AND TESTING OF PARTIALLY HIP'ED LOW ALLOY STEEL BILLETS
CONT_AWD_89233018CNR000004_8900_-NONE-_-NONE-,292026551,2308846,148329-0007,2024-09-16,2024,234031.0,WASHINGTON MILLS ELECTRO MINERALS CORPORATION,MASTER AGREEMENT FOR WASHINGTON MILLS 5 YEAR CONTRACT
CONT_AWD_89233018CNR000004_8900_-NONE-_-NONE-,292026551,991768,154972,2024-09-16,2024,41310.0,"QDCIP FIRE, LLC",EMERGENCY RESPONSE SHOWER SYSTEM
CONT_AWD_89233018CNR000004_8900_-NONE-_-NONE-,292026551,1001334,7019392,2024-09-17,2024,5952822.82,TRANE U.S. INC.,CS-111E5 HVAC EQUIPMENT NON-HEPA UNITS
CONT_AWD_89233018CNR000004_8900_-NONE-_-NONE-,292026551,2297710,153544,2024-09-17,2024,964290.0,"MIRION TECHNOLOGIES (CANBERRA), INC.",GAMMA RAY SPECTROSCOPY SIMULATOR
CONT_AWD_89233018CNR000004_8900_-NONE-_-NONE-,292026551,2299536,155083,2024-09-17,2024,52500.0,TOOLWATCH CORPORATION,SAFETY OBSERVATION APP
CONT_AWD_89233018CNR000004_8900_-NONE-_-NONE-,292026551,2301205,154400,2024-09-17,2024,32333.9,"TARGETSOLUTIONS LEARNING, LLC",EMT RECERTIFICATION PROGRAM FOR NY
CONT_AWD_89233018CNR000004_8900_-NONE-_-NONE-,292026551,2301218,153728,2024-09-17,2024,595088.8,INFORMATION MANAGEMENT GROUP INCORPORATED,IT CABLING
CONT_AWD_89233018CNR000004_8900_-NONE-_-NONE-,292026551,2302637,147368-0006,2024-09-17,2024,329754.18,MUTUAL TELECOM SERVICES INC.,FY23 - TELEPHONE SYSTEM MAINTENANCE
CONT_AWD_89233018CNR000004_8900_-NONE-_-NONE-,292026551,2308739,154997,2024-09-17,2024,54553.18,CENTRAL VALLEY MACHINE INC,ONE GRAPPLE INSTALL STAND AND TWO UF VACUUM STAND
CONT_AWD_89233018CNR000004_8900_-NONE-_-NONE-,292026551,2309366,153986-0006,2024-09-17,2024,280000.0,"BATTELLE ENERGY ALLIANCE, LLC",BLANKET
CONT_AWD_89233018CNR000004_8900_-NONE-_-NONE-,292026551,981902,154668,2024-09-17,2024,141656.26,STERLING COMPUTERS CORPORATION,FY24 DFD MEMORY UPGRADE AND STAGING DRIVES
CONT_AWD_89233018CNR000004_8900_-NONE-_-NONE-,292026551,993073,155059,2024-09-17,2024,58179.07,COLOSSAL CONTRACTING LLC,NETWORK UPGRADES 2
CONT_AWD_89233018CNR000004_8900_-NONE-_-NONE-,292026551,2301189,154682,2024-09-18,2024,322889.0,"MCCONWAY & TORLEY, LLC",TACKES - CASTING TO FORGING CONVERSION PROJECT. MT
CONT_AWD_89233018CNR000004_8900_-NONE-_-NONE-,292026551,1004435,154767,2024-09-19,2024,862460.0,"FOURINOX, INC.",RADIOACTIVE LIQUID WASTE (RLW) TANKER
CONT_AWD_89233018CNR000004_8900_-NONE-_-NONE-,292026551,2301263,154787,2024-09-19,2024,353500.0,"THE M&P LAB, INC.",WHITE - INTERRUPTED PM-HIP A625 MACHINING AND TESTING
CONT_AWD_89233018CNR000004_8900_-NONE-_-NONE-,292026551,2309097,154921,2024-09-19,2024,6852838.35,TRUMBULL CORPORATION,OUTFALLS 001 AND 008 CONSTRUCTION
CONT_AWD_89233018CNR000004_8900_-NONE-_-NONE-,292026551,2310000,155084,2024-09-19,2024,99795.0,NTOPOLOGY INC,NTOP SOFTWARE LICENSES
CONT_AWD_89233018CNR000004_8900_-NONE-_-NONE-,292026551,985968,155125,2024-09-19,2024,92674.0,"ULTIMATE TRAINING MUNITIONS, INC.",UTM DROP-IN-KITS AND AMMUNITION
CONT_AWD_89233018CNR000004_8900_-NONE-_-NONE-,292026551,990187,154656,2024-09-19,2024,30482.25,"LYME COMPUTER SYSTEMS, INC.",MATLAB TOOLBOX LICENSES
CONT_AWD_89233018CNR000004_8900_-NONE-_-NONE-,292026551,993065,155105,2024-09-19,2024,139745.0,G. C. MICRO CORPORATION,CAMEO LICENSES
CONT_AWD_89233018CNR000004_8900_-NONE-_-NONE-,292026551,995850,153748-0007,2024-09-19,2024,349253.0,GRM KONTRACTING LLC,1717 GENERAL CONSTRUCTION
CONT_AWD_89233018CNR000004_8900_-NONE-_-NONE-,292026551,2301598,7019466,2024-09-20,2024,149575.0,"BEARDSLEY DESIGN ASSOCIATES ARCHITECTURE, ENGINEERING, LANDSCAPE ARCHITECTURE, D.P.C.",TOA 50 - ENGINEERING SERVICES FOR HAZARDOUS MATERIAL SURVEYS AND WASTE CHARACTER
CONT_AWD_89233018CNR000004_8900_-NONE-_-NONE-,292026551,2301692,154563,2024-09-20,2024,94520.0,SPEEDGOAT INC,REAL TIME CONTROLLERS
CONT_AWD_89233018CNR000004_8900_-NONE-_-NONE-,292026551,2301745,153747-0001,2024-09-20,2024,91835.0,FACILITY SUPPORT SERVICES LLC,1717 GENERAL CONSTRUCTION
CONT_AWD_89233018CNR000004_8900_-NONE-_-NONE-,292026551,983295,154238,2024-09-20,2024,278615.0,ROZELL NORTH LLC,TF-171 PIT LINER
CONT_AWD_89233018CNR000004_8900_-NONE-_-NONE-,292026551,983904,155101,2024-09-20,2024,6784744.08,"CTG FEDERAL, LLC",FY24 TIER 2 ADDITIONAL GSS NODES
CONT_AWD_89233018CNR000004_8900_-NONE-_-NONE-,292026551,986531,154607,2024-09-20,2024,789704.11,"CTG FEDERAL, LLC",FY24 TIER 2-3 NPTU-C STORAGE HARDWARE
CONT_AWD_89233018CNR000004_8900_-NONE-_-NONE-,292026551,983531,154647,2024-09-23,2024,652004.16,ENFIELD ENTERPRISES LLC,C3-125 RENOVATION PROJECT
CONT_AWD_89233018CNR000004_8900_-NONE-_-NONE-,292026551,996523,155113,2024-09-23,2024,40000.0,WESTONE LOGISTICS LLC,FY 2025 THIRD PARTY LOGISTICS PROVIDER (3PLP) 6-MONTH BRIDGING SERVICE SUBCONTRA
CONT_AWD_89233018CNR000004_8900_-NONE-_-NONE-,292026551,999747,155090,2024-09-23,2024,30691.2,COLOSSAL CONTRACTING LLC,CLASSIFIED ISLAND PARTS
CONT_AWD_89233018CNR000004_8900_-NONE-_-NONE-,292026551,2298515,154681,2024-09-24,2024,65424.62,"GRAYBAR ELECTRIC COMPANY, INC",SCHNEIDER ELECTRIC PLC EQUIPMENT
CONT_AWD_89233018CNR000004_8900_-NONE-_-NONE-,292026551,2297809,155017,2024-09-25,2024,31263.0,"MIRION TECHNOLOGIES (CANBERRA), INC.",Q2 CALIBRATION DRUMS (4)
CONT_AWD_89233018CNR000004_8900_-NONE-_-NONE-,292026551,2303321,154888,2024-09-25,2024,97200.0,MP MACHINERY & TESTING LLC,INSTRUMENTED CVN TESTING - TRDTKN20240701
CONT_AWD_89233018CNR000004_8900_-NONE-_-NONE-,292026551,2310227,155137,2024-09-25,2024,30600.0,FRANKLIN COVEY CLIENT SALES INC,FRANKLIN COVEY ALL ACCESS PASS LICENSES AND IMPLEMENTATION SERVICES
CONT_AWD_89233018CNR000004_8900_-NONE-_-NONE-,292026551,996923,154584,2024-09-25,2024,290757.66,COLOSSAL CONTRACTING LLC,FY24 AUKUS HARDWARE PROCUREMENT 2
CONT_AWD_89233018CNR000004_8900_-NONE-_-NONE-,292026551,998796,154724,2024-09-25,2024,32350.0,"UNITED RENTALS, INC.",C. MALYS - MODIFIED SHIPPING CONTAINER STORAGE
CONT_AWD_89233018CNR000004_8900_-NONE-_-NONE-,292026551,999395,155144,2024-09-25,2024,54955.0,FEDERAL EMPLOYMENT LAW TRAINING GROUP LLC,FEDERAL EMPLOYMENT LAW TRAINING
CONT_AWD_89233018CNR000004_8900_-NONE-_-NONE-,292026551,2299096,154861,2024-09-26,2024,74087.0,WEST PENN LACO INC,LINCOLN HELIX M4X SERVICE
CONT_AWD_89233018CNR000004_8900_-NONE-_-NONE-,292026551,2299523,7019460,2024-09-26,2024,441389.0,"WALSH ENGINEERING SERVICES, PC",NRF HEAT CONVERSION GPPS (CONCEPTUAL DESIGNS)
CONT_AWD_89233018CNR000004_8900_-NONE-_-NONE-,292026551,2309642,154509,2024-09-26,2024,52853.46,EMD MILLIPORE CORP,FY24 MILLIPORE SIGMA SERVICE CONTRACT (BRIDGE)
CONT_AWD_89233018CNR000004_8900_-NONE-_-NONE-,292026551,982563,155136,2024-09-26,2024,62472.5,CARAHSOFT TECHNOLOGY CORP,UDEMY LICENSES
CONT_AWD_89233018CNR000004_8900_-NONE-_-NONE-,292026551,2298526,155055,2024-09-27,2024,69922.79,"JOHNSON CONTROLS BUILDING AUTOMATION SYSTEMS, LLC",FY24 NRPR 2452E
CONT_AWD_89233018CNR000004_8900_-NONE-_-NONE-,292026551,2307668,152238,2024-09-27,2024,50831.52,HEWLETT PACKARD ENTERPRISE COMPANY,ANNUAL MAINTENANCE FOR ICIT HEWLETT PACKARD ENTERPRISE EQUIPMENT
CONT_AWD_89233018CNR000004_8900_-NONE-_-NONE-,292026551,996924,154838,2024-09-27,2024,38163.0,CIMQUEST INC,3D SYSTEMS GEOMAGIC DESIGN X AND CONTROL X LICENSE
CONT_AWD_89233018CNR000004_8900_-NONE-_-NONE-,292026551,999378,153363,2024-09-27,2024,58030.0,COLOSSAL CONTRACTING LLC,IVANTI ENDPOINT FOR TEQNET
CONT_AWD_89233018CNR000004_8900_-NONE-_-NONE-,292026551,2298529,154742,2024-10-01,2025,124698.0,CUSTOM ENGINEERING CO.,PETERMAN - CP TEST LOOP PUMP AND HX FOUNDATION & FSFL SMALL TEST BULKHEAD
CONT_AWD_89233018CNR000004_8900_-NONE-_-NONE-,292026551,2299086,7019470,2024-10-01,2025,225400.0,BAKER AND ASSOCIATES,COOLING TOWER 5 REPLACEMENT (TASK ORDER AUTHORIZATION #112)
CONT_AWD_89233018CNR000004_8900_-NONE-_-NONE-,292026551,980358,154945,2024-10-01,2025,51349.0,"PITTSBURGH FLUID SYSTEMS, LLC",WOJNAR - SWAGELOK SPECIAL AUTOCLAVE FITTINGS
CONT_AWD_89233018CNR000004_8900_-NONE-_-NONE-,292026551,992521,154519,2024-10-01,2025,60000.0,"CONSIGLI CONSTRUCTION CO., INC.",KS FIREHOUSE CM PRECONSTRUCTION SERVICES
CONT_AWD_89233018CNR000004_8900_-NONE-_-NONE-,292026551,2300143,155174,2024-10-02,2025,52500.0,FORTEC UNITED STATES CORP,FLAT PANEL DISPLAYS PRODUCTION
CONT_AWD_89233018CNR000004_8900_-NONE-_-NONE-,292026551,2303633,155022,2024-10-02,2025,45000.0,VIEWPOINT SYSTEMS INC,VIEWPOINT SERVICE CONTRACT
CONT_AWD_89233018CNR000004_8900_-NONE-_-NONE-,292026551,1001468,154578,2024-10-03,2025,1319200.0,"DOVER ENGINEERED PRODUCTS SEGMENT, INC.",TELEMANIPULATOR MODEL E
CONT_AWD_89233018CNR000004_8900_-NONE-_-NONE-,292026551,1002062,154094,2024-10-03,2025,46340.0,MASCARO CONSTRUCTION CO LP,W2R SAIL REMOVAL CMAR PRE-CONSTRUCTION SERVICES
CONT_AWD_89233018CNR000004_8900_-NONE-_-NONE-,292026551,1002350,154734,2024-10-03,2025,142952.87,"EVOQUA WATER TECHNOLOGIES, LLC","SERVICE CONTRACT FOR DI WATER SYSTEMS (KNOLLS, FY24)"
CONT_AWD_89233018CNR000004_8900_-NONE-_-NONE-,292026551,1002749,154902,2024-10-03,2025,77318.7,CLAYTON ENGINEERING CO,M580 & M340 PLC SYSTEMS EQUIPMENT
CONT_AWD_89233018CNR000004_8900_-NONE-_-NONE-,292026551,2306246,155145,2024-10-03,2025,85567.32,MERIDIAN KNOWLEDGE SOLUTIONS LLC,FY25 MERIDIAN MANAGED SERVICES CONTRACT
CONT_AWD_89233018CNR000004_8900_-NONE-_-NONE-,292026551,998732,155120,2024-10-03,2025,161095.39,COLOSSAL CONTRACTING LLC,FY25 F5 NETWORKS HARDWARE AND SOFTWARE MAINTENANCE
CONT_AWD_89233018CNR000004_8900_-NONE-_-NONE-,292026551,2300694,153860,2024-10-04,2025,120655.0,"THE M&P LAB, INC.",HILLIKER - DEVELOPMENT OF HYDROGEN CHARGING PROCESS TO BE USED ON ZIRCONIUM SAMP
CONT_AWD_89233018CNR000004_8900_-NONE-_-NONE-,292026551,2306715,155004,2024-10-07,2025,158383.83,ENERGYSOLUTIONS FEDERAL SUPPORT LLC,DOE CONTRACT ENERGYSOLUTIONS BEAR CREEK TN RESIN PROCESSING TRANSPORTATION
CONT_AWD_89233018CNR000004_8900_-NONE-_-NONE-,292026551,2309842,155003,2024-10-07,2025,71879.6,ENERGYSOLUTIONS FEDERAL SUPPORT LLC,DOE CONTRACT ENERGYSOLUTIONS DISPOSAL LLW RESIN CWF UTAH
CONT_AWD_89233018CNR000004_8900_-NONE-_-NONE-,292026551,980655,154520,2024-10-07,2025,220000.0,ASSURANCE TECHNICAL SERVICES INC,RADIATION TESTING OF A DYNAMIC PRESSURE TRANSDUCER
CONT_AWD_89233018CNR000004_8900_-NONE-_-NONE-,292026551,992531,154964,2024-10-07,2025,164380.55,COLOSSAL CONTRACTING LLC,FY25 TACLANES ENTERPRISE NETWORK EQUIPMENT
CONT_AWD_89233018CNR000004_8900_-NONE-_-NONE-,292026551,993757,155113,2024-10-07,2025,264500.0,WESTONE LOGISTICS LLC,FY 2025 THIRD PARTY LOGISTICS PROVIDER (3PLP) 6-MONTH BRIDGING SERVICE SUBCONTRA
CONT_AWD_89233018CNR000004_8900_-NONE-_-NONE-,292026551,1002751,155261,2024-10-09,2025,142952.87,"EVOQUA WATER TECHNOLOGIES, LLC","SERVICE CONTRACT FOR DI WATER SYSTEMS (KNOLLS, FY24)"
CONT_AWD_89233018CNR000004_8900_-NONE-_-NONE-,292026551,2301182,155002,2024-10-09,2025,35000.0,KITWARE INC,RENEWAL OF KITWARE SOFTWARE LICENSE (2024)
CONT_AWD_89233018CNR000004_8900_-NONE-_-NONE-,292026551,998714,153706,2024-10-09,2025,39180.0,"VANGURA TOOL, INC.",MALEY - EPIC Z-TOWER MOCKUP
CONT_AWD_89233018CNR000004_8900_-NONE-_-NONE-,292026551,1003374,155195,2024-10-10,2025,210988.92,MONO MACHINES LLC,PAPER SHREDDERS FOR NRF COLD WASTE COMPLIANCE
CONT_AWD_89233018CNR000004_8900_-NONE-_-NONE-,292026551,2302609,153969-0003,2024-10-10,2025,137050.0,PARAGON ENERGY SOLUTIONS LLC,INVENTORY PARTS MASTER AGREEMENT
CONT_AWD_89233018CNR000004_8900_-NONE-_-NONE-,292026551,2302979,155146,2024-10-10,2025,73304.0,"MHF PACKAGING SOLUTIONS, LLC","722423-4 FT. X 4 FT. X 6 FT. STEEL BOX WITH 14 CLIPS, NO SECURITY TABS ON BOX &"
CONT_AWD_89233018CNR000004_8900_-NONE-_-NONE-,292026551,2301593,7019450,2024-10-11,2025,36492.0,"BEARDSLEY DESIGN ASSOCIATES ARCHITECTURE, ENGINEERING, LANDSCAPE ARCHITECTURE, D.P.C.",TOA-27 CENTER ROAD WATER LINES REPLACEMENT
CONT_AWD_89233018CNR000004_8900_-NONE-_-NONE-,292026551,2301591,150886-0006,2024-10-14,2025,82337.0,"K & D ELECTRIC, INC.",GENERAL SITE SERVICES 3.0 FOR SFHP AGREEMENT
CONT_AWD_89233018CNR000004_8900_-NONE-_-NONE-,292026551,2304078,152994-0021,2024-10-14,2025,34755.0,GEL LABORATORIES LLC,NNL BIO ASSAY
CONT_AWD_89233018CNR000004_8900_-NONE-_-NONE-,292026551,2300707,155224,2024-10-15,2025,39685.36,"FLASHOVER FIRE APPARATUS, LLC",TERT/DLEAT RAIN PPE
CONT_AWD_89233018CNR000004_8900_-NONE-_-NONE-,292026551,2305183,154412,2024-10-15,2025,278436.0,"MIRION TECHNOLOGIES (CANBERRA), INC.",RADCON PM/CM FOR FASTSCAN AND OTHER EQUIPMENT FOR FIVE YEARS
CONT_AWD_89233018CNR000004_8900_-NONE-_-NONE-,292026551,2306464,155180,2024-10-15,2025,86508.0,REPEAT BUSINESS SYSTEMS INC,FY 2025 RENEWAL OF RICOH COPIERS LEASE AND USAGE
CONT_AWD_89233018CNR000004_8900_-NONE-_-NONE-,292026551,2301771,154717,2024-10-16,2025,32718.68,OFFICEIMAGES INC,C50 TOUCHDOWN DESKS
CONT_AWD_89233018CNR000004_8900_-NONE-_-NONE-,292026551,2303238,155186,2024-10-16,2025,94200.0,TECPLOT INC,FIELDVIEW SOFTWARE MAINTENANCE RENEWAL
CONT_AWD_89233018CNR000004_8900_-NONE-_-NONE-,292026551,981887,155214,2024-10-16,2025,44062.26,EASTERN POWER TECHNOLOGIES INC,BMC/ETMS - FY24 - LABORATORY WORKBENCHES AND CABINETS FOR BANGOR 2
CONT_AWD_89233018CNR000004_8900_-NONE-_-NONE-,292026551,984372,155075,2024-10-16,2025,33751.87,EASTERN POWER TECHNOLOGIES INC,SUPPLIER SHALL PROVIDE THE FOLLOWING ITEMS IN ACCORDANCE WITH THE ATTACHED ADMIN
CONT_AWD_89233018CNR000004_8900_-NONE-_-NONE-,292026551,986646,154912,2024-10-16,2025,1174638.4,PETERSEN INCORPORATED,TYPE IV WASTE CANISTERS ORDER
CONT_AWD_89233018CNR000004_8900_-NONE-_-NONE-,292026551,987282,153461,2024-10-16,2025,315348.64,HOJ INNOVATIONS LLC,PURCHASE (2) KARDEX VLMS FOR S5G AND ECF TOOL ROOM
CONT_AWD_89233018CNR000004_8900_-NONE-_-NONE-,292026551,2304215,155123,2024-10-17,2025,133265.0,LOGISTICS365 INC,CASEIQ (CASE MANAGEMENT) [FY25]
CONT_AWD_89233018CNR000004_8900_-NONE-_-NONE-,292026551,2306714,149124-0027,2024-10-17,2025,711941.4,"NAVARRO RESEARCH AND ENGINEERING, INC.",GES STAFF AUGMENTATION
CONT_AWD_89233018CNR000004_8900_-NONE-_-NONE-,292026551,983195,155209,2024-10-17,2025,89498.63,EASTERN POWER TECHNOLOGIES INC,BMC/ETMS - FY24 - LABORATORY WORKBENCHES AND CABINETS FOR BANGOR 1
CONT_AWD_89233018CNR000004_8900_-NONE-_-NONE-,292026551,985628,154914,2024-10-17,2025,948860.0,"HEBCO, INC.",CONVERSION OF LEGACY SOURCE TO DIGITAL FILE
CONT_AWD_89233018CNR000004_8900_-NONE-_-NONE-,292026551,986467,155032,2024-10-17,2025,247482.14,"THUNDERCAT TECHNOLOGY, LLC",FY25 MULESOFT LICENSE RENEWAL
CONT_AWD_89233018CNR000004_8900_-NONE-_-NONE-,292026551,989184,155033,2024-10-17,2025,199367.68,"THUNDERCAT TECHNOLOGY, LLC",FY25 MULESOFT PROFESSIONAL SERVICES
CONT_AWD_89233018CNR000004_8900_-NONE-_-NONE-,292026551,990956,155193,2024-10-17,2025,92888.36,TEVET LLC,NI - JOSLIN
CONT_AWD_89233018CNR000004_8900_-NONE-_-NONE-,292026551,991436,155206,2024-10-17,2025,280164.65,"THUNDERCAT TECHNOLOGY, LLC",FY25 CHECKMARX RENEWAL
CONT_AWD_89233018CNR000004_8900_-NONE-_-NONE-,292026551,996370,155039,2024-10-18,2025,72425.0,LIBURDI DIMETRICS CORPORATION,LIBURDI FIREVIEW 4
CONT_AWD_89233018CNR000004_8900_-NONE-_-NONE-,292026551,2296746,155362,2024-10-21,2025,38022.47,"APPLIED TECHNICAL SYSTEMS, INCORPORATED",NORTHEAST BOUNDARY AREA - SECURITY EQUIPMENT - NETWORK EQ
CONT_AWD_89233018CNR000004_8900_-NONE-_-NONE-,292026551,2304238,155207,2024-10-21,2025,56789.38,EVCO PARTNERS LP,BMC BANGOR COTS ORDER 1
CONT_AWD_89233018CNR000004_8900_-NONE-_-NONE-,292026551,991370,150850-0013,2024-10-21,2025,178055.0,"RAMBOLL AMERICAS ENGINEERING SOLUTIONS, INC.","ENVIRONMENTAL CHARACTERIZATION, INVESTIGATION, AND REMEDIATION SERVICES FOR KAPL"
CONT_AWD_89233018CNR000004_8900_-NONE-_-NONE-,292026551,994311,155210,2024-10-22,2025,79573.56,COLOSSAL CONTRACTING LLC,FY25 NTCS CISCO TOR SWITCHES
CONT_AWD_89233018CNR000004_8900_-NONE-_-NONE-,292026551,994994,149602-0016,2024-10-22,2025,70040.0,SNK ENTERPRISES INC,KESSELRING SITE UNDERGROUND SYSTEMS REPAIRS
CONT_AWD_89233018CNR000004_8900_-NONE-_-NONE-,292026551,996233,153704,2024-10-22,2025,102680.0,"VANGURA TOOL, INC.",TUCCELLI - NARROW SPECIMEN HOLDER GENERAL ASSEMBLY
CONT_AWD_89233018CNR000004_8900_-NONE-_-NONE-,292026551,2302459,7019459,2024-10-23,2025,48472.0,"BEARDSLEY DESIGN ASSOCIATES ARCHITECTURE, ENGINEERING, LANDSCAPE ARCHITECTURE, D.P.C.",TOA #17 - Q3 OVERHEAD UTILITY REROUTES FIELD FOLLOW SERVICES
CONT_AWD_89233018CNR000004_8900_-NONE-_-NONE-,292026551,2308597,7019359,2024-10-23,2025,100000.0,ENERGYSOLUTIONS FEDERAL SUPPORT LLC,WASTE & SHIPPING - ENERGY SOLUTIONS
CONT_AWD_89233018CNR000004_8900_-NONE-_-NONE-,292026551,2310043,7019456,2024-10-23,2025,190098.29,"SAGE ENGINEERING ASSOCIATES, LLP",TOA 168 - FUNCTIONAL REQUIREMENTS AND ESTIMATE FOR MLDF
CONT_AWD_89233018CNR000004_8900_-NONE-_-NONE-,292026551,988012,155192,2024-10-23,2025,31744.4,TEVET LLC,NI 9212 TEMPERATURE INPUT MODULES FOR DAS ENCLOSURE 8 FEATURING CUSTOM REVERSED-
CONT_AWD_89233018CNR000004_8900_-NONE-_-NONE-,292026551,2304821,155149,2024-10-24,2025,79200.0,"MIRION TECHNOLOGIES (CANBERRA), INC.",LYNX II MULTICHANNEL ANALYZERS (4)
CONT_AWD_89233018CNR000004_8900_-NONE-_-NONE-,292026551,986950,155184,2024-10-24,2025,85978.82,"IMMIXGROUP, INC",FY25 RENEWAL OF LOCAL AND COUNTRY NETWORK TOKENS FOR MSC ONE
CONT_AWD_89233018CNR000004_8900_-NONE-_-NONE-,292026551,994662,154392,2024-10-24,2025,284140.0,MCFARLAND TECHNOLOGY INC,BUSINESS SYSTEMS PROGRAM MANAGEMENT ONSITE SUPPORT SERVICES
CONT_AWD_89233018CNR000004_8900_-NONE-_-NONE-,292026551,997673,154676,2024-10-24,2025,123095.41,COLOSSAL CONTRACTING LLC,HSMS
CONT_AWD_89233018CNR000004_8900_-NONE-_-NONE-,292026551,2300559,154887,2024-10-25,2025,3104877.01,"V3GATE, LLC",FY25 SERVICENOW APPENGINE LICENSING RENEWAL - POP 10/29/24-10/28/25
CONT_AWD_89233018CNR000004_8900_-NONE-_-NONE-,292026551,995080,155168,2024-10-25,2025,217410.02,COLOSSAL CONTRACTING LLC,FY25 ACTIVE DIRECTORY QUEST INTRUST MAINTENANCE RENEWAL
CONT_AWD_89233018CNR000004_8900_-NONE-_-NONE-,292026551,997305,155259,2024-10-25,2025,71250.0,T-AXEL INC.,COILS
CONT_AWD_89233018CNR000004_8900_-NONE-_-NONE-,292026551,998179,155298,2024-10-25,2025,50160.0,"WESTWIND COMPUTER PRODUCTS, INC.",55 HP MINI PC'S
CONT_AWD_89233018CNR000004_8900_-NONE-_-NONE-,292026551,1001192,154882,2024-10-28,2025,473850.0,COLOSSAL CONTRACTING LLC,FY25 2FA SUPPORT SMARTCARDS
CONT_AWD_89233018CNR000004_8900_-NONE-_-NONE-,292026551,1002631,155041,2024-10-28,2025,205000.0,"REGENTS OF THE UNIVERSITY OF CALIFORNIA, THE",UC BERKELEY EVENT CAMERA ATIP 2ND YEAR INDUSTRIAL SERVICES
CONT_AWD_89233018CNR000004_8900_-NONE-_-NONE-,292026551,2301314,154490-0001,2024-10-28,2025,165054.12,GEL LABORATORIES LLC,LABORATORY ANALYTICAL SERVICES AT THE KNOLLS LABORATORY AND KESSELRING SITE
CONT_AWD_89233018CNR000004_8900_-NONE-_-NONE-,292026551,2302933,155297,2024-10-28,2025,54490.8,"DH TECHNOLOGIES, INC.",FY25 TERADICI MAINTENANCE RENEWAL
CONT_AWD_89233018CNR000004_8900_-NONE-_-NONE-,292026551,2306636,155235,2024-10-28,2025,51045.0,"MIRION TECHNOLOGIES (CANBERRA), INC.",ECOGAMMA-G PROBE
CONT_AWD_89233018CNR000004_8900_-NONE-_-NONE-,292026551,2304586,155306,2024-10-29,2025,347310.0,"RED, INC.",EXTENSION OF THE RED INC ESCORTING CONTRACT
CONT_AWD_89233018CNR000004_8900_-NONE-_-NONE-,292026551,2305392,155270,2024-10-29,2025,50699.94,GOENGINEER LLC,24-25 SOLIDWORKS SOFTWARE MAINTENANCE BULK BUY- YEARLY SOLIDWORKS SOFTWARE RENEW
CONT_AWD_89233018CNR000004_8900_-NONE-_-NONE-,292026551,2309508,154653,2024-10-29,2025,75614.96,ENCORE GROUP USA LLC,AV FOR THE 2025 ALL MANAGER LEADERSHIP SUMMIT
CONT_AWD_89233018CNR000004_8900_-NONE-_-NONE-,292026551,991174,152286,2024-10-29,2025,50734.0,EQUIFAX WORKFORCE SOLUTIONS LLC,UNEMPLOYMENT AND EMPLOYMENT VERIFICATION SUPPORT - HR
CONT_AWD_89233018CNR000004_8900_-NONE-_-NONE-,292026551,997758,155108,2024-10-29,2025,413042.8,COLOSSAL CONTRACTING LLC,FY25 ICIT CISCO HARDWARE RENEWAL
CONT_AWD_89233018CNR000004_8900_-NONE-_-NONE-,292026551,1001438,155245,2024-10-30,2025,190140.73,"OAK RIDGE ASSOCIATED UNIVERSITIES, INCORPORATED",Q COMPLEX RADIOLOGICAL SAMPLING
CONT_AWD_89233018CNR000004_8900_-NONE-_-NONE-,292026551,2302671,153146,2024-10-30,2025,66529.0,ORANO FEDERAL SERVICES LLC,ANENOMAE HOIST FOR LIFTING AND HANDLING
CONT_AWD_89233018CNR000004_8900_-NONE-_-NONE-,292026551,2304333,155299,2024-10-30,2025,41110.0,LOGISTICS365 INC,FY25 QUEST INTRUST SOFTWARE
CONT_AWD_89233018CNR000004_8900_-NONE-_-NONE-,292026551,2309022,155397,2024-10-30,2025,39576.0,"PCB PIEZOTRONICS OF NORTH CAROLINA, INC.",REPLACEMENT ACCELEROMETERS AND CABLES FOR SVTF TESTING.
CONT_AWD_89233018CNR000004_8900_-NONE-_-NONE-,292026551,2309404,155216,2024-10-30,2025,121686.27,"ACCU-TIME SYSTEMS, INC.",WORKFORCE DATA COLLECTION TIME CLOCKS-9000 SERIES BASE
CONT_AWD_89233018CNR000004_8900_-NONE-_-NONE-,292026551,982679,155226,2024-10-30,2025,35265.02,EASTERN POWER TECHNOLOGIES INC,HIGH RISE SCISSOR LIFT
CONT_AWD_89233018CNR000004_8900_-NONE-_-NONE-,292026551,995127,154864,2024-10-30,2025,280830.0,CORITY SOFTWARE (USA) INC.,"CORITY SOFTWARE, INC. 5-YEAR MULTI-SITE CONTRACT"
CONT_AWD_89233018CNR000004_8900_-NONE-_-NONE-,292026551,2303375,155176,2024-10-31,2025,299985.23,"DH TECHNOLOGIES, INC.",FY25 IDE:RUBRIK HARDWARE AND SOFTWARE MAINTENANCE SUPPORT
CONT_AWD_89233018CNR000004_8900_-NONE-_-NONE-,292026551,2306765,155444,2024-10-31,2025,30707.45,ENERGYSOLUTIONS FEDERAL SUPPORT LLC,DOE CONTRACT- RECYCLE/REUSE AND TRANSIT OF METAL MELT AT ENERGY SOLUTIONS
CONT_AWD_89233018CNR000004_8900_-NONE-_-NONE-,292026551,981075,149546,2024-10-31,2025,66044926.0,KIEWIT POWER CONSTRUCTORS CO,CONSTRUCTION SUBCONTRACT CS-108 MISCELLANEOUS METAL FABRICATION & ERECTION
CONT_AWD_89233018CNR000004_8900_-NONE-_-NONE-,292026551,981172,155292,2024-10-31,2025,79752.99,STERLING COMPUTERS CORPORATION,NNTP: HPE SAN SUPPORT RENEWAL
CONT_AWD_89233018CNR000004_8900_-NONE-_-NONE-,292026551,984536,155271,2024-10-31,2025,63073.46,STERLING COMPUTERS CORPORATION,FY 2025 NNPTC BADGE SCANNER CHASSIS
CONT_AWD_89233018CNR000004_8900_-NONE-_-NONE-,292026551,987230,154839,2024-10-31,2025,95000.0,ELSEVIER INC.,ELSEVIER EBOOK COLLECTIONS
CONT_AWD_89233018CNR000004_8900_-NONE-_-NONE-,292026551,993739,154723,2024-10-31,2025,44485.5,ONDRIVES.US CORP.,TEST ARTICLE 20
CONT_AWD_89233018CNR000004_8900_-NONE-_-NONE-,292026551,998335,155099,2024-10-31,2025,441323.12,"WESTWIND COMPUTER PRODUCTS, INC.",OPENTEXT CONTENT MANAGER LICENSES
CONT_AWD_89233018CNR000004_8900_-NONE-_-NONE-,292026551,1001790,155345,2024-11-01,2025,123935.28,"GRAYBAR ELECTRIC COMPANY, INC.",TF12 HIGH TEMPERATURE CABLE
CONT_AWD_89233018CNR000004_8900_-NONE-_-NONE-,292026551,2305517,155330,2024-11-01,2025,77875.0,LUMIVERO LLC,@RISK RENEWAL
CONT_AWD_89233018CNR000004_8900_-NONE-_-NONE-,292026551,2310144,150936-0014,2024-11-01,2025,35668.04,SAVANNAH RIVER NUCLEAR SOLUTIONS LLC,LLRW SHIPMENTS FROM BETTIS TO SRNS
CONT_AWD_89233018CNR000004_8900_-NONE-_-NONE-,292026551,2306315,149124-0028,2024-11-04,2025,274777.6,"NAVARRO RESEARCH AND ENGINEERING, INC.",GES STAFF AUGMENTATION
CONT_AWD_89233018CNR000004_8900_-NONE-_-NONE-,292026551,999441,155163,2024-11-04,2025,275490.0,SUNROC CONSTRUCTION CO INC,SFHP SNOW REMOVAL 2024 - 2025
CONT_AWD_89233018CNR000004_8900_-NONE-_-NONE-,292026551,2298874,155302,2024-11-05,2025,155769.69,"GSE PERFORMANCE SOLUTIONS, LLC",JADE MAINTENANCE CONTRACT
CONT_AWD_89233018CNR000004_8900_-NONE-_-NONE-,292026551,2308627,144548-0021,2024-11-05,2025,100000.0,PENNSYLVANIA STATE UNIVERSITY,METRICS DEVELOPMENT
CONT_AWD_89233018CNR000004_8900_-NONE-_-NONE-,292026551,989422,155387,2024-11-05,2025,44435.8,"CTG FEDERAL, LLC",FY25 DFD ODB STAGING DEVICES
CONT_AWD_89233018CNR000004_8900_-NONE-_-NONE-,292026551,995012,155227,2024-11-05,2025,46944.0,WESTINGHOUSE GOVERNMENT SERVICES LLC,COLD SPRAY TEST 2024-AUGUST
CONT_AWD_89233018CNR000004_8900_-NONE-_-NONE-,292026551,998928,155329,2024-11-05,2025,39000.0,"TEXAS TRANSMITTER SHOP, INC",SUPPLIER SHALL PROVIDE THE FOLLOWING ITEMS IN ACCORDANCE WITH THE ATTACHED ADMIN
CONT_AWD_89233018CNR000004_8900_-NONE-_-NONE-,292026551,1005077,155056,2024-11-06,2025,101708.0,UNIVERSITY OF UTAH,FFT FATIGUE MODELING
CONT_AWD_89233018CNR000004_8900_-NONE-_-NONE-,292026551,2298361,155338,2024-11-07,2025,76890.0,SCHEDMD LLC,SLURM SUPPORT  LEVEL 3  12/12/24-12/11/25
CONT_AWD_89233018CNR000004_8900_-NONE-_-NONE-,292026551,2305803,155334,2024-11-07,2025,50000.0,HDF GROUP,HDF5 PRIORITY SUPPORT CONTRACT
CONT_AWD_89233018CNR000004_8900_-NONE-_-NONE-,292026551,2306827,155433,2024-11-07,2025,49253.0,"SOUTHERN MARYLAND CABLE, INC.",NRPR 2492E - BLDG 111/RM 216 INFRASTRUCTURE WORK [FY25]
CONT_AWD_89233018CNR000004_8900_-NONE-_-NONE-,292026551,2309643,155483,2024-11-07,2025,59447.02,"GEORGE J. PETRONIS ENTERPRISES, INC.",TRAINING AMMUNITION KAPL
CONT_AWD_89233018CNR000004_8900_-NONE-_-NONE-,292026551,986489,155257,2024-11-07,2025,180574.52,"PRYOR LEARNING, INC.",PRYOR LEARNING
CONT_AWD_89233018CNR000004_8900_-NONE-_-NONE-,292026551,998455,150734-0043,2024-11-07,2025,610025.82,"DAVIES OFFICE REFURBISHING, INC.",PROVIDE MODULAR FURNITURE IN ACCORDANCE WITH FMP MODULAR FURNITURE SPECIFICATION
CONT_AWD_89233018CNR000004_8900_-NONE-_-NONE-,292026551,990215,155262,2024-11-11,2025,57739.21,EASTERN POWER TECHNOLOGIES INC,SUPPLIER SHALL PROVIDE THE FOLLOWING ITEMS IN ACCORDANCE WITH THE ATTACHED ADMIN
CONT_AWD_89233018CNR000004_8900_-NONE-_-NONE-,292026551,991189,154784,2024-11-11,2025,396107.0,SYNERTECH PM INC.,RATTNER - A508 DEMONSTRATION PART TEST ARTICLE COMPLEX
CONT_AWD_89233018CNR000004_8900_-NONE-_-NONE-,292026551,2304487,155273,2024-11-12,2025,122026.04,STRUERS INC,PROCUREMENT OF TWO (2) STRUERS TEGRAMIN-30 GRINDER/POLISHERS FOR KAPL METALLOGRA
CONT_AWD_89233018CNR000004_8900_-NONE-_-NONE-,292026551,2305956,155400,2024-11-12,2025,64639.85,"PCB PIEZOTRONICS OF NORTH CAROLINA, INC.","THE SUPPLIER SHALL FURNISH THE NECESSARY LABOR, SUPERVISION, SERVICES, TOOLS, EQ"
CONT_AWD_89233018CNR000004_8900_-NONE-_-NONE-,292026551,984518,152383,2024-11-12,2025,122150.0,ACCUTREX PRODUCTS INC,STONER - IRRADIATIONS HARDWARE
CONT_AWD_89233018CNR000004_8900_-NONE-_-NONE-,292026551,2302268,150886-0007,2024-11-13,2025,42359.0,"K & D ELECTRIC, INC.",GENERAL SITE SERVICES 3.0 FOR SFHP AGREEMENT
CONT_AWD_89233018CNR000004_8900_-NONE-_-NONE-,292026551,986412,155221,2024-11-13,2025,115371.35,"BURNS INDUSTRIAL EQUIPMENT, INC",HYSTER J120XN
CONT_AWD_89233018CNR000004_8900_-NONE-_-NONE-,292026551,988475,155222,2024-11-13,2025,227067.4,"BURNS INDUSTRIAL EQUIPMENT, INC",HYSTER H280XD
CONT_AWD_89233018CNR000004_8900_-NONE-_-NONE-,292026551,994399,155265,2024-11-13,2025,143358.0,"PURE AQUA, INC.",NRF-621 REVERSE OSMOSIS SYSTEM RECAPITALIZATION (PURCHASE OF NEW RO UNIT AND WAT
CONT_AWD_89233018CNR000004_8900_-NONE-_-NONE-,292026551,2303940,140911-0024,2024-11-14,2025,105100.0,"THE M&P LAB, INC.",MASTER AGREEMENT - WA24HAW011
CONT_AWD_89233018CNR000004_8900_-NONE-_-NONE-,292026551,2305932,155566,2024-11-14,2025,61900.0,"EOS OF NORTH AMERICA, INC.",EOS BUILD+ AND SMART MONITORING SOFTWARE PURCHASE
CONT_AWD_89233018CNR000004_8900_-NONE-_-NONE-,292026551,986751,155053,2024-11-14,2025,507900.0,"APALACHEE, LLC",WINTER SALT PROCUREMENT
CONT_AWD_89233018CNR000004_8900_-NONE-_-NONE-,292026551,987830,155341,2024-11-14,2025,73080.0,"DUBOSE NATIONAL ENERGY SERVICES, INC.",WELD WIRE
CONT_AWD_89233018CNR000004_8900_-NONE-_-NONE-,292026551,991848,155578,2024-11-14,2025,31641.24,"PITTSBURGH FLUID SYSTEMS, LLC",JOHNS - USSTP SWAGELOK VALVES
CONT_AWD_89233018CNR000004_8900_-NONE-_-NONE-,292026551,999311,155412,2024-11-14,2025,48804.34,COLOSSAL CONTRACTING LLC,FY25 AUKUS TACLANES
CONT_AWD_89233018CNR000004_8900_-NONE-_-NONE-,292026551,2309997,155491,2024-11-15,2025,94785.0,KABAR MANUFACTURING CORP.,NNSY - BUILDING 70 SAIL LOFT HEAT-SEALING MACHINE
CONT_AWD_89233018CNR000004_8900_-NONE-_-NONE-,292026551,2297542,155611,2024-11-18,2025,97600.0,THERMO CIDTEC INC,BELL - VES IMAGER HEADS AND CCU
CONT_AWD_89233018CNR000004_8900_-NONE-_-NONE-,292026551,2301443,155534,2024-11-18,2025,159830.0,HACH COMPANY,SUPPLIER SHALL PROVIDE THE FOLLOWING ITEMS IN ACCORDANCE WITH THE ATTACHED ADMIN
CONT_AWD_89233018CNR000004_8900_-NONE-_-NONE-,292026551,2306861,155458,2024-11-18,2025,95798.1,"TESTFORCE USA, INC.","THE SUPPLIER SHALL FURNISH THE NECESSARY LABOR, SUPERVISION, SERVICES, TOOLS, EQ"
CONT_AWD_89233018CNR000004_8900_-NONE-_-NONE-,292026551,2305293,155469,2024-11-19,2025,215320.0,"LINTECH MOTION CONTROL, INC",LINTECH SLIDE ORDER
CONT_AWD_89233018CNR000004_8900_-NONE-_-NONE-,292026551,2306678,155413,2024-11-19,2025,31070.0,"OPERATION TECHNOLOGY, INC.","ETAP SOFTWARE - ANNUAL MAINTENANCE CONSISTS OF PROGRAM UPGRADES, UPDATES, TECHNI"
CONT_AWD_89233018CNR000004_8900_-NONE-_-NONE-,292026551,980769,155332,2024-11-19,2025,286421.54,STERLING COMPUTERS CORPORATION,STORAGE AND SERVERS
CONT_AWD_89233018CNR000004_8900_-NONE-_-NONE-,292026551,982071,155537,2024-11-19,2025,44179.77,STERLING COMPUTERS CORPORATION,BA BMC AIS HARDWARE
CONT_AWD_89233018CNR000004_8900_-NONE-_-NONE-,292026551,982227,155185,2024-11-19,2025,1233390.0,"GARTNER, INC.",GARTNER CONSULTING FY25
CONT_AWD_89233018CNR000004_8900_-NONE-_-NONE-,292026551,984913,155354,2024-11-19,2025,157000.0,"NETZSCH INSTRUMENTS NORTH AMERICA, LLC",PROCUREMENT OF NETZSCH DSC 404 F1/F3 DUEL FURNACE SYSTEM WITH A RHODIUM FURNACE
CONT_AWD_89233018CNR000004_8900_-NONE-_-NONE-,292026551,987945,155441,2024-11-19,2025,122994.9,STERLING COMPUTERS CORPORATION,FY25 NNTP: VDI LICENSE\MAINTENANCE
CONT_AWD_89233018CNR000004_8900_-NONE-_-NONE-,292026551,992608,155442,2024-11-19,2025,51228.4,COLOSSAL CONTRACTING LLC,FY25 NNTP: SINGLEMODE 100GB OPTICS (UPLINK UPGRADE)
CONT_AWD_89233018CNR000004_8900_-NONE-_-NONE-,292026551,993028,155536,2024-11-19,2025,62005.0,"WESTWIND COMPUTER PRODUCTS, INC.",FY 2025 NNPTC PRINTERS
CONT_AWD_89233018CNR000004_8900_-NONE-_-NONE-,292026551,993175,155500,2024-11-19,2025,137600.0,BNC CORP.,ALTERNATIVE DETECTOR
CONT_AWD_89233018CNR000004_8900_-NONE-_-NONE-,292026551,998403,155443,2024-11-19,2025,230281.86,COLOSSAL CONTRACTING LLC,FY25 NNTP: CISCO SUP-2XL FOR C9400
CONT_AWD_89233018CNR000004_8900_-NONE-_-NONE-,292026551,1001424,155411,2024-11-20,2025,100698.18,COLOSSAL CONTRACTING LLC,BETTIS CLASSIFIED ISLANDS PROCUREMENT
CONT_AWD_89233018CNR000004_8900_-NONE-_-NONE-,292026551,2302124,155036,2024-11-20,2025,284968.0,MARCOM LLC,CHEMICAL MANAGEMENT
CONT_AWD_89233018CNR000004_8900_-NONE-_-NONE-,292026551,2307069,155451,2024-11-20,2025,44652.72,ENERGYSOLUTIONS FEDERAL SUPPORT LLC,ENERGYSOLUTIONS MIXED WASTE LLRW - TREATMENT AND TRANSPORTATION - DECEMBER 2024
CONT_AWD_89233018CNR000004_8900_-NONE-_-NONE-,292026551,2308524,155450,2024-11-20,2025,40190.03,ENERGYSOLUTIONS FEDERAL SUPPORT LLC,ENERGYSOLUTIONS MIXED WASTE LLRW - DISPOSAL - DECEMBER 2024
CONT_AWD_89233018CNR000004_8900_-NONE-_-NONE-,292026551,994238,155627,2024-11-20,2025,65133.0,INDUSTRIAL FLOW NORTH AMERICA LLC,SUPPLIER SHALL PROVIDE THE FOLLOWING ITEMS IN ACCORDANCE WITH THE ATTACHED ADMIN
CONT_AWD_89233018CNR000004_8900_-NONE-_-NONE-,292026551,994401,155406,2024-11-20,2025,302553.24,DYNAMIC SYSTEMS INC,FY25 ORACLE PLM MAINTENANCE AND SUPPORT
CONT_AWD_89233018CNR000004_8900_-NONE-_-NONE-,292026551,1000380,155574,2024-11-21,2025,147784.0,"WESTWIND COMPUTER PRODUCTS, INC.",FY 2025 NNPTC COMMVAULT APPLIANCE
CONT_AWD_89233018CNR000004_8900_-NONE-_-NONE-,292026551,1002533,155629,2024-11-21,2025,33917.0,FABER ASSOCIATES INC,RUSSO - PALM III PARKER PRODUCTION COMPONENTS CONTINUED
CONT_AWD_89233018CNR000004_8900_-NONE-_-NONE-,292026551,2303034,7019480,2024-11-21,2025,101295.0,"BEARDSLEY DESIGN ASSOCIATES ARCHITECTURE, ENGINEERING, LANDSCAPE ARCHITECTURE, D.P.C.",FIELD FOLLOW AND COMMISSIONING FOR CCF E10-105 HPC FY25 RENOVATION
CONT_AWD_89233018CNR000004_8900_-NONE-_-NONE-,292026551,2305288,154581,2024-11-21,2025,1383100.0,FEI COMPANY,REPLACEMENT SCANNING ELECTRON MICROSCOPE (SEM) FOR THE KAPL LOW LEVEL EXAM FACIL
CONT_AWD_89233018CNR000004_8900_-NONE-_-NONE-,292026551,983324,154384,2024-11-21,2025,34893.48,B M KRAMER & COMPANY INC,CSENDES - 304 SS / A600 PIPE AND TUBING
CONT_AWD_89233018CNR000004_8900_-NONE-_-NONE-,292026551,995612,155274,2024-11-21,2025,146070.0,"I. MILLER PRECISION OPTICAL INSTRUMENTS, INC.",PROCUREMENT OF ONE (1) LEICA DMI8 MICROSCOPE WITH ACCESSORIES
CONT_AWD_89233018CNR000004_8900_-NONE-_-NONE-,292026551,995964,155228,2024-11-21,2025,4736143.0,GRM KONTRACTING LLC,BETTIS O AND M WAREHOUSE MODIFICATIONS
CONT_AWD_89233018CNR000004_8900_-NONE-_-NONE-,292026551,997587,154534,2024-11-21,2025,1059392.51,COLOSSAL CONTRACTING LLC,GICNET REMOTE SITE CABINET INTEGRATION
CONT_AWD_89233018CNR000004_8900_-NONE-_-NONE-,292026551,998045,155365,2024-11-25,2025,61164.12,KIN-TECH MFG INC,EICHNER - MACHINING TEST SPECIMENS FROM GMA-DED 316LSI BLOCKS WITH DIFFERENT IN-
CONT_AWD_89233018CNR000004_8900_-NONE-_-NONE-,292026551,2301288,155246,2024-11-26,2025,184500.0,TECPLOT INC,FY2025 TECPLOT LICENSE RENEWAL
CONT_AWD_89233018CNR000004_8900_-NONE-_-NONE-,292026551,2302556,155220,2024-11-26,2025,182960.0,ERIE TECHNICAL SYSTEMS INC,KRANZ - LARGE HIP FEED AND BLEED PANEL
CONT_AWD_89233018CNR000004_8900_-NONE-_-NONE-,292026551,2308056,155230,2024-11-26,2025,75054.56,REPEAT BUSINESS SYSTEMS INC,FMP MULTI-FUNCTION DEVICES (MFD) LEASE [FY25]
CONT_AWD_89233018CNR000004_8900_-NONE-_-NONE-,292026551,2308630,140349-0235,2024-11-26,2025,42398.4,"O'CONNELL ELECTRIC COMPANY, INC.",DATA COMMUNICATION NETWORK INFRASTRUCTURE FOR KNOLLS AND KESSELRING SITES
CONT_AWD_89233018CNR000004_8900_-NONE-_-NONE-,292026551,987698,155516,2024-11-26,2025,47277.75,STERLING COMPUTERS CORPORATION,NRPR 2504E_BLDG IT HARDWARE
CONT_AWD_89233018CNR000004_8900_-NONE-_-NONE-,292026551,990395,155260,2024-11-26,2025,98320.0,ABM ELECTRICAL POWER SOLUTIONS LLC,BETTIS SITE ELECTRICAL MAINTENANCE
CONT_AWD_89233018CNR000004_8900_-NONE-_-NONE-,292026551,993722,155626,2024-11-26,2025,52937.2,GEORGIA EXPOSITION MANUFACTURING CORPORATION,AT BUILDING ROOF BALLAST
CONT_AWD_89233018CNR000004_8900_-NONE-_-NONE-,292026551,995022,155727,2024-11-26,2025,35520.0,"WESTWIND COMPUTER PRODUCTS, INC.",IT PERIPHERALS
CONT_AWD_89233018CNR000004_8900_-NONE-_-NONE-,292026551,995111,155728,2024-11-26,2025,43169.0,"WESTWIND COMPUTER PRODUCTS, INC.",IT PERIPHERALS
CONT_AWD_89233018CNR000004_8900_-NONE-_-NONE-,292026551,997068,155231,2024-11-26,2025,313327.4,"VIDEO DYNAMICS, INC.",FY25 VDI - VBRICK INFRASTRUCTURE LICENSING / SUPPORT & MAINT / CONSULTING BUNDLE
CONT_AWD_89233018CNR000004_8900_-NONE-_-NONE-,292026551,2301118,155544,2024-11-27,2025,41065.2,APPLIED FLOW TECHNOLOGY LLC,IMPULSE SOFTWARE - REPSHER
CONT_AWD_89233018CNR000004_8900_-NONE-_-NONE-,292026551,2302649,149899,2024-11-27,2025,929840.0,INFORMATION MANAGEMENT GROUP INCORPORATED,DIGITAL PRODUCT DATA ARCHITECTURE ONSITE SERVICES (DOE-L CLEARED)
CONT_AWD_89233018CNR000004_8900_-NONE-_-NONE-,292026551,996489,150734-0044,2024-11-27,2025,49894.62,"DAVIES OFFICE REFURBISHING, INC.",PROVIDE MODULAR FURNITURE IN ACCORDANCE WITH FMP MODULAR FURNITURE SPECIFICATION
CONT_AWD_89233018CNR000004_8900_-NONE-_-NONE-,292026551,980301,155243,2024-12-02,2025,136617.2,THERMO-CALC SOFTWARE INC.,THERMO-CALC SOFTWARE MAINTENANCE AND SUPPORT COVERING 1/1/2025 TO 12/31/2025
CONT_AWD_89233018CNR000004_8900_-NONE-_-NONE-,292026551,2300591,155639,2024-12-03,2025,37350.0,RELX INC.,LEXIS NEXIS
CONT_AWD_89233018CNR000004_8900_-NONE-_-NONE-,292026551,980046,141056-0016,2024-12-03,2025,36747.36,"LABORATORY TESTING, LLC",WA24HAW028 - CHARPY & TENSILE SPECIMENS
CONT_AWD_89233018CNR000004_8900_-NONE-_-NONE-,292026551,1003428,155622,2024-12-04,2025,204580.0,DAC WORLDWIDE LLC,BMC NF - DISSECTIBLE PUMPS AND DC MOTOR CUTAWAY
CONT_AWD_89233018CNR000004_8900_-NONE-_-NONE-,292026551,2298330,7019478,2024-12-04,2025,39870.0,BAKER AND ASSOCIATES,WATER UTILITIES AS-BUILTS  TOA 406
CONT_AWD_89233018CNR000004_8900_-NONE-_-NONE-,292026551,2300632,155532,2024-12-04,2025,70308.0,"MHF PACKAGING SOLUTIONS, LLC","722423-4 FT. X 4 FT. X 6 FT. STEEL BOX WITH 14 CLIPS, NO SECURITY TABS ON BOX &"
CONT_AWD_89233018CNR000004_8900_-NONE-_-NONE-,292026551,2303364,154812,2024-12-04,2025,67420.05,HARRINGTON INDUSTRIAL PLASTICS LLC,FY24 CWS TANKS
CONT_AWD_89233018CNR000004_8900_-NONE-_-NONE-,292026551,2306206,155348,2024-12-04,2025,474750.0,ELECTRIC POWER RESEARCH INSTITUTE INC,EPRI CONSORTIUM MEMBERSHIP RENEWAL
CONT_AWD_89233018CNR000004_8900_-NONE-_-NONE-,292026551,981467,154892,2024-12-04,2025,9480000.0,AMERICAN CRANE & EQUIPMENT CORP,CRANES E1 AND E4 REPLACEMENT PROJECT
CONT_AWD_89233018CNR000004_8900_-NONE-_-NONE-,292026551,992487,155774,2024-12-04,2025,44190.0,"WESTWIND COMPUTER PRODUCTS, INC.",IT PERIPHERALS
CONT_AWD_89233018CNR000004_8900_-NONE-_-NONE-,292026551,996292,155565,2024-12-04,2025,230012.0,"VIDEO DYNAMICS, INC.",FY25 VDI - PEXIP INFRASTRUCTURE SOFTWARE & PREMIUM SUPPORT/SERVICES BUNDLE
CONT_AWD_89233018CNR000004_8900_-NONE-_-NONE-,292026551,1000732,155695,2024-12-05,2025,54540.0,EPSILON TECHNOLOGY CORPORATION,EPSILON - EXTENSOMETER CLIP GAGES
CONT_AWD_89233018CNR000004_8900_-NONE-_-NONE-,292026551,2303954,155356,2024-12-09,2025,57420.37,"ALBANY VALVE & FITTING CO., INC.",TF-116 FILL AND DRAIN - SHIP ITEMS AS AVAILABLE
CONT_AWD_89233018CNR000004_8900_-NONE-_-NONE-,292026551,2305927,155770,2024-12-09,2025,32400.0,BONNEVILLE INDUSTRIAL SUPPLY CO,"201534-TAPE, 3M TAPE RED NUCLEAR GRADE, 2 WIDE;  TWO YEAR SHELF LIFE. P/N: 8979"
CONT_AWD_89233018CNR000004_8900_-NONE-_-NONE-,292026551,993210,155467,2024-12-09,2025,43000.0,"TELEDYNE INSTRUMENTS, INC.",ROSALES - UNDERWATER CABLES/CONNECTORS - 10-07-24
CONT_AWD_89233018CNR000004_8900_-NONE-_-NONE-,292026551,1003959,155489,2024-12-10,2025,259372.0,"HITACHI HIGH TECHNOLOGIES AMERICA, INC",HITACHI ION MILLING SYSTEM
CONT_AWD_89233018CNR000004_8900_-NONE-_-NONE-,292026551,2300219,154490-0002,2024-12-10,2025,380027.34,GEL LABORATORIES LLC,LABORATORY ANALYTICAL SERVICES AT THE KNOLLS LABORATORY AND KESSELRING SITE
CONT_AWD_89233018CNR000004_8900_-NONE-_-NONE-,292026551,2303992,152994-0024,2024-12-10,2025,36865.0,GEL LABORATORIES LLC,NNL BIO ASSAY
CONT_AWD_89233018CNR000004_8900_-NONE-_-NONE-,292026551,2306832,7019476,2024-12-10,2025,311936.21,"SAGE ENGINEERING ASSOCIATES, LLP",TOA-174 KNOLLS FIREHOUSE PERFORMANCE SPECIFICATION AND GEOTECH
CONT_AWD_89233018CNR000004_8900_-NONE-_-NONE-,292026551,983586,155612,2024-12-10,2025,198022.0,SCOT FORGE COMPANY,TACKES - RE-FORGE AND TEST 10 NI RING
CONT_AWD_89233018CNR000004_8900_-NONE-_-NONE-,292026551,996824,155570,2024-12-10,2025,33716.0,"WESTWIND COMPUTER PRODUCTS, INC.",FY25 NNTP HPE VDI SERVERS SUPPORT RENEWAL
CONT_AWD_89233018CNR000004_8900_-NONE-_-NONE-,292026551,2296454,155618,2024-12-11,2025,51500.0,"EXTENDE, INC.",RENEW LICENSE FOR EXTEND?S CIVA SIMULATION SOFTWARE.
CONT_AWD_89233018CNR000004_8900_-NONE-_-NONE-,292026551,2302200,155842,2024-12-11,2025,68948.84,TIGER-VAC INC.,TIGER VAC
CONT_AWD_89233018CNR000004_8900_-NONE-_-NONE-,292026551,2304900,155545,2024-12-11,2025,69635.0,CREAFORM USA INC,PURCHASE OF CREAFORM HANDYSCAN BLACK ELITE
CONT_AWD_89233018CNR000004_8900_-NONE-_-NONE-,292026551,2305826,140349-0242,2024-12-11,2025,42601.7,"O'CONNELL ELECTRIC COMPANY, INC.",DATA COMMUNICATION NETWORK INFRASTRUCTURE FOR KNOLLS AND KESSELRING SITES
CONT_AWD_89233018CNR000004_8900_-NONE-_-NONE-,292026551,2308106,155401,2024-12-11,2025,206457.17,"ENVIRONMENTAL SYSTEMS RESEARCH INSTITUTE, INC.",ESRI SOFTWARE SUITE
CONT_AWD_89233018CNR000004_8900_-NONE-_-NONE-,292026551,2310071,155568,2024-12-11,2025,166600.0,PROCESS OPTIMIZATION CORP,FRANC3D 2025 MAINTENANCE FOR BETTIS AND KNOLLS SITES
CONT_AWD_89233018CNR000004_8900_-NONE-_-NONE-,292026551,985899,155625,2024-12-11,2025,1023022.0,"XENTEGRA-GOV, LLC",FY25 CITRIX
CONT_AWD_89233018CNR000004_8900_-NONE-_-NONE-,292026551,987630,155617,2024-12-11,2025,95952.34,STERLING COMPUTERS CORPORATION,HIGH PERFORMANCE COMPUTING SOFTWARE
CONT_AWD_89233018CNR000004_8900_-NONE-_-NONE-,292026551,2298171,155569,2024-12-12,2025,150702.0,"CRYSTAL GROUP, INC",FY25 SBIT SDLP 2.1
CONT_AWD_89233018CNR000004_8900_-NONE-_-NONE-,292026551,2299226,155619,2024-12-12,2025,132440.0,ENGYS LTD,FY 25 HELYX LICENSE/MAINTENANCE RENEWAL
CONT_AWD_89233018CNR000004_8900_-NONE-_-NONE-,292026551,2301284,7019475,2024-12-12,2025,490180.0,"BEARDSLEY DESIGN ASSOCIATES ARCHITECTURE, ENGINEERING, LANDSCAPE ARCHITECTURE, D.P.C.",TOA 52 - CLASSIFIED ISLANDS DETAIL DESIGN
CONT_AWD_89233018CNR000004_8900_-NONE-_-NONE-,292026551,2307307,155781,2024-12-12,2025,98875.67,FLUKE ELECTRONICS CORP,PURCHASE NEW 5560A/1G CALIBRATOR (WITH A TRADE-IN) AND SUPPORTING GOLD CARE
CONT_AWD_89233018CNR000004_8900_-NONE-_-NONE-,292026551,2308266,146934-0019,2024-12-12,2025,94738.67,"INFORMATION SYSTEMS LABORATORIES, INC",ISL MASTER AGREEMENT FOR SNAP SOFTWARE
CONT_AWD_89233018CNR000004_8900_-NONE-_-NONE-,292026551,990618,155203,2024-12-12,2025,115000.0,"HI-TEST LABORATORIES, INC.",HRESKO - MIL-S-901D LIGHTWEIGHT SHOCK MACHINE
CONT_AWD_89233018CNR000004_8900_-NONE-_-NONE-,292026551,991741,155621,2024-12-12,2025,98999.0,EDDYFI CORP,LICENSE UPGRADE FOR ULTRAVISION 3
CONT_AWD_89233018CNR000004_8900_-NONE-_-NONE-,292026551,2301889,155697,2024-12-13,2025,76702.95,EMPIRE MAGNETICS INC.,EMPIRE MAGNETICS RAD HARD MOTORS
CONT_AWD_89233018CNR000004_8900_-NONE-_-NONE-,292026551,2303036,153848,2024-12-13,2025,2216526.0,VIEWPOINT SYSTEMS INC,DHC TEST STAND
CONT_AWD_89233018CNR000004_8900_-NONE-_-NONE-,292026551,985143,155311,2024-12-13,2025,55559.68,"TDY INDUSTRIES, LLC",ALLOY 600 HIP POWDER
CONT_AWD_89233018CNR000004_8900_-NONE-_-NONE-,292026551,997942,150734-0046,2024-12-13,2025,96900.08,"DAVIES OFFICE REFURBISHING, INC.",PROVIDE MODULAR FURNITURE IN ACCORDANCE WITH FMP MODULAR FURNITURE SPECIFICATION
CONT_AWD_89233018CNR000004_8900_-NONE-_-NONE-,292026551,1002169,155609,2024-12-16,2025,33000.0,"THE MODAL SHOP, INC.",MODAL SHOP MODEL 9155D-919HIGH RANGE MICROPHONE COMPARISON CALIBRATOR
CONT_AWD_89233018CNR000004_8900_-NONE-_-NONE-,292026551,2299412,154998,2024-12-16,2025,165600.0,BLUE TECH INC.,SAP SUSTAINMENT SERVICES (FY25 - 29)
CONT_AWD_89233018CNR000004_8900_-NONE-_-NONE-,292026551,986774,155809,2024-12-16,2025,60250.0,"XENTEGRA-GOV, LLC",FY25 CITRIX PROFESSIONAL SERVICES
CONT_AWD_89233018CNR000004_8900_-NONE-_-NONE-,292026551,2301688,155656,2024-12-17,2025,99660.74,"PRIME MACHINE, INC.",A1G BUFFERING MRC MAINTENANCE STAND FABRICATION
CONT_AWD_89233018CNR000004_8900_-NONE-_-NONE-,292026551,981396,155884,2024-12-17,2025,48315.87,"AGGREKO, LLC",G-BUILDING COOLING TOWER RENTAL
CONT_AWD_89233018CNR000004_8900_-NONE-_-NONE-,292026551,982666,155793,2024-12-17,2025,56375.0,SENTRY EQUIPMENT CORP.,SUPPLIER SHALL PROVIDE THE FOLLOWING ITEMS IN ACCORDANCE WITH THE ATTACHED ADMIN
CONT_AWD_89233018CNR000004_8900_-NONE-_-NONE-,292026551,997695,155654,2024-12-17,2025,33450.0,"ADVANCED PRECISION MACHINING, INC",M-140 CLEANING LANCE CONTAINMENT SLEEVE ASSEMBLY
CONT_AWD_89233018CNR000004_8900_-NONE-_-NONE-,292026551,2298190,7019481,2024-12-18,2025,123627.48,BAKER AND ASSOCIATES,TOA 417 ITEM 3 AE FIELD FOLLOW - JOB 1361 TRANSPORTER TRANSFER PATH PROJECT
CONT_AWD_89233018CNR000004_8900_-NONE-_-NONE-,292026551,2299967,154037-0001,2024-12-18,2025,40000.0,VEOLIA ENVIRONMENTAL SERVICES (AUSTRALIA) PTY LTD,KNOLLS & KESSELRING NON-BULK HAZARDOUS WASTE BLANKET PURCHASE AGREEMENT
CONT_AWD_89233018CNR000004_8900_-NONE-_-NONE-,292026551,2302624,155657,2024-12-18,2025,32468.24,"STANTON INDUSTRIAL ELECTRIC SUPPLY, INC","THE SUPPLIER SHALL FURNISH THE NECESSARY LABOR, SUPERVISION, SERVICES, TOOLS, EQ"
CONT_AWD_89233018CNR000004_8900_-NONE-_-NONE-,292026551,2308775,155752,2024-12-18,2025,124050.0,"MATERIALS DESIGN, INC.",MEDEA SOFTWARE ANNUAL MAINTENANCE RENEWAL
CONT_AWD_89233018CNR000004_8900_-NONE-_-NONE-,292026551,2309067,155497,2024-12-18,2025,291784.0,"CONCEPTS NREC, LLC",FY 2025 CONCEPTSNREC TURBOMACHINERY SUITE LICENSE RENEWAL
CONT_AWD_89233018CNR000004_8900_-NONE-_-NONE-,292026551,2309441,7019472,2024-12-18,2025,130677.89,"SAGE ENGINEERING ASSOCIATES, LLP",TOA-120 RML HVAC & SIDING STRUCTURAL ANALYSIS DETAIL DESIGN
CONT_AWD_89233018CNR000004_8900_-NONE-_-NONE-,292026551,980185,155689,2024-12-18,2025,30715.0,ADVANTAGE ENGINEERING INC,"THE SUPPLIER SHALL FURNISH THE NECESSARY LABOR, SUPERVISION, SERVICES, TOOLS, EQ"
CONT_AWD_89233018CNR000004_8900_-NONE-_-NONE-,292026551,989226,140859-0050,2024-12-18,2025,40950.0,"DEPENDABLE TOOL & DIE CO., INC.",WA24HAW016 - KNIFE EDGE & SPECIMEN BRACKET
CONT_AWD_89233018CNR000004_8900_-NONE-_-NONE-,292026551,990770,155750,2024-12-18,2025,78786.0,"LAVISION, INC.",LAVISION DAVIS 11 SOFTWARE UPGRADE
CONT_AWD_89233018CNR000004_8900_-NONE-_-NONE-,292026551,2301588,155107,2024-12-19,2025,118039.0,"COPYRIGHT CLEARANCE CENTER, INC.",*FY25* COPYRIGHT CLEARANCE CENTER & MOTION PICTURE
CONT_AWD_89233018CNR000004_8900_-NONE-_-NONE-,292026551,2302452,155179,2024-12-19,2025,48373.0,SPEEDGOAT INC,SPEEDGOAT PERFORMANCE REAL-TIME TARGET MACHINE (P3)
CONT_AWD_89233018CNR000004_8900_-NONE-_-NONE-,292026551,2310161,140349-0251,2024-12-19,2025,178121.6,"O'CONNELL ELECTRIC COMPANY, INC.",DATA COMMUNICATION NETWORK INFRASTRUCTURE FOR KNOLLS AND KESSELRING SITES
CONT_AWD_89233018CNR000004_8900_-NONE-_-NONE-,292026551,980787,155754,2024-12-19,2025,107709.76,STERLING COMPUTERS CORPORATION,FY25 LAKEFS ENTERPRISE
CONT_AWD_89233018CNR000004_8900_-NONE-_-NONE-,292026551,982686,155284,2024-12-19,2025,665140.98,SOLUTE,FY25 LIGHTHOUSE CONTRACTOR SERVICES
CONT_AWD_89233018CNR000004_8900_-NONE-_-NONE-,292026551,993281,155738,2024-12-19,2025,374097.74,COLOSSAL CONTRACTING LLC,GICNET PHASE 1.5 SERVICES
CONT_AWD_89233018CNR000004_8900_-NONE-_-NONE-,292026551,993508,155815,2024-12-19,2025,61956.4,COLOSSAL CONTRACTING LLC,NRPR 2522E - LAPTOPS
CONT_AWD_89233018CNR000004_8900_-NONE-_-NONE-,292026551,995352,153750-0001,2024-12-19,2025,294968.0,DICK BUILDING CO LLC,1717 GENERAL CONSTRUCTION
CONT_AWD_89233018CNR000004_8900_-NONE-_-NONE-,292026551,998587,155505,2024-12-19,2025,586587.83,COLOSSAL CONTRACTING LLC,FY25 TRELLIX RENEWAL
CONT_AWD_89233018CNR000004_8900_-NONE-_-NONE-,292026551,1000789,155851,2024-12-20,2025,63394.1,MDA PRECISION LLC,REPLACEMENT CAMERA ASSEMBLIES FOR PRECISION SPECIMEN NOTCHER
CONT_AWD_89233018CNR000004_8900_-NONE-_-NONE-,292026551,981441,155777,2024-12-20,2025,64676.0,"GARTNER, INC.",GARTNER TECHNICAL CONSULTATION
CONT_AWD_89233018CNR000004_8900_-NONE-_-NONE-,292026551,982046,154153,2024-12-20,2025,630000.0,"DEPENDABLE TOOL & DIE CO., INC.",TEST ARTICLE 4
CONT_AWD_89233018CNR000004_8900_-NONE-_-NONE-,292026551,985253,155463,2024-12-20,2025,35520.0,"UNITED RENTALS (NORTH AMERICA), INC.",JLG 1500 AJP MAN LIFT RENTAL
CONT_AWD_89233018CNR000004_8900_-NONE-_-NONE-,292026551,997710,155215-0001,2024-12-20,2025,4319690.0,"WESTWIND COMPUTER PRODUCTS, INC.",FY25 LAPTOP BULK BUY
CONT_AWD_89233018CNR000004_8900_-NONE-_-NONE-,292026551,999439,155730,2024-12-20,2025,43466.0,"WESTWIND COMPUTER PRODUCTS, INC.",FY25 ACCESS DEVICE BULK BUY LEAD UNITS
CONT_AWD_89233018CNR000004_8900_-NONE-_-NONE-,292026551,1004168,155253,2024-12-23,2025,1318700.0,"PLANK, LLC",CCF E10-105 HPC FY25 RENOVATION
CONT_AWD_89233018CNR000004_8900_-NONE-_-NONE-,292026551,2309094,155312,2024-12-29,2025,40226.25,"A. BLAIR POWELL COMPANY, INC.",RELIEF VALVES - OSMAN
CONT_AWD_89233018CNR000004_8900_-NONE-_-NONE-,292026551,2298462,154037-0002,2024-12-31,2025,63723.0,VEOLIA ENVIRONMENTAL SERVICES (AUSTRALIA) PTY LTD,KNOLLS & KESSELRING NON-BULK HAZARDOUS WASTE BLANKET PURCHASE AGREEMENT
CONT_AWD_89233018CNR000004_8900_-NONE-_-NONE-,292026551,984962,155395,2024-12-31,2025,75879.0,SAFETY FIRST FIRE EQUIPMENT,FIRE SUPPRESSION AND FIRE EXTINGUISHER ITM (BETTIS)
CONT_AWD_89233018CNR000004_8900_-NONE-_-NONE-,292026551,986721,155907,2025-01-02,2025,30891.4,STERLING COMPUTERS CORPORATION,STERLING COMPUTERS CORP
CONT_AWD_89233018CNR000004_8900_-NONE-_-NONE-,292026551,2298636,155753,2025-01-08,2025,179024.18,"DLT SOLUTIONS, LLC",DLT SOLUTIONS LLC
CONT_AWD_89233018CNR000004_8900_-NONE-_-NONE-,292026551,2299154,155755,2025-01-08,2025,103288.85,"DLT SOLUTIONS, LLC",DLT SOLUTIONS LLC
CONT_AWD_89233018CNR000004_8900_-NONE-_-NONE-,292026551,991053,155759,2025-01-08,2025,213960.0,STERLING COMPUTERS CORPORATION,STERLING COMPUTERS CORP
CONT_AWD_89233018CNR000004_8900_-NONE-_-NONE-,292026551,2304778,156001,2025-01-14,2025,34425.79,GOENGINEER LLC,GOENGINEER LLC
CONT_AWD_89233018CNR000004_8900_-NONE-_-NONE-,292026551,1003203,155719,2025-01-16,2025,517821.99,"AGSI, LLC",AGSI
CONT_AWD_89233018CNR000004_8900_-NONE-_-NONE-,292026551,991046,155819,2025-01-17,2025,38772.0,STERLING COMPUTERS CORPORATION,STERLING COMPUTERS CORP
CONT_AWD_89233018CNR000004_8900_-NONE-_-NONE-,292026551,2309460,156057,2025-01-21,2025,79445.17,ENERGYSOLUTIONS FEDERAL SUPPORT LLC,ENERGY SOLUTIONS
CONT_AWD_89233018CNR000004_8900_-NONE-_-NONE-,292026551,1002261,156015,2025-01-22,2025,57570.0,"AGSI, LLC",AGSI
CONT_AWD_89233018CNR000004_8900_-NONE-_-NONE-,292026551,2306139,155982,2025-01-23,2025,32642.0,"JPW DESIGN & MANUFACTURING, INC",JPW DESIGN AND MANUFACTURING I
CONT_AWD_89233018CNR000004_8900_-NONE-_-NONE-,292026551,991884,155508,2025-01-23,2025,32601.02,STERLING COMPUTERS CORPORATION,STERLING COMPUTERS CORP
CONT_AWD_89233018CNR000004_8900_-NONE-_-NONE-,292026551,2308149,155944,2025-01-27,2025,217059.0,UNIVERSITY OF TENNESSEE,UNIVERSITY OF TENNESSEE
CONT_AWD_89233018CNR000004_8900_-NONE-_-NONE-,292026551,988972,156119,2025-01-27,2025,63790.42,"PITTSBURGH FLUID SYSTEMS, LLC",PITTSBURGH FLUID SYSTEMS LLC D
CONT_AWD_89233018CNR000004_8900_-NONE-_-NONE-,292026551,994456,155988,2025-01-27,2025,64927.6,KURT J LESKER CO,KURT J LESKER COMPANY
CONT_AWD_89233018CNR000004_8900_-NONE-_-NONE-,292026551,980618,148141,2025-01-28,2025,42000.0,CROWN CASTLE FIBER LLC,CROWN CASTLE FIBER LLC
CONT_AWD_89233018CNR000004_8900_-NONE-_-NONE-,292026551,988206,156029,2025-01-28,2025,34655.6,EASTERN POWER TECHNOLOGIES INC,EASTERN POWER TECHNOLOGIES INC
CONT_AWD_89233018CNR000004_8900_-NONE-_-NONE-,292026551,1002296,156030,2025-01-30,2025,37397.28,CLAYTON ENGINEERING CO,CLAYTON ENGINEERING CO
CONT_AWD_89233018CNR000004_8900_-NONE-_-NONE-,292026551,2303066,155999,2025-01-30,2025,2039107.95,"DH TECHNOLOGIES, INC.",DH TECHNOLOGIES LLC
CONT_AWD_89233018CNR000004_8900_-NONE-_-NONE-,292026551,2306150,155918,2025-01-30,2025,95490.36,"TESTFORCE USA, INC.",TESTFORCE USA
CONT_AWD_89233018CNR000004_8900_-NONE-_-NONE-,292026551,2306519,156013,2025-01-30,2025,229678.06,"TESTFORCE USA, INC.",TESTFORCE USA
CONT_AWD_89233018CNR000004_8900_-NONE-_-NONE-,292026551,989071,156109,2025-01-30,2025,134904.0,STERLING COMPUTERS CORPORATION,STERLING COMPUTERS CORP
CONT_AWD_89233018CNR000004_8900_-NONE-_-NONE-,292026551,10413932,137088-0005,2025-04-28,2025,1903850.14,GE VERNOVA OPERATIONS LLC,GENERAL ELECTRIC MASTER AGREEMENT IN ACCORDANCE TO TECHNICAL AGREEMENT
CONT_AWD_89233018CNR000004_8900_-NONE-_-NONE-,292026551,10413931,155070_WR1,2025-04-29,2025,189418.84,GE VERNOVA OPERATIONS LLC,GENERAL ELECTRIC MASTER AGREEMENT IN ACCORDANCE TO TECHNICAL SPECIFICATION
CONT_AWD_89233018CNR000004_8900_-NONE-_-NONE-,292026551,10413933,137088-0004,2025-04-29,2025,3749415.84,GE VERNOVA OPERATIONS LLC,GENERAL ELECTRIC MASTER AGREEMENT IN ACCORDANCE TO TECHNICAL SPECIFICATION
CONT_AWD_89233018CNR000004_8900_-NONE-_-NONE-,292026551,10388520,148469,2025-05-04,2025,52079465.0,KIEWIT POWER CONSTRUCTORS CO,CS-113
CONT_AWD_89233018CNR000004_8900_-NONE-_-NONE-,292026551,10482078,145325,2025-05-04,2025,55326944.0,MASCARO CONSTRUCTION CO LP,COMPONENT TEST COMPLEX (CTC) DESIGN-BUILD CONSTRUCTION
CONT_AWD_89233018CNR000004_8900_-NONE-_-NONE-,292026551,10482079,204338,2025-05-05,2025,5306000.0,MASCARO CONSTRUCTION CO LP,CAS / A5 RENOVATION
CONT_AWD_89233018CNR000004_8900_-NONE-_-NONE-,292026551,10388522,200155,2025-05-09,2025,96959439.0,KIEWIT POWER CONSTRUCTORS CO,CS-111G
CONT_AWD_89233018CNR000004_8900_-NONE-_-NONE-,292026551,10369263,200022,2025-05-19,2025,41520.0,VIEWPOINT SYSTEMS INC,VIEWPOINT SERVICE CONTRACT
CONT_AWD_89233018CNR000004_8900_-NONE-_-NONE-,292026551,10369260,200041,2025-05-20,2025,225680.0,"INSIGHT PIPE CONTRACTING, LLC",200041
CONT_AWD_89233018CNR000004_8900_-NONE-_-NONE-,292026551,10369261,200035,2025-05-20,2025,50450.0,"LAVISION, INC.",IMAGER CAMERAS
CONT_AWD_89233018CNR000004_8900_-NONE-_-NONE-,292026551,10369262,200034,2025-05-20,2025,36682.0,"MES SERVICE COMPANY, LLC",200034
CONT_AWD_89233018CNR000004_8900_-NONE-_-NONE-,292026551,10369641,200045,2025-05-20,2025,95750.0,"NAVEX GLOBAL, INC",200045
CONT_AWD_89233018CNR000004_8900_-NONE-_-NONE-,292026551,10368744,200057,2025-05-21,2025,948771.0,AGX INC,BETTIS ENVIRONMENTAL SAMPLING AND INDEPENDENT OVERSIGHT SERVICES
CONT_AWD_89233018CNR000004_8900_-NONE-_-NONE-,292026551,10369259,200058,2025-05-21,2025,424873.0,"OPTIVOR TECHNOLOGIES, LLC",NY PBX PHONE SUPPORT AND PATCHING
CONT_AWD_89233018CNR000004_8900_-NONE-_-NONE-,292026551,10368926,200083,2025-05-22,2025,81600.0,FACILITY SUPPORT SERVICES LLC,SCT-013 - AWARD
CONT_AWD_89233018CNR000004_8900_-NONE-_-NONE-,292026551,10369258,200078,2025-05-22,2025,265201.0,COLOSSAL CONTRACTING LLC,PO FOR OUTSTANDING INVOICE ON OLD HW SUPPORT PO 138328 WHICH WAS CLOSED.
CONT_AWD_89233018CNR000004_8900_-NONE-_-NONE-,292026551,10368759,200122,2025-05-27,2025,34511.0,APPLIED FLOW TECHNOLOGY LLC,200122
CONT_AWD_89233018CNR000004_8900_-NONE-_-NONE-,292026551,10368845,200015,2025-05-27,2025,189382.0,"COLUMBIA ENERGY & ENVIRONMENTAL SERVICES, INC.",MRC STORAGE STANDS
CONT_AWD_89233018CNR000004_8900_-NONE-_-NONE-,292026551,10368932,200000,2025-05-27,2025,1713190.0,"MICHAEL STAPLETON ASSOCIATES, LTD.",200000
CONT_AWD_89233018CNR000004_8900_-NONE-_-NONE-,292026551,10369256,200149,2025-05-27,2025,59371.0,EXCELCO/NEWBROOK INC,TS 150B COVERS
CONT_AWD_89233018CNR000004_8900_-NONE-_-NONE-,292026551,10369257,200089,2025-05-27,2025,60146.0,COLOSSAL CONTRACTING LLC,FY25 ITP F5 LICENSE RENEWAL
CONT_AWD_89233018CNR000004_8900_-NONE-_-NONE-,292026551,10369600,200133,2025-05-27,2025,181500.0,BAKER AND ASSOCIATES,200133
CONT_AWD_89233018CNR000004_8900_-NONE-_-NONE-,292026551,10369252,200019,2025-05-28,2025,33556.0,HEATH CONSULTANTS INC,METHANE DETECTORS
CONT_AWD_89233018CNR000004_8900_-NONE-_-NONE-,292026551,10369253,200161,2025-05-28,2025,43000.0,CUSTOM TOOL & MODEL CORP.,TEST ARTICLE 28
CONT_AWD_89233018CNR000004_8900_-NONE-_-NONE-,292026551,10369254,200147,2025-05-28,2025,32845.0,HI-Q ENVIRONMENTAL PRODUCTS CO INC,CHAUVIN � LDA MON. AIR SAMPLER � 3/7/25
CONT_AWD_89233018CNR000004_8900_-NONE-_-NONE-,292026551,10369255,200146,2025-05-28,2025,127224.0,SOLVUS GLOBAL LLC,GAS METAL ARC WELDING DEVELOPMENT
CONT_AWD_89233018CNR000004_8900_-NONE-_-NONE-,292026551,10369599,200151,2025-05-28,2025,233278.0,BAKER AND ASSOCIATES,200151
CONT_AWD_89233018CNR000004_8900_-NONE-_-NONE-,292026551,10368853,200166,2025-05-29,2025,193720.0,"VISION RESEARCH, INC",200166
CONT_AWD_89233018CNR000004_8900_-NONE-_-NONE-,292026551,10369248,200176,2025-05-29,2025,285000.0,COLOSSAL CONTRACTING LLC,VIDEO CONFERENCING MAINTENANCE
CONT_AWD_89233018CNR000004_8900_-NONE-_-NONE-,292026551,10369249,200157,2025-05-29,2025,55300.0,"RAINBOW RESEARCH OPTICS, LLC",TS-150B WINDOWS
CONT_AWD_89233018CNR000004_8900_-NONE-_-NONE-,292026551,10369250,200012,2025-05-29,2025,2139886.0,"SOUTHWORTH-MILTON, INC.",PREVENTATIVE AND CORRECTIVE MAINTENANCE ON KNOLLS DIESEL GENERATORS AND TRANSFER SWITCHES
CONT_AWD_89233018CNR000004_8900_-NONE-_-NONE-,292026551,10369251,200164,2025-05-29,2025,248596.0,SYNERTECH PM INC.,200164
CONT_AWD_89233018CNR000004_8900_-NONE-_-NONE-,292026551,10369244,200092,2025-05-30,2025,32430.0,"NORTHERN SPECIALTY METALS, INC.",ALLOY 625 PLATS
CONT_AWD_89233018CNR000004_8900_-NONE-_-NONE-,292026551,10369245,200134,2025-05-30,2025,67540.0,STERLING COMPUTERS CORPORATION,FY25 DOCAVE BACK UP AND RECOVERY MAINTENANCE RENEWAL
CONT_AWD_89233018CNR000004_8900_-NONE-_-NONE-,292026551,10369246,200155,2025-05-30,2025,1154736350.0,KIEWIT POWER CONSTRUCTORS CO,CONSTRUCTION SUBCONTRACT (CS)-111G BUILDING OUTFITTING
CONT_AWD_89233018CNR000004_8900_-NONE-_-NONE-,292026551,10369247,200020,2025-05-30,2025,4541588.0,COLOSSAL CONTRACTING LLC,SOC 24 / 7 SUBCONTRACTORS
CONT_AWD_89233018CNR000004_8900_-NONE-_-NONE-,292026551,10345022,200165,2025-06-02,2025,55825.0,"FLUOR MARINE PROPULSION, LLC",LEGND REFERENCE STANDARDS
CONT_AWD_89233018CNR000004_8900_-NONE-_-NONE-,292026551,10368724,200233,2025-06-02,2025,893150.0,"JOHNSON CONTROLS BUILDING AUTOMATION SYSTEMS, LLC",2537E
CONT_AWD_89233018CNR000004_8900_-NONE-_-NONE-,292026551,10369241,200165,2025-06-02,2025,55825.0,"ASTLEY PRECISION MACHINE COMPANY, INC.",LEGND REFERENCE STANDARDS
CONT_AWD_89233018CNR000004_8900_-NONE-_-NONE-,292026551,10369242,200264,2025-06-02,2025,223951.0,"BEARDSLEY DESIGN ASSOCIATES ARCHITECTURE, ENGINEERING, LANDSCAPE ARCHITECTURE, D.P.C.",TOA-13 COMMISSIONING STEAM MCP KNOLLS LABORATORY
CONT_AWD_89233018CNR000004_8900_-NONE-_-NONE-,292026551,10369243,200217,2025-06-02,2025,156000.0,POWDERS ON DEMAND LLC,A506 GRADE 4N PM-HIP BILLETS
CONT_AWD_89233018CNR000004_8900_-NONE-_-NONE-,292026551,10369729,200148,2025-06-02,2025,384896.0,ENERGY & PROCESS CORP,IN-PILE TUBE PRESSURE BOUNDARY MATERIAL
CONT_AWD_89233018CNR000004_8900_-NONE-_-NONE-,292026551,10344973,200272,2025-06-03,2025,34843.0,"FLUOR MARINE PROPULSION, LLC",GEL LABORATORIES LLC
CONT_AWD_89233018CNR000004_8900_-NONE-_-NONE-,292026551,10369240,200272,2025-06-03,2025,34843.0,GEL LABORATORIES LLC,200272
CONT_AWD_89233018CNR000004_8900_-NONE-_-NONE-,292026551,10345000,200318,2025-06-04,2025,49858.0,"FLUOR MARINE PROPULSION, LLC",COLOSSAL CONTRACTING LLC
CONT_AWD_89233018CNR000004_8900_-NONE-_-NONE-,292026551,10368675,200163,2025-06-04,2025,81900.0,"SHAWMUT EQUIPMENT COMPANY, INCORPORATED",56 BIFOLD FIXED JIB
CONT_AWD_89233018CNR000004_8900_-NONE-_-NONE-,292026551,10369237,200271,2025-06-04,2025,128960.0,"CTG FEDERAL, LLC",FY25 E9-100 SM PATCH PANEL HARDWARE
CONT_AWD_89233018CNR000004_8900_-NONE-_-NONE-,292026551,10369238,200318,2025-06-04,2025,49858.0,COLOSSAL CONTRACTING LLC,200318
CONT_AWD_89233018CNR000004_8900_-NONE-_-NONE-,292026551,10369239,200291,2025-06-04,2025,722000.0,"HOOSICK VALLEY CONTRACTORS, INC.",KS BATHROOM & LACTATION REFURBISHMENT - WA-A
CONT_AWD_89233018CNR000004_8900_-NONE-_-NONE-,292026551,10369585,200303,2025-06-04,2025,100262.0,"KINGSLEY ARMS, INC.",RAP 43 FOR MASTER PO 147000 - PO 200303
CONT_AWD_89233018CNR000004_8900_-NONE-_-NONE-,292026551,10345011,200171,2025-06-05,2025,158995.0,"FLUOR MARINE PROPULSION, LLC",RIGGING GEAR REQUEST 1211
CONT_AWD_89233018CNR000004_8900_-NONE-_-NONE-,292026551,10369234,200110,2025-06-05,2025,201293.0,FASTECH LLC,DEMONSTRATION OF MICROSTRUCTURE IMPROVEMENT USING THERMOMECHANICAL WORK
CONT_AWD_89233018CNR000004_8900_-NONE-_-NONE-,292026551,10369235,200325,2025-06-05,2025,260431.0,GRM KONTRACTING LLC,1717-535 FL CRANE RAIL REPLACEMENT
CONT_AWD_89233018CNR000004_8900_-NONE-_-NONE-,292026551,10369236,200324,2025-06-05,2025,84500.0,LOGISTICS365 INC,"VSEC: CMS, PERPETUAL SYSTEM LICENSE - RENEWAL"
CONT_AWD_89233018CNR000004_8900_-NONE-_-NONE-,292026551,10369575,200171,2025-06-05,2025,158995.0,MACHINERY WEST INC,RIGGING GEAR REQUEST 1211
CONT_AWD_89233018CNR000004_8900_-NONE-_-NONE-,292026551,10344968,200333,2025-06-06,2025,183926.0,"FLUOR MARINE PROPULSION, LLC","1717-541-A5, MBH, & H3 BUILDING AUTOMATION (BAS)"
CONT_AWD_89233018CNR000004_8900_-NONE-_-NONE-,292026551,10344977,200330,2025-06-09,2025,518136.0,"FLUOR MARINE PROPULSION, LLC",1717-531 MG COOLING TOWER REPLACEMENT
CONT_AWD_89233018CNR000004_8900_-NONE-_-NONE-,292026551,10368881,200295,2025-06-09,2025,895000.0,THERMAL TECHNOLOGY LLC,CDL FURNACE
CONT_AWD_89233018CNR000004_8900_-NONE-_-NONE-,292026551,10368925,200330,2025-06-09,2025,518136.0,FACILITY SUPPORT SERVICES LLC,1717-531 MG COOLING TOWER REPLACEMENT
CONT_AWD_89233018CNR000004_8900_-NONE-_-NONE-,292026551,10369233,200067,2025-06-09,2025,120979.0,SUSTEMA CORP.,WORKSTATIONS
CONT_AWD_89233018CNR000004_8900_-NONE-_-NONE-,292026551,10369309,200353,2025-06-09,2025,137768.0,MULTI-PHASE CONTRACTING CORP.,KS DOOR REPLACEMENT WA NO. 9
CONT_AWD_89233018CNR000004_8900_-NONE-_-NONE-,292026551,10344976,200344,2025-06-10,2025,78320.0,"FLUOR MARINE PROPULSION, LLC",SCT-014: SMR ASBESTOS ABATEMENT AWARD
CONT_AWD_89233018CNR000004_8900_-NONE-_-NONE-,292026551,10368927,200344,2025-06-10,2025,78320.0,FACILITY SUPPORT SERVICES LLC,SCT-014: SMR ASBESTOS ABATEMENT AWARD
CONT_AWD_89233018CNR000004_8900_-NONE-_-NONE-,292026551,10369308,200218,2025-06-10,2025,32728.0,OFFICEIMAGES INC,200218
CONT_AWD_89233018CNR000004_8900_-NONE-_-NONE-,292026551,10369589,200387,2025-06-10,2025,98219.0,"OKOS SOLUTIONS, LLC",200387
CONT_AWD_89233018CNR000004_8900_-NONE-_-NONE-,292026551,10369710,200311,2025-06-10,2025,292882.0,SNK ENTERPRISES INC,KS EARTHWORKS WA NO. 7
CONT_AWD_89233018CNR000004_8900_-NONE-_-NONE-,292026551,10344966,200346,2025-06-11,2025,184640.0,"FLUOR MARINE PROPULSION, LLC",CRAFT 1 FACILITY PRECONSTRUCTION SERVICES
CONT_AWD_89233018CNR000004_8900_-NONE-_-NONE-,292026551,10368865,200346,2025-06-11,2025,184640.0,MASCARO CONSTRUCTION CO LP,CRAFT 1 FACILITY PRECONSTRUCTION SERVICES
CONT_AWD_89233018CNR000004_8900_-NONE-_-NONE-,292026551,10344989,200434,2025-06-12,2025,46804.0,"FLUOR MARINE PROPULSION, LLC",DEGAUSSER SHREDDER
CONT_AWD_89233018CNR000004_8900_-NONE-_-NONE-,292026551,10369307,200434,2025-06-12,2025,46804.0,"DATA SECURITY, INC",DEGAUSSER SHREDDER
CONT_AWD_89233018CNR000004_8900_-NONE-_-NONE-,292026551,10345002,200442,2025-06-13,2025,66645.0,"FLUOR MARINE PROPULSION, LLC",FY25 ITP ADDITIONAL SERVERS
CONT_AWD_89233018CNR000004_8900_-NONE-_-NONE-,292026551,10369304,200199,2025-06-13,2025,516019.0,"PRIME MACHINE, INC.",LEGND STAND ASSEMBLY HARDWARE
CONT_AWD_89233018CNR000004_8900_-NONE-_-NONE-,292026551,10369305,200443,2025-06-13,2025,56019.0,"V3GATE, LLC",200443
CONT_AWD_89233018CNR000004_8900_-NONE-_-NONE-,292026551,10369306,200442,2025-06-13,2025,66645.0,COLOSSAL CONTRACTING LLC,FY25 ITP ADDITIONAL SERVERS
CONT_AWD_89233018CNR000004_8900_-NONE-_-NONE-,292026551,10344972,200335,2025-06-16,2025,387408.0,"FLUOR MARINE PROPULSION, LLC",RICKOVER FELLOWSHIP
CONT_AWD_89233018CNR000004_8900_-NONE-_-NONE-,292026551,10369303,200384,2025-06-16,2025,1422984.0,GRM KONTRACTING LLC,1717-536 -J BUILDING CRANE ACCESS
CONT_AWD_89233018CNR000004_8900_-NONE-_-NONE-,292026551,10369647,200335,2025-06-16,2025,387408.0,GEORGIA TECH RESEARCH CORP,RICKOVER FELLOWSHIP
CONT_AWD_89233018CNR000004_8900_-NONE-_-NONE-,292026551,10344975,200091,2025-06-17,2025,63508.0,"FLUOR MARINE PROPULSION, LLC",FLUKE ELECTRONIC DEADWEIGHT TESTER
CONT_AWD_89233018CNR000004_8900_-NONE-_-NONE-,292026551,10368831,200482,2025-06-17,2025,774815.0,"INTEGRATED SOLUTIONS FOR SYSTEMS, INC.",CONTAINERIZED NITROGEN GENERATION PROJECT
CONT_AWD_89233018CNR000004_8900_-NONE-_-NONE-,292026551,10369302,200009,2025-06-17,2025,139290.0,"TELEDYNE INSTRUMENTS, INC.",M290 VIP ENGINEERING MODEL CABLING
CONT_AWD_89233018CNR000004_8900_-NONE-_-NONE-,292026551,10369640,200091,2025-06-17,2025,63508.0,FLUKE ELECTRONICS CORP,FLUKE ELECTRONIC DEADWEIGHT TESTER
CONT_AWD_89233018CNR000004_8900_-NONE-_-NONE-,292026551,10344962,200520,2025-06-18,2025,52694.0,"FLUOR MARINE PROPULSION, LLC",CLEAN GAUGES FOR NTE
CONT_AWD_89233018CNR000004_8900_-NONE-_-NONE-,292026551,10369301,200520,2025-06-18,2025,52694.0,STANDARD CALIBRATIONS INC,CLEAN GAUGES FOR NTE
CONT_AWD_89233018CNR000004_8900_-NONE-_-NONE-,292026551,10369554,200448,2025-06-18,2025,30336.0,"SUNBELT RENTALS, INC",200448
CONT_AWD_89233018CNR000004_8900_-NONE-_-NONE-,292026551,10344965,200017,2025-06-19,2025,370500.0,"FLUOR MARINE PROPULSION, LLC",PIV LASERS
CONT_AWD_89233018CNR000004_8900_-NONE-_-NONE-,292026551,10368807,200017,2025-06-19,2025,370500.0,"PHOTONICS INDUSTRIES INTERNATIONAL, INC",PIV LASERS
CONT_AWD_89233018CNR000004_8900_-NONE-_-NONE-,292026551,10369300,200554,2025-06-19,2025,40091.0,"SAGE ENGINEERING ASSOCIATES, LLP",TOA-175 COMMISSIONING SERVICES BUILDING Q3 OVERHEAD UTILITY REROUTES AT THE KNOLLS LABORATORY
CONT_AWD_89233018CNR000004_8900_-NONE-_-NONE-,292026551,10344998,200173,2025-06-23,2025,40785.0,"FLUOR MARINE PROPULSION, LLC",B111 PROJECT 3 CONSOLETTES
CONT_AWD_89233018CNR000004_8900_-NONE-_-NONE-,292026551,10368682,200574,2025-06-23,2025,679725.0,"FITNESS ARTIST, LLC",EXERCISE PHYSIOLOGIST FOR KNOLLS AND KS
CONT_AWD_89233018CNR000004_8900_-NONE-_-NONE-,292026551,10368786,200537,2025-06-23,2025,1496600.0,"O'CONNELL ELECTRIC COMPANY, INC.",Q3- UTILITY REROUTE
CONT_AWD_89233018CNR000004_8900_-NONE-_-NONE-,292026551,10369296,200441,2025-06-23,2025,598875.0,"NAVARRO RESEARCH AND ENGINEERING, INC.",GES ENGINEER - RITTENHOUSE
CONT_AWD_89233018CNR000004_8900_-NONE-_-NONE-,292026551,10369297,200572,2025-06-23,2025,393314.0,STERLING COMPUTERS CORPORATION,200572
CONT_AWD_89233018CNR000004_8900_-NONE-_-NONE-,292026551,10369298,200173,2025-06-23,2025,40785.0,COLOSSAL CONTRACTING LLC,B111 PROJECT 3 CONSOLETTES
CONT_AWD_89233018CNR000004_8900_-NONE-_-NONE-,292026551,10369299,200408,2025-06-23,2025,180000.0,"GLOBAL QUANTUM INTELLIGENCE, LLC",GLOBAL QUANTUM INTELLIGENCE USER LICENSE (SUBSCRIPTION � 3 YEARS)
CONT_AWD_89233018CNR000004_8900_-NONE-_-NONE-,292026551,10369704,200209,2025-06-23,2025,41661.0,"ENGINE SYSTEMS, INC.",RELEASE 34: PARTS (NON-INVENTORY) MASTER AGREEMENT FOR DIESEL ENGINE PARTS
CONT_AWD_89233018CNR000004_8900_-NONE-_-NONE-,292026551,10345009,200598,2025-06-24,2025,68040.0,"FLUOR MARINE PROPULSION, LLC",UNIVERSAL ROTATING DECK ASSEMBLY VENT PIPE
CONT_AWD_89233018CNR000004_8900_-NONE-_-NONE-,292026551,10368967,200611,2025-06-24,2025,34356.0,SIEMENS GOVERNMENT TECHNOLOGIES INC,200611
CONT_AWD_89233018CNR000004_8900_-NONE-_-NONE-,292026551,10369293,200607,2025-06-24,2025,59000.0,"MIDWEST ENGINEERED SYSTEMS, INC.",200607
CONT_AWD_89233018CNR000004_8900_-NONE-_-NONE-,292026551,10369294,200608,2025-06-24,2025,50847.0,EASTERN POWER TECHNOLOGIES INC,200608
CONT_AWD_89233018CNR000004_8900_-NONE-_-NONE-,292026551,10369295,200598,2025-06-24,2025,68040.0,CAMBRIDGE VALLEY MACHINING INC,UNIVERSAL ROTATING DECK ASSEMBLY VENT PIPE
CONT_AWD_89233018CNR000004_8900_-NONE-_-NONE-,292026551,10344963,200620,2025-06-25,2025,39999.0,"FLUOR MARINE PROPULSION, LLC",SCHENCK USA CORP.
CONT_AWD_89233018CNR000004_8900_-NONE-_-NONE-,292026551,10368965,200436,2025-06-25,2025,89037.0,"WILDFLOWER INTERNATIONAL, LTD.",MOTOROLA AVTEC ORDER
CONT_AWD_89233018CNR000004_8900_-NONE-_-NONE-,292026551,10369695,200620,2025-06-25,2025,39999.0,SCHENCK USA CORP.,200620
CONT_AWD_89233018CNR000004_8900_-NONE-_-NONE-,292026551,10344967,200036,2025-06-26,2025,21943142.0,"FLUOR MARINE PROPULSION, LLC",RECORDS DECLASSIFICATION REVIEW PROJECT
CONT_AWD_89233018CNR000004_8900_-NONE-_-NONE-,292026551,10369290,200036,2025-06-26,2025,21943142.0,"HEXAGON US FEDERAL, INC",RECORDS DECLASSIFICATION REVIEW PROJECT
CONT_AWD_89233018CNR000004_8900_-NONE-_-NONE-,292026551,10369291,200576,2025-06-26,2025,51191.0,"SAGE ENGINEERING ASSOCIATES, LLP",TOA-176 COMMISSIONING RADIO SYSTEM REPLACEMENT GPP
CONT_AWD_89233018CNR000004_8900_-NONE-_-NONE-,292026551,10369292,200635,2025-06-26,2025,65850.0,"V3GATE, LLC",200635
CONT_AWD_89233018CNR000004_8900_-NONE-_-NONE-,292026551,10344964,200609,2025-06-27,2025,86560.0,"FLUOR MARINE PROPULSION, LLC",RELEASE 18
CONT_AWD_89233018CNR000004_8900_-NONE-_-NONE-,292026551,10368840,200609,2025-06-27,2025,86560.0,SAVANNAH RIVER NUCLEAR SOLUTIONS LLC,RELEASE 18
CONT_AWD_89233018CNR000004_8900_-NONE-_-NONE-,292026551,10344969,200707,2025-06-30,2025,36036.0,"FLUOR MARINE PROPULSION, LLC",MRC REACH TOOLS
CONT_AWD_89233018CNR000004_8900_-NONE-_-NONE-,292026551,10345041,200707,2025-06-30,2025,36036.0,"FLUOR MARINE PROPULSION, LLC",MRC REACH TOOLS
CONT_AWD_89233018CNR000004_8900_-NONE-_-NONE-,292026551,10368943,200707,2025-06-30,2025,36036.0,"ADVANCED PRECISION MACHINING, INC",MRC REACH TOOLS
CONT_AWD_89233018CNR000004_8900_-NONE-_-NONE-,292026551,10369289,200695,2025-06-30,2025,38260.0,"REMOTE OCEAN SYSTEMS, INC.",PO ISSUED IN OFC FOR PO 152842 FOR LAST INVOICE TO BE PAID
CONT_AWD_89233018CNR000004_8900_-NONE-_-NONE-,292026551,10345021,200734,2025-07-01,2025,33000.0,"FLUOR MARINE PROPULSION, LLC","ATLAS SCIENTIFIC, LLC"
CONT_AWD_89233018CNR000004_8900_-NONE-_-NONE-,292026551,10368692,200734,2025-07-01,2025,33000.0,ATLAS SCIENTIFIC LLC,200734
CONT_AWD_89233018CNR000004_8900_-NONE-_-NONE-,292026551,10369287,200700,2025-07-01,2025,93392.0,HUGHES CORP,CTC SHUNTS
CONT_AWD_89233018CNR000004_8900_-NONE-_-NONE-,292026551,10369288,200629,2025-07-01,2025,33325.0,VIEWPOINT SYSTEMS INC,200629
CONT_AWD_89233018CNR000004_8900_-NONE-_-NONE-,292026551,10345045,200730,2025-07-02,2025,53183.0,"FLUOR MARINE PROPULSION, LLC",CTC PRESSURE CONTROL VALVES
CONT_AWD_89233018CNR000004_8900_-NONE-_-NONE-,292026551,10368668,200730,2025-07-02,2025,53183.0,"A. BLAIR POWELL COMPANY, INC.",CTC PRESSURE CONTROL VALVES
CONT_AWD_89233018CNR000004_8900_-NONE-_-NONE-,292026551,10369286,200752,2025-07-02,2025,57143.0,ALLEGHENY MACHINE TOOL SYSTEMS INC,TRAK DPMRX2 BED MILL
CONT_AWD_89233018CNR000004_8900_-NONE-_-NONE-,292026551,10369573,200708,2025-07-02,2025,110478.0,"AGGREKO, LLC",G-BUILDING COOLING TOWER RENTAL ('25 - '26)
CONT_AWD_89233018CNR000004_8900_-NONE-_-NONE-,292026551,10344974,200590,2025-07-03,2025,868653.0,"FLUOR MARINE PROPULSION, LLC",RELEASE 19 - BWXT-NOG-L EXPANSION
CONT_AWD_89233018CNR000004_8900_-NONE-_-NONE-,292026551,10368839,200590,2025-07-03,2025,868653.0,FLUOR FEDERAL SERVICES INC,RELEASE 19 - BWXT-NOG-L EXPANSION INDEPENDENT COST ESTIMATE(S)
CONT_AWD_89233018CNR000004_8900_-NONE-_-NONE-,292026551,10345017,200796,2025-07-07,2025,1252099.0,"FLUOR MARINE PROPULSION, LLC",BPMI WFO
CONT_AWD_89233018CNR000004_8900_-NONE-_-NONE-,292026551,10368607,200721,2025-07-07,2025,1716000.0,P.J. DICK INCORPORATED,CLASSIFIED ISLAND PACKAGE 2
CONT_AWD_89233018CNR000004_8900_-NONE-_-NONE-,292026551,10368869,200697,2025-07-07,2025,33014.0,"TRUSTEES OF THE UNIVERSITY OF PENNSYLVANIA, THE",PREVIOUSLY SOLICITED UNDER PO 155272
CONT_AWD_89233018CNR000004_8900_-NONE-_-NONE-,292026551,10345039,200728,2025-07-08,2025,100000.0,"FLUOR MARINE PROPULSION, LLC",(PCB) AND PCB ASSEMBLIES (PCBA)
CONT_AWD_89233018CNR000004_8900_-NONE-_-NONE-,292026551,10368954,200804,2025-07-08,2025,30171.0,"PITTSBURGH FLUID SYSTEMS, LLC",VALVE PACKING TRAINER
CONT_AWD_89233018CNR000004_8900_-NONE-_-NONE-,292026551,10369577,200728,2025-07-08,2025,100000.0,"ADVANCEDPCB, INC.",AGREEMENT FOR PURCHASING PRINTED CIRCUIT BOARDS (PCB) AND PCB ASSEMBLIES (PCBA) WITH P-CARD
CONT_AWD_89233018CNR000004_8900_-NONE-_-NONE-,292026551,10345006,200846,2025-07-09,2025,33109.0,"FLUOR MARINE PROPULSION, LLC",GEOMAGIC DESIGN X RENEWAL AND MAINTENANCE
CONT_AWD_89233018CNR000004_8900_-NONE-_-NONE-,292026551,10369283,200842,2025-07-09,2025,108409.0,"GOVSMART, INC.",200842
CONT_AWD_89233018CNR000004_8900_-NONE-_-NONE-,292026551,10369284,200846,2025-07-09,2025,33109.0,CIMQUEST INC,GEOMAGIC DESIGN X RENEWAL AND MAINTENANCE
CONT_AWD_89233018CNR000004_8900_-NONE-_-NONE-,292026551,10369285,200837,2025-07-09,2025,32220.0,"TEKTRONIX, INC.",REPAIR AND CALIBRATION OF 2 OSCILLOSCOPES HVEP00659 AND HVEP00544
CONT_AWD_89233018CNR000004_8900_-NONE-_-NONE-,292026551,10369743,200835,2025-07-09,2025,37455.0,"MIRION TECHNOLOGIES (CANBERRA), INC.",ICAM UPGRADE KITS
CONT_AWD_89233018CNR000004_8900_-NONE-_-NONE-,292026551,10344997,200862,2025-07-10,2025,66400.0,"FLUOR MARINE PROPULSION, LLC",BCA WORK PLATFORM ASSEMBLY
CONT_AWD_89233018CNR000004_8900_-NONE-_-NONE-,292026551,10368690,200862,2025-07-10,2025,66400.0,COMPLEX FABRICATORS INC,BCA WORK PLATFORM ASSEMBLY
CONT_AWD_89233018CNR000004_8900_-NONE-_-NONE-,292026551,10369282,200863,2025-07-10,2025,33431.0,GEL LABORATORIES LLC,KAPL
CONT_AWD_89233018CNR000004_8900_-NONE-_-NONE-,292026551,10345014,200832,2025-07-14,2025,452842.0,"FLUOR MARINE PROPULSION, LLC",LDU PIPE RAW MATERIAL
CONT_AWD_89233018CNR000004_8900_-NONE-_-NONE-,292026551,10368685,200031,2025-07-14,2025,112338.0,"THICK FILM TECHNOLOGIES, INC.",TH4 THICK FILM QUAL TFT (THICK FILM TECH)
CONT_AWD_89233018CNR000004_8900_-NONE-_-NONE-,292026551,10368695,200854,2025-07-14,2025,279182.0,ENFIELD ENTERPRISES LLC,KNOLLS VEHICLE LIFT GATE REPLACEMENT PROJECT
CONT_AWD_89233018CNR000004_8900_-NONE-_-NONE-,292026551,10368819,200836,2025-07-14,2025,5496491.0,INFORMATION MANAGEMENT GROUP INCORPORATED,CEP SOFTWARE SUBCONTRACTORS
CONT_AWD_89233018CNR000004_8900_-NONE-_-NONE-,292026551,10368958,200832,2025-07-14,2025,452842.0,B M KRAMER & COMPANY INC,LDU PIPE RAW MATERIAL
CONT_AWD_89233018CNR000004_8900_-NONE-_-NONE-,292026551,10369280,200860,2025-07-14,2025,107500.0,"STARCOMPLIANCE OPERATING, LLC",ETHIX360 TRAC SOFTWARE (CONTINUATION OF PO 143128)
CONT_AWD_89233018CNR000004_8900_-NONE-_-NONE-,292026551,10369281,200790,2025-07-14,2025,119195.0,CUSTOM ENGINEERING CO.,TS-150B SPOOLS
CONT_AWD_89233018CNR000004_8900_-NONE-_-NONE-,292026551,10369742,200906,2025-07-15,2025,54747.0,"MIRION TECHNOLOGIES (CANBERRA), INC.",MIRION G64 GAMMA AREA MONITOR WITH STANDARD SOLID STATE DETECTOR
CONT_AWD_89233018CNR000004_8900_-NONE-_-NONE-,292026551,10369279,200929,2025-07-16,2025,160167.0,"MHF PACKAGING SOLUTIONS, LLC",TYPE B12 AND B25 CONTAINERS
CONT_AWD_89233018CNR000004_8900_-NONE-_-NONE-,292026551,10345028,200936,2025-07-17,2025,442965.0,"FLUOR MARINE PROPULSION, LLC",LVPC MK 2 X 3
CONT_AWD_89233018CNR000004_8900_-NONE-_-NONE-,292026551,10368909,200066,2025-07-17,2025,55600.0,"NATIONAL CORPORATE COLLEGE CONSULTANTS, INC",SHIPPING SERVICES FOR CAMPUS RECRUITING SUPPLIES
CONT_AWD_89233018CNR000004_8900_-NONE-_-NONE-,292026551,10368964,200936,2025-07-17,2025,442965.0,AMERICAN FABRICATION INC,LVPC MK 2 X 3
CONT_AWD_89233018CNR000004_8900_-NONE-_-NONE-,292026551,10369277,200834,2025-07-17,2025,178290.0,COLOSSAL CONTRACTING LLC,COMMVAULT CLOUD HYPERSCALE
CONT_AWD_89233018CNR000004_8900_-NONE-_-NONE-,292026551,10369278,200969,2025-07-17,2025,45391.0,"UNITED RENTALS, INC.",JLG 1500 AJP ARTICULATING BOOM LIFT RENTAL
CONT_AWD_89233018CNR000004_8900_-NONE-_-NONE-,292026551,10369732,200786,2025-07-17,2025,447142.0,HACH COMPANY,EMTF - ORBISPHERE EQUIPMENT
CONT_AWD_89233018CNR000004_8900_-NONE-_-NONE-,292026551,10345024,200949,2025-07-21,2025,52680.0,"FLUOR MARINE PROPULSION, LLC",MTL COMPACT TENSION CLEVISES AND PINS
CONT_AWD_89233018CNR000004_8900_-NONE-_-NONE-,292026551,10368735,200771,2025-07-21,2025,1775000.0,MTS SYSTEMS CORPORATION,SVTF MTS SHOCK ACTUATOR SYSTEM
CONT_AWD_89233018CNR000004_8900_-NONE-_-NONE-,292026551,10369347,200949,2025-07-21,2025,52680.0,"APPLIED TEST SYSTEMS, LLC",MTL COMPACT TENSION CLEVISES AND PINS
CONT_AWD_89233018CNR000004_8900_-NONE-_-NONE-,292026551,10368804,201017,2025-07-22,2025,73447.0,WOLFRAM RESEARCH INC,201017
CONT_AWD_89233018CNR000004_8900_-NONE-_-NONE-,292026551,10369345,200026,2025-07-22,2025,50308.0,"HEILIND MIL-AERO, LLC",CTD CS_A AND CS_B IO WHIPS
CONT_AWD_89233018CNR000004_8900_-NONE-_-NONE-,292026551,10369346,200977,2025-07-22,2025,128610.0,"WALSH ENGINEERING SERVICES, PC",200977
CONT_AWD_89233018CNR000004_8900_-NONE-_-NONE-,292026551,10345034,201053,2025-07-23,2025,30882.0,"FLUOR MARINE PROPULSION, LLC",ALLIED METPREP 3 GLOVE BOX GRINDER/POLISHER
CONT_AWD_89233018CNR000004_8900_-NONE-_-NONE-,292026551,10368700,201053,2025-07-23,2025,30882.0,"ALLIED HIGH TECH PRODUCTS, INC.",ALLIED METPREP 3 GLOVE BOX GRINDER/POLISHER
CONT_AWD_89233018CNR000004_8900_-NONE-_-NONE-,292026551,10369341,201049,2025-07-23,2025,50962.0,EMERSON LLLP,USSTP ROSEMOUNT PRESSURE CELLS
CONT_AWD_89233018CNR000004_8900_-NONE-_-NONE-,292026551,10369342,201031,2025-07-23,2025,56042.0,CLAYTON ENGINEERING CO,SUBSTATION SPARE BREAKER
CONT_AWD_89233018CNR000004_8900_-NONE-_-NONE-,292026551,10369343,200980,2025-07-23,2025,121250.0,COLOSSAL CONTRACTING LLC,TECHNICAL ACCOUNT MANAGEMENT SERVICES FOR RED HAT PLATFORMS
CONT_AWD_89233018CNR000004_8900_-NONE-_-NONE-,292026551,10369344,200996,2025-07-23,2025,255117.0,"WALSH ENGINEERING SERVICES, PC",S5G REMODEL SCOPING PRE CONCEPTUAL TOA513
CONT_AWD_89233018CNR000004_8900_-NONE-_-NONE-,292026551,10369602,201039,2025-07-23,2025,160365.0,BAKER AND ASSOCIATES,S1W PARK PRECONCEPTUAL DESIGN
CONT_AWD_89233018CNR000004_8900_-NONE-_-NONE-,292026551,10369340,201070,2025-07-24,2025,30300.0,"VANGURA TOOL, INC.","ALLOY 82H, 0.6T C(T) COMPACT TENSION SPECIMEN, 20% SIDE GROOVE"
CONT_AWD_89233018CNR000004_8900_-NONE-_-NONE-,292026551,10345042,201095,2025-07-28,2025,102221.0,"FLUOR MARINE PROPULSION, LLC",ADEK TECHNICAL SALES INC
CONT_AWD_89233018CNR000004_8900_-NONE-_-NONE-,292026551,10369337,201106,2025-07-28,2025,33356.0,FABER ASSOCIATES INC,201106
CONT_AWD_89233018CNR000004_8900_-NONE-_-NONE-,292026551,10369338,201095,2025-07-28,2025,102221.0,"ADEK TECHNICAL SALES, INC.",201095
CONT_AWD_89233018CNR000004_8900_-NONE-_-NONE-,292026551,10369339,201067,2025-07-28,2025,156795.0,COLOSSAL CONTRACTING LLC,VIZ NODES SUPPLEMENTAL EQUIPMENT
CONT_AWD_89233018CNR000004_8900_-NONE-_-NONE-,292026551,10369671,201089,2025-07-28,2025,55000.0,MADHOUZ LLC,3 YEAR AGREEMENT - EMERGENCY SERVICES UNIFORM CONTRACT
CONT_AWD_89233018CNR000004_8900_-NONE-_-NONE-,292026551,10369679,200701,2025-07-28,2025,1395000.0,DYNAMIC SYSTEMS INC,FY25 ORACLE HARDWARE MAINTENANCE AND SUPPORT
CONT_AWD_89233018CNR000004_8900_-NONE-_-NONE-,292026551,10345037,201040,2025-07-30,2025,208717.0,"FLUOR MARINE PROPULSION, LLC",CSRF STACK MONITOR
CONT_AWD_89233018CNR000004_8900_-NONE-_-NONE-,292026551,10369334,200789,2025-07-30,2025,55938.0,EMERSON LLLP,EML
CONT_AWD_89233018CNR000004_8900_-NONE-_-NONE-,292026551,10369335,201040,2025-07-30,2025,208717.0,AIR MONITOR CORPORATION,CSRF STACK MONITOR
CONT_AWD_89233018CNR000004_8900_-NONE-_-NONE-,292026551,10369336,200640,2025-07-30,2025,534384.0,MURN INCORPORATED,1867-31 2025 BETTIS PAVING PROGRAM -PO 200640
CONT_AWD_89233018CNR000004_8900_-NONE-_-NONE-,292026551,10369561,201142,2025-07-30,2025,35357.0,THERMO FISHER SCIENTIFIC (ASHEVILLE) LLC,SODIUM AND PH ELECTRODES
CONT_AWD_89233018CNR000004_8900_-NONE-_-NONE-,292026551,10369678,200340,2025-07-30,2025,167418.0,DYNAMIC SYSTEMS INC,FY25 ORACLE SERVER NODES
CONT_AWD_89233018CNR000004_8900_-NONE-_-NONE-,292026551,10345020,201161,2025-07-31,2025,225000.0,"FLUOR MARINE PROPULSION, LLC",WORK RELEASE 12
CONT_AWD_89233018CNR000004_8900_-NONE-_-NONE-,292026551,10368794,201108,2025-07-31,2025,30000.0,VEOLIA ES TECHNICAL SOLUTIONS LLC,SEPTEMBER KNOLLS WASTE SHIPMENT
CONT_AWD_89233018CNR000004_8900_-NONE-_-NONE-,292026551,10368815,201161,2025-07-31,2025,225000.0,"BATTELLE ENERGY ALLIANCE, LLC",WORK RELEASE 12
CONT_AWD_89233018CNR000004_8900_-NONE-_-NONE-,292026551,10368817,201187,2025-07-31,2025,193020.0,"REYNOLDS POLYMER TECHNOLOGY, INC.",PAYMENT PROCESSING FOR PO 156009 NEEDING RECREATED DUE TO DATA CONVERSION ISSUES
CONT_AWD_89233018CNR000004_8900_-NONE-_-NONE-,292026551,10369333,200785,2025-07-31,2025,603649.0,"QUEST DIAGNOSTICS CLINICAL LABORATORIES, INC.",NY BLOOD TESTING
CONT_AWD_89233018CNR000004_8900_-NONE-_-NONE-,292026551,10369548,201182,2025-07-31,2025,99782.0,TEVET LLC,KEYENCE VHX-XI MICROSCOPE
CONT_AWD_89233018CNR000004_8900_-NONE-_-NONE-,292026551,10369757,200979,2025-07-31,2025,149954.0,"DOMINION ENGINEERING, INC.",ULTRASONIC CLEANERS
CONT_AWD_89233018CNR000004_8900_-NONE-_-NONE-,292026551,10345010,201209,2025-08-04,2025,65076.0,"FLUOR MARINE PROPULSION, LLC",PORTABLE LOW PROFILE WHEEL LOW SCALE
CONT_AWD_89233018CNR000004_8900_-NONE-_-NONE-,292026551,10368743,201204,2025-08-04,2025,569224.0,"SIMAKAS COMPANY, INC.",TH1 AND TH2 LOOP PIPING
CONT_AWD_89233018CNR000004_8900_-NONE-_-NONE-,292026551,10368784,201209,2025-08-04,2025,65076.0,BRECHBUHLER SCALES INC,PORTABLE LOW PROFILE WHEEL LOW SCALE
CONT_AWD_89233018CNR000004_8900_-NONE-_-NONE-,292026551,10369332,201007,2025-08-04,2025,215773.0,ENERGYSOLUTIONS FEDERAL SUPPORT LLC,BETTIS TREATMENT AND TRANSPORT OF LLRW TO BEAR CREEK SEPTEMBER 2025.
CONT_AWD_89233018CNR000004_8900_-NONE-_-NONE-,292026551,10345005,200027,2025-08-05,2025,73578.0,"FLUOR MARINE PROPULSION, LLC",TH4 THICK FILM QUAL TFT (CMS CIRCUITS)
CONT_AWD_89233018CNR000004_8900_-NONE-_-NONE-,292026551,10369331,200011,2025-08-05,2025,80250.0,MATSYS INCORPORATED,OXYGEN REDUCTION OF HIP POWDERS
CONT_AWD_89233018CNR000004_8900_-NONE-_-NONE-,292026551,10369556,200027,2025-08-05,2025,73578.0,CMS CIRCUITS INC,TH4 THICK FILM QUAL TFT (CMS CIRCUITS)
CONT_AWD_89233018CNR000004_8900_-NONE-_-NONE-,292026551,10369628,201126,2025-08-05,2025,568958.0,WASHINGTON MILLS ELECTRO MINERALS CORPORATION,REFERENCE TERMS FOR MA148329 RELEASE 10
CONT_AWD_89233018CNR000004_8900_-NONE-_-NONE-,292026551,10345012,201136,2025-08-06,2025,340000.0,"FLUOR MARINE PROPULSION, LLC",UNIVERSITY OF ILLINOIS BOILING PHENOMENA IN A RISER
CONT_AWD_89233018CNR000004_8900_-NONE-_-NONE-,292026551,10368681,201272,2025-08-06,2025,44404.0,BS&B SAFETY SYSTEMS LLC,CTC STEAM WATER LOOP RUPTURE DISCS
CONT_AWD_89233018CNR000004_8900_-NONE-_-NONE-,292026551,10368802,201281,2025-08-06,2025,115471.0,NEWARK ELECTRONICS CORPORATION,201281
CONT_AWD_89233018CNR000004_8900_-NONE-_-NONE-,292026551,10368955,201122,2025-08-06,2025,46468.0,"PITTSBURGH FLUID SYSTEMS, LLC",CTC SWAGELOK FOR AUTOMATED CHEMISTRY SYSTEM
CONT_AWD_89233018CNR000004_8900_-NONE-_-NONE-,292026551,10369329,201227,2025-08-06,2025,118960.0,"EQUIPMENT & CONTROLS, INC.",CTC MAIN LOOP RELIEF VALVES
CONT_AWD_89233018CNR000004_8900_-NONE-_-NONE-,292026551,10369330,201157,2025-08-06,2025,148280.0,STERLING COMPUTERS CORPORATION,201157
CONT_AWD_89233018CNR000004_8900_-NONE-_-NONE-,292026551,10369593,201136,2025-08-06,2025,340000.0,UNIVERSITY OF ILLINOIS,UNIVERSITY OF ILLINOIS BOILING PHENOMENA IN A RISER
CONT_AWD_89233018CNR000004_8900_-NONE-_-NONE-,292026551,10345031,201314,2025-08-07,2025,40916.0,"FLUOR MARINE PROPULSION, LLC",BOILER HOUSE CONTROL ROOM FURNITURE
CONT_AWD_89233018CNR000004_8900_-NONE-_-NONE-,292026551,10369328,201314,2025-08-07,2025,40916.0,ALPHA OMEGA SHELVING INC,BOILER HOUSE CONTROL ROOM FURNITURE
CONT_AWD_89233018CNR000004_8900_-NONE-_-NONE-,292026551,10369706,200455,2025-08-07,2025,46000.0,"ENGINE SYSTEMS, INC.",ESI 137836 - RELEASE 15
CONT_AWD_89233018CNR000004_8900_-NONE-_-NONE-,292026551,10344970,201309,2025-08-08,2025,91539.0,"FLUOR MARINE PROPULSION, LLC",CTC ION EXCHANGE GRAYLOC FITTINGS
CONT_AWD_89233018CNR000004_8900_-NONE-_-NONE-,292026551,10369327,201225,2025-08-08,2025,32786.0,"HEILIND MIL-AERO, LLC",GS6G CABINET C I/O WHIPS
CONT_AWD_89233018CNR000004_8900_-NONE-_-NONE-,292026551,10369737,201309,2025-08-08,2025,91539.0,"GRAYLOC PRODUCTS, L.L.C",CTC ION EXCHANGE GRAYLOC FITTINGS
CONT_AWD_89233018CNR000004_8900_-NONE-_-NONE-,292026551,10344991,201341,2025-08-11,2025,81308.0,"FLUOR MARINE PROPULSION, LLC",NUREVA AUDIO CONFERENCING SYSTEMS - TAA COMPLIANT
CONT_AWD_89233018CNR000004_8900_-NONE-_-NONE-,292026551,10369324,201339,2025-08-11,2025,33924.0,GRM KONTRACTING LLC,(MASTER AGREEMENT/CPA 150574): A5/A6 BRICK REPAIR
CONT_AWD_89233018CNR000004_8900_-NONE-_-NONE-,292026551,10369325,201341,2025-08-11,2025,81308.0,"CTG FEDERAL, LLC",NUREVA AUDIO CONFERENCING SYSTEMS - TAA COMPLIANT
CONT_AWD_89233018CNR000004_8900_-NONE-_-NONE-,292026551,10369326,201333,2025-08-11,2025,78950.0,LOGISTICS365 INC,FY25 STANDARD PRINTERS
CONT_AWD_89233018CNR000004_8900_-NONE-_-NONE-,292026551,10345032,201349,2025-08-12,2025,710000.0,"FLUOR MARINE PROPULSION, LLC",ALLUXIO INC
CONT_AWD_89233018CNR000004_8900_-NONE-_-NONE-,292026551,10368640,201252,2025-08-12,2025,96696.0,LUDLUM MEASUREMENTS INC,NEUTRON DETECTION EQUIPMENT CALIBRATION
CONT_AWD_89233018CNR000004_8900_-NONE-_-NONE-,292026551,10368740,201324,2025-08-12,2025,231924.0,"HITACHI HIGH-TECH AMERICA, INC.",X-MET8000 EXPERT GEO/ALLOY PLUS � SOIL & MINING PACKAGE
CONT_AWD_89233018CNR000004_8900_-NONE-_-NONE-,292026551,10369321,201306,2025-08-12,2025,235039.0,ENERGYSOLUTIONS FEDERAL SUPPORT LLC,KESSELRING LOW-LEVEL MIXED WASTE TREATMENT SERVICES TO BEAR CREEK SEPTEMBER 2025.
CONT_AWD_89233018CNR000004_8900_-NONE-_-NONE-,292026551,10369322,201349,2025-08-12,2025,710000.0,"ALLUXIO, INC.",201349
CONT_AWD_89233018CNR000004_8900_-NONE-_-NONE-,292026551,10369323,201304,2025-08-12,2025,3223440.0,"INSIGHT INVESTMENTS, LLC",REFERENCES PO 146140 FOR LEASE ONLY - ALL FUNDS FOR LEASE REMOVED FROM 146140 AND ADDED TO THIS PO TO ACCOMMODATE PROCUREMENT SYSTEM LIMITATION FOR SUPPLIER TRANSFER. NO ADDITIONAL FUNDS ARE OBLIGATED WITH THIS PROCUREMENT ACTION.
CONT_AWD_89233018CNR000004_8900_-NONE-_-NONE-,292026551,10344980,201364,2025-08-13,2025,409962.0,"FLUOR MARINE PROPULSION, LLC",ENFIELD ENTERPRISES LLC
CONT_AWD_89233018CNR000004_8900_-NONE-_-NONE-,292026551,10368696,201364,2025-08-13,2025,409962.0,ENFIELD ENTERPRISES LLC,201364
CONT_AWD_89233018CNR000004_8900_-NONE-_-NONE-,292026551,10369320,201125,2025-08-13,2025,352219.0,RENSSELAER POLYTECHNIC INSTITUTE,QUANTUM COMPUTING FOR NUCLEAR ENGINEERING APPLICATIONS
CONT_AWD_89233018CNR000004_8900_-NONE-_-NONE-,292026551,10369705,201332,2025-08-13,2025,36053.0,"ENGINE SYSTEMS, INC.",SPEED SWITCH AND DIESEL COOLANT PRESSURE MODIFICATION
CONT_AWD_89233018CNR000004_8900_-NONE-_-NONE-,292026551,10369744,201387,2025-08-13,2025,89857.0,"MIRION TECHNOLOGIES (CANBERRA), INC.",MK2 TO MK3 ICAM UPGRADE BOARD
CONT_AWD_89233018CNR000004_8900_-NONE-_-NONE-,292026551,10345013,201411,2025-08-14,2025,77681.0,"FLUOR MARINE PROPULSION, LLC",PIPE FITTINGS
CONT_AWD_89233018CNR000004_8900_-NONE-_-NONE-,292026551,10368959,201411,2025-08-14,2025,77681.0,B M KRAMER & COMPANY INC,PIPE FITTINGS
CONT_AWD_89233018CNR000004_8900_-NONE-_-NONE-,292026551,10369319,201397,2025-08-14,2025,250000.0,DRD TECHNOLOGY CORP,201397
CONT_AWD_89233018CNR000004_8900_-NONE-_-NONE-,292026551,10345003,201414,2025-08-15,2025,110770.0,"FLUOR MARINE PROPULSION, LLC",FY26 EARLY PURCHASES
CONT_AWD_89233018CNR000004_8900_-NONE-_-NONE-,292026551,10369315,201421,2025-08-15,2025,31000.0,"DEPENDABLE TOOL & DIE CO., INC.",TS-92A CERAMIC PARTS
CONT_AWD_89233018CNR000004_8900_-NONE-_-NONE-,292026551,10369316,201420,2025-08-15,2025,88722.0,COLOSSAL CONTRACTING LLC,NNTP PALO ALTO NETWORK FIREWALL
CONT_AWD_89233018CNR000004_8900_-NONE-_-NONE-,292026551,10369317,201418,2025-08-15,2025,77819.0,"CTG FEDERAL, LLC",FY25 DFD DYNATRACE
CONT_AWD_89233018CNR000004_8900_-NONE-_-NONE-,292026551,10369318,201417,2025-08-15,2025,56750.0,"VANGURA TOOL, INC.",PALM LIFTING ADAPTER SLEEVES
CONT_AWD_89233018CNR000004_8900_-NONE-_-NONE-,292026551,10345007,201463,2025-08-19,2025,494250.0,"FLUOR MARINE PROPULSION, LLC",SERVICENOW APPLICATION DEVELOPERS.
CONT_AWD_89233018CNR000004_8900_-NONE-_-NONE-,292026551,10369312,201463,2025-08-19,2025,494250.0,CDW GOVERNMENT LLC,SERVICENOW APPLICATION DEVELOPERS.
CONT_AWD_89233018CNR000004_8900_-NONE-_-NONE-,292026551,10369313,201460,2025-08-19,2025,118557.0,LOGISTICS365 INC,201460
CONT_AWD_89233018CNR000004_8900_-NONE-_-NONE-,292026551,10369314,201311,2025-08-19,2025,78159.0,ENERGYSOLUTIONS FEDERAL SUPPORT LLC,KESSELRING LOW LEVEL MIXED WASTE TREATMENT AND TRANSPORTATION SHIPMENT SEPTEMBER 2025.
CONT_AWD_89233018CNR000004_8900_-NONE-_-NONE-,292026551,10344992,201447,2025-08-20,2025,1429645.0,"FLUOR MARINE PROPULSION, LLC",CTG FEDERAL LLC
CONT_AWD_89233018CNR000004_8900_-NONE-_-NONE-,292026551,10368742,201465,2025-08-20,2025,174719.0,"SIMAKAS COMPANY, INC.",TEST VESSEL
CONT_AWD_89233018CNR000004_8900_-NONE-_-NONE-,292026551,10369310,201436,2025-08-20,2025,118584.0,"MHF PACKAGING SOLUTIONS, LLC",REPLACEMENT FOR PO 156214
CONT_AWD_89233018CNR000004_8900_-NONE-_-NONE-,292026551,10369311,201447,2025-08-20,2025,1429645.0,"CTG FEDERAL, LLC",201447
CONT_AWD_89233018CNR000004_8900_-NONE-_-NONE-,292026551,10369601,201476,2025-08-20,2025,460734.0,BAKER AND ASSOCIATES,TOA437
CONT_AWD_89233018CNR000004_8900_-NONE-_-NONE-,292026551,10368674,201255,2025-08-21,2025,34239.0,"VANTAGE VEHICLE INTERNATIONAL, INC",2025 PRIMO 4X2 STANDARD TRUCK
CONT_AWD_89233018CNR000004_8900_-NONE-_-NONE-,292026551,10345044,201493,2025-08-22,2025,52047.0,"FLUOR MARINE PROPULSION, LLC",FLOW CONTROL VALVES
CONT_AWD_89233018CNR000004_8900_-NONE-_-NONE-,292026551,10368669,201493,2025-08-22,2025,52047.0,"A. BLAIR POWELL COMPANY, INC.",FLOW CONTROL VALVES
CONT_AWD_89233018CNR000004_8900_-NONE-_-NONE-,292026551,10368960,201502,2025-08-22,2025,35603.0,B M KRAMER & COMPANY INC,201502
CONT_AWD_89233018CNR000004_8900_-NONE-_-NONE-,292026551,10369383,201500,2025-08-22,2025,32072.0,"CTG FEDERAL, LLC",TIER 2 STORAGE CABLES
CONT_AWD_89233018CNR000004_8900_-NONE-_-NONE-,292026551,10369384,201410,2025-08-22,2025,848050.0,"THE M&P LAB, INC.",MECHANICAL TESTING
CONT_AWD_89233018CNR000004_8900_-NONE-_-NONE-,292026551,10369385,201499,2025-08-22,2025,305000.0,"ONTERRIS RESPONSE AND RECOVERY, LLC",TOXICOLOGY SERVICES AT KESSELRING SITE
CONT_AWD_89233018CNR000004_8900_-NONE-_-NONE-,292026551,10344999,201524,2025-08-25,2025,48800.0,"FLUOR MARINE PROPULSION, LLC",PALO ALTO FIREWALL
CONT_AWD_89233018CNR000004_8900_-NONE-_-NONE-,292026551,10369381,201524,2025-08-25,2025,48800.0,COLOSSAL CONTRACTING LLC,PALO ALTO FIREWALL
CONT_AWD_89233018CNR000004_8900_-NONE-_-NONE-,292026551,10369382,201505,2025-08-25,2025,158072.0,NEWARK CORPORATION,CTC RESISTOR RACK FLOWMETERS
CONT_AWD_89233018CNR000004_8900_-NONE-_-NONE-,292026551,10344983,201548,2025-08-26,2025,605900.0,"FLUOR MARINE PROPULSION, LLC",CUSTOM EDDY CURRENT ARRAY PROBES AND CUSTOM CABLE ACCESSORIES
CONT_AWD_89233018CNR000004_8900_-NONE-_-NONE-,292026551,10369375,201519,2025-08-26,2025,64460.0,"THE M&P LAB, INC.","WA25HAW023 (NOLAN, TERRANCE) PERFORM HEAT TREATMENT, MACHINING"
CONT_AWD_89233018CNR000004_8900_-NONE-_-NONE-,292026551,10369376,201483,2025-08-26,2025,37945.0,ENERGYSOLUTIONS FEDERAL SUPPORT LLC,KS HAZARDOUS WASTE DISPOSAL SEPT 2025
CONT_AWD_89233018CNR000004_8900_-NONE-_-NONE-,292026551,10369377,201564,2025-08-26,2025,51474.0,"INFORMATION SYSTEMS LABORATORIES, INC.",TOA 21
CONT_AWD_89233018CNR000004_8900_-NONE-_-NONE-,292026551,10369378,201548,2025-08-26,2025,605900.0,EDDYFI CORP,CUSTOM EDDY CURRENT ARRAY PROBES AND CUSTOM CABLE ACCESSORIES
CONT_AWD_89233018CNR000004_8900_-NONE-_-NONE-,292026551,10369379,201558,2025-08-26,2025,69594.0,EMERSON LLLP,ROSEMOUNT 305 INTEGRAL MANIFOLD
CONT_AWD_89233018CNR000004_8900_-NONE-_-NONE-,292026551,10369380,201545,2025-08-26,2025,276685.0,GATAN INC,EDAX (GATAN) WDS DETECTOR
CONT_AWD_89233018CNR000004_8900_-NONE-_-NONE-,292026551,10369557,200975,2025-08-26,2025,37118461.0,"WAINSCHAF ASSOCIATES, INC.",KNOLLS SECURITY UPGRADES PROJECT
CONT_AWD_89233018CNR000004_8900_-NONE-_-NONE-,292026551,10369598,201572,2025-08-26,2025,98439.0,KEYENCE CORPORATION OF AMERICA,KEYENCE VR-6000 WIDE AREA MEASURMENT SYSTEM
CONT_AWD_89233018CNR000004_8900_-NONE-_-NONE-,292026551,10369635,201567,2025-08-26,2025,133348.0,"NUVISION ENGINEERING, INC",TELEMANIPULATOR INSTALL CART
CONT_AWD_89233018CNR000004_8900_-NONE-_-NONE-,292026551,10368820,201589,2025-08-27,2025,50365.0,"PH TOOL, LLC",TEST PROPS
CONT_AWD_89233018CNR000004_8900_-NONE-_-NONE-,292026551,10369374,201578,2025-08-27,2025,30000.0,TELEDYNE FLIR COMMERCIAL SYSTEMS INC.,LEVEL 1 ELECTRICAL THERMOGRAPHY TRAINING
CONT_AWD_89233018CNR000004_8900_-NONE-_-NONE-,292026551,10345038,201627,2025-08-28,2025,41141.0,"FLUOR MARINE PROPULSION, LLC",BRAZING CONTRACT
CONT_AWD_89233018CNR000004_8900_-NONE-_-NONE-,292026551,10368635,201623,2025-08-28,2025,81998.0,TRI-LIFT INC,"CAT GP45N2 - 9,000LB. CAPACITY LP PNEUMATIC TIRE LIFT TRUCK"
CONT_AWD_89233018CNR000004_8900_-NONE-_-NONE-,292026551,10368720,201627,2025-08-28,2025,41141.0,WALL COLMONOY CORP,BRAZING CONTRACT
CONT_AWD_89233018CNR000004_8900_-NONE-_-NONE-,292026551,10368936,201608,2025-08-28,2025,87095.0,"STACO SYSTEMS, INC.",STACO SWITCHES AND PARTS
CONT_AWD_89233018CNR000004_8900_-NONE-_-NONE-,292026551,10369372,201639,2025-08-28,2025,256991.0,"OXFORD INSTRUMENTS AMERICA, INC.",OXFORD EBSD DETECTOR FOR HELIOS
CONT_AWD_89233018CNR000004_8900_-NONE-_-NONE-,292026551,10369373,201568,2025-08-28,2025,417100.0,"CTG FEDERAL, LLC",FY25 PCA STORAGE
CONT_AWD_89233018CNR000004_8900_-NONE-_-NONE-,292026551,10369587,201595,2025-08-28,2025,77402.0,"KINGSLEY ARMS, INC.",RAP 44 WORK FOR MASTER PO 147000
CONT_AWD_89233018CNR000004_8900_-NONE-_-NONE-,292026551,10369649,201538,2025-08-28,2025,171376.0,"PHISTON TECHNOLOGIES, INC",FY25 PHISTON MEDIA DISINTEGRATOR
CONT_AWD_89233018CNR000004_8900_-NONE-_-NONE-,292026551,10369370,201647,2025-08-29,2025,63720.0,"WESTWIND COMPUTER PRODUCTS, INC.",AUKUS PCS
CONT_AWD_89233018CNR000004_8900_-NONE-_-NONE-,292026551,10369371,201646,2025-08-29,2025,119655.0,STERLING COMPUTERS CORPORATION,HPE STOREONE
CONT_AWD_89233018CNR000004_8900_-NONE-_-NONE-,292026551,10345040,201638,2025-09-02,2025,33773.0,"FLUOR MARINE PROPULSION, LLC",PTC CARTS
CONT_AWD_89233018CNR000004_8900_-NONE-_-NONE-,292026551,10368623,201665,2025-09-02,2025,42920.0,TROY WEB CONSULTING LLC,MAINTENANCE CONTRACT FOR CHART OF NUCLIDES APP
CONT_AWD_89233018CNR000004_8900_-NONE-_-NONE-,292026551,10368644,201682,2025-09-02,2025,78020.0,ANIXTER INC.,201682
CONT_AWD_89233018CNR000004_8900_-NONE-_-NONE-,292026551,10368944,201638,2025-09-02,2025,33773.0,"ADVANCED PRECISION MACHINING, INC",PTC CARTS
CONT_AWD_89233018CNR000004_8900_-NONE-_-NONE-,292026551,10369368,201673,2025-09-02,2025,42570.0,EMPIRE MAGNETICS INC.,RAD HARD MOTORS AND RESOLVERS
CONT_AWD_89233018CNR000004_8900_-NONE-_-NONE-,292026551,10369369,201657,2025-09-02,2025,139350.0,"PRODUCT EVALUATION SYSTEMS, LLC.",HEAT TREATMENT AND TESTING OF PM-HIP BILLETS
CONT_AWD_89233018CNR000004_8900_-NONE-_-NONE-,292026551,10369657,201662,2025-09-02,2025,98642.0,ELEMENT MATERIALS TECHNOLOGY CLEVELAND INC.,HEAT TREATMENT AND TESTING
CONT_AWD_89233018CNR000004_8900_-NONE-_-NONE-,292026551,10345023,201711,2025-09-03,2025,143310.0,"FLUOR MARINE PROPULSION, LLC","PROCUREMENT AND FABRICATION OF COPPER JUMPERS, CLAMPS, AND BUSHINGS FOR THE CTC RESISTOR RACKS"
CONT_AWD_89233018CNR000004_8900_-NONE-_-NONE-,292026551,10368748,201677,2025-09-03,2025,59776.0,"PROTEM USA, LIMITED LIABILITY CO",ELBOW BEVELER
CONT_AWD_89233018CNR000004_8900_-NONE-_-NONE-,292026551,10369366,201711,2025-09-03,2025,143310.0,"ASTLEY PRECISION MACHINE COMPANY, INC.","PROCUREMENT AND FABRICATION OF COPPER JUMPERS, CLAMPS, AND BUSHINGS FOR THE CTC RESISTOR RACKS"
CONT_AWD_89233018CNR000004_8900_-NONE-_-NONE-,292026551,10369367,201347,2025-09-03,2025,171531.0,"GRANSBERG AND ASSOCIATES, INC.",CMAR SME
CONT_AWD_89233018CNR000004_8900_-NONE-_-NONE-,292026551,10369656,201699,2025-09-03,2025,80395.0,ELEMENT MATERIALS TECHNOLOGY CLEVELAND INC.,TRDTKN20250707: HEAT TREATMENT AND TESTING OF PM-HIP BILLETS
CONT_AWD_89233018CNR000004_8900_-NONE-_-NONE-,292026551,10369747,201714,2025-09-03,2025,80048.0,"MIRION TECHNOLOGIES (CANBERRA), INC.",201714
CONT_AWD_89233018CNR000004_8900_-NONE-_-NONE-,292026551,10345026,201668,2025-09-04,2025,665123.0,"FLUOR MARINE PROPULSION, LLC",CAP-E ANTON PAAR JUSTIFICATION
CONT_AWD_89233018CNR000004_8900_-NONE-_-NONE-,292026551,10368660,201734,2025-09-04,2025,101495.0,"LABORATORY TESTING, LLC",HEAT TREATMENT AND TESTING
CONT_AWD_89233018CNR000004_8900_-NONE-_-NONE-,292026551,10369364,201659,2025-09-04,2025,245000.0,COLOSSAL CONTRACTING LLC,ITP - HPE PROLIANT DL360 GEN12 8SFF NC
CONT_AWD_89233018CNR000004_8900_-NONE-_-NONE-,292026551,10369365,201713,2025-09-04,2025,491942.0,"NAVARRO RESEARCH AND ENGINEERING, INC.",202563POT156 DENNIS RUIZ MECHANICAL ENGINEER - POTTER
CONT_AWD_89233018CNR000004_8900_-NONE-_-NONE-,292026551,10369603,200881,2025-09-04,2025,283120.0,BAKER AND ASSOCIATES,SWAB ADDITIONAL CONCEPTUAL DESIGN
CONT_AWD_89233018CNR000004_8900_-NONE-_-NONE-,292026551,10369684,201668,2025-09-04,2025,665123.0,"ANTON PAAR USA, INC",CAP-E ANTON PAAR JUSTIFICATION BY SUBMITTING REQUISITIONS IN XRD INSTRUMENT (DOSCH + OFC METZ)
CONT_AWD_89233018CNR000004_8900_-NONE-_-NONE-,292026551,10369746,201732,2025-09-04,2025,126024.0,"MIRION TECHNOLOGIES (CANBERRA), INC.",LYNX II - DIGITAL SIGNAL ANALYZER
CONT_AWD_89233018CNR000004_8900_-NONE-_-NONE-,292026551,10345030,201731,2025-09-05,2025,107250.0,"FLUOR MARINE PROPULSION, LLC",TYPE A INSTRUMENTATION
CONT_AWD_89233018CNR000004_8900_-NONE-_-NONE-,292026551,10369363,201731,2025-09-05,2025,107250.0,"ALPHA SPECTRA, INC.",TYPE A INSTRUMENTATION
CONT_AWD_89233018CNR000004_8900_-NONE-_-NONE-,292026551,10345004,201780,2025-09-08,2025,191644.0,"FLUOR MARINE PROPULSION, LLC",AUKUS S9G FIDE IT EQUIPMENT
CONT_AWD_89233018CNR000004_8900_-NONE-_-NONE-,292026551,10369360,201780,2025-09-08,2025,191644.0,COLOSSAL CONTRACTING LLC,AUKUS S9G FIDE IT EQUIPMENT
CONT_AWD_89233018CNR000004_8900_-NONE-_-NONE-,292026551,10369361,201739,2025-09-08,2025,149096.0,"CTG FEDERAL, LLC",201739
CONT_AWD_89233018CNR000004_8900_-NONE-_-NONE-,292026551,10369362,201760,2025-09-08,2025,40720.0,FABER ASSOCIATES INC,PALM CONTROL SYSTEM HARDWARE
CONT_AWD_89233018CNR000004_8900_-NONE-_-NONE-,292026551,10369586,201761,2025-09-08,2025,600000.0,"KINGSLEY ARMS, INC.",RAP 45- PO 201761-UNDER MASTER PO 147000
CONT_AWD_89233018CNR000004_8900_-NONE-_-NONE-,292026551,10344982,201790,2025-09-09,2025,203625.0,"FLUOR MARINE PROPULSION, LLC",BDT
CONT_AWD_89233018CNR000004_8900_-NONE-_-NONE-,292026551,10368608,200418,2025-09-09,2025,182549.0,P.J. DICK INCORPORATED,200418
CONT_AWD_89233018CNR000004_8900_-NONE-_-NONE-,292026551,10368830,201729,2025-09-09,2025,40277.0,"GLENAIR, INC.",CABLE ASSEMBLY
CONT_AWD_89233018CNR000004_8900_-NONE-_-NONE-,292026551,10368968,201781,2025-09-09,2025,107828.0,SIEMENS GOVERNMENT TECHNOLOGIES INC,STRATUS EVERRUN ENTERPRISE SOFTWARE FOR 2 SOCKET SERVERS (EE0001) AND CUSTOMER SUPPORT
CONT_AWD_89233018CNR000004_8900_-NONE-_-NONE-,292026551,10369355,201798,2025-09-09,2025,38597.0,STERLING COMPUTERS CORPORATION,SMART UPS (PR 25104)
CONT_AWD_89233018CNR000004_8900_-NONE-_-NONE-,292026551,10369356,201790,2025-09-09,2025,203625.0,EDDYFI CORP,201790
CONT_AWD_89233018CNR000004_8900_-NONE-_-NONE-,292026551,10369357,201771,2025-09-09,2025,182152.0,GATAN INC,GATAN PIPSII ION MILL REPLACEMENT
CONT_AWD_89233018CNR000004_8900_-NONE-_-NONE-,292026551,10369358,201774,2025-09-09,2025,151750.0,SYNERTECH PM INC.,MANUFACTURE OF A SECOND STEPPED CYLINDER TEST
CONT_AWD_89233018CNR000004_8900_-NONE-_-NONE-,292026551,10369359,201768,2025-09-09,2025,30274.0,"HB SPRAGUE, LLC",MODULAR FURNITURE
CONT_AWD_89233018CNR000004_8900_-NONE-_-NONE-,292026551,10345043,201816,2025-09-10,2025,36184.0,"FLUOR MARINE PROPULSION, LLC",NEW HEATING MANTLES AND VESSELS
CONT_AWD_89233018CNR000004_8900_-NONE-_-NONE-,292026551,10368783,201830,2025-09-10,2025,36952.0,UNIFIRST CORPORATION,FLAME RESISTANT PPE UNIFORMS FOR ELECTRICAL WORKERS
CONT_AWD_89233018CNR000004_8900_-NONE-_-NONE-,292026551,10368803,201820,2025-09-10,2025,112346.0,NEWARK ELECTRONICS CORPORATION,201820
CONT_AWD_89233018CNR000004_8900_-NONE-_-NONE-,292026551,10369351,201816,2025-09-10,2025,36184.0,ACE GLASS INC,NEW HEATING MANTLES AND VESSELS
CONT_AWD_89233018CNR000004_8900_-NONE-_-NONE-,292026551,10369352,201822,2025-09-10,2025,54936.0,LION FIRST RESPONDER PPE INC,HYPERFIRE PACKAGE AND DIGITAL NOZZLE
CONT_AWD_89233018CNR000004_8900_-NONE-_-NONE-,292026551,10369353,201797,2025-09-10,2025,240831.0,STERLING COMPUTERS CORPORATION,FY25 TIER 3 STORAGE QUANTUM LTO9 DRIVES (FOR AFM)
CONT_AWD_89233018CNR000004_8900_-NONE-_-NONE-,292026551,10369354,201746,2025-09-10,2025,420658.0,"UNITED RENTALS, INC.",LIFT PURCHASE
CONT_AWD_89233018CNR000004_8900_-NONE-_-NONE-,292026551,10369745,201827,2025-09-10,2025,34058.0,"MIRION TECHNOLOGIES (CANBERRA), INC.",LYNX II MULTI-CHANNEL ANALYZER
CONT_AWD_89233018CNR000004_8900_-NONE-_-NONE-,292026551,10344994,201826,2025-09-11,2025,82200.0,"FLUOR MARINE PROPULSION, LLC",ISO CARGO CONTAINER
CONT_AWD_89233018CNR000004_8900_-NONE-_-NONE-,292026551,10368691,201850,2025-09-11,2025,249568.0,DS GOVERNMENT SOLUTIONS CORP,201850
CONT_AWD_89233018CNR000004_8900_-NONE-_-NONE-,292026551,10368841,201852,2025-09-11,2025,86560.0,SAVANNAH RIVER NUCLEAR SOLUTIONS LLC,RELEASE 9
CONT_AWD_89233018CNR000004_8900_-NONE-_-NONE-,292026551,10369350,201336,2025-09-11,2025,455444.0,"SAGE ENGINEERING ASSOCIATES, LLP",KS FIREHOUSE FIELD FOLLOW
CONT_AWD_89233018CNR000004_8900_-NONE-_-NONE-,292026551,10369648,201826,2025-09-11,2025,82200.0,CONTAINER PROVIDERS INC.,ISO CARGO CONTAINER
CONT_AWD_89233018CNR000004_8900_-NONE-_-NONE-,292026551,10345008,201824,2025-09-12,2025,180240.0,"FLUOR MARINE PROPULSION, LLC",STAINLESS STEEL 316L HIP POWDER
CONT_AWD_89233018CNR000004_8900_-NONE-_-NONE-,292026551,10368651,201824,2025-09-12,2025,180240.0,CARPENTER TECHNOLOGY CORPORATION,STAINLESS STEEL 316L HIP POWDER
CONT_AWD_89233018CNR000004_8900_-NONE-_-NONE-,292026551,10369349,200308,2025-09-12,2025,31803.0,"CONNECTICUT TRAILERS, INC.",200308
CONT_AWD_89233018CNR000004_8900_-NONE-_-NONE-,292026551,10369348,201819,2025-09-15,2025,45226.0,LOGISTICS365 INC,SONARQUBE SERVER ENTERPRISE EDITION
CONT_AWD_89233018CNR000004_8900_-NONE-_-NONE-,292026551,10345001,201846,2025-09-16,2025,61847.0,"FLUOR MARINE PROPULSION, LLC",ISTAR PANELS
CONT_AWD_89233018CNR000004_8900_-NONE-_-NONE-,292026551,10369422,201953,2025-09-16,2025,66470.0,"WESTWIND COMPUTER PRODUCTS, INC.",IT PERIPHERALS - NRPR 25138E
CONT_AWD_89233018CNR000004_8900_-NONE-_-NONE-,292026551,10369423,201846,2025-09-16,2025,61847.0,COLOSSAL CONTRACTING LLC,ISTAR PANELS
CONT_AWD_89233018CNR000004_8900_-NONE-_-NONE-,292026551,10369687,201870,2025-09-16,2025,184225.0,SETCO SALES CO,AVIS PROTOTYPE LINEAR TABLES
CONT_AWD_89233018CNR000004_8900_-NONE-_-NONE-,292026551,10344971,201889,2025-09-17,2025,408785.0,"FLUOR MARINE PROPULSION, LLC",CTC ION EXCHANGE HEAT EXCHANGERS
CONT_AWD_89233018CNR000004_8900_-NONE-_-NONE-,292026551,10368678,201889,2025-09-17,2025,112637.0,GRAHAM CORP,CTC ION EXCHANGE HEAT EXCHANGERS
CONT_AWD_89233018CNR000004_8900_-NONE-_-NONE-,292026551,10368787,200321,2025-09-17,2025,32371.0,"O'CONNELL ELECTRIC COMPANY, INC.",R271 - DCNI BUILDING 87 EB INSTALL
CONT_AWD_89233018CNR000004_8900_-NONE-_-NONE-,292026551,10368791,201950,2025-09-17,2025,157974.0,"L&S ENERGY SERVICES, INC",KS FIREHOUSE COMMISSIONING SERVICES
CONT_AWD_89233018CNR000004_8900_-NONE-_-NONE-,292026551,10369421,201952,2025-09-17,2025,134988.0,"VANGURA TOOL, INC.",CTC RESISTOR MICARTA SUPPORT BRACKETS
CONT_AWD_89233018CNR000004_8900_-NONE-_-NONE-,292026551,10345027,201923,2025-09-18,2025,725000.0,"FLUOR MARINE PROPULSION, LLC",HOT ISOSTATIC PRESS
CONT_AWD_89233018CNR000004_8900_-NONE-_-NONE-,292026551,10368591,201923,2025-09-18,2025,725000.0,AMERICAN ISOSTATIC PRESSES INC,HOT ISOSTATIC PRESS
CONT_AWD_89233018CNR000004_8900_-NONE-_-NONE-,292026551,10369417,201390,2025-09-18,2025,22157327.0,"BART & ASSOCIATES, LLC",RECORDS DECLASSIFICATION REVIEW PROJECT
CONT_AWD_89233018CNR000004_8900_-NONE-_-NONE-,292026551,10369418,201974,2025-09-18,2025,180366.0,CENTRAL VALLEY MACHINE INC,RLW SAMPLE CONTAINMENT
CONT_AWD_89233018CNR000004_8900_-NONE-_-NONE-,292026551,10369419,201941,2025-09-18,2025,61113.0,ENERGYSOLUTIONS FEDERAL SUPPORT LLC,KNOLLS MIXED WASTE TREATMENT AND TRANSPORTATION SHIPMENT TO ENERGY SOLUTIONS OCTOBER 2025
CONT_AWD_89233018CNR000004_8900_-NONE-_-NONE-,292026551,10369420,201788,2025-09-18,2025,550000.0,"BRG MACHINERY CONSULTING, LLC",BRG ACTION
CONT_AWD_89233018CNR000004_8900_-NONE-_-NONE-,292026551,10344987,201924,2025-09-19,2025,229800.0,"FLUOR MARINE PROPULSION, LLC",ANSYS FOR GICNET
CONT_AWD_89233018CNR000004_8900_-NONE-_-NONE-,292026551,10369416,201924,2025-09-19,2025,229800.0,DRD TECHNOLOGY CORP,ANSYS FOR GICNET
CONT_AWD_89233018CNR000004_8900_-NONE-_-NONE-,292026551,10345018,201806,2025-09-22,2025,36399.0,"FLUOR MARINE PROPULSION, LLC",TOA- 58 ENGINEERING SERVICES WORK SCOPE
CONT_AWD_89233018CNR000004_8900_-NONE-_-NONE-,292026551,10345046,201937,2025-09-22,2025,64220.0,"FLUOR MARINE PROPULSION, LLC",XPLOR DEVICE
CONT_AWD_89233018CNR000004_8900_-NONE-_-NONE-,292026551,10369413,201937,2025-09-22,2025,64220.0,908 DEVICES INC,XPLOR DEVICE
CONT_AWD_89233018CNR000004_8900_-NONE-_-NONE-,292026551,10369414,201806,2025-09-22,2025,36399.0,"BEARDSLEY DESIGN ASSOCIATES ARCHITECTURE, ENGINEERING, LANDSCAPE ARCHITECTURE, D.P.C.",TOA- 58 ENGINEERING SERVICES WORK SCOPE HAZARDOUS MATERIAL SURVEYS AND WASTE CHARACTERIZATION AND LELM MOVE UPDATE FOR BUILDING T3 EQUIPMENT MOVE
CONT_AWD_89233018CNR000004_8900_-NONE-_-NONE-,292026551,10369415,202008,2025-09-22,2025,113545.0,STERLING COMPUTERS CORPORATION,PURIFILE SOFTWARE RENEWAL
CONT_AWD_89233018CNR000004_8900_-NONE-_-NONE-,292026551,10344990,202044,2025-09-23,2025,111237.0,"FLUOR MARINE PROPULSION, LLC",BETTIS FLOOR CLEANING
CONT_AWD_89233018CNR000004_8900_-NONE-_-NONE-,292026551,10368782,202044,2025-09-23,2025,111237.0,DATA CLEAN LLC,BETTIS FLOOR CLEANING
CONT_AWD_89233018CNR000004_8900_-NONE-_-NONE-,292026551,10368866,201981,2025-09-23,2025,2157000.0,MASCARO CONSTRUCTION CO LP,CLASSIFIED ISLANDS PACKAGE 3
CONT_AWD_89233018CNR000004_8900_-NONE-_-NONE-,292026551,10369410,200224,2025-09-23,2025,30613546.0,"SYNERGY MODULAR, INC.",NRF MEDICAL SCIENCE COMPLEX
CONT_AWD_89233018CNR000004_8900_-NONE-_-NONE-,292026551,10369411,201694,2025-09-23,2025,151326.0,ENERGYSOLUTIONS FEDERAL SUPPORT LLC,BETTIS ENERGYSOLUTIONS TREATMENT AND TRANSIT OF TREATED RECYCLE/REUSE METAL MELT OCTOBER 2025
CONT_AWD_89233018CNR000004_8900_-NONE-_-NONE-,292026551,10369412,201888,2025-09-23,2025,4691047.0,GRM KONTRACTING LLC,COOLING TOWER 2 RECAPITALIZATION - PHASE B
CONT_AWD_89233018CNR000004_8900_-NONE-_-NONE-,292026551,10345016,202061,2025-09-24,2025,73000.0,"FLUOR MARINE PROPULSION, LLC",EYELOCK NEXT2 NANO EXT OUTDOORS IRIS IDENTITY AUTHENTICATION SYSTEM
CONT_AWD_89233018CNR000004_8900_-NONE-_-NONE-,292026551,10368697,202045,2025-09-24,2025,1616902.0,ENFIELD ENTERPRISES LLC,A1 BATHROOM RENOVATIONS
CONT_AWD_89233018CNR000004_8900_-NONE-_-NONE-,292026551,10368799,202059,2025-09-24,2025,58446.0,"EVEY HARDWARE CO, INC",BAGGED SALT
CONT_AWD_89233018CNR000004_8900_-NONE-_-NONE-,292026551,10368842,201996,2025-09-24,2025,1941273.0,FLUOR FEDERAL SERVICES INC,CAPITAL PROJECTS CONSTRUCTION SUPPORT
CONT_AWD_89233018CNR000004_8900_-NONE-_-NONE-,292026551,10369407,202066,2025-09-24,2025,42199.0,GRM KONTRACTING LLC,1717-550 - CV2 PCM AND SSDC P56 INSTALLATION
CONT_AWD_89233018CNR000004_8900_-NONE-_-NONE-,292026551,10369408,202006,2025-09-24,2025,362552.0,CUSTOM ENGINEERING CO.,TH1AND TH2 PIPE SPOOL FABRICATION - ORDER 2
CONT_AWD_89233018CNR000004_8900_-NONE-_-NONE-,292026551,10369409,202056,2025-09-24,2025,52075.0,"FLYMOTION, LLC",RIDGEBACK VERSION 2
CONT_AWD_89233018CNR000004_8900_-NONE-_-NONE-,292026551,10369606,200042,2025-09-24,2025,8597707.0,"QUANTA GOVERNMENT SOLUTIONS, LLC",TRANSPORTER TRANSFER PATH (TTP)
CONT_AWD_89233018CNR000004_8900_-NONE-_-NONE-,292026551,10369698,202061,2025-09-24,2025,73000.0,"BIOCENTURION, LLC",EYELOCK NEXT2 NANO EXT OUTDOORS IRIS IDENTITY AUTHENTICATION SYSTEM
CONT_AWD_89233018CNR000004_8900_-NONE-_-NONE-,292026551,10585985,201981,2025-09-24,2025,3303417.0,MASCARO CONSTRUCTION CO LP,CLASSIFIED ISLANDS PACKAGE 3
CONT_AWD_89233018CNR000004_8900_-NONE-_-NONE-,292026551,10344995,201848,2025-09-25,2025,14168995.0,"FLUOR MARINE PROPULSION, LLC",CONSTRUCTION OF KS FIREHOUSE
CONT_AWD_89233018CNR000004_8900_-NONE-_-NONE-,292026551,10368617,202069,2025-09-25,2025,59507.0,"RAMBOLL AMERICAS ENGINEERING SOLUTIONS, INC.",TOA 13 - Z5 MOHAWK RIVER SEDIMENT SAMPLING
CONT_AWD_89233018CNR000004_8900_-NONE-_-NONE-,292026551,10368928,202077,2025-09-25,2025,64180.0,FACILITY SUPPORT SERVICES LLC,THIS PO IS FOR THE AWARD OF SCT-018
CONT_AWD_89233018CNR000004_8900_-NONE-_-NONE-,292026551,10369405,202048,2025-09-25,2025,4098273.0,DYNAPOWER COMPANY LLC,RECTIFIERS
CONT_AWD_89233018CNR000004_8900_-NONE-_-NONE-,292026551,10369406,201848,2025-09-25,2025,14168995.0,"CONSIGLI CONSTRUCTION CO., INC.",CONSTRUCTION OF KS FIREHOUSE
CONT_AWD_89233018CNR000004_8900_-NONE-_-NONE-,292026551,10345029,202081,2025-09-26,2025,438167.0,"FLUOR MARINE PROPULSION, LLC",INTERIM IRRADIATIONS EXAMINATIONS RECAPITALIZATION (IIER) LABORATORY PRE-CONCEPTUAL DESIGN STUDIES
CONT_AWD_89233018CNR000004_8900_-NONE-_-NONE-,292026551,10368624,202081,2025-09-26,2025,438167.0,AMENTUM HOLDINGS LLC,INTERIM IRRADIATIONS EXAMINATIONS RECAPITALIZATION (IIER) LABORATORY PRE-CONCEPTUAL DESIGN STUDIES
CONT_AWD_89233018CNR000004_8900_-NONE-_-NONE-,292026551,10369403,201382,2025-09-26,2025,65240.0,PROTEC DYNATRONIX LLC,201382
CONT_AWD_89233018CNR000004_8900_-NONE-_-NONE-,292026551,10369404,202076,2025-09-26,2025,242462.0,ORBIS SIBRO INC,SPENT FUEL HANDLING RECAPITALIZATION PROJECT (SFHP) INTEGRATED PROJECT TEAM DEVELOPMENT (IPTD) EVENT
CONT_AWD_89233018CNR000004_8900_-NONE-_-NONE-,292026551,10344981,201959,2025-10-23,2026,52765.0,"FLUOR MARINE PROPULSION, LLC","BETTIS DOE CONTRACT ENERGYSOLUTIONS DISPOSAL OF TREATED MMLW, TREATED MMLW/PCB, AND TREATED LLW/PCB NOVEMBER 2025"
CONT_AWD_89233018CNR000004_8900_-NONE-_-NONE-,292026551,10345036,202193,2025-11-05,2026,424800.0,"FLUOR MARINE PROPULSION, LLC",ALL TYPE PROFESSIONAL DOOR SERVICE INC
CONT_AWD_89233018CNR000004_8900_-NONE-_-NONE-,292026551,10380302,3022084,2025-11-07,2026,24517939.4,"AMENTUM TECHNOLOGY, INC.",SFHP ER RECAPITALIZATION PROJECT
CONT_AWD_89233018CNR000004_8900_-NONE-_-NONE-,292026551,10345015,202206,2025-11-18,2026,7264161.0,"FLUOR MARINE PROPULSION, LLC",HCM LICENSING
CONT_AWD_89233018CNR000004_8900_-NONE-_-NONE-,292026551,10388521,7019009,2025-11-24,2026,52150274.0,KIEWIT POWER CONSTRUCTORS CO,CS-107
CONT_AWD_89233018CNR000004_8900_-NONE-_-NONE-,292026551,10345035,202251,2025-11-25,2026,217310.0,"FLUOR MARINE PROPULSION, LLC",VEHICLE LIFT GATE PM/CM FOR KAPL AND KS
CONT_AWD_89233018CNR000004_8900_-NONE-_-NONE-,292026551,10344986,202307,2025-12-03,2026,154000.0,"FLUOR MARINE PROPULSION, LLC",PREV PO 152058: ANSYS UNLIMITED - 2026 RENEWAL
CONT_AWD_89233018CNR000004_8900_-NONE-_-NONE-,292026551,10344985,202332,2025-12-04,2026,74121.0,"FLUOR MARINE PROPULSION, LLC",BATTERY POWERED XTREME SERIES TOOL KIT B-RAD 3000
CONT_AWD_89233018CNR000004_8900_-NONE-_-NONE-,292026551,10344988,202052,2025-12-05,2026,241942.0,"FLUOR MARINE PROPULSION, LLC",1717-534-LOOP 62 DECK ADDITION
CONT_AWD_89233018CNR000004_8900_-NONE-_-NONE-,292026551,10345033,202016,2025-12-09,2026,38675.0,"FLUOR MARINE PROPULSION, LLC",4/0 POWER CABLE
CONT_AWD_89233018CNR000004_8900_-NONE-_-NONE-,292026551,10344984,202428,2025-12-11,2026,326603.0,"FLUOR MARINE PROPULSION, LLC",FY26 ORACLE PLM MAINTENANCE AND SUPPORT
CONT_AWD_89233018CNR000004_8900_-NONE-_-NONE-,292026551,10345019,202429,2025-12-12,2026,186370.0,"FLUOR MARINE PROPULSION, LLC",TOA-48 FIELD FOLLOW FOR KNOLLS LABORATORY EQUIPMENT MAINTENANCE FACILITY (EMF)
CONT_AWD_89233018CNR000004_8900_-NONE-_-NONE-,292026551,10345025,202485,2025-12-15,2026,76091.0,"FLUOR MARINE PROPULSION, LLC",ATS/EUROTHERM CONTROLLERS
CONT_AWD_89233018CNR000004_8900_-NONE-_-NONE-,292026551,10344979,202501,2025-12-16,2026,64995.0,"FLUOR MARINE PROPULSION, LLC",EOS OF NORTH AMERICA INC
CONT_AWD_89233018CNR000004_8900_-NONE-_-NONE-,292026551,10344996,202520,2025-12-17,2026,175889.0,"FLUOR MARINE PROPULSION, LLC",CONCEPTS NREC TURBO SOFTWARE RENEWAL
CONT_AWD_89233018CNR000004_8900_-NONE-_-NONE-,292026551,10344978,202503,2025-12-22,2026,45947.0,"FLUOR MARINE PROPULSION, LLC","ESO RENEWAL - ESS FIRE, EMS, EHR & INVENTORY"
CONT_AWD_89233018CNR000004_8900_-NONE-_-NONE-,292026551,10344993,202557,2025-12-30,2026,1514600.0,"FLUOR MARINE PROPULSION, LLC",M-140 CONVERSION SHIELDED DISPOSAL CONTAINER
CONT_AWD_89233018CNR000004_8900_-NONE-_-NONE-,292026551,10368789,202619,2026-01-05,2026,91250.0,"CURTISS-WRIGHT FLOW CONTROL SERVICE, LLC",DRONE
CONT_AWD_89233018CNR000004_8900_-NONE-_-NONE-,292026551,10368975,202649,2026-01-05,2026,20803.0,ELECTRON ENERGY LLC,HALBACH MAGNETS
CONT_AWD_89233018CNR000004_8900_-NONE-_-NONE-,292026551,10369591,202174,2026-01-05,2026,153230.0,ARM GROUP LLC,EMERGENCY GENERATORY
CONT_AWD_89233018CNR000004_8900_-NONE-_-NONE-,292026551,10369672,202638,2026-01-05,2026,8751.0,TESTEQUITY LLC,TEKTRONIX PROBES
CONT_AWD_89233018CNR000004_8900_-NONE-_-NONE-,292026551,10368972,202625,2026-01-06,2026,106944.0,"WULBERN-KOVAL COMPANY, INC.",TSB2A
CONT_AWD_89233018CNR000004_8900_-NONE-_-NONE-,292026551,10368973,202656,2026-01-06,2026,3933.0,DIGI-KEY CORP,HEARING PROTECTION WITH BUILT IN RADIO COMMUNICATION
CONT_AWD_89233018CNR000004_8900_-NONE-_-NONE-,292026551,10368974,201966,2026-01-06,2026,4875.0,NUCLEAR ALLOYS CORPORATION,WROUGHT ALLOY 600 PLATE TO BE USED FOR PM
CONT_AWD_89233018CNR000004_8900_-NONE-_-NONE-,292026551,10369594,202657,2026-01-06,2026,181617.0,KEYENCE CORPORATION OF AMERICA,PROCUREMENT OF ONE KEYENCE VHX
CONT_AWD_89233018CNR000004_8900_-NONE-_-NONE-,292026551,10368642,202615,2026-01-07,2026,13762.0,ANIXTER INC.,HOFFMAN ENCLOSURES
CONT_AWD_89233018CNR000004_8900_-NONE-_-NONE-,292026551,10368969,202622,2026-01-07,2026,186610.0,NANOSCIENCE INSTRUMENTS INC,NANOSCIENCE PHENOM XL TABLETOP SEM
CONT_AWD_89233018CNR000004_8900_-NONE-_-NONE-,292026551,10368970,202617,2026-01-07,2026,0.0,ENERGYSOLUTIONS FEDERAL SUPPORT LLC,KNOLLS LLW WINTER 2026 DISPOSAL
CONT_AWD_89233018CNR000004_8900_-NONE-_-NONE-,292026551,10368971,202680,2026-01-07,2026,280.0,TECHLAW CONSULTANTS INC,AGREEMENT 146716
CONT_AWD_89233018CNR000004_8900_-NONE-_-NONE-,292026551,10369042,202696,2026-01-07,2026,13103.0,TRIANGLE PRECISION INDUSTRIES INC,PALM III SLOTTED LOAD TUBE ASSEMBLY
CONT_AWD_89233018CNR000004_8900_-NONE-_-NONE-,292026551,10369043,202621,2026-01-07,2026,2762856.0,"DMG MORI FEDERAL SERVICES, INC.",5
CONT_AWD_89233018CNR000004_8900_-NONE-_-NONE-,292026551,10369581,202672,2026-01-07,2026,174580.0,"KINGSLEY ARMS, INC.",46029.5
CONT_AWD_89233018CNR000004_8900_-NONE-_-NONE-,292026551,10369754,202682,2026-01-07,2026,93146.0,TAYLOR & FRANCIS GROUP LLC,FY26 TAYLOR & FRANCIS RENEWAL
CONT_AWD_89233018CNR000004_8900_-NONE-_-NONE-,292026551,10368629,202701,2026-01-08,2026,250.0,"GREEN MOUNTAIN ELECTRIC SUPPLY, INC.",16 AWG SIS WIRE
CONT_AWD_89233018CNR000004_8900_-NONE-_-NONE-,292026551,10369037,202668,2026-01-08,2026,2179019.0,DICK BUILDING COMPANY LLC,GOLD ROOM/ERW ROOM RENOVATIONS AND STEAM LINE REROUTE AWARD
CONT_AWD_89233018CNR000004_8900_-NONE-_-NONE-,292026551,10369038,202694,2026-01-08,2026,0.0,ALLIUM US HOLDING LLC,FY 26 ACCURIS RENEWAL
CONT_AWD_89233018CNR000004_8900_-NONE-_-NONE-,292026551,10369039,202659,2026-01-08,2026,420270.0,"SPIKA DESIGN & MANUFACTURING, INC.",TRANSPORTER OVERPACK ROLLING STAIRS
CONT_AWD_89233018CNR000004_8900_-NONE-_-NONE-,292026551,10369040,202704,2026-01-08,2026,1638.0,SGS NORTH AMERICA INC.,AGREEMENT 156235
CONT_AWD_89233018CNR000004_8900_-NONE-_-NONE-,292026551,10369041,202699,2026-01-08,2026,28283.0,UNEX CORP,STEALTH
CONT_AWD_89233018CNR000004_8900_-NONE-_-NONE-,292026551,10369565,202700,2026-01-08,2026,58834.0,CLEAN HARBORS ENVIRONMENTAL SERVICES INC,(10) ROLL OFF RENTAL AND RE
CONT_AWD_89233018CNR000004_8900_-NONE-_-NONE-,292026551,10369748,201425,2026-01-08,2026,11720.0,"ECKERT & ZIEGLER ISOTOPE PRODUCTS, INC.",46030.65235
CONT_AWD_89233018CNR000004_8900_-NONE-_-NONE-,292026551,10368836,202731,2026-01-09,2026,35684.0,SAVANNAH RIVER NUCLEAR SOLUTIONS LLC,RELEASE 20 UNDER BLANKET AGREEMENT 150936 LLRW BETTIS
CONT_AWD_89233018CNR000004_8900_-NONE-_-NONE-,292026551,10369033,202676,2026-01-09,2026,4250.0,"DEPENDABLE TOOL & DIE CO., INC.","WA25HAW024 (FALLAT, JEFFREY) GAGE KNIFE EDGE"
CONT_AWD_89233018CNR000004_8900_-NONE-_-NONE-,292026551,10369034,202727,2026-01-09,2026,58483.0,ILLINOIS TOOL WORKS INC.,BUEHLER ABRASIMATIC 300 WITH ACCESSORIES
CONT_AWD_89233018CNR000004_8900_-NONE-_-NONE-,292026551,10369035,202674,2026-01-09,2026,0.0,GRM KONTRACTING LLC,SCT
CONT_AWD_89233018CNR000004_8900_-NONE-_-NONE-,292026551,10369036,202708,2026-01-09,2026,261.0,"CTG FEDERAL, LLC",FY26 ITP QUANTUM
CONT_AWD_89233018CNR000004_8900_-NONE-_-NONE-,292026551,10369738,202717,2026-01-09,2026,16640.0,"MIRION TECHNOLOGIES (CANBERRA), INC.",BETTIS SITE Q2 WASTE ASSAY SYSTEM RELOCATION
CONT_AWD_89233018CNR000004_8900_-NONE-_-NONE-,292026551,10369026,202760,2026-01-12,2026,5296.0,GEL LABORATORIES LLC,AGREEMENT 152994
CONT_AWD_89233018CNR000004_8900_-NONE-_-NONE-,292026551,10369027,202739,2026-01-12,2026,89095.0,COLOSSAL CONTRACTING LLC,SERVERS FOR AVEVA
CONT_AWD_89233018CNR000004_8900_-NONE-_-NONE-,292026551,10369028,202749,2026-01-12,2026,655.0,SGS NORTH AMERICA INC.,AGREEMENT 156235
CONT_AWD_89233018CNR000004_8900_-NONE-_-NONE-,292026551,10369029,202742,2026-01-12,2026,740.0,TECHLAW CONSULTANTS INC,AGREEMENT 146716
CONT_AWD_89233018CNR000004_8900_-NONE-_-NONE-,292026551,10369030,202746,2026-01-12,2026,5038.0,STERLING COMPUTERS CORPORATION,46034.49638
CONT_AWD_89233018CNR000004_8900_-NONE-_-NONE-,292026551,10369031,202720,2026-01-12,2026,144750.0,"DEPENDABLE TOOL & DIE CO., INC.",EDDY CURRENT ARRAY PROBE CALIBRATION CAVITY
CONT_AWD_89233018CNR000004_8900_-NONE-_-NONE-,292026551,10369032,202740,2026-01-12,2026,1512.0,MODEL HOLDINGS LLC,46034.41844
CONT_AWD_89233018CNR000004_8900_-NONE-_-NONE-,292026551,10369693,202643,2026-01-12,2026,8099.0,MOSEBACH MANUFACTURING CO,BREAKERS
CONT_AWD_89233018CNR000004_8900_-NONE-_-NONE-,292026551,10369023,201849,2026-01-13,2026,193119.0,"OXFORD INSTRUMENTS AMERICA, INC.",OXFORD EBSD/EDS DETECTOR FOR HYDRA
CONT_AWD_89233018CNR000004_8900_-NONE-_-NONE-,292026551,10369024,202784,2026-01-13,2026,655.0,SGS NORTH AMERICA INC.,AGREEMENT 156235
CONT_AWD_89233018CNR000004_8900_-NONE-_-NONE-,292026551,10369025,202769,2026-01-13,2026,72.0,COLOSSAL CONTRACTING LLC,COLOSSAL CATALOG ORDER #14
CONT_AWD_89233018CNR000004_8900_-NONE-_-NONE-,292026551,10368633,202791,2026-01-14,2026,795.0,TRI-LIFT INC,46036.32816
CONT_AWD_89233018CNR000004_8900_-NONE-_-NONE-,292026551,10368643,202637,2026-01-14,2026,71543.0,ANIXTER INC.,CABLES FOR NRF
CONT_AWD_89233018CNR000004_8900_-NONE-_-NONE-,292026551,10368935,202671,2026-01-14,2026,121380.0,"GATES UNDERWATER PRODUCTS, INC",E2 VIGES RIGHT
CONT_AWD_89233018CNR000004_8900_-NONE-_-NONE-,292026551,10368957,202773,2026-01-14,2026,135742.0,B M KRAMER & COMPANY INC,TH1 AND TH2 PIPING HARDWARE
CONT_AWD_89233018CNR000004_8900_-NONE-_-NONE-,292026551,10369017,202684,2026-01-14,2026,6750.0,NAVCON ENGINEERING NETWORK,"FY26 SIDLAB ANNUAL SOFTWARE LICENSE, MAINTENANCE, AND SUPPORT"
CONT_AWD_89233018CNR000004_8900_-NONE-_-NONE-,292026551,10369018,202673,2026-01-14,2026,19469.0,OXY-GON INDUSTRIES INC,BOAT CARRIER
CONT_AWD_89233018CNR000004_8900_-NONE-_-NONE-,292026551,10369019,202734,2026-01-14,2026,65541.0,"VANGURA TOOL, INC.",VES CABLING COMPONENTS
CONT_AWD_89233018CNR000004_8900_-NONE-_-NONE-,292026551,10369020,202798,2026-01-14,2026,655.0,SGS NORTH AMERICA INC.,AGREEMENT 156235
CONT_AWD_89233018CNR000004_8900_-NONE-_-NONE-,292026551,10369021,202796,2026-01-14,2026,30121.0,GEL LABORATORIES LLC,AGREEMENT 152994
CONT_AWD_89233018CNR000004_8900_-NONE-_-NONE-,292026551,10369022,202282,2026-01-14,2026,32719.0,COLORADO ENGINEERING EXPERIMENT STATION INC,LOOP 84 VENTURI CALIBRATION
CONT_AWD_89233018CNR000004_8900_-NONE-_-NONE-,292026551,10369752,202745,2026-01-14,2026,21010.0,SUFIAN MUNIR INC.,CUTTERS
CONT_AWD_89233018CNR000004_8900_-NONE-_-NONE-,292026551,10368844,202812,2026-01-15,2026,583400.0,NOONEY CONTROLS CORPORATION,VALVE AND ACTUATOR ASSEMBLIES
CONT_AWD_89233018CNR000004_8900_-NONE-_-NONE-,292026551,10368846,202780,2026-01-15,2026,235462.0,"TDY INDUSTRIES, LLC",THREE INCONEL PM
CONT_AWD_89233018CNR000004_8900_-NONE-_-NONE-,292026551,10369014,202817,2026-01-15,2026,114400.0,"DEPENDABLE TOOL & DIE CO., INC.",MANUAL CLEANING PROBE ASSEMBLIES
CONT_AWD_89233018CNR000004_8900_-NONE-_-NONE-,292026551,10369015,202735,2026-01-15,2026,0.0,"CARL ZEISS MICROSCOPY, LLC",FIELD EMISSION GUN SCANNING ELECTRON MICROSCOPE
CONT_AWD_89233018CNR000004_8900_-NONE-_-NONE-,292026551,10369016,202809,2026-01-15,2026,16500.0,NEWCO INC,46037.34559
CONT_AWD_89233018CNR000004_8900_-NONE-_-NONE-,292026551,10369736,202790,2026-01-15,2026,109451.0,"GRAYLOC PRODUCTS, L.L.C",LOOP 84 GRAYLOC HARDWARE
CONT_AWD_89233018CNR000004_8900_-NONE-_-NONE-,292026551,10369012,202827,2026-01-16,2026,1638.0,SGS NORTH AMERICA INC.,AGREEMENT 156235
CONT_AWD_89233018CNR000004_8900_-NONE-_-NONE-,292026551,10369013,202799,2026-01-16,2026,4623816.0,REPEAT BUSINESS SYSTEMS INC,MULTI
CONT_AWD_89233018CNR000004_8900_-NONE-_-NONE-,292026551,10369663,202830,2026-01-16,2026,46434.0,"THUNDERCAT TECHNOLOGY, LLC",(PREVIOUSLY PO 144360)
CONT_AWD_89233018CNR000004_8900_-NONE-_-NONE-,292026551,10368805,202003,2026-01-19,2026,480800.0,"ALABAMA SPECIALTY PRODUCTS, INC.",46041.5306
CONT_AWD_89233018CNR000004_8900_-NONE-_-NONE-,292026551,10368855,202759,2026-01-19,2026,1.0,MKS INC.,BUTTERFLY VALVE
CONT_AWD_89233018CNR000004_8900_-NONE-_-NONE-,292026551,10368880,202841,2026-01-19,2026,8032.0,"BIZON GROUP, INC",PROCUREMENT OF TWO SEAWORTHY CERTIFIED FREIGHT CONTAINERS WITH DELIVERY TO KESSELRING SITE.
CONT_AWD_89233018CNR000004_8900_-NONE-_-NONE-,292026551,10368899,202843,2026-01-19,2026,164.0,"IMAGE ONE UNIFORMS, INC.",CORNERSTONE FLEECE
CONT_AWD_89233018CNR000004_8900_-NONE-_-NONE-,292026551,10369007,202755,2026-01-19,2026,25490.0,CUSTOM TOOL & MODEL CORP.,"IMPELLER PULLER, 2 VERSIONS"
CONT_AWD_89233018CNR000004_8900_-NONE-_-NONE-,292026551,10369008,202838,2026-01-19,2026,33500.0,BARNETT INDUSTRIES INC,TRADITIONAL HONEYCOMB INSERT A
CONT_AWD_89233018CNR000004_8900_-NONE-_-NONE-,292026551,10369009,202825,2026-01-19,2026,91313.0,COLOSSAL CONTRACTING LLC,ISTAR COMPONENTS
CONT_AWD_89233018CNR000004_8900_-NONE-_-NONE-,292026551,10369010,202770,2026-01-19,2026,627662.0,STERLING COMPUTERS CORPORATION,FY26 AFM QUANTUM MAINTENANCE
CONT_AWD_89233018CNR000004_8900_-NONE-_-NONE-,292026551,10369011,202831,2026-01-19,2026,44110.0,"PRODUCT EVALUATION SYSTEMS, LLC.",U
CONT_AWD_89233018CNR000004_8900_-NONE-_-NONE-,292026551,10369564,202834,2026-01-19,2026,93075.0,CLEAN HARBORS ENVIRONMENTAL SERVICES INC,(25) (ROLL OFFS
CONT_AWD_89233018CNR000004_8900_-NONE-_-NONE-,292026551,10368650,202856,2026-01-20,2026,49500.0,"ELECTRO OPTICAL COMPONENTS, INC",FEMTO VOLTAGE AMPLIFIERS
CONT_AWD_89233018CNR000004_8900_-NONE-_-NONE-,292026551,10368907,202840,2026-01-20,2026,61290.0,KAMPI COMPONENTS CO INC,TH1 ION EXCHANGE FILTERS
CONT_AWD_89233018CNR000004_8900_-NONE-_-NONE-,292026551,10369003,202860,2026-01-20,2026,70.0,AQUATECH LLC,AGREEMENT 141892
CONT_AWD_89233018CNR000004_8900_-NONE-_-NONE-,292026551,10369004,202858,2026-01-20,2026,1608.0,GEL LABORATORIES LLC,AGREEMENT 158144
CONT_AWD_89233018CNR000004_8900_-NONE-_-NONE-,292026551,10369005,202857,2026-01-20,2026,360.0,TECHLAW CONSULTANTS INC,AGREEMENT 146716
CONT_AWD_89233018CNR000004_8900_-NONE-_-NONE-,292026551,10368996,202893,2026-01-21,2026,5472.0,GEL LABORATORIES LLC,AGREEMENT 155628
CONT_AWD_89233018CNR000004_8900_-NONE-_-NONE-,292026551,10368997,202777,2026-01-21,2026,37758.0,ENERGYSOLUTIONS FEDERAL SUPPORT LLC,KS FEBRUARY 2026 DISPOSAL OF LLW SOLIDS
CONT_AWD_89233018CNR000004_8900_-NONE-_-NONE-,292026551,10368998,202876,2026-01-21,2026,40696.0,"INSTRUMENT CALIBRATION SOLUTIONS, LLC",CALIBRATION OF ITEMS
CONT_AWD_89233018CNR000004_8900_-NONE-_-NONE-,292026551,10368999,202690,2026-01-21,2026,112210.0,ARNOLD MACHINERY CO,HYSTER H80FT
CONT_AWD_89233018CNR000004_8900_-NONE-_-NONE-,292026551,10369000,202879,2026-01-21,2026,655.0,SGS NORTH AMERICA INC.,AGREEMENT 156235
CONT_AWD_89233018CNR000004_8900_-NONE-_-NONE-,292026551,10369001,202692,2026-01-21,2026,549651.0,"PRIME MACHINE, INC.",VISUAL INSPECTION PLATFORM
CONT_AWD_89233018CNR000004_8900_-NONE-_-NONE-,292026551,10369002,202871,2026-01-21,2026,19266.0,"DOVER ENGINEERED PRODUCTS SEGMENT, INC.","GLOVEBOX GLOVE EJECTION TOOL ASSEMBLY, OVAL"
CONT_AWD_89233018CNR000004_8900_-NONE-_-NONE-,292026551,10368718,202890,2026-01-22,2026,0.0,WESTMORELAND COUNTY COMMUNITY COLLEGE,FACILITY USE AND TRAINING FOR BETTIS EMERGENCY SERVICES
CONT_AWD_89233018CNR000004_8900_-NONE-_-NONE-,292026551,10368719,202900,2026-01-22,2026,159479.0,LOCKMASTERS INC,NEEDED FOR CLASSIFIED ISLANDS SECURITY INFRASTRUCTURE
CONT_AWD_89233018CNR000004_8900_-NONE-_-NONE-,292026551,10368837,202935,2026-01-22,2026,86739.0,SAVANNAH RIVER NUCLEAR SOLUTIONS LLC,RELEASE 10 UNDER BLANKET AGREEMENT 151869 LLRW KAPL
CONT_AWD_89233018CNR000004_8900_-NONE-_-NONE-,292026551,10368854,202927,2026-01-22,2026,2710.0,PLEASANT HILLS CLEANING CENTER INC,BETTIS LAUNDRY FOR MID DECEMBER 2025 AND JANUARY 2026.
CONT_AWD_89233018CNR000004_8900_-NONE-_-NONE-,292026551,10368995,202867,2026-01-22,2026,551199.0,"NAVARRO RESEARCH AND ENGINEERING, INC.",RELEASE 35 UNDER PO 149124 INDUSTRIAL HYGIENIST SARF# 2025826DUF193
CONT_AWD_89233018CNR000004_8900_-NONE-_-NONE-,292026551,10369072,202933,2026-01-22,2026,39345.0,COLOSSAL CONTRACTING LLC,FIBER COMPONENTS
CONT_AWD_89233018CNR000004_8900_-NONE-_-NONE-,292026551,10369073,202914,2026-01-22,2026,58.0,FISHER SCIENTIFIC COMPANY L.L.C.,CHEMICALS
CONT_AWD_89233018CNR000004_8900_-NONE-_-NONE-,292026551,10369074,202929,2026-01-22,2026,14318.0,"UNITED RENTALS, INC.",GENERATOR/HEATER RENTAL
CONT_AWD_89233018CNR000004_8900_-NONE-_-NONE-,292026551,10369075,202906,2026-01-22,2026,76730.0,"COMPUCOM, INC.",DIGITIZE DOCUMENTS FOR FMP.
CONT_AWD_89233018CNR000004_8900_-NONE-_-NONE-,292026551,10369076,202880,2026-01-22,2026,514851.0,"PRIME MACHINE, INC.",M140 CONVERSIONS TYPE 1 CONTAINMENT
CONT_AWD_89233018CNR000004_8900_-NONE-_-NONE-,292026551,10369077,202885,2026-01-22,2026,463130.0,"Q-MATION, LLC",Q-MATION INC
CONT_AWD_89233018CNR000004_8900_-NONE-_-NONE-,292026551,10369583,202931,2026-01-22,2026,49477.0,"KINGSLEY ARMS, INC.","WORK UNDER RAP 49, PO 147000."
CONT_AWD_89233018CNR000004_8900_-NONE-_-NONE-,292026551,10368793,202930,2026-01-23,2026,74139.0,VEOLIA ES TECHNICAL SOLUTIONS LLC,B
CONT_AWD_89233018CNR000004_8900_-NONE-_-NONE-,292026551,10369071,202943,2026-01-23,2026,25837.0,COLOSSAL CONTRACTING LLC,ICIT ENTRUST ORDER
CONT_AWD_89233018CNR000004_8900_-NONE-_-NONE-,292026551,10369552,202947,2026-01-23,2026,33735.0,"PROFESSIONAL SERVICE INDUSTRIES, INC",PROVIDE ASBESTOS SAMPLES FOR ENVIRONMENTAL TESTING.
CONT_AWD_89233018CNR000004_8900_-NONE-_-NONE-,292026551,10369562,202946,2026-01-23,2026,38879.0,AMERICAN PHYSICAL SOCIETY,FY 26 APS RENEWAL
CONT_AWD_89233018CNR000004_8900_-NONE-_-NONE-,292026551,10368666,202949,2026-01-24,2026,25090.0,"A. BLAIR POWELL COMPANY, INC.",LOOP 62 FCV HARDWARE
CONT_AWD_89233018CNR000004_8900_-NONE-_-NONE-,292026551,10369070,202950,2026-01-25,2026,3722.0,COLOSSAL CONTRACTING LLC,COLOSSAL CATALOG ORDER #16
CONT_AWD_89233018CNR000004_8900_-NONE-_-NONE-,292026551,10368620,202925,2026-01-26,2026,19980.0,CADENCE DESIGN SYSTEMS INC,POINTWISE RENEWAL
CONT_AWD_89233018CNR000004_8900_-NONE-_-NONE-,292026551,10368730,202948,2026-01-26,2026,18555.0,NORTH STAR IMAGING INCORPORATED,FY 26 EFX SOFTWARE
CONT_AWD_89233018CNR000004_8900_-NONE-_-NONE-,292026551,10368751,202705,2026-01-26,2026,452950.0,KARPINSKI ENGINEERING INC,SITE ELECTRICAL POWER UPGRADE
CONT_AWD_89233018CNR000004_8900_-NONE-_-NONE-,292026551,10369064,202970,2026-01-26,2026,127250.0,"MATERIALS DESIGN, INC.",FY 26 MEDEA RENEWAL
CONT_AWD_89233018CNR000004_8900_-NONE-_-NONE-,292026551,10369065,202924,2026-01-26,2026,14430.0,CHROMALOX INC,WATER HEATER
CONT_AWD_89233018CNR000004_8900_-NONE-_-NONE-,292026551,10369066,202959,2026-01-26,2026,2308.0,EASTERN POWER TECHNOLOGIES INC,MILWAUKEE CUTTER
CONT_AWD_89233018CNR000004_8900_-NONE-_-NONE-,292026551,10369067,202957,2026-01-26,2026,75250.0,"VANGURA TOOL, INC.",MODIFIED
CONT_AWD_89233018CNR000004_8900_-NONE-_-NONE-,292026551,10369068,202932,2026-01-26,2026,19452.0,COLOSSAL CONTRACTING LLC,AXIS IP INTERCOM
CONT_AWD_89233018CNR000004_8900_-NONE-_-NONE-,292026551,10369069,201446,2026-01-26,2026,128450.0,HUDSON VALLEY COMMUNITY COLLEGE,WELDING AND MACHINING TRAINING FOR ENGINEERS
CONT_AWD_89233018CNR000004_8900_-NONE-_-NONE-,292026551,10369567,202958,2026-01-26,2026,116943.0,CLEAN HARBORS ENVIRONMENTAL SERVICES INC,SPOTTING AND RENTAL OF LINED ROLL OFFS (85
CONT_AWD_89233018CNR000004_8900_-NONE-_-NONE-,292026551,10369626,202369,2026-01-26,2026,20700.0,WASHINGTON MILLS ELECTRO MINERALS CORPORATION,RELEASE 11: DEVELOPMENT CAPABILITY EXPANSION PROJECT
CONT_AWD_89233018CNR000004_8900_-NONE-_-NONE-,292026551,10368792,202973,2026-01-27,2026,28802.0,VEOLIA ES TECHNICAL SOLUTIONS LLC,MARCH / APRIL Q1 2026 SHIPMENT
CONT_AWD_89233018CNR000004_8900_-NONE-_-NONE-,292026551,10369058,202987,2026-01-27,2026,4404.0,CDW GOVERNMENT LLC,SAMSUNG 990 PRO DRIVES
CONT_AWD_89233018CNR000004_8900_-NONE-_-NONE-,292026551,10369059,202986,2026-01-27,2026,79795.0,"ALBANY VALVE & FITTING CO., INC.",TF
CONT_AWD_89233018CNR000004_8900_-NONE-_-NONE-,292026551,10369060,202983,2026-01-27,2026,2368.0,OHIO SEMITRONICS INC,FY26 JANUARY CALIBRATIONS OF OSI MONITORING EQUIPMENT
CONT_AWD_89233018CNR000004_8900_-NONE-_-NONE-,292026551,10369061,202952,2026-01-27,2026,211327.0,"SPECTRA TECH, INC.",RELEASE 7 UNDER PO 149125 NUCLEAR FACILITIES ENGINEER 20250416PUS2
CONT_AWD_89233018CNR000004_8900_-NONE-_-NONE-,292026551,10369062,202975,2026-01-27,2026,1310.0,SGS NORTH AMERICA INC.,AGREEMENT 156235
CONT_AWD_89233018CNR000004_8900_-NONE-_-NONE-,292026551,10369063,202968,2026-01-27,2026,2185.0,"CTG FEDERAL, LLC",SAMSUNG SOLID STATE DRIVE M.2 EVO 990 PRO 1TB
CONT_AWD_89233018CNR000004_8900_-NONE-_-NONE-,292026551,10369054,203008,2026-01-28,2026,500535.0,"LCPTRACKER, INC.",LCPTRACKER SERVICES AND MAINTENANCE
CONT_AWD_89233018CNR000004_8900_-NONE-_-NONE-,292026551,10369055,202960,2026-01-28,2026,11610.0,"VANGURA TOOL, INC.",PALM LIFTING SEALED ADAPTER HARDWARE
CONT_AWD_89233018CNR000004_8900_-NONE-_-NONE-,292026551,10369056,202982,2026-01-28,2026,226438.0,"COMPASS SYSTEMS, INC.",VES CABLES
CONT_AWD_89233018CNR000004_8900_-NONE-_-NONE-,292026551,10369057,202953,2026-01-28,2026,191061.0,JGMS GOVERNMENT SERVICES LLC,RELEASE 1 UNDER PO 151898 NUCLEAR FACILITIES ENGINEER 20250416PUS1
CONT_AWD_89233018CNR000004_8900_-NONE-_-NONE-,292026551,10369566,202667,2026-01-28,2026,433964.0,CLEAN HARBORS ENVIRONMENTAL SERVICES INC,SERVES TO PROVIDE DISPOSAL SERVICES FOR CONTAMINATED PFAS ROLL OFFS FOR THE KS FIREHOUSE
CONT_AWD_89233018CNR000004_8900_-NONE-_-NONE-,292026551,10369615,203007,2026-01-28,2026,11416.0,"ROGUE WAVE SOFTWARE, INC.",FY26 TOTAL VIEW RENEWAL
CONT_AWD_89233018CNR000004_8900_-NONE-_-NONE-,292026551,10369707,202028,2026-01-28,2026,14710.0,"MAHONEY NOTIFY-PLUS, INC.",REPLACE (3) FAULTY ACTIVATION DEVICES (BEAM DETECTORS) IN BUILDING 107 HIGH BAY WITH NEW SYSTEM SENSOR OSI R DEVICES AND PROVIDE (1) SPARE DEVICE.
CONT_AWD_89233018CNR000004_8900_-NONE-_-NONE-,292026551,10369719,203004,2026-01-28,2026,32403.0,EX LIBRIS USA INC,FY 26 EX LIBRIS
CONT_AWD_89233018CNR000004_8900_-NONE-_-NONE-,292026551,10369730,203009,2026-01-28,2026,18720.0,PROTOSHOP LLC,METALLOGRAPHY FOR WELD SAMPLES
CONT_AWD_89233018CNR000004_8900_-NONE-_-NONE-,292026551,10369739,203003,2026-01-28,2026,2343282.0,"MIRION TECHNOLOGIES (CANBERRA), INC.",MIRION TECHNOLOGIES (CANBERRA) INC
CONT_AWD_89233018CNR000004_8900_-NONE-_-NONE-,292026551,10368601,202751,2026-01-29,2026,451.0,BCS INDUSTRIAL COMPANY,ROBOT REPAIR
CONT_AWD_89233018CNR000004_8900_-NONE-_-NONE-,292026551,10368602,203029,2026-01-29,2026,156.0,"GRAYBAR ELECTRIC COMPANY, INC.","TUBE SUPPORT CLAMP, BEAM CLAMP, MBC"
CONT_AWD_89233018CNR000004_8900_-NONE-_-NONE-,292026551,10368716,203039,2026-01-29,2026,325870.0,PRAECIPIO CONSULTING LLC,ATLASSIAN
CONT_AWD_89233018CNR000004_8900_-NONE-_-NONE-,292026551,10368741,203036,2026-01-29,2026,9000.0,ELECTRIC POWER RESEARCH INSTITUTE INC,FTREX USER GROUP RENEWAL
CONT_AWD_89233018CNR000004_8900_-NONE-_-NONE-,292026551,10368779,202918,2026-01-29,2026,4506.0,"GRANT INDUSTRIAL CONTROLS, INC.",RITTAL ELECTRICAL CABINET
CONT_AWD_89233018CNR000004_8900_-NONE-_-NONE-,292026551,10368929,202892,2026-01-29,2026,157000.0,"I. MILLER PRECISION OPTICAL INSTRUMENTS, INC.",LEICA MICROSCOPE
CONT_AWD_89233018CNR000004_8900_-NONE-_-NONE-,292026551,10369050,203047,2026-01-29,2026,36309.0,"ALBANY VALVE & FITTING CO., INC.",TF
CONT_AWD_89233018CNR000004_8900_-NONE-_-NONE-,292026551,10369051,203038,2026-01-29,2026,99960.0,"PRODUCT EVALUATION SYSTEMS, LLC.",PM
CONT_AWD_89233018CNR000004_8900_-NONE-_-NONE-,292026551,10369052,203032,2026-01-29,2026,214000.0,FASTECH LLC,GMA
CONT_AWD_89233018CNR000004_8900_-NONE-_-NONE-,292026551,10369053,203040,2026-01-29,2026,3474.0,GEL LABORATORIES LLC,AGREEMENT 152994
CONT_AWD_89233018CNR000004_8900_-NONE-_-NONE-,292026551,10369582,203041,2026-01-29,2026,104470.0,"KINGSLEY ARMS, INC.","WORK UNDER RAP 50, FOR MASTER 147000"
CONT_AWD_89233018CNR000004_8900_-NONE-_-NONE-,292026551,10369625,203011,2026-01-29,2026,67855.0,"A.C.I. CONTROLS, INC.",HONEYWELL PLC EQUIPMENT FOR PACK ASSEMBLY AND FURNACES
CONT_AWD_89233018CNR000004_8900_-NONE-_-NONE-,292026551,10369658,203030,2026-01-29,2026,94800.0,NTOPOLOGY INC,FY 26 NTOP RENEWAL
CONT_AWD_89233018CNR000004_8900_-NONE-_-NONE-,292026551,10369676,203034,2026-01-29,2026,22036.0,DYNAMIC SYSTEMS INC,FY26 RED HAT OS SUPPORT
CONT_AWD_89233018CNR000004_8900_-NONE-_-NONE-,292026551,10369681,203035,2026-01-29,2026,100000.0,TECH4IMAGING LLC,ELECTRICAL CAPACITANCE VOLUME TOMOGRAPHY (ECVT) SYSTEM FROM TECH4IMAGING
CONT_AWD_89233018CNR000004_8900_-NONE-_-NONE-,292026551,10369049,202962,2026-01-30,2026,35494.0,COLOSSAL CONTRACTING LLC,SECURITY GFE EQUIPMENT
CONT_AWD_89233018CNR000004_8900_-NONE-_-NONE-,292026551,10368652,203067,2026-02-02,2026,679029.0,"GARTNER, INC.",GARTNER INC
CONT_AWD_89233018CNR000004_8900_-NONE-_-NONE-,292026551,10368688,203063,2026-02-02,2026,706279.0,"ALL WATER SYSTEMS, INC.",RESIN REGENERATION CONTRACT
CONT_AWD_89233018CNR000004_8900_-NONE-_-NONE-,292026551,10369048,203048,2026-02-02,2026,589111.0,"WESTWIND COMPUTER PRODUCTS, INC.",HPC VISUALIZATION SERVERS
CONT_AWD_89233018CNR000004_8900_-NONE-_-NONE-,292026551,10369112,203065,2026-02-02,2026,16915.0,STERLING COMPUTERS CORPORATION,BETTIS GPU CLUSTER PDUS
CONT_AWD_89233018CNR000004_8900_-NONE-_-NONE-,292026551,10369113,203059,2026-02-02,2026,163590.0,"ISTO, INC.",FY 26 IEEE
CONT_AWD_89233018CNR000004_8900_-NONE-_-NONE-,292026551,10369114,203057,2026-02-02,2026,7500.0,METALS TREATMENT TECHNOLOGIES LLC,KS FIRING RANGE LEAD SAMPLING [FY26]
CONT_AWD_89233018CNR000004_8900_-NONE-_-NONE-,292026551,10368790,201932,2026-02-03,2026,38865.0,"CURTISS-WRIGHT FLOW CONTROL SERVICE, LLC",1 YEAR EXTENDED WARRANTY FOR DRONE AND CAMERA PAYLOAD; 4 YEAR WARRANTY AND CALIBRATION FOR 4 RADIATION DETECTORS
CONT_AWD_89233018CNR000004_8900_-NONE-_-NONE-,292026551,10369106,203098,2026-02-03,2026,3052.0,GEL LABORATORIES LLC,AGREEMENT 148144
CONT_AWD_89233018CNR000004_8900_-NONE-_-NONE-,292026551,10369107,203095,2026-02-03,2026,1200.0,SGS NORTH AMERICA INC.,AGREEMENT 156235
CONT_AWD_89233018CNR000004_8900_-NONE-_-NONE-,292026551,10369108,203018,2026-02-03,2026,259504.0,JGMS GOVERNMENT SERVICES LLC,RELEASE 2 UNDER PO 151898 BETTIS INDUSTRIAL HYGIENIST 20250204
CONT_AWD_89233018CNR000004_8900_-NONE-_-NONE-,292026551,10369109,203022,2026-02-03,2026,357258.0,"DLT SOLUTIONS, LLC",FY26 ORACLE PROFESSIONAL SERVICES
CONT_AWD_89233018CNR000004_8900_-NONE-_-NONE-,292026551,10369110,203075,2026-02-03,2026,95952.0,STERLING COMPUTERS CORPORATION,INTEL COMPILERS
CONT_AWD_89233018CNR000004_8900_-NONE-_-NONE-,292026551,10369111,203074,2026-02-03,2026,2376.0,COLOSSAL CONTRACTING LLC,COLOSSAL CATALOG ORDER #16
CONT_AWD_89233018CNR000004_8900_-NONE-_-NONE-,292026551,10368942,202917,2026-02-04,2026,50150.0,"UNITED PERFORMANCE METALS, LLC",CARPENTER 316L POWDER
CONT_AWD_89233018CNR000004_8900_-NONE-_-NONE-,292026551,10369099,203044,2026-02-04,2026,11546.0,CIMQUEST INC,GEOMAGIC
CONT_AWD_89233018CNR000004_8900_-NONE-_-NONE-,292026551,10369100,202823,2026-02-04,2026,243000.0,"THE M&P LAB, INC.",HEAT TREATMENT AND TESTING OF PM
CONT_AWD_89233018CNR000004_8900_-NONE-_-NONE-,292026551,10369101,203023,2026-02-04,2026,87582.0,CURTIS A VANCURA,ZIRCONIUM STANDARDS
CONT_AWD_89233018CNR000004_8900_-NONE-_-NONE-,292026551,10369102,203107,2026-02-04,2026,12247.0,GEL LABORATORIES LLC,AGREEMENT 152994
CONT_AWD_89233018CNR000004_8900_-NONE-_-NONE-,292026551,10369103,203037,2026-02-04,2026,86727.0,SLAC NATIONAL ACCELERATOR LABORATORY,DESIGN SUPPORT
CONT_AWD_89233018CNR000004_8900_-NONE-_-NONE-,292026551,10369104,203083,2026-02-04,2026,49200.0,"PRECISION WELDING TECHNOLOGIES, INC.",PREVENTIVE AND CORRECTIVE MAINTENANCE OF FERRANTI SCIAKY FUSION CHAMBER
CONT_AWD_89233018CNR000004_8900_-NONE-_-NONE-,292026551,10369105,202945,2026-02-04,2026,240000.0,AML3D USA INC.,GAS METAL ARC ADDITIVELY MANUFACTURED TEST ARTICLES
CONT_AWD_89233018CNR000004_8900_-NONE-_-NONE-,292026551,10368613,203126,2026-02-05,2026,71621.0,"RAMBOLL AMERICAS ENGINEERING SOLUTIONS, INC.",TOA #15
CONT_AWD_89233018CNR000004_8900_-NONE-_-NONE-,292026551,10368636,203110,2026-02-05,2026,4764.0,SIEMENS INDUSTRY INC,SEIMENS
CONT_AWD_89233018CNR000004_8900_-NONE-_-NONE-,292026551,10368902,203120,2026-02-05,2026,760.0,"IMAGE ONE UNIFORMS, INC.",FMP CLOTHING
CONT_AWD_89233018CNR000004_8900_-NONE-_-NONE-,292026551,10369097,203122,2026-02-05,2026,6813.0,PROOFCERT LLC,S5G LOAD TEST BEAM
CONT_AWD_89233018CNR000004_8900_-NONE-_-NONE-,292026551,10369098,203089,2026-02-05,2026,14156.0,STERLING COMPUTERS CORPORATION,FY 26 NEXUS ORDER
CONT_AWD_89233018CNR000004_8900_-NONE-_-NONE-,292026551,10369568,203131,2026-02-05,2026,17596.0,CLEAN HARBORS ENVIRONMENTAL SERVICES INC,2026 KNOLLS SITEWIDE ASBESTOS ROLL OFF
CONT_AWD_89233018CNR000004_8900_-NONE-_-NONE-,292026551,10369636,203121,2026-02-05,2026,12565.0,PREMIER FIRE APPARATUS,PREMIER FIRE APPARATUS INC
CONT_AWD_89233018CNR000004_8900_-NONE-_-NONE-,292026551,10368901,203139,2026-02-06,2026,463.0,"IMAGE ONE UNIFORMS, INC.",FMP CLOTHING ORDER
CONT_AWD_89233018CNR000004_8900_-NONE-_-NONE-,292026551,10369096,203153,2026-02-06,2026,14100.0,CDW GOVERNMENT LLC,PANASONIC TOUGHBOOKS
CONT_AWD_89233018CNR000004_8900_-NONE-_-NONE-,292026551,10368731,203162,2026-02-09,2026,43750.0,MTS SYSTEMS CORPORATION,PROCUREMENT OF TWO MTS EXTENSOMETERS FOR MATERIAL TESTING.
CONT_AWD_89233018CNR000004_8900_-NONE-_-NONE-,292026551,10369094,203170,2026-02-09,2026,45519.0,COLOSSAL CONTRACTING LLC,FY26 HP SERVER MAINTENANCE AND SUPPORT
CONT_AWD_89233018CNR000004_8900_-NONE-_-NONE-,292026551,10369095,203166,2026-02-09,2026,50000.0,HDF GROUP,THE HDF GROUP
CONT_AWD_89233018CNR000004_8900_-NONE-_-NONE-,292026551,10369673,203164,2026-02-09,2026,111753.0,TESTEQUITY LLC,MXO58
CONT_AWD_89233018CNR000004_8900_-NONE-_-NONE-,292026551,10369709,202938,2026-02-09,2026,4612.0,"MAHONEY NOTIFY-PLUS, INC.",TASK 07
CONT_AWD_89233018CNR000004_8900_-NONE-_-NONE-,292026551,10368868,203146,2026-02-10,2026,28669.0,YSI INC,XYLEM AUTOTITRATOR
CONT_AWD_89233018CNR000004_8900_-NONE-_-NONE-,292026551,10368966,203189,2026-02-10,2026,19337.0,"COMFORT SUPPLY, INC",COMFORT SUPPLY INC
CONT_AWD_89233018CNR000004_8900_-NONE-_-NONE-,292026551,10369089,202985,2026-02-10,2026,37806.0,"WATTEREDGE, LLC",M CABLES
CONT_AWD_89233018CNR000004_8900_-NONE-_-NONE-,292026551,10369090,203111,2026-02-10,2026,512126.0,"NAVARRO RESEARCH AND ENGINEERING, INC.",RELEASE 36 UNDER PO 149124 INDUSTRIAL HYGIENIST SARF20250619WAT161
CONT_AWD_89233018CNR000004_8900_-NONE-_-NONE-,292026551,10369091,203195,2026-02-10,2026,25769.0,LOGISTICS365 INC,TEAMSPEAK
CONT_AWD_89233018CNR000004_8900_-NONE-_-NONE-,292026551,10369092,203123,2026-02-10,2026,129069.0,"PRIME MACHINE, INC.",CADDIES FOR THE NSFH LOADING PORT RING AND SOLS COVER
CONT_AWD_89233018CNR000004_8900_-NONE-_-NONE-,292026551,10369093,203056,2026-02-10,2026,115425.0,"ZWICKROELL, LP",ZWICK/ROELL VIDEOXTENS VIDEO EXTENSOMETER
CONT_AWD_89233018CNR000004_8900_-NONE-_-NONE-,292026551,10368761,203177,2026-02-11,2026,120810.0,CDM FEDERAL PROGRAMS CORPORATION,THERMAL HYDRAULICS TEST STAND
CONT_AWD_89233018CNR000004_8900_-NONE-_-NONE-,292026551,10368900,203225,2026-02-11,2026,884.0,"IMAGE ONE UNIFORMS, INC.",FMP CLOTHING ORDER
CONT_AWD_89233018CNR000004_8900_-NONE-_-NONE-,292026551,10368963,203215,2026-02-11,2026,142500.0,AMERICAN FABRICATION INC,MIDDLE TRANSFER CONTAINERS
CONT_AWD_89233018CNR000004_8900_-NONE-_-NONE-,292026551,10369085,203224,2026-02-11,2026,8140.0,RG LOEWENGUTH CO INC,OGM AND RGL RE
CONT_AWD_89233018CNR000004_8900_-NONE-_-NONE-,292026551,10369086,203119,2026-02-11,2026,20793.0,STERLING COMPUTERS CORPORATION,FY26 TIER 2 STORAGE SUPPORT
CONT_AWD_89233018CNR000004_8900_-NONE-_-NONE-,292026551,10369087,203216,2026-02-11,2026,109750.0,CAMBRIDGE VALLEY MACHINING INC,INNER TRANSFER CONTAINER FABRICATION
CONT_AWD_89233018CNR000004_8900_-NONE-_-NONE-,292026551,10369088,203144,2026-02-11,2026,326805.0,"DAVIES OFFICE REFURBISHING, INC.",T3 OFFICE FURNITURE
CONT_AWD_89233018CNR000004_8900_-NONE-_-NONE-,292026551,10369549,203204,2026-02-11,2026,41479.0,"BRINKMANN INSTRUMENTS, INC.",METROHM ECO ION CHROMATOGRAPH
CONT_AWD_89233018CNR000004_8900_-NONE-_-NONE-,292026551,10369659,203228,2026-02-11,2026,210.0,"EXPORT BOXING & CRATING, INC.",CUSTOM CRATE
CONT_AWD_89233018CNR000004_8900_-NONE-_-NONE-,292026551,10369708,202936,2026-02-11,2026,4723.0,"MAHONEY NOTIFY-PLUS, INC.",TASK 12
CONT_AWD_89233018CNR000004_8900_-NONE-_-NONE-,292026551,10369723,203217,2026-02-11,2026,2800.0,"EUROFINS ENVIRONMENT TESTING NORTHERN CALIFORNIA, LLC",EUROFINS SOIL GAS 1ST QTR
CONT_AWD_89233018CNR000004_8900_-NONE-_-NONE-,292026551,10368898,203192,2026-02-12,2026,27550.0,"ALBA ENTERPRISES, LLC",RADIOGRAPHIC TESTING OF LOOP 84 PIPE WELDS
CONT_AWD_89233018CNR000004_8900_-NONE-_-NONE-,292026551,10368922,203221,2026-02-12,2026,94744.0,FACILITY SUPPORT SERVICES LLC,SCT
CONT_AWD_89233018CNR000004_8900_-NONE-_-NONE-,292026551,10369079,203019,2026-02-12,2026,54263.0,CLAYTON ENGINEERING CO,TRANSFORMER
CONT_AWD_89233018CNR000004_8900_-NONE-_-NONE-,292026551,10369080,203106,2026-02-12,2026,254210.0,"NAVARRO RESEARCH AND ENGINEERING, INC.",RELEASE 37 UNDER PO 149124 MECHANICAL ENGINEER SARF2025911POT198
CONT_AWD_89233018CNR000004_8900_-NONE-_-NONE-,292026551,10369081,203232,2026-02-12,2026,557.0,COLOSSAL CONTRACTING LLC,COLOSSAL CATALOG ORDER #21
CONT_AWD_89233018CNR000004_8900_-NONE-_-NONE-,292026551,10369082,203104,2026-02-12,2026,279947.0,JGMS GOVERNMENT SERVICES LLC,RELEASE 3 UNDER PO 151898 SPECIALIZED ENGINEER III SARF2025611HUN158
CONT_AWD_89233018CNR000004_8900_-NONE-_-NONE-,292026551,10369083,203230,2026-02-12,2026,1499.0,STERLING COMPUTERS CORPORATION,IPAD KEYBOARDS
CONT_AWD_89233018CNR000004_8900_-NONE-_-NONE-,292026551,10369084,202922,2026-02-12,2026,13071.0,FUELTEC SYSTEMS LLC,DIESEL FUEL POLISHER
CONT_AWD_89233018CNR000004_8900_-NONE-_-NONE-,292026551,10369595,203132,2026-02-12,2026,138260.0,KEYENCE CORPORATION OF AMERICA,XI
CONT_AWD_89233018CNR000004_8900_-NONE-_-NONE-,292026551,10369680,203145,2026-02-12,2026,0.0,"PHYSICAL ELECTRONICS USA, INC.",PHI ESCA REPLACEMENT
CONT_AWD_89233018CNR000004_8900_-NONE-_-NONE-,292026551,10368770,203242,2026-02-13,2026,196561.0,"PCB PIEZOTRONICS, INC.",FY26 INSTRUMENT ORDER
CONT_AWD_89233018CNR000004_8900_-NONE-_-NONE-,292026551,10369078,203247,2026-02-13,2026,41020.0,"THE M&P LAB, INC.",CHEMICAL ANALYSIS OF ALLOY 625
CONT_AWD_89233018CNR000004_8900_-NONE-_-NONE-,292026551,10369584,203250,2026-02-13,2026,104616.0,"KINGSLEY ARMS, INC.",RAP 51 & 51
CONT_AWD_89233018CNR000004_8900_-NONE-_-NONE-,292026551,10368797,203253,2026-02-15,2026,34190.0,"MOTION INDUSTRIES, INC.",LAUREATE RTD TEMPERATURE METER
CONT_AWD_89233018CNR000004_8900_-NONE-_-NONE-,292026551,10368575,203259,2026-02-16,2026,7864.0,GHA TECHNOLOGIES INC,SONY CAMERA RX100 VII
CONT_AWD_89233018CNR000004_8900_-NONE-_-NONE-,292026551,10369158,203276,2026-02-16,2026,1608.0,GEL LABORATORIES LLC,AGREEMENT 148144
CONT_AWD_89233018CNR000004_8900_-NONE-_-NONE-,292026551,10369159,203274,2026-02-16,2026,66165.0,STERLING COMPUTERS CORPORATION,NAI CARD
CONT_AWD_89233018CNR000004_8900_-NONE-_-NONE-,292026551,10369160,203264,2026-02-16,2026,11000.0,TRINITY CONSULTANTS INC,AIR QUALITY PERMIT SUPPORT
CONT_AWD_89233018CNR000004_8900_-NONE-_-NONE-,292026551,10369162,203269,2026-02-16,2026,70.0,AQUATECH LLC,AGREEMENT 141892
CONT_AWD_89233018CNR000004_8900_-NONE-_-NONE-,292026551,10369163,203268,2026-02-16,2026,80.0,TECHLAW CONSULTANTS INC,AGREEMENT 146716
CONT_AWD_89233018CNR000004_8900_-NONE-_-NONE-,292026551,10369164,203261,2026-02-16,2026,58684.0,CUSTOM ENGINEERING CO.,COOLANT PURIFICATION TEST LAB (CPTL) TRANSPORT TOOL ASSEMBLIES
CONT_AWD_89233018CNR000004_8900_-NONE-_-NONE-,292026551,10369572,203171,2026-02-16,2026,29338.0,EMD MILLIPORE CORP,MILLI
CONT_AWD_89233018CNR000004_8900_-NONE-_-NONE-,292026551,10369597,203272,2026-02-16,2026,4761.0,KEYENCE CORPORATION OF AMERICA,KEYENCE WM SUPPORT/REPAI
CONT_AWD_89233018CNR000004_8900_-NONE-_-NONE-,292026551,10368733,203277,2026-02-17,2026,3050.0,ILLINOIS TOOL WORKS INC,INSTRON PC INTEGRATION SERVICES
CONT_AWD_89233018CNR000004_8900_-NONE-_-NONE-,292026551,10368764,203288,2026-02-17,2026,16525.0,323 CAPITAL LLC,FY26 PAX
CONT_AWD_89233018CNR000004_8900_-NONE-_-NONE-,292026551,10369148,203291,2026-02-17,2026,48111.0,"EXECUTIVE INFORMATION SYSTEMS, L.L.C.",FY 26 SAS MAINTENANCE
CONT_AWD_89233018CNR000004_8900_-NONE-_-NONE-,292026551,10369149,203149,2026-02-17,2026,38528.0,ENERGYSOLUTIONS FEDERAL SUPPORT LLC,"TRANSPORTATION OF RADIOACTIVE LEAD SOLIDS AND HAZARDOUS DEBRIS, KNOLLS STABILIZATION WASTE"
CONT_AWD_89233018CNR000004_8900_-NONE-_-NONE-,292026551,10369150,203260,2026-02-17,2026,49304.0,HI-Q ENVIRONMENTAL PRODUCTS CO INC,SOLAR POWER SYSTEM
CONT_AWD_89233018CNR000004_8900_-NONE-_-NONE-,292026551,10369151,203285,2026-02-17,2026,162175.0,RVET OPERATING LLC,MILITARY RECRUITMENT FOR CIVILIAN CAREERS
CONT_AWD_89233018CNR000004_8900_-NONE-_-NONE-,292026551,10369152,203279,2026-02-17,2026,28025.0,ERIE TECHNICAL SYSTEMS INC,AUTOCLAVE ENGINEERS MAGNE
CONT_AWD_89233018CNR000004_8900_-NONE-_-NONE-,292026551,10369153,203271,2026-02-17,2026,1584.0,NICKEL FASTENERS LLC,CAP SCREWS
CONT_AWD_89233018CNR000004_8900_-NONE-_-NONE-,292026551,10369154,203241,2026-02-17,2026,2500.0,"ADVA CERA, LLC",ALUMINA DISCS
CONT_AWD_89233018CNR000004_8900_-NONE-_-NONE-,292026551,10369155,203265,2026-02-17,2026,65100.0,COLOSSAL CONTRACTING LLC,HP IDS ULTRA LAPTOPS
CONT_AWD_89233018CNR000004_8900_-NONE-_-NONE-,292026551,10369156,203284,2026-02-17,2026,15916.0,APACHE STAINLESS EQUIPMENT CORP,14 GALLON STAINLESS STEEL MAKEUP TANKS FOR SMALL FLOWING AUTOCLAVES
CONT_AWD_89233018CNR000004_8900_-NONE-_-NONE-,292026551,10369157,203278,2026-02-17,2026,28295.0,"PRODUCT EVALUATION SYSTEMS, LLC.",METALLOGRAPHICALLY PREPARE AND EVALUATE SINGLE U
CONT_AWD_89233018CNR000004_8900_-NONE-_-NONE-,292026551,10369546,203286,2026-02-17,2026,79650.0,THE HOLDEN CORPORATION,MOBILE TRAILER SANITATION SERVICES
CONT_AWD_89233018CNR000004_8900_-NONE-_-NONE-,292026551,10369696,203289,2026-02-17,2026,21943.0,DETECTACHEM INC.,DETECTACHEM SEEKERE EDK (2)
CONT_AWD_89233018CNR000004_8900_-NONE-_-NONE-,292026551,10369740,203275,2026-02-17,2026,127755.0,"MIRION TECHNOLOGIES (CANBERRA), INC.",ARGOS
CONT_AWD_89233018CNR000004_8900_-NONE-_-NONE-,292026551,10368788,203298,2026-02-18,2026,7000.0,CELLCO PARTNERSHIP,IPAD'S
CONT_AWD_89233018CNR000004_8900_-NONE-_-NONE-,292026551,10369143,203305,2026-02-18,2026,19500.0,"HEXAGON US FEDERAL, INC",FY26 CAESAR II CX V15 RENEWAL
CONT_AWD_89233018CNR000004_8900_-NONE-_-NONE-,292026551,10369144,203301,2026-02-18,2026,139667.0,"SPECTRO ANALYTICAL INSTRUMENTS, INC.",SPECTRO ARCOS PREVENTIVE MAINTENANCE
CONT_AWD_89233018CNR000004_8900_-NONE-_-NONE-,292026551,10369145,203240,2026-02-18,2026,253500.0,"MH PROFESSIONAL ENGINEERING, PLLC",CLASSIFIED ISLANDS COMMISSIONING SERVICES
CONT_AWD_89233018CNR000004_8900_-NONE-_-NONE-,292026551,10369146,203297,2026-02-18,2026,0.0,VERTILON CORPORATION,PHOTONIQ
CONT_AWD_89233018CNR000004_8900_-NONE-_-NONE-,292026551,10369147,203282,2026-02-18,2026,68185.0,IOP PUBLISHING INCORPORATED,FY26 IOP SUBSCRIPTION RENEWAL
CONT_AWD_89233018CNR000004_8900_-NONE-_-NONE-,292026551,10368698,203231,2026-02-19,2026,549570.0,"HILL INTERNATIONAL, INC.",RELEASE 009 UNDER PO 149126 SOFTWARE DEVELOPER 2025818WIL190
CONT_AWD_89233018CNR000004_8900_-NONE-_-NONE-,292026551,10368717,203207,2026-02-19,2026,10200.0,"T-MOBILE USA, INC.",FY26 APPLE IPAD PRO 13 INCH M4
CONT_AWD_89233018CNR000004_8900_-NONE-_-NONE-,292026551,10368732,203193,2026-02-19,2026,5650000.0,MTS SYSTEMS CORPORATION,SVTF SHOCK ACTUATORS
CONT_AWD_89233018CNR000004_8900_-NONE-_-NONE-,292026551,10368771,203322,2026-02-19,2026,32768.0,"PCB PIEZOTRONICS, INC.",ENDEVCO 2775C
CONT_AWD_89233018CNR000004_8900_-NONE-_-NONE-,292026551,10369139,203315,2026-02-19,2026,125997.0,"COPYRIGHT CLEARANCE CENTER, INC.",FY26 COPYRIGHT CLEARANCE AND MOTION PICTURE LICENSE RENEWAL
CONT_AWD_89233018CNR000004_8900_-NONE-_-NONE-,292026551,10369140,203313,2026-02-19,2026,2577.0,MODEL HOLDINGS LLC,SPO UNIFORM LAUNDRY FROM 12
CONT_AWD_89233018CNR000004_8900_-NONE-_-NONE-,292026551,10369141,203312,2026-02-19,2026,35298.0,LOGISTICS365 INC,FY26 ELOGGER RENEWAL
CONT_AWD_89233018CNR000004_8900_-NONE-_-NONE-,292026551,10369142,203309,2026-02-19,2026,133430.0,"ESTECO NORTH AMERICA, INC.",FY 26 MODEFRONTIER LICENSE POP: 4/1/26
CONT_AWD_89233018CNR000004_8900_-NONE-_-NONE-,292026551,10368621,203330,2026-02-20,2026,46060.0,CADENCE DESIGN SYSTEMS INC,POINTWISE (SINGLE)
CONT_AWD_89233018CNR000004_8900_-NONE-_-NONE-,292026551,10369137,203329,2026-02-20,2026,41250.0,"DEPENDABLE TOOL & DIE CO., INC.","WA26HAW003 (CASSIDY, JOHN) FABRICATE (3) CALIBRATION CHANNEL"
CONT_AWD_89233018CNR000004_8900_-NONE-_-NONE-,292026551,10369138,203324,2026-02-20,2026,52300.0,"BEARDSLEY DESIGN ASSOCIATES ARCHITECTURE, ENGINEERING, LANDSCAPE ARCHITECTURE, D.P.C.",KNOLLS CLASSIFIED ISLAND
CONT_AWD_89233018CNR000004_8900_-NONE-_-NONE-,292026551,10368745,203351,2026-02-23,2026,18000.0,EXTRUDE HONE LLC,ABRASIVE FLOW MACHINING (AFM) OF 15 ADDITIVE MANUFACTURED (AM) ALLOY 625 (A625) LOW CYCLE FATIGUE (LCF) CONTAINERS
CONT_AWD_89233018CNR000004_8900_-NONE-_-NONE-,292026551,10368813,203317,2026-02-23,2026,200000.0,"BATTELLE ENERGY ALLIANCE, LLC",INL BLANKET RELEASE 13: MOOSE SUPPORT
CONT_AWD_89233018CNR000004_8900_-NONE-_-NONE-,292026551,10368953,203323,2026-02-23,2026,70975.0,"PITTSBURGH FLUID SYSTEMS, LLC",SWAGELOK TUBE FITTINGS AND TOOLING PER SWAGELOK QUOTE 160888
CONT_AWD_89233018CNR000004_8900_-NONE-_-NONE-,292026551,10369131,203257,2026-02-23,2026,442.0,ENERGYSOLUTIONS FEDERAL SUPPORT LLC,DISPOSAL OF LLRW (LINAC) FY 2026
CONT_AWD_89233018CNR000004_8900_-NONE-_-NONE-,292026551,10369132,203331,2026-02-23,2026,70000.0,"THE M&P LAB, INC.","WA25HAW027 (BOLDT, TIMOTHY) PERFORM SCCGR TESTING"
CONT_AWD_89233018CNR000004_8900_-NONE-_-NONE-,292026551,10369133,203326,2026-02-23,2026,125985.0,CMB CONSULTANTS LC,MSC COMMISSIONING
CONT_AWD_89233018CNR000004_8900_-NONE-_-NONE-,292026551,10369134,203328,2026-02-23,2026,100100.0,"DEPENDABLE TOOL & DIE CO., INC.",CLEANING PROBE ASSEMBLIES
CONT_AWD_89233018CNR000004_8900_-NONE-_-NONE-,292026551,10369135,203320,2026-02-23,2026,288564.0,"OXFORD INSTRUMENTS AMERICA, INC.",OXFORD INSTRUMENTS PM/CM
CONT_AWD_89233018CNR000004_8900_-NONE-_-NONE-,292026551,10369136,203296,2026-02-23,2026,126954.0,EASTERN POWER TECHNOLOGIES INC,FURNITURE ORDER 2
CONT_AWD_89233018CNR000004_8900_-NONE-_-NONE-,292026551,10368923,203359,2026-02-24,2026,379010.0,FACILITY SUPPORT SERVICES LLC,1717
CONT_AWD_89233018CNR000004_8900_-NONE-_-NONE-,292026551,10369130,203353,2026-02-24,2026,32218.0,ENERGYSOLUTIONS FEDERAL SUPPORT LLC,KS BWSR CPW TANKS DISPOSAL AT ENERGY SOLUTIONS MARCH 2026
CONT_AWD_89233018CNR000004_8900_-NONE-_-NONE-,292026551,10369674,203380,2026-02-24,2026,3450.0,ENDRESS + HAUSER INC,ELECTROMAGNETIC FLOWMETER
CONT_AWD_89233018CNR000004_8900_-NONE-_-NONE-,292026551,10369126,203409,2026-02-25,2026,29860.0,VAREX IMAGING CORPORATION,VAREX IMAGING CORPORATION
CONT_AWD_89233018CNR000004_8900_-NONE-_-NONE-,292026551,10369127,203243,2026-02-25,2026,23360.0,CLAYTON ENGINEERING CO,STARLINE BUS BREAKERS
CONT_AWD_89233018CNR000004_8900_-NONE-_-NONE-,292026551,10369128,203386,2026-02-25,2026,116674.0,"TESTFORCE USA, INC.",TESTFORCE USA
CONT_AWD_89233018CNR000004_8900_-NONE-_-NONE-,292026551,10369129,203374,2026-02-25,2026,131320.0,SCIENTIFIC FORMING TECHNOLOGIES CORPORATION,DEFORM LICENSE ANNUAL MAINTENANCE
CONT_AWD_89233018CNR000004_8900_-NONE-_-NONE-,292026551,10369588,203402,2026-02-25,2026,17399.0,STRUERS INC,KLS STRUERS MAINTENANCE VISIT
CONT_AWD_89233018CNR000004_8900_-NONE-_-NONE-,292026551,10369645,203205,2026-02-25,2026,25290.0,ALLIANCE LAUNDRY SYSTEMS LLC,GEAR EXTRACTOR/WASHER AND PPE DRYER
CONT_AWD_89233018CNR000004_8900_-NONE-_-NONE-,292026551,10368661,203390,2026-02-26,2026,64950.0,"BISCO INDUSTRIES, INC.",FLEXLOC NUTS (PART# 50FA440)
CONT_AWD_89233018CNR000004_8900_-NONE-_-NONE-,292026551,10368762,203350,2026-02-26,2026,78081.0,CDM FEDERAL PROGRAMS CORPORATION,BDC VAULT RELOCATION: FINAL DESIGN
CONT_AWD_89233018CNR000004_8900_-NONE-_-NONE-,292026551,10368816,203429,2026-02-26,2026,6000.0,"CBM FABRICATIONS, INC","WA26HAW001 (PECK, ARTHUR) FABRICATION AND COATING OF COUPONS"
CONT_AWD_89233018CNR000004_8900_-NONE-_-NONE-,292026551,10369120,203412,2026-02-26,2026,37440.0,"WESTWIND COMPUTER PRODUCTS, INC.",FY 26 OPENTEXT SUPPORT
CONT_AWD_89233018CNR000004_8900_-NONE-_-NONE-,292026551,10369121,203422,2026-02-26,2026,1737.0,GEL LABORATORIES LLC,AGREEMENT 152994
CONT_AWD_89233018CNR000004_8900_-NONE-_-NONE-,292026551,10369122,203418,2026-02-26,2026,79500.0,"ASTLEY PRECISION MACHINE COMPANY, INC.",FLEXLOC NUTS
CONT_AWD_89233018CNR000004_8900_-NONE-_-NONE-,292026551,10369123,203417,2026-02-26,2026,54660.0,FRAMATOME INC,FRAMATOME INC
CONT_AWD_89233018CNR000004_8900_-NONE-_-NONE-,292026551,10369124,203143,2026-02-26,2026,1525911.0,PHILLIPS CORPORATION,AMCM M290
CONT_AWD_89233018CNR000004_8900_-NONE-_-NONE-,292026551,10369125,203408,2026-02-26,2026,23018.0,STERLING COMPUTERS CORPORATION,FY26 VEEAM SOFTWARE RENEWAL
CONT_AWD_89233018CNR000004_8900_-NONE-_-NONE-,292026551,10369596,203415,2026-02-26,2026,25060.0,KEYENCE CORPORATION OF AMERICA,3D LASER SNAPSHOT SENSOR (LJ
CONT_AWD_89233018CNR000004_8900_-NONE-_-NONE-,292026551,10369669,203339,2026-02-26,2026,19500.0,INTERGRAPH CORPORATION,FY26 CAESAR II CX V15 RENEWAL
CONT_AWD_89233018CNR000004_8900_-NONE-_-NONE-,292026551,10369675,203410,2026-02-26,2026,50844.0,ENDRESS + HAUSER INC,ENDRESS AND HAUSER PROLINE T
CONT_AWD_89233018CNR000004_8900_-NONE-_-NONE-,292026551,10369203,203431,2026-02-27,2026,17027.0,COLOSSAL CONTRACTING LLC,RMP40 KIT
CONT_AWD_89233018CNR000004_8900_-NONE-_-NONE-,292026551,10334310,203237,2026-03-02,2026,3000000.0,"BRG MACHINERY CONSULTING, LLC",ACTIVE MAGNETIC BEARING FOR TURBINE GENERATOR EXPERIMENTAL RIG TGER DEVELOPMENT WORK
CONT_AWD_89233018CNR000004_8900_-NONE-_-NONE-,292026551,10334315,203435,2026-03-02,2026,78189.33,CLAYTON ENGINEERING CO,FY26 SE PCS HARDWARE
CONT_AWD_89233018CNR000004_8900_-NONE-_-NONE-,292026551,10368576,203387,2026-03-02,2026,2505.0,GHA TECHNOLOGIES INC,BEARINGS
CONT_AWD_89233018CNR000004_8900_-NONE-_-NONE-,292026551,10369201,203237,2026-03-02,2026,3000000.0,"BRG MACHINERY CONSULTING, LLC",ACTIVE MAGNETIC BEARING FOR TURBINE GENERATOR EXPERIMENTAL RIG TGER DEVELOPMENT WORK
CONT_AWD_89233018CNR000004_8900_-NONE-_-NONE-,292026551,10369202,203435,2026-03-02,2026,78189.0,CLAYTON ENGINEERING CO,FY26 SE PCS HARDWARE
CONT_AWD_89233018CNR000004_8900_-NONE-_-NONE-,292026551,10369683,202677,2026-03-02,2026,85074544.0,"AMENTUM ENVIRONMENT & ENERGY, INC.",NEAP DETAILED DESIGN WITH OPTIONAL FOLLOW
CONT_AWD_89233018CNR000004_8900_-NONE-_-NONE-,292026551,10369193,203052,2026-03-03,2026,1294253.0,"GOVCIO, LLC",ORACLE AND CLOUD MIGRATION SUBCONTRACTOR (5/1/26
CONT_AWD_89233018CNR000004_8900_-NONE-_-NONE-,292026551,10369194,203466,2026-03-03,2026,16629.0,LOGISTICS365 INC,FY26 PRO CAL RENEWAL�
CONT_AWD_89233018CNR000004_8900_-NONE-_-NONE-,292026551,10369195,203458,2026-03-03,2026,63540.0,JCTM LLC,JCTM
CONT_AWD_89233018CNR000004_8900_-NONE-_-NONE-,292026551,10369199,203459,2026-03-03,2026,3715.0,RG LOEWENGUTH CO INC,ZONE 3 SOFTWARE
CONT_AWD_89233018CNR000004_8900_-NONE-_-NONE-,292026551,10369200,203453,2026-03-03,2026,70.0,AQUATECH LLC,AGREEMENT 141892
CONT_AWD_89233018CNR000004_8900_-NONE-_-NONE-,292026551,10369734,203472,2026-03-03,2026,22677.0,METTLER-TOLEDO LLC,METTLER TOLEDO PRECISION SCALE
CONT_AWD_89233018CNR000004_8900_-NONE-_-NONE-,292026551,10334227,203477,2026-03-04,2026,38820.0,CHANT ENGINEERING CO INC,CHANT ENGINEERING CO INC
CONT_AWD_89233018CNR000004_8900_-NONE-_-NONE-,292026551,10334339,203443,2026-03-04,2026,59645.0,AIRTECH LLC,ATLAS COPCO
CONT_AWD_89233018CNR000004_8900_-NONE-_-NONE-,292026551,10368677,203481,2026-03-04,2026,70873.0,GRAHAM CORP,HELIFLOW HEAT EXCHANGERS
CONT_AWD_89233018CNR000004_8900_-NONE-_-NONE-,292026551,10368772,203489,2026-03-04,2026,194560.0,"PCB PIEZOTRONICS, INC.",SIGNAL CONDITIONERS FOR TEST LOOP
CONT_AWD_89233018CNR000004_8900_-NONE-_-NONE-,292026551,10369189,203490,2026-03-04,2026,37418.0,"MEASUREMENT TECHNOLOGIES & SUPPLY, INC.",ROLLING MILL ROD SCALE
CONT_AWD_89233018CNR000004_8900_-NONE-_-NONE-,292026551,10369190,203487,2026-03-04,2026,69100.0,STERLING COMPUTERS CORPORATION,COMPUTERS
CONT_AWD_89233018CNR000004_8900_-NONE-_-NONE-,292026551,10369191,203476,2026-03-04,2026,8276.0,"ILLINOIS TOOL WORKS, INC.",ITW
CONT_AWD_89233018CNR000004_8900_-NONE-_-NONE-,292026551,10369192,203421,2026-03-04,2026,95231.0,"OMNI BUSINESS SYSTEMS, INC",NRRO MULTI
CONT_AWD_89233018CNR000004_8900_-NONE-_-NONE-,292026551,10369574,203480,2026-03-04,2026,21700.0,MACHINERY WEST INC,"1"""" X 6' 1PLY NYLON SLING WITH KEVTEX"
CONT_AWD_89233018CNR000004_8900_-NONE-_-NONE-,292026551,10369655,202372,2026-03-04,2026,81578.0,TURNER CONSTRUCTION COMPANY,CONSTRUCTION
CONT_AWD_89233018CNR000004_8900_-NONE-_-NONE-,292026551,10368614,203505,2026-03-05,2026,34335.0,"RAMBOLL AMERICAS ENGINEERING SOLUTIONS, INC.",TOA 16 CY 2026 INDOOR AIR MONITORING AT KNOLLS LAB AND KESSELRING
CONT_AWD_89233018CNR000004_8900_-NONE-_-NONE-,292026551,10369187,203255,2026-03-05,2026,0.0,TRI-STATE TECHNICAL SALES CORP,COUPLING ACTUATOR
CONT_AWD_89233018CNR000004_8900_-NONE-_-NONE-,292026551,10369188,203495,2026-03-05,2026,1692.0,GEL LABORATORIES LLC,AGREEMENT 152994
CONT_AWD_89233018CNR000004_8900_-NONE-_-NONE-,292026551,10369627,202248,2026-03-05,2026,280950.0,WASHINGTON MILLS ELECTRO MINERALS CORPORATION,PRODUCTION CAPACITY EXPANSION ASSESSMENT
CONT_AWD_89233018CNR000004_8900_-NONE-_-NONE-,292026551,10368638,203508,2026-03-06,2026,51135.0,LUDLUM MEASUREMENTS INC,LUDLUM 43
CONT_AWD_89233018CNR000004_8900_-NONE-_-NONE-,292026551,10368905,203519,2026-03-07,2026,2587.0,"PORTERSVILLE PRD, LLC",CROSBY RELIEF VALVE REFURBISHMENT AND RECERTIFICATION
CONT_AWD_89233018CNR000004_8900_-NONE-_-NONE-,292026551,10368637,203482,2026-03-09,2026,13950.0,NORTH COAST TECHNICAL INC,NCTS
CONT_AWD_89233018CNR000004_8900_-NONE-_-NONE-,292026551,10368734,203054,2026-03-09,2026,328250.0,ILLINOIS TOOL WORKS INC,INSTRON 300KN LOAD FRAME
CONT_AWD_89233018CNR000004_8900_-NONE-_-NONE-,292026551,10368962,203520,2026-03-09,2026,132307.0,"PRECISION FILTERS, INC.",PFI DIGITAL FILTER SYSTEM
CONT_AWD_89233018CNR000004_8900_-NONE-_-NONE-,292026551,10369183,203534,2026-03-09,2026,1881.0,GEL LABORATORIES LLC,AGREEMENT 148144
CONT_AWD_89233018CNR000004_8900_-NONE-_-NONE-,292026551,10369184,202999,2026-03-09,2026,959307.0,GRM KONTRACTING LLC,1717
CONT_AWD_89233018CNR000004_8900_-NONE-_-NONE-,292026551,10369185,203333,2026-03-09,2026,112320.0,"THE M&P LAB, INC.",CORROSION FATIGUE TESTING
CONT_AWD_89233018CNR000004_8900_-NONE-_-NONE-,292026551,10369186,203517,2026-03-09,2026,46134.0,"MHF PACKAGING SOLUTIONS, LLC",20
CONT_AWD_89233018CNR000004_8900_-NONE-_-NONE-,292026551,10369694,203533,2026-03-09,2026,3883.0,"ENVIRONMENTAL RESOURCE ASSOCIATES, INC.",SAMPLE
CONT_AWD_89233018CNR000004_8900_-NONE-_-NONE-,292026551,10368739,203256,2026-03-10,2026,18449.0,"FRANKLIN INTERIORS, INC",INTERIORS
CONT_AWD_89233018CNR000004_8900_-NONE-_-NONE-,292026551,10368956,203541,2026-03-10,2026,5680.0,DYNAMIC SYSTEMS INC.,DSI VISIT
CONT_AWD_89233018CNR000004_8900_-NONE-_-NONE-,292026551,10369180,203413,2026-03-10,2026,2800.0,NUCLEAR ALLOYS CORPORATION,316 SS
CONT_AWD_89233018CNR000004_8900_-NONE-_-NONE-,292026551,10369181,203544,2026-03-10,2026,5153.0,COLOSSAL CONTRACTING LLC,ITGS
CONT_AWD_89233018CNR000004_8900_-NONE-_-NONE-,292026551,10369182,203539,2026-03-10,2026,1912.0,MODEL HOLDINGS LLC,SPO LAUNDRY FOR FEBRUARY 2026
CONT_AWD_89233018CNR000004_8900_-NONE-_-NONE-,292026551,10369576,203542,2026-03-10,2026,85553.0,"MC MACHINERY SYSTEMS, INC",MACHINERY SYSTEMS
CONT_AWD_89233018CNR000004_8900_-NONE-_-NONE-,292026551,10334299,203569,2026-03-11,2026,67800.0,"6K ADDITIVE, INC.",A625 POWDER PROCUREMENT
CONT_AWD_89233018CNR000004_8900_-NONE-_-NONE-,292026551,10368852,203430,2026-03-11,2026,5027.0,ADVANCED MEASUREMENT TECHNOLOGY INC,DETECTOR REPAIR
CONT_AWD_89233018CNR000004_8900_-NONE-_-NONE-,292026551,10368908,203569,2026-03-11,2026,67800.0,"6K ADDITIVE, INC.",A625 POWDER PROCUREMENT
CONT_AWD_89233018CNR000004_8900_-NONE-_-NONE-,292026551,10369177,203572,2026-03-11,2026,149280.0,"SOLUTION BENCH, LLC",FY26 M
CONT_AWD_89233018CNR000004_8900_-NONE-_-NONE-,292026551,10369178,203566,2026-03-11,2026,12159.0,GEL LABORATORIES LLC,AGREEMENT 152994
CONT_AWD_89233018CNR000004_8900_-NONE-_-NONE-,292026551,10369179,203561,2026-03-11,2026,133987.0,"MHF PACKAGING SOLUTIONS, LLC",20
CONT_AWD_89233018CNR000004_8900_-NONE-_-NONE-,292026551,10334300,203574,2026-03-12,2026,459500.0,ARNOLD MACHINERY CO,MACHINERY
CONT_AWD_89233018CNR000004_8900_-NONE-_-NONE-,292026551,10334331,203347,2026-03-12,2026,1960188.63,"AMENTUM ENVIRONMENT & ENERGY, INC.",NSFH FACILITY SEISMIC AND STRUCTURAL RE-EVALUATION
CONT_AWD_89233018CNR000004_8900_-NONE-_-NONE-,292026551,10368709,203576,2026-03-12,2026,29792.0,"BRAVO, INC.",MINI CARGO VAN KNOLLS
CONT_AWD_89233018CNR000004_8900_-NONE-_-NONE-,292026551,10368945,203582,2026-03-12,2026,5425.0,DIGITAL CHECK CORP,NEXTSCAN
CONT_AWD_89233018CNR000004_8900_-NONE-_-NONE-,292026551,10369173,203540,2026-03-12,2026,1228.0,EASTERN POWER TECHNOLOGIES INC,MITUTOYO CALIBRATED DIGITAL THICKNESS GAGE
CONT_AWD_89233018CNR000004_8900_-NONE-_-NONE-,292026551,10369174,203579,2026-03-12,2026,20836.0,"V & H MATERIAL HANDLING, LLC",MATERIAL HANDLING
CONT_AWD_89233018CNR000004_8900_-NONE-_-NONE-,292026551,10369175,203577,2026-03-12,2026,39300.0,EDDYFI CORP,OEM CALIBRATION OF PANTHER INSTRUMENT: CAL
CONT_AWD_89233018CNR000004_8900_-NONE-_-NONE-,292026551,10369176,203575,2026-03-12,2026,5083.0,"WESTWIND COMPUTER PRODUCTS, INC.",ITGS
CONT_AWD_89233018CNR000004_8900_-NONE-_-NONE-,292026551,10369682,203347,2026-03-12,2026,1960189.0,"AMENTUM ENVIRONMENT & ENERGY, INC.",NSFH FACILITY SEISMIC AND STRUCTURAL RE
CONT_AWD_89233018CNR000004_8900_-NONE-_-NONE-,292026551,10369741,203551,2026-03-12,2026,27390.0,"MIRION TECHNOLOGIES (CANBERRA), INC.",DELL SERVER & COMPUTER WITH INTEGRATION
CONT_AWD_89233018CNR000004_8900_-NONE-_-NONE-,292026551,10334255,203603,2026-03-13,2026,55971.66,ACADEMI TRAINING CENTER LLC,CAT TRAINING - 2026
CONT_AWD_89233018CNR000004_8900_-NONE-_-NONE-,292026551,10334312,203598,2026-03-13,2026,227866.0,CATERPILLAR INC,THE KESSELRING SITE IS IN NEED OF A NEW 938 LOADER FOR SNOW REMOVAL.
CONT_AWD_89233018CNR000004_8900_-NONE-_-NONE-,292026551,10334314,203536,2026-03-13,2026,44408.0,CLAYTON ENGINEERING CO,ONSITE STARTUP SERVICE
CONT_AWD_89233018CNR000004_8900_-NONE-_-NONE-,292026551,10368610,203553,2026-03-13,2026,67105.0,NATIONAL INSTRUMENTS CORP,PXLE
CONT_AWD_89233018CNR000004_8900_-NONE-_-NONE-,292026551,10369169,203603,2026-03-13,2026,27986.0,ACADEMI TRAINING CENTER LLC,CAT TRAINING
CONT_AWD_89233018CNR000004_8900_-NONE-_-NONE-,292026551,10369170,203563,2026-03-13,2026,18120.0,"MHF PACKAGING SOLUTIONS, LLC",20
CONT_AWD_89233018CNR000004_8900_-NONE-_-NONE-,292026551,10369171,203365,2026-03-13,2026,41775.0,ENERGYSOLUTIONS FEDERAL SUPPORT LLC,BETTIS SITE PCB MIXED WASTE AND PAINT CHIP ENERGY SOLUTIONS TREATMENT AND TRANSPORTATION
CONT_AWD_89233018CNR000004_8900_-NONE-_-NONE-,292026551,10369172,203536,2026-03-13,2026,44408.0,CLAYTON ENGINEERING CO,A 20KVA UPS WITH FLOOR MOUNTED DISCONNECT AND ONSITE STARTUP SERVICE
CONT_AWD_89233018CNR000004_8900_-NONE-_-NONE-,292026551,10369634,203598,2026-03-13,2026,227866.0,CATERPILLAR INC,THE KESSELRING SITE IS IN NEED OF A NEW 938 LOADER FOR SNOW REMOVAL.
CONT_AWD_89233018CNR000004_8900_-NONE-_-NONE-,292026551,10334213,203617,2026-03-16,2026,325207.02,CARL ZEISS INDUSTRIAL QUALITY SOLUTIONS LLC,ZEISS CONTURA COORDINATE MEASURING MACHINE
CONT_AWD_89233018CNR000004_8900_-NONE-_-NONE-,292026551,10334229,203592,2026-03-16,2026,57665.7,CLEAN HARBORS ENVIRONMENTAL SERVICES INC,KNOLLS ASBESTOS HAZARDOUS AND NON-HAZARDOUS PCB ROLL OFF RENTAL AND DISPOSAL.
CONT_AWD_89233018CNR000004_8900_-NONE-_-NONE-,292026551,10334291,203606,2026-03-16,2026,277858.93,"A. V. LAUTTAMUS COMMUNICATIONS, INC.",BETTIS RADIO SYSTEM PREVENTIVE AND CORRECTIVE MAINTENANCE
CONT_AWD_89233018CNR000004_8900_-NONE-_-NONE-,292026551,10368712,203606,2026-03-16,2026,277859.0,"A. V. LAUTTAMUS COMMUNICATIONS, INC.",BETTIS RADIO SYSTEM PREVENTIVE AND CORRECTIVE MAINTENANCE
CONT_AWD_89233018CNR000004_8900_-NONE-_-NONE-,292026551,10369165,203619,2026-03-16,2026,145437.0,COLOSSAL CONTRACTING LLC,ARCTERA BACKUP EXEC 3
CONT_AWD_89233018CNR000004_8900_-NONE-_-NONE-,292026551,10369166,203614,2026-03-16,2026,8657.0,LEYBOLD USA INC.,VACUUM DRYING SYSTEM 2 REPAIR/REPLACE
CONT_AWD_89233018CNR000004_8900_-NONE-_-NONE-,292026551,10369167,203478,2026-03-16,2026,49738.0,EDUCATIONAL SOLUTIONS ENTERPRISES LLC,FESTO EMS DC DRIVE
CONT_AWD_89233018CNR000004_8900_-NONE-_-NONE-,292026551,10369168,203611,2026-03-16,2026,17400.0,QUSTOM APPS LLC,QUSTOM APPS
CONT_AWD_89233018CNR000004_8900_-NONE-_-NONE-,292026551,10369232,203509,2026-03-16,2026,17500.0,"AMET, INC.",WELDING POWER SUPPLY
CONT_AWD_89233018CNR000004_8900_-NONE-_-NONE-,292026551,10369571,203592,2026-03-16,2026,57666.0,CLEAN HARBORS ENVIRONMENTAL SERVICES INC,KNOLLS ASBESTOS HAZARDOUS AND NON
CONT_AWD_89233018CNR000004_8900_-NONE-_-NONE-,292026551,10369668,203617,2026-03-16,2026,325207.0,CARL ZEISS INDUSTRIAL QUALITY SOLUTIONS LLC,ZEISS CONTURA COORDINATE MEASURING MACHINE
CONT_AWD_89233018CNR000004_8900_-NONE-_-NONE-,292026551,10369711,201130,2026-03-16,2026,70860.0,"FPOLISOLUTIONS, LLC",SIMULATION FRAMEWORK AND DATA ONTOLOGY TOOLS FOR USE CASE ON INL HPC
CONT_AWD_89233018CNR000004_8900_-NONE-_-NONE-,292026551,10334230,203652,2026-03-17,2026,433963.52,CLEAN HARBORS ENVIRONMENTAL SERVICES INC,TRANSPORTATION & DISPOSAL OF (50) PFAS CONTAMINATED SOIL ROLL OFFS 50 - 100 FROM FIREHOUSE
CONT_AWD_89233018CNR000004_8900_-NONE-_-NONE-,292026551,10334336,203626,2026-03-17,2026,42200.0,ATKINSREALIS NUCLEAR SECURED LLC,2026 DOT TRAINING ADVANCED MIXED WASTE SHIPPING AND LOAD SECUREMENT
CONT_AWD_89233018CNR000004_8900_-NONE-_-NONE-,292026551,10368616,203650,2026-03-17,2026,106084.0,"RAMBOLL AMERICAS ENGINEERING SOLUTIONS, INC.",KESSELRING SITE PFAS GROUNDWATER INVESTIGATION SUPPORT FOR KS FIREHOUSE CONSTRUCTION TASK ORDER AUTHORIZATION #14A_R1
CONT_AWD_89233018CNR000004_8900_-NONE-_-NONE-,292026551,10368639,203642,2026-03-17,2026,57400.0,LUDLUM MEASUREMENTS INC,LUDLUM 177
CONT_AWD_89233018CNR000004_8900_-NONE-_-NONE-,292026551,10369228,203645,2026-03-17,2026,26552.0,FABER ASSOCIATES INC,MIN
CONT_AWD_89233018CNR000004_8900_-NONE-_-NONE-,292026551,10369229,203610,2026-03-17,2026,9660.0,"DEPENDABLE TOOL & DIE CO., INC.",WA26HAW002 (RODRIGUEZ
CONT_AWD_89233018CNR000004_8900_-NONE-_-NONE-,292026551,10369230,203628,2026-03-17,2026,76400.0,DIRECT DIMENSIONS INC,ARTEC 3D SCANNER
CONT_AWD_89233018CNR000004_8900_-NONE-_-NONE-,292026551,10369231,203632,2026-03-17,2026,338191.0,COLOSSAL CONTRACTING LLC,CISCO CATALYST CENTER APPLIANCES
CONT_AWD_89233018CNR000004_8900_-NONE-_-NONE-,292026551,10369559,203647,2026-03-17,2026,49026.0,THERMO ELECTRON NORTH AMERICA LLC,GAS CHROMATOGRAPHY INSTRUMENT PURCHASE
CONT_AWD_89233018CNR000004_8900_-NONE-_-NONE-,292026551,10369560,203640,2026-03-17,2026,49026.0,THERMO FISHER SCIENTIFIC (ASHEVILLE) LLC,GAS CHROMATOGRAPHY INSTRUMENT PURCHASE
CONT_AWD_89233018CNR000004_8900_-NONE-_-NONE-,292026551,10369570,203652,2026-03-17,2026,433964.0,CLEAN HARBORS ENVIRONMENTAL SERVICES INC,SERVES TO PROVIDE TRANSPORTATION & DISPOSAL OF (50) PFAS CONTAMINATED SOIL ROLL OFFS 50
CONT_AWD_89233018CNR000004_8900_-NONE-_-NONE-,292026551,10369677,203537,2026-03-17,2026,15005.0,DYNAMIC SYSTEMS INC,FY26 RED HAT SERVER NODES MAINTENANCE
CONT_AWD_89233018CNR000004_8900_-NONE-_-NONE-,292026551,10334253,203608,2026-03-18,2026,139319.99,CDM FEDERAL PROGRAMS CORPORATION,ENGINEERING SUPPORT FOR GAUGE LABORATORY: FIELD FOLLOW
CONT_AWD_89233018CNR000004_8900_-NONE-_-NONE-,292026551,10368763,203608,2026-03-18,2026,139320.0,CDM FEDERAL PROGRAMS CORPORATION,ENGINEERING SUPPORT FOR GAUGE LABORATORY: FIELD FOLLOW
CONT_AWD_89233018CNR000004_8900_-NONE-_-NONE-,292026551,10369224,203654,2026-03-18,2026,19631.0,COLOSSAL CONTRACTING LLC,APC UPS
CONT_AWD_89233018CNR000004_8900_-NONE-_-NONE-,292026551,10369225,203518,2026-03-18,2026,80634.0,EMERSON LLLP,DIFFERENTIAL CELL PROCUREMENT
CONT_AWD_89233018CNR000004_8900_-NONE-_-NONE-,292026551,10369226,203425,2026-03-18,2026,50051.0,ENERGYSOLUTIONS FEDERAL SUPPORT LLC,KS RADIACTIVE LEAD SOLIDS AND HAZARDOUS DEBRIS TREATMENT AND TRANSPORTATION TO ENERGY SOLUTIONS
CONT_AWD_89233018CNR000004_8900_-NONE-_-NONE-,292026551,10369227,203424,2026-03-18,2026,56498.0,ENERGYSOLUTIONS FEDERAL SUPPORT LLC,KS APRIL RADIACTIVE LEAD SOLIDS AND HAZARDOUS DEBRIS DOE
CONT_AWD_89233018CNR000004_8900_-NONE-_-NONE-,292026551,10369630,203661,2026-03-18,2026,18370.0,DESIGN SCIENCE INC,MATHTYPE ANNUAL MAINTENANCE
CONT_AWD_89233018CNR000004_8900_-NONE-_-NONE-,292026551,10349416,7019016,2026-03-19,2026,750000.0,HUNTINGTON INGALLS INC,HII 7019016-100-8
CONT_AWD_89233018CNR000004_8900_-NONE-_-NONE-,292026551,10368578,203693,2026-03-19,2026,7864.0,GHA TECHNOLOGIES INC,203853
CONT_AWD_89233018CNR000004_8900_-NONE-_-NONE-,292026551,10368659,203659,2026-03-19,2026,36502.0,"LABORATORY TESTING, LLC",203839
CONT_AWD_89233018CNR000004_8900_-NONE-_-NONE-,292026551,10368689,203698,2026-03-19,2026,11232.0,METACOMP TECHNOLOGIES INC,PO 203698
CONT_AWD_89233018CNR000004_8900_-NONE-_-NONE-,292026551,10368924,203653,2026-03-19,2026,508000.0,FACILITY SUPPORT SERVICES LLC,203698
CONT_AWD_89233018CNR000004_8900_-NONE-_-NONE-,292026551,10369220,203701,2026-03-19,2026,360.0,TECHLAW CONSULTANTS INC,AGREEMENT 146716
CONT_AWD_89233018CNR000004_8900_-NONE-_-NONE-,292026551,10369221,203099,2026-03-19,2026,3052.0,GEL LABORATORIES LLC,203799
CONT_AWD_89233018CNR000004_8900_-NONE-_-NONE-,292026551,10369222,203677,2026-03-19,2026,184922.0,COLOSSAL CONTRACTING LLC,203728
CONT_AWD_89233018CNR000004_8900_-NONE-_-NONE-,292026551,10369223,203678,2026-03-19,2026,64332.0,UNITED MACHINING NORTH AMERICA LLC,PO 203678
CONT_AWD_89233018CNR000004_8900_-NONE-_-NONE-,292026551,10334257,203729,2026-03-23,2026,39419.75,"A. BLAIR POWELL COMPANY, INC.",LOOP 84 FCV PARTS
CONT_AWD_89233018CNR000004_8900_-NONE-_-NONE-,292026551,10334327,203724,2026-03-23,2026,118880.0,ARI INDUSTRIES INC,THERMOCOUPLE ASSEMBLIES
CONT_AWD_89233018CNR000004_8900_-NONE-_-NONE-,292026551,10368577,203695,2026-03-23,2026,109236.0,GHA TECHNOLOGIES INC,IBM RATIONAL PRODUCTS ANNUAL MAINTENANCE
CONT_AWD_89233018CNR000004_8900_-NONE-_-NONE-,292026551,10368590,203727,2026-03-23,2026,842.0,BRUNSON INSTRUMENT COMPANY,TELESCOPE CALIBRATION
CONT_AWD_89233018CNR000004_8900_-NONE-_-NONE-,292026551,10368634,203728,2026-03-23,2026,0.0,TRI-LIFT INC,PO 203728
CONT_AWD_89233018CNR000004_8900_-NONE-_-NONE-,292026551,10368667,203729,2026-03-23,2026,39420.0,"A. BLAIR POWELL COMPANY, INC.",LOOP 84 FCV PARTS
CONT_AWD_89233018CNR000004_8900_-NONE-_-NONE-,292026551,10368838,203716,2026-03-23,2026,32283.0,SAVANNAH RIVER NUCLEAR SOLUTIONS LLC,RELEASE 21 UNDER BLANKET AGREEMENT 150936 LLRW BETTIS
CONT_AWD_89233018CNR000004_8900_-NONE-_-NONE-,292026551,10369215,203680,2026-03-23,2026,4800.0,VALLEY DESIGN CORP,NEAP AVIS PROTOTYPE CAMERA MIRROR
CONT_AWD_89233018CNR000004_8900_-NONE-_-NONE-,292026551,10369216,203736,2026-03-23,2026,17605.0,FABER ASSOCIATES INC,PARKER ACR78C PALM CONTROLLERS
CONT_AWD_89233018CNR000004_8900_-NONE-_-NONE-,292026551,10369217,203724,2026-03-23,2026,118880.0,ARI INDUSTRIES INC,THERMOCOUPLE ASSEMBLIES
CONT_AWD_89233018CNR000004_8900_-NONE-_-NONE-,292026551,10369218,203717,2026-03-23,2026,308550.0,COLOSSAL CONTRACTING LLC,CLOUDERA TRAINING CREDITS
CONT_AWD_89233018CNR000004_8900_-NONE-_-NONE-,292026551,10369219,203691,2026-03-23,2026,240000.0,"LASER THERMAL ANALYSIS, INC",THERMAL PROPERTY MEASUREMENTS OF CHROME COATINGS
CONT_AWD_89233018CNR000004_8900_-NONE-_-NONE-,292026551,10369569,203719,2026-03-23,2026,31705.0,CLEAN HARBORS ENVIRONMENTAL SERVICES INC,KNOLLS CENTER ROAD SOIL AND ROADBED FOR 3 ROLL OFFS.
CONT_AWD_89233018CNR000004_8900_-NONE-_-NONE-,292026551,10334256,203750,2026-03-24,2026,2769370.01,"CASELLA MAJOR ACCOUNT SERVICES, LLC",KNOLLS AND KS REMOVAL OF SOLID WASTE AND RECYCLING
CONT_AWD_89233018CNR000004_8900_-NONE-_-NONE-,292026551,10334296,203751,2026-03-24,2026,2899558.07,COLOSSAL CONTRACTING LLC,FY26 LAN SMARTNET
CONT_AWD_89233018CNR000004_8900_-NONE-_-NONE-,292026551,10334330,203210,2026-03-24,2026,600000.0,"BATTELLE ENERGY ALLIANCE, LLC",CONSEQUENCE-DRIVEN CYBER-INFORMED ENGINEERING VULNERABILITY ASSESSMENT
CONT_AWD_89233018CNR000004_8900_-NONE-_-NONE-,292026551,10368773,203742,2026-03-24,2026,66857.0,"PCB PIEZOTRONICS, INC.",TS
CONT_AWD_89233018CNR000004_8900_-NONE-_-NONE-,292026551,10368814,203210,2026-03-24,2026,600000.0,"BATTELLE ENERGY ALLIANCE, LLC",CONSEQUENCE
CONT_AWD_89233018CNR000004_8900_-NONE-_-NONE-,292026551,10368860,203752,2026-03-24,2026,13200.0,CONTAINER ALLIANCE CO,CONEX BOXES
CONT_AWD_89233018CNR000004_8900_-NONE-_-NONE-,292026551,10368904,203743,2026-03-24,2026,4740.0,"IMAGE ONE UNIFORMS, INC.",FMP CLOTHING ORDER
CONT_AWD_89233018CNR000004_8900_-NONE-_-NONE-,292026551,10369212,203751,2026-03-24,2026,2899558.0,COLOSSAL CONTRACTING LLC,FY26 LAN SMARTNET
CONT_AWD_89233018CNR000004_8900_-NONE-_-NONE-,292026551,10369213,203765,2026-03-24,2026,6490.0,AMERICAN INDUSTRIAL HYGIENE ASSOCIATION,AMERICAN INDUSTRIAL HYGIENE ASSOCIATION (AIHA) PROFICIENCY ANALYTICAL TESTING (PAT) ANNUAL ASBESTOS IDENTIFICATION AND FIBER COUNTING TESTING SAMPLES.
CONT_AWD_89233018CNR000004_8900_-NONE-_-NONE-,292026551,10369214,203670,2026-03-24,2026,361331.0,"CTG FEDERAL, LLC",FY26 ITP TIER 2 STORAGE HARDWARE (NETAPP)
CONT_AWD_89233018CNR000004_8900_-NONE-_-NONE-,292026551,10369580,203777,2026-03-24,2026,25000.0,"AEROG, LLC",PO 203777
CONT_AWD_89233018CNR000004_8900_-NONE-_-NONE-,292026551,10369667,203744,2026-03-24,2026,7669.0,PENCO PRODUCTS INC,PENCO HEAVY DUTY FULLY FRAMED WELDED PATRIOT GEAR LOCKERS
CONT_AWD_89233018CNR000004_8900_-NONE-_-NONE-,292026551,10369697,203753,2026-03-24,2026,33750.0,DETECTACHEM INC.,DETECTACHEM SEEKERE EDK
CONT_AWD_89233018CNR000004_8900_-NONE-_-NONE-,292026551,10369722,203750,2026-03-24,2026,2769370.0,"CASELLA MAJOR ACCOUNT SERVICES, LLC",KNOLLS AND KS REMOVAL OF SOLID WASTE AND RECYCLING
CONT_AWD_89233018CNR000004_8900_-NONE-_-NONE-,292026551,10334232,203725,2026-03-25,2026,50250.0,"CARDIO PARTNERS, INC.",AEDS
CONT_AWD_89233018CNR000004_8900_-NONE-_-NONE-,292026551,10334263,203785,2026-03-25,2026,130990.0,"CADIMENSIONS, INC.",MAINTENANCE
CONT_AWD_89233018CNR000004_8900_-NONE-_-NONE-,292026551,10368615,203780,2026-03-25,2026,39736.0,"RAMBOLL AMERICAS ENGINEERING SOLUTIONS, INC.",TOA 14 REV 2
CONT_AWD_89233018CNR000004_8900_-NONE-_-NONE-,292026551,10368641,203779,2026-03-25,2026,259360.0,"JEROME FIRE EQUIPMENT CO., INC.",BREATHING AIR COMPRESSORS
CONT_AWD_89233018CNR000004_8900_-NONE-_-NONE-,292026551,10368707,203703,2026-03-25,2026,80634.0,ROSEMOUNT INC.,DIFFERENTIAL CELL PROCUREMENT
CONT_AWD_89233018CNR000004_8900_-NONE-_-NONE-,292026551,10368708,203786,2026-03-25,2026,12000.0,ELOOP LLC,BETTIS UNIVERSAL WASTE AND RECYCLING
CONT_AWD_89233018CNR000004_8900_-NONE-_-NONE-,292026551,10368903,203792,2026-03-25,2026,357.0,"IMAGE ONE UNIFORMS, INC.",FMP CLOTHING ORDER
CONT_AWD_89233018CNR000004_8900_-NONE-_-NONE-,292026551,10368933,203805,2026-03-25,2026,36780.0,"ECKERT & ZIEGLER ANALYTICS, INC",FY25 ECKERT & ZIEGLER RADIOACTIVE SOURCES KS
CONT_AWD_89233018CNR000004_8900_-NONE-_-NONE-,292026551,10369209,203798,2026-03-25,2026,280.0,TECHLAW CONSULTANTS INC,AGREEMENT 146716
CONT_AWD_89233018CNR000004_8900_-NONE-_-NONE-,292026551,10369210,203725,2026-03-25,2026,50250.0,"CARDIO PARTNERS, INC.",AEDS
CONT_AWD_89233018CNR000004_8900_-NONE-_-NONE-,292026551,10369211,203759,2026-03-25,2026,2116.0,STERLING COMPUTERS CORPORATION,HP PRINTER PROCUREMENT
CONT_AWD_89233018CNR000004_8900_-NONE-_-NONE-,292026551,10369553,203801,2026-03-25,2026,17284.0,"CONSOLIDATED ELECTRICAL DISTRIBUTORS, INC.",PO 203801
CONT_AWD_89233018CNR000004_8900_-NONE-_-NONE-,292026551,10369205,203819,2026-03-26,2026,93998.0,"EXECUTIVE INFORMATION SYSTEMS, L.L.C.",FY26 JMP SOFTWARE MAINTENANCE
CONT_AWD_89233018CNR000004_8900_-NONE-_-NONE-,292026551,10369206,203684,2026-03-26,2026,2613569.0,COLOSSAL CONTRACTING LLC,FY26 LAN UPGRADES
CONT_AWD_89233018CNR000004_8900_-NONE-_-NONE-,292026551,10369207,203816,2026-03-26,2026,366.0,"SMGS, LLC",SANDISK
CONT_AWD_89233018CNR000004_8900_-NONE-_-NONE-,292026551,10369208,203700,2026-03-26,2026,34300.0,"DEPENDABLE TOOL & DIE CO., INC.",HEAT TREATMENT AND MACHINING SPECIMENS FROM ONE UNIT OF GMA
CONT_AWD_89233018CNR000004_8900_-NONE-_-NONE-,292026551,10369204,203825,2026-03-27,2026,70256.0,"VANGURA TOOL, INC.",MACHINED PARTS
CONT_AWD_89233018CNR000004_8900_-NONE-_-NONE-,292026551,10368934,203839,2026-03-29,2026,2830.0,"ECKERT & ZIEGLER ANALYTICS, INC",PO 203839
CONT_AWD_89233018CNR000004_8900_-NONE-_-NONE-,292026551,10334285,203813,2026-03-30,2026,83630.0,"ALLIED HIGH TECH PRODUCTS, INC.",ALLIED METPREP FOR HIGH GAMMA RADIATION ENVIRONMENTS
CONT_AWD_89233018CNR000004_8900_-NONE-_-NONE-,292026551,10334322,203855,2026-03-30,2026,101900.0,"VERRILLON, INC.",SPECIALTY OPTICAL FIBER
CONT_AWD_89233018CNR000004_8900_-NONE-_-NONE-,292026551,10368589,203853,2026-03-30,2026,41549.0,TESCAN USA INC,PO 203853
CONT_AWD_89233018CNR000004_8900_-NONE-_-NONE-,292026551,10368599,203829,2026-03-30,2026,103699.0,HOTTINGER BRUEL & KJAER INC.,TYPE ZH
CONT_AWD_89233018CNR000004_8900_-NONE-_-NONE-,292026551,10368725,203849,2026-03-30,2026,247965.0,PRECISION BUILD INTEGRATION LLC,CIPT FLOW RESTRICTORS
CONT_AWD_89233018CNR000004_8900_-NONE-_-NONE-,292026551,10369275,203806,2026-03-30,2026,110988.0,"WESTMORELAND MECHANICAL TESTING & RESEARCH, INC.",MATERIALS TESTING
CONT_AWD_89233018CNR000004_8900_-NONE-_-NONE-,292026551,10369276,203852,2026-03-30,2026,194000.0,COLOSSAL CONTRACTING LLC,FY26 ANACONDA SOFTWARE MAINTENANCE RENEWAL
CONT_AWD_89233018CNR000004_8900_-NONE-_-NONE-,292026551,10369616,203855,2026-03-30,2026,101900.0,"VERRILLON, INC.",SPECIALTY OPTICAL FIBER
CONT_AWD_89233018CNR000004_8900_-NONE-_-NONE-,292026551,10369735,203850,2026-03-30,2026,48942.0,METTLER-TOLEDO LLC,CDL METTLER TOLEDO XPR36DR
CONT_AWD_89233018CNR000004_8900_-NONE-_-NONE-,292026551,10334287,203860,2026-03-31,2026,223331.8,BRUKER AXS LLC,FY26 BRUKER G8 GALILEO
CONT_AWD_89233018CNR000004_8900_-NONE-_-NONE-,292026551,10334308,203876,2026-03-31,2026,48015.0,"BEARDSLEY DESIGN ASSOCIATES ARCHITECTURE, ENGINEERING, LANDSCAPE ARCHITECTURE, D.P.C.",R&D
CONT_AWD_89233018CNR000004_8900_-NONE-_-NONE-,292026551,10368706,203860,2026-03-31,2026,223332.0,BRUKER AXS LLC,FY26 BRUKER G8 GALILEO
CONT_AWD_89233018CNR000004_8900_-NONE-_-NONE-,292026551,10368808,203870,2026-03-31,2026,1600.0,LASER MECHANISMS INC,PRIMES LASER
CONT_AWD_89233018CNR000004_8900_-NONE-_-NONE-,292026551,10369265,203774,2026-03-31,2026,0.0,"STRESS AEROSPACE AND DEFENSE, LLC",TEMPERATURE AND PRESSURE CYCLE TESTING OF ISOLATION GASKETS
CONT_AWD_89233018CNR000004_8900_-NONE-_-NONE-,292026551,10369266,203862,2026-03-31,2026,71748.0,"WESTWIND COMPUTER PRODUCTS, INC.",LAPTOPS
CONT_AWD_89233018CNR000004_8900_-NONE-_-NONE-,292026551,10369267,203867,2026-03-31,2026,18500.0,STERLING COMPUTERS CORPORATION,FY26 ITP QUEST RENEWAL
CONT_AWD_89233018CNR000004_8900_-NONE-_-NONE-,292026551,10369268,203883,2026-03-31,2026,1659.0,GEL LABORATORIES LLC,AGREEMENT 148144
CONT_AWD_89233018CNR000004_8900_-NONE-_-NONE-,292026551,10369269,203877,2026-03-31,2026,560.0,TECHLAW CONSULTANTS INC,AGREEMENT 146716
CONT_AWD_89233018CNR000004_8900_-NONE-_-NONE-,292026551,10369270,203875,2026-03-31,2026,1820.0,"RESONON, INC.",HYPERSPECTRAL IMAGING EQUIPMENT TRAINING AND Q&A
CONT_AWD_89233018CNR000004_8900_-NONE-_-NONE-,292026551,10369271,203859,2026-03-31,2026,193450.0,EDDYFI CORP,ACQUIRE/PANTHER2
CONT_AWD_89233018CNR000004_8900_-NONE-_-NONE-,292026551,10369272,203863,2026-03-31,2026,25507.0,GLOBAFONE INC,SAT PHONE RENEWAL
CONT_AWD_89233018CNR000004_8900_-NONE-_-NONE-,292026551,10369273,203738,2026-03-31,2026,92871.0,"INFORMATION SYSTEMS LABORATORIES, INC.",TOA #23
CONT_AWD_89233018CNR000004_8900_-NONE-_-NONE-,292026551,10369274,203858,2026-03-31,2026,26852.0,COLOSSAL CONTRACTING LLC,FIREWALLS
CONT_AWD_89233018CNR000004_8900_-NONE-_-NONE-,292026551,10369660,203871,2026-03-31,2026,3000.0,"EXPORT BOXING & CRATING, INC.",PO 203871
CONT_AWD_89233018CNR000004_8900_-NONE-_-NONE-,292026551,10585986,204338,2026-05-05,2026,5306000.0,MASCARO CONSTRUCTION CO LP,CAS/A5 RENOVATION
