time_normalized,thermal_force_normalized,fourier_response_normalized,cattaneo_reference_normalized,cattaneo_numeric_normalized,linear_phi_response_normalized,nonlinear_C,nonlinear_Phi,nonlinear_Pi,trace_source_nonnegative,trace_observable_normalized,extended_energy_normalized,actual_delta_normalized,predicted_delta_normalized,ledger_closure_relative
0.0,0.0,0.0,-0.14669926650366752,-0.14669926650366752,-0.3412314188828936,0.3,0.0,0.0,0.5380168698178515,0.13450421745446287,0.024524999999999998,0.0,0.0,0.0
0.01,0.0074999296876977544,0.007499929687697754,-0.13936024604604172,-0.13936024539839872,-0.34015974895994916,0.2992960856173138,8.779838623359822e-07,0.00018236062096615025,0.5390784299291524,0.15561551491244974,0.024400599874939668,-6.174487376699178e-07,-6.174487377480089e-07,1.2539442077218325e-10
0.02,0.014999437506328091,0.01499943750632809,-0.1320133866113211,-0.1320133853984663,-0.3390689451408161,0.2986003236660912,3.7811346292335213e-06,0.00040489754918562117,0.5401399900404534,0.17672681237043658,0.024278028463136953,-6.083124013921137e-07,-6.083124014687795e-07,1.2385313373837252e-10
0.030000000000000002,0.02249810161055362,0.02249810161055362,-0.12465910145841175,-0.12465909975878965,-0.33795906878292165,0.29791268595525144,9.107156930198002e-06,0.0006668007229456268,0.5412015501517545,0.19783810982842348,0.024157284140470674,-5.991747716489748e-07,-5.991747717361892e-07,1.4173824556292565e-10
0.04,0.029995500202495664,0.02999550020249566,-0.11729780426391441,-0.11729780215217445,-0.33683018231651835,0.29723314430669784,1.7245703388062295e-05,0.0009672697833793067,0.5422631102630555,0.21894940728641032,0.024038368980747873,-5.900179973379605e-07,-5.900179974196887e-07,1.3360586083619133e-10
0.05,0.037491211555460265,0.03749121155546027,-0.10992990909885532,-0.1099299066460341,-0.3356823492411722,0.29656167054881577,2.85784710726191e-05,0.0013055139597495718,0.5433246703743565,0.2400607047443972,0.023921288502756224,-5.808254644260047e-07,-5.808254645155956e-07,1.4730916026590846e-10
0.060000000000000005,0.04498481403766024,0.04498481403766024,-0.10255583040539476,-0.10255582767908943,-0.334515634122191,0.2958982365101512,4.347929681453743e-05,0.0016807519562190428,0.5440845754373493,0.25661017370370326,0.02380605142828679,-5.715817421557412e-07,-5.71581742255292e-07,1.6461751244208663e-10
0.07,0.0524758861359318,0.0524758861359318,-0.09517598297351497,-0.09517598003804796,-0.33333010258699264,0.2952428140132601,6.231425139433265e-05,0.0020922118400876636,0.5448444805003422,0.2731596426630093,0.023692669450744937,-5.622725309864518e-07,-5.622725310903461e-07,1.7275715384710955e-10
0.08,0.0599640064794446,0.059964006479444595,-0.08779078191768808,-0.08779077883426412,-0.3321258213214134,0.294595374868733,8.54417326209741e-05,0.00253913093147976,0.5456043855633349,0.28970911162231533,0.02358115701398117,-5.528846123738218e-07,-5.528846124979361e-07,2.0750164522694708e-10
0.09000000000000001,0.06744875386340372,0.06744875386340372,-0.08040064265352623,-0.08040063948038143,-0.3309028580659569,0.2939558908693828,0.0001132125573145362,0.0030207556944624957,0.5463642906263277,0.3062585805816214,0.023471531100981692,-5.434058004301356e-07,-5.434058005514397e-07,2.038765415003558e-10
0.1,0.07492970727274234,0.07492970727274235,-0.07300598087441446,-0.07300597766695822,-0.3296612816119838,0.2933243337846011,0.00014597005220711622,0.003536341629577864,0.5471241956893206,0.32280804954092746,0.023363811032072815,-5.338248950589874e-07,-5.338248952026685e-07,2.427248019693898e-10
0.11,0.08240644590580369,0.08240644590580369,-0.06560721252812811,-0.06560720933907814,-0.32840116179784223,0.2927006753548716,0.0001840501437760653,0.004085153167770508,0.5475781732413061,0.3357460004579849,0.023258018272300486,-5.241316370710458e-07,-5.241316372236294e-07,2.590412413037905e-10
0.12000000000000001,0.08987854919801105,0.08987854919801105,-0.0582047537934358,-0.05820475067294648,-0.3271225695049396,0.2920848872864444,0.00022778144702340474,0.004666463565693872,0.5480321507932916,0.3486839513750424,0.023154176247659475,-5.143166645973918e-07,-5.143166647572183e-07,2.7262989029299285e-10
0.13,0.09734559684552443,0.09734559684552443,-0.05079902105668952,-0.05079901805247414,-0.32582557665375517,0.29147694124616463,0.00027748535321512246,0.005279554802377312,0.5484861283452772,0.3616219022920998,0.0230523101698548,-5.043714712549274e-07,-5.043714714276098e-07,2.9590056552672573e-10
0.14,0.1048071688288825,0.1048071688288825,-0.043390430888403074,-0.04339042804584987,-0.3245102561997948,0.29087680885645173,0.00033347611659387375,0.005923717477236933,0.5489401058972627,0.37455985320915725,0.02295244686928807,-4.942883657724217e-07,-4.94288365962491e-07,3.2710343794544286e-10
0.15,0.11226284543662858,0.11226284543662857,-0.03597940001981996,-0.035979397382102776,-0.32317668212948725,0.29028446169042804,0.0003960609400784376,0.006598250709413176,0.5493940834492482,0.38749780412621465,0.02285461463597151,-4.840604330876019e-07,-4.840604332806393e-07,3.3356841280991793e-10
0.16,0.11971220728891938,0.11971220728891936,-0.028566345319472473,-0.028566342927655773,-0.32182492945602237,0.28969987126719504,0.0004655400599631131,0.0073024620384181714,0.5495395810632833,0.39756001014516196,0.02275884306808123,-4.736814968007985e-07,-4.7368149699963326e-07,3.44899939568414e-10
0.17,0.12715483536111483,0.12715483536111483,-0.02115168376973287,-0.021151681662871846,-0.32045507421513164,0.28912300904724986,0.0005422068296300664,0.008035667326076147,0.5496850786773183,0.4076222161641092,0.02266516292786949,-4.631460830996359e-07,-4.631460833197332e-07,3.831350194880714e-10
0.18000000000000002,0.1345903110073483,0.1345903110073483,-0.013735832443358333,-0.01373583065859393,-0.31906719346081114,0.2885538464280441,0.0006263478022874807,0.008797190659740323,0.5498305762913533,0.4176844221830565,0.02257360600466574,-4.524493860090517e-07,-4.5244938624124107e-07,4.0549597863067764e-10
0.19,0.14201821598407527,0.14201821598407527,-0.006319208480030575,-0.006319207052680091,-0.3176613652609873,0.2879923547396803,0.0007182428127461874,0.009586364256769727,0.5499760739053884,0.42774662820200376,0.02248420498470375,-4.415872338348059e-07,-4.415872340738078e-07,4.1861575544357866e-10
0.2,0.14943813247359922,0.14943813247359924,0.001097770937107957,0.0010977719734649727,-0.31623766869312575,0.28743850524074194,0.0008181650582472944,0.010402528370249627,0.5501215715194234,0.437808834220951,0.02239699332752018,-4.305560569566047e-07,-4.3055605719734513e-07,4.2275425676099044e-10
0.21000000000000002,0.15684964310757413,0.15684964310757415,0.00851468860492076,0.00851468921836044,-0.3147961838397831,0.286892269114256,0.0009263811783531737,0.0112450311959394,0.5499577711549934,0.4455652535798091,0.022312005148678538,-4.193528567765503e-07,-4.1935285703532804e-07,4.55446364603903e-10
0.22,0.16425233099048098,0.16425233099048098,0.015931127323744538,0.015931127483920983,-0.31333699178410224,0.2863536174637862,0.0010431513339139965,0.012113228780431739,0.5497939707905635,0.4533216729386671,0.022229275108579954,-4.0797517593393895e-07,-4.0797517620238884e-07,4.733513281724642e-10
0.23,0.17164577972307826,0.17164577972307826,0.023346669920857006,0.023346669598928015,-0.3118601746052514,0.28582252130965413,0.0011687292851218446,0.013006484930507203,0.5496301704261335,0.4610780922975251,0.022148838307129774,-3.964210695123205e-07,-3.964210697891696e-07,4.888822901285372e-10
0.24000000000000002,0.1790295734258242,0.1790295734258242,0.030760899273942256,0.030760898442499008,-0.3103658153738077,0.28529895158528007,0.0013033624686642892,0.013924171123668378,0.5494663700617035,0.4688345116563832,0.022070730184034992,-3.8468907746086467e-07,-3.8468907774842267e-07,5.083355074479564e-10
0.25,0.18640329676226988,0.18640329676226988,0.0381733983345541,0.038173396967554056,-0.3088539981470838,0.2847828791336522,0.0014472920739891375,0.014865666419837756,0.5493025696972735,0.4765909310152412,0.02199498642451782,-3.7277819804962253e-07,-3.727781983474501e-07,5.268285540792151e-10
0.26,0.19376653496242194,0.19376653496242194,0.045583750151574905,0.04558374822427799,-0.30732480796440004,0.2842742747039126,0.001600753118691907,0.015830357374203994,0.5488303922996138,0.48248346399211006,0.021921642870233973,-3.6068786233439676e-07,-3.606878626528586e-07,5.634423628112359e-10
0.27,0.20111887384607305,0.20111887384607305,0.0529915378946688,0.05299153538357683,-0.305778330842301,0.2837731089480592,0.0017639745230374456,0.01681763795120087,0.548358214901954,0.48837599696897893,0.021850735435192725,-3.4841790970061015e-07,-3.484179100146397e-07,5.554586030665445e-10
0.28,0.20845989984609958,0.20845989984609958,0.060396344877728436,0.06039634176052739,-0.30421465376971724,0.28327935241776614,0.001937179183626946,0.0178269094396037,0.5478860375042943,0.4942685299458478,0.021782300026483056,-3.3596856418779963e-07,-3.359685645175168e-07,5.827827730677397e-10
0.29000000000000004,0.2157892000317247,0.21578920003172472,0.06779775458231353,0.06779775083781857,-0.30263386470307146,0.2827929755613143,0.002120584046221438,0.01885758036872799,0.5474138601066345,0.5001610629227167,0.021716372469614414,-3.2334041203535557e-07,-3.233404123683893e-07,5.87930456961945e-10
0.3,0.22310636213174545,0.22310636213174542,0.07519535068107962,0.075195346289183,-0.3010360525613321,0.2823139487206338,0.0023144001777327147,0.019909066425715084,0.5469416827089748,0.5060535958995855,0.021652988438288782,-3.1053437984582266e-07,-3.105343801896157e-07,6.058852243333959e-10
0.31,0.23041097455772308,0.23041097455772305,0.08258871706119682,0.08258871200281812,-0.29942130722101074,0.28184224212845554,0.002518832837392501,0.020980790373890043,0.5461637830311816,0.5104253419986926,0.021592183388425504,-2.9755171383760715e-07,-2.975517141887384e-07,6.174416918099167e-10
0.32,0.2377026264271346,0.23770262642713458,0.08997743784775562,0.08997743210479446,-0.297789719511107,0.2813778259055647,0.0027340815471104877,0.022072181972176683,0.5453858833533883,0.5147970880977997,0.021533992496265905,-2.843939598262679e-07,-2.843939601760677e-07,6.134117337263131e-10
0.33,0.244980907586485,0.24498090758648497,0.09736109742715995,0.09736109098245116,-0.2961413812079995,0.2809206700581643,0.002960340161031738,0.023182677895554962,0.5446079836755952,0.5191688341969068,0.021478450600392402,-2.710629440488832e-07,-2.7106294440243216e-07,6.179551009807939e-10
0.34,0.25224540863437805,0.25224540863437805,0.10473928047050532,0.10473927330777612,-0.29447638503028295,0.28047074447533826,0.0031977969343038315,0.024311721656546634,0.5438300839978019,0.5235405802960139,0.021425592147499537,-2.575607548314929e-07,-2.575607551901116e-07,6.244249002914301e-10
0.35000000000000003,0.25949572094454537,0.25949572094454537,0.11211157195694102,0.11211156406077026,-0.29279482463355344,0.28002801892661267,0.003446634591063943,0.0254587635277137,0.5430521843200087,0.527912326395121,0.021375451141760926,-2.4388972496430794e-07,-2.4388972533079374e-07,6.353402737240307e-10
0.36000000000000004,0.26673143668883115,0.26673143668883115,0.11947755719701472,0.11947754855279434,-0.29109679460513993,0.2795924630596187,0.0037070303916558983,0.02662326046515605,0.5419729359970515,0.5310302524914768,0.021328061097642372,-2.3005241485407613e-07,-2.3005241522516515e-07,6.401606685946628e-10
0.37,0.27395214886013264,0.2739521488601326,0.12683682185599887,0.12683681244989692,-0.2893823904587838,0.279164046397848,0.003979156199087146,0.027804676032993993,0.5408936876740945,0.5341481785878326,0.02128345499601389,-2.16051596363398e-07,-2.16051596739421e-07,6.451264602022241e-10
0.38,0.28115745129529407,0.28115745129529407,0.13418895197719696,0.13418894179612262,-0.2876517086292662,0.2787427383385049,0.004263178544735436,0.029002480328820992,0.5398144393511374,0.5372661046841885,0.02124166524342094,-2.0189023737862688e-07,-2.0189023775476385e-07,6.414351943409686e-10
0.39,0.2883469386979533,0.28834693869795325,0.141533534005228,0.14153352303679848,-0.2859048464669838,0.27832850815045074,0.004559258693314797,0.03021614991011312,0.5387351910281803,0.5403840307805442,0.021202723634377932,-1.8757148700573878e-07,-1.8757148738660243e-07,6.452217006017576e-10
0.4,0.29552020666133955,0.2955202066613396,0.14887015480928967,0.14887014304179808,-0.28414190223247243,0.2779213249722357,0.00486755270711035,0.031445167721581214,0.5376559427052232,0.5435019568769001,0.021166661316552066,-1.730986614774388e-07,-1.7309866185085002e-07,6.28081514569226e-10
0.41000000000000003,0.30267685169102143,0.30267685169102143,0.15619840170639607,0.15619838912878167,-0.28236297509088065,0.27752115781022435,0.005188211509491278,0.03268902302345176,0.536281413663778,0.5455744569880283,0.02113350875871156,-1.584752305737458e-07,-1.5847523095541368e-07,6.3703145327041e-10
0.42000000000000004,0.30981647122760286,0.3098164712276029,0.1635178624845916,0.16351784908641076,-0.280568165106391,0.2771279755368031,0.0055213809477112265,0.03394721132066338,0.5349068846223328,0.5476469570991565,0.021103295721313704,-1.4370480481973313e-07,-1.437048051955394e-07,6.220779047095244e-10
0.43,0.31693866366936746,0.31693866366936746,0.17082812542613723,0.17082811119753658,-0.27875757323659195,0.276741746888676,0.00586720185500516,0.03521923429296495,0.5335323555808877,0.5497194572102847,0.021076051229615447,-1.2879112306143914e-07,-1.287911234323696e-07,6.086110489289013e-10
0.44,0.32404302839486837,0.32404302839486837,0.17812877933067023,0.17812876426236018,-0.2769313013267987,0.276362440465242,0.006225810111991665,0.03650459972590222,0.5321578265394425,0.5517919573214128,0.021051803549191013,-1.1373804077036143e-07,-1.1373804113462006e-07,5.92089725309692e-10
0.45,0.3311291657854629,0.3311291657854629,0.1854194135383333,0.18541939762156373,-0.27508945210432467,0.275990024727055,0.0065973367073895,0.037802821442679733,0.5307832974979974,0.5538644574325411,0.021030580163746426,-9.854951879550988e-08,-9.854951916390894e-08,5.929167168873871e-10
0.46,0.3381966772477913,0.3381966772477913,0.19269961795287466,0.19269960117941118,-0.273232129172703,0.2756244679943632,0.006981907798057089,0.039113419236885376,0.5291212158403551,0.5550549515462699,0.02101240775512377,-8.322961272261287e-08,-8.322961308481957e-08,5.768996265234984e-10
0.47000000000000003,0.3452451652361973,0.3452451652361973,0.19996898306471553,0.1999689654268172,-0.27135943700585885,0.2752657384457286,0.007379644768363549,0.040435918806063724,0.5274591341827128,0.5562454456599989,0.0209973121853926,-6.778246262537091e-08,-6.778246298135368e-08,5.608114764827484e-10
0.48000000000000004,0.35227423327509,0.35227423327509,0.2072270999739851,0.20722708146438315,-0.2694714809422329,0.27491380411672056,0.0077906642888995676,0.04176985168612636,0.5257970525250706,0.5574359397737277,0.02098531848092812,-5.221228340998585e-08,-5.221228376194702e-08,5.481599809444487e-10
0.49000000000000005,0.3592834859812456,0.35928348598124565,0.214473560413521,0.21447354102539862,-0.26756836717885585,0.27456863289868644,0.008215078374536602,0.04311475518658633,0.5241349708674283,0.5586264338874567,0.02097645081838107,-3.652335559684028e-08,-3.652335593578183e-08,5.216125582060579e-10
0.5,0.36627252908604757,0.36627252908604757,0.22170795677183414,0.22170793649880716,-0.26565020276537504,0.27423019253759506,0.008652994441842445,0.04447017232660366,0.5224728892097861,0.5598169280011855,0.020970732512446258,-2.072001649769395e-08,-2.0720016843612818e-08,5.257750933802299e-10
0.51,0.373240969457664,0.373240969457664,0.2289298821160369,0.2289298609521355,-0.2637170955980331,0.2738984506329545,0.00910451536586124,0.04583565177183095,0.5205325997636508,0.5602543891691057,0.0209681860053409,-4.8066520000333846e-09,-4.806652326844098e-09,4.903687072953101e-10
0.52,0.3801884151231614,0.3801884151231614,0.23613893021473298,0.23613890815438413,-0.2617691544135984,0.2735733746367975,0.00956973953626595,0.04721074777204555,0.5185923103175156,0.560691850337026,0.020968832857906034,1.1212311506331174e-08,1.1212311180951e-08,4.817515139864517e-10
0.53,0.387114475290553,0.387114475290553,0.2433346955608675,0.24333467259887853,-0.2598064887832489,0.27325493185273736,0.01004876091289096,0.04859502009955699,0.5166520208713803,0.5611293115049463,0.020972693742248517,2.7332414470615518e-08,2.7332414155363702e-08,4.6036992748072294e-10
0.54,0.39401876037078043,0.39401876037078043,0.2505167733945371,0.25051674952607983,-0.257829209106409,0.2729430894350935,0.010541669080652665,0.04998803398837829,0.5147117314252451,0.5615667726728665,0.02097978843584404,4.3549171394041686e-08,4.354917109020253e-08,4.374510960155539e-10
0.55,0.40090088199962853,0.40090088199962853,0.25768475972575744,0.257684734946353,-0.255837426604539,0.27263781438807994,0.011048549303865458,0.051389360074148835,0.5127714419791098,0.5620042338407867,0.02099013581702312,5.985807752587058e-08,5.985807722868703e-08,4.216707914948422e-10
0.56,0.4077604530595702,0.4077604530595702,0.26483825135718725,0.2648382256626921,-0.25383125331487943,0.2723390735650619,0.011569482579960755,0.05279857433479744,0.5105638537575777,0.5617913326616424,0.021003753861767012,7.625461521942878e-08,7.625461493074616e-08,4.035214698628458e-10
0.5700000000000001,0.4145970877015421,0.4145970877015421,0.27197684590680854,0.27197681929340056,-0.251810802084149,0.2720468336678752,0.012104545692616169,0.054215258031934735,0.5083562655360456,0.5615784314824981,0.021020659641741546,9.273425995506845e-08,9.273425968998155e-08,3.6489982676765793e-10
0.5800000000000001,0.42141040136664804,0.4214104013666481,0.27910014183056003,0.2791001142947258,-0.2497761865621967,0.2717610612462075,0.01265381126430235,0.05563899765296382,0.5061486773145134,0.5613655303033538,0.02104086932350014,1.0929248606822428e-07,1.0929248581345464e-07,3.452411457506823e-10
0.5900000000000001,0.4282000108077911,0.42820001080779113,0.28620773844492425,0.28620770998344663,-0.24772752119560904,0.27148172269703974,0.013217347808254377,0.05706938485389733,0.5039410890929813,0.5611526291242095,0.02106439816878978,1.259247720229728e-07,1.2592477177703039e-07,3.2798649870274256e-10
0.6,0.43496553411123023,0.4349655341112302,0.2932992359494656,0.29329920655941183,-0.24566492122127287,0.27120878426415007,0.013795219779874909,0.05850601640287159,0.5017335008714492,0.5609397279450652,0.02109126053589704,1.4262660550171113e-07,1.4262660526863334e-07,3.057999083943063e-10
0.61,0.44170659071806356,0.44170659071806356,0.30037423544931957,0.30037420512803015,-0.24358850265989265,0.270942212037675,0.01438748762757572,0.059948494124345976,0.4992710257385683,0.5601591285256906,0.02112146988197205,1.5939348814442145e-07,1.5939348793141145e-07,2.748683821250801e-10
0.62,0.44842280144563446,0.4484228014456344,0.30743233897762967,0.30743230772270785,-0.2414983823094652,0.2706819719537263,0.014994207843064915,0.061396424843978295,0.4968085506056874,0.5593785291063161,0.02115503876627178,1.762209400242576e-07,1.7622093981841357e-07,2.6117640396953736e-10
0.63,0.45511378850886025,0.45511378850886025,0.3144731495179333,0.31447311732723504,-0.23939467773870915,0.27042802979406655,0.015615433011085934,0.0628494203341647,0.49434607547280646,0.5585979296869416,0.021191978854266526,1.9310450375537025e-07,1.9310450357003224e-07,2.3116478826060962e-10
0.64,0.4617791755414829,0.46177917554148284,0.3214962710264941,0.3214962378981184,-0.23727750728045166,0.2701803511858377,0.01625121185861543,0.06430709726023558,0.4918836003399255,0.5578173302675671,0.021232300922554688,2.1003974849664875e-07,2.1003974832513074e-07,2.1024564658758067e-10
0.65,0.4684185876172393,0.4684185876172393,0.32850130845457914,0.32850127438685844,-0.23514699002497302,0.2699389016013442,0.016901589303526254,0.06576907712729649,0.4894211252070446,0.5570367308481925,0.021276014864534034,2.270222735321903e-07,2.2702227337641386e-07,1.8762282235590566e-10
0.66,0.4750316512709508,0.4750316512709508,0.33548786777067985,0.33548783276217203,-0.233003245813307,0.26970364635788874,0.017566606502722102,0.06723498622770525,0.4867176080938004,0.5557559522015093,0.021323129696779176,2.440477117164608e-07,2.4404771158029473e-07,1.6111416363660767e-10
0.67,0.48161799451953063,0.48161799451953063,0.3424555559826772,0.3424555200321564,-0.2308463952305003,0.2694745506176602,0.01824630089975,0.06870445558917519,0.4840140909805561,0.5544751735548261,0.021373653566077264,2.611117326488388e-07,2.6111173253116835e-07,1.3675248270460916e-10
0.68,0.4881772468829075,0.4881772468829075,0.349403981159946,0.3494039442663956,-0.2286765595988294,0.2692515793876706,0.018940706271897017,0.07017712092349576,0.48131057386731185,0.5531943949081428,0.02142759375707552,2.782100456087677e-07,2.782100455097166e-07,1.1304715614293311e-10
0.6900000000000001,0.49470903940486566,0.49470903940486566,0.3563327524554025,0.3563327146180069,-0.22649386097097657,0.2690346975197413,0.01964985277677707,0.07165262257586158,0.47860705675406756,0.5519136162614596,0.02148495670049642,2.9533840229314934e-07,2.9533840221454315e-07,8.808990951732599e-11
0.7000000000000001,0.5012130046737978,0.5012130046737978,0.3632414801274882,0.3632414413456259,-0.2242984221231641,0.2688238697105401,0.020373766998414203,0.07313060547480046,0.4759035396408233,0.5506328376147764,0.02154574798187864,3.124925993525096e-07,3.124925992861514e-07,7.300913130083677e-11
0.7100000000000001,0.5076887768433727,0.5076887768433728,0.3701297755620931,0.3701297358353298,-0.2220903665482482,0.2686190605016609,0.021112471992827953,0.07461071908269247,0.47297418070389985,0.5489080013769945,0.02160997235080192,3.296684806773642e-07,3.296684806320047e-07,4.899085837485786e-11
0.7200000000000001,0.5141359916531131,0.5141359916531131,0.37699725129441514,0.3769972106224975,-0.21986981844877293,0.2684202342797545,0.02186598733312698,0.07609261734687117,0.47004482176697643,0.5471831651392125,0.021677633730558456,3.4686193958397005e-07,3.4686193956110296e-07,2.4242599616296663e-11
0.73,0.5205542864488859,0.5205542864488859,0.38384352103075525,0.3838434794136042,-0.21763690272998326,0.26822735527670116,0.02263432915411639,0.07757595865129936,0.46711546283005295,0.5454583289014305,0.02174873522823219,3.640689207398684e-07,3.6406892073626317e-07,3.7513551245573335e-12
0.74,0.5269433002033014,0.5269433002033013,0.390668199670246,0.3906681571079511,-0.21539174499279967,0.26804038756983,0.023417510196424896,0.07906040576881047,0.46418610389312953,0.5437334926636486,0.021823279145151277,3.8128542194024173e-07,3.8128542195202e-07,1.202795856058184e-11
0.75,0.5333026735360201,0.5333026735360201,0.39747090332651336,0.3974708598193271,-0.2131344715267528,0.267859295082178,0.02421553985015704,0.08054562581390791,0.46125674495620606,0.5420086564258666,0.021901266987678747,3.9850749570385924e-07,3.9850749574580314e-07,4.203517710777773e-11
0.76,0.5396320487339693,0.5396320487339693,0.4042512493492704,0.40425120489760286,-0.21086520930288,0.26768404158279574,0.025028424198076087,0.08203129019611635,0.45811801411717606,0.5398873696591707,0.021982699478309962,4.157312507996336e-07,4.1573125084979106e-07,4.9328209975153704e-11
0.77,0.5459310697714626,0.5459310697714626,0.4110088563458409,0.4110088109502548,-0.20858408596658312,0.2675145906870899,0.02585616605832335,0.08351707457387492,0.4549792832781461,0.5377660828924749,0.022067576567044226,4.32952853412355e-07,4.329528534906341e-07,7.554560083010876e-11
0.78,0.5521993823302277,0.5521993823302276,0.41774334420261316,0.41774329786381875,-0.20629122983044829,0.2673509058572128,0.026698765026678957,0.08500265880896649,0.4518405524391161,0.535644796125779,0.022155897443002726,4.5016852844026456e-07,4.5016852854393446e-07,9.817785853526747e-11
0.79,0.5584366338193358,0.5584366338193358,0.42445433410642114,0.42445428682527153,-0.20398676986702852,0.2671929504024823,0.02755621751836976,0.08648772692147658,0.4487018216000861,0.5335235093590831,0.022247660546261906,4.673745604248658e-07,4.6737456055024314e-07,1.1651347296716018e-10
0.8,0.5646424733950354,0.5646424733950355,0.43114144856585207,0.4311414003433391,-0.20167083570158917,0.26704068747984994,0.028428516809429226,0.08797196704527394,0.4455630907610561,0.5314022225923872,0.022342863579878077,4.845672944564505e-07,4.8456729459899e-07,1.2998467155871665e-10
0.81,0.5708165519804865,0.5708165519804865,0.43780431143248066,0.4378042622697304,-0.1993435576048165,0.2668940800943996,0.029315653077614915,0.08945507138400613,0.44223263510649025,0.5289257885663267,0.02244150352207501,5.017431369130909e-07,5.017431370866653e-07,1.5532855244958917e-10
0.8200000000000001,0.5769585222853968,0.5769585222853968,0.44444254792202775,0.4444424978202964,-0.19700506648548977,0.26675309109988804,0.030217613442888317,0.0909367361676053,0.4389021794519244,0.5264493545402661,0.02254357663857176,5.188985561614678e-07,5.188985563552497e-07,1.7017677749687635e-10
0.8300000000000001,0.583068038825556,0.583068038825556,0.45105578463544105,0.45105573359611123,-0.19465549388311779,0.2666176831993192,0.031134382007462255,0.09241666160929564,0.4355717237973586,0.5239729205142055,0.022649078495026207,5.360300829940212e-07,5.360300832167872e-07,1.9198837919509306e-10
0.8400000000000001,0.5891447579422695,0.5891447579422696,0.45764364957989917,0.4576435976044761,-0.19229497196053993,0.266487818945553,0.03206593989542103,0.09389455186309763,0.43224126814279273,0.521496486488145,0.022758003969572463,5.531343111320197e-07,5.531343113697105e-07,2.0104761118176538e-10
0.8500000000000001,0.5951883378216895,0.5951883378216895,0.4642057721897357,0.46420571927984433,-0.18992363349649205,0.2663634607419525,0.03301226529191791,0.095370114981824,0.4289108124882269,0.5190200524620844,0.022870347265431683,5.702078974545444e-07,5.702078977123855e-07,2.1405466429505998e-10
0.86,0.6011984385140411,0.6011984385140411,0.4707417833472845,0.4707417295046652,-0.1875416118781374,0.2662445708430617,0.03397333348195508,0.09684306287556001,0.42540735705135363,0.5162251590199595,0.02298610192357523,5.872475622691053e-07,5.872475625591303e-07,2.3633211059633285e-10
0.87,0.6071747219527451,0.607174721952745,0.4772513154036411,0.4772512606301472,-0.18514904109356395,0.2661311113553166,0.03494911688875071,0.09831311127062346,0.4219039016144803,0.5134302655778347,0.023105260835421627,6.042500894608283e-07,6.042500897638016e-07,2.4234796344009244e-10
0.88,0.6131168519734338,0.6131168519734338,0.4837340021993438,0.4837339464969384,-0.18274605572424749,0.26602304423779033,0.035939585111698105,0.09977997966899968,0.418400446177607,0.5106353721357098,0.023227816255549684,6.212123264230651e-07,6.212123267558212e-07,2.6130306734625725e-10
0.89,0.6190244943328604,0.6190244943328604,0.4901894790849697,0.4901894224557224,-0.1803327909374814,0.2659203313029679,0.03694470496392153,0.10124339130824518,0.4148969907407337,0.5078404786935848,0.02335375981441013,6.381311841371917e-07,6.381311844933999e-07,2.746281569022128e-10
0.9,0.6248973167276999,0.6248973167276999,0.49661738294164587,0.4966173253877306,-0.17790938247877372,0.2658229342175539,0.037964440509433296,0.10270307312185585,0.4113935353038604,0.5050455852514599,0.023483082531020185,6.550036369609713e-07,6.550036373384899e-07,2.8578813748963303e-10
0.91,0.6307349888132409,0.6307349888132409,0.5030173522014754,0.5030172937251672,-0.17547596666421122,0.2657308145033082,0.03899875309989695,0.104158755700095,0.4077367777856173,0.5019655868335533,0.023615774825625407,6.718267224516128e-07,6.718267228578741e-07,3.0200974075995756e-10
0.92,0.636537182221968,0.636537182221968,0.5093890268678748,0.5093889674715479,-0.17303268037279182,0.2656439335379141,0.04004760141100105,0.10561017325127582,0.40408002026737416,0.4988855884156468,0.023751826532315022,6.8859754111944e-07,6.885975415546159e-07,3.177146884158686e-10
0.93,0.6423035705820317,0.6423035705820317,0.5157320485358242,0.5157319882219489,-0.17057966103872524,0.2655622525558703,0.041110941478447995,0.10705706356349497,0.4004232627491311,0.4958055899977402,0.02389122691157624,7.053132560844166e-07,7.053132565339656e-07,3.2237138162375264e-10
0.9400000000000001,0.6480338295356073,0.6480338295356073,0.5220460604120274,0.5220459991831679,-0.1681170466437022,0.26548573264941683,0.04218872673356216,0.10849916796681247,0.39676650523088797,0.49272559157983364,0.02403396466277627,7.219710926320566e-07,7.219710931076145e-07,3.3499792430073717e-10
0.9500000000000001,0.6537276367571393,0.6537276367571393,0.5283307073349809,0.5283306451937934,-0.16564497570913317,0.2654143347694848,0.04328090803852241,0.10993623129587327,0.39310974771264484,0.4896455931619271,0.024180027936558792,7.385683378317853e-07,7.385683383401215e-07,3.5180618773701596e-10
0.9600000000000001,0.6593846719714732,0.6593846719714732,0.5345856357949526,0.534585572744183,-0.16316358728835625,0.2653480197266749,0.044387433721222974,0.11136800185296851,0.3893202477340386,0.4863114765795457,0.024329404347144583,7.551023400165224e-07,7.551023405411102e-07,3.5673101552993454e-10
0.9700000000000001,0.6650046169718694,0.6650046169718694,0.5408104939538655,0.5408104299963479,-0.16067302095881597,0.26528674819226034,0.045508249609766904,0.11279423137152976,0.38553074775543245,0.4829773599971643,0.024482080984524902,7.71570508154712e-07,7.715705087067683e-07,3.68922234582821e-10
0.9800000000000001,0.6705871556379037,0.6705871556379038,0.5470049316650901,0.5470048668037435,-0.1581734168142116,0.26523048069921734,0.04664329906659679,0.11421467498005577,0.3817412477768262,0.4796432434147829,0.02463804442653892,7.879703113403136e-07,7.879703119139894e-07,3.7679645662154124e-10
0.9900000000000001,0.6761319739532481,0.6761319739532481,0.5531686004931378,0.553168534730966,-0.15566491545661726,0.2651791776432787,0.047792523022266824,0.1156290911664663,0.37795174779822005,0.47630912683240156,0.024797280750825025,8.042992780746272e-07,8.042992786704054e-07,3.846587145287528e-10
1.0,0.6816387600233341,0.6816387600233341,0.5593011537332626,0.5593010870733509,-0.15314765798857288,0.2651327992840153,0.048955860008860666,0.11703724174288016,0.3741622478196139,0.4729750102500202,0.024959775546638523,8.20554995600159e-07,8.205549962234081e-07,3.9560950212887854e-10
1.01,0.6871072040928976,0.6871072040928976,0.5654022464309617,0.5654021788764761,-0.15062178600514728,0.26509130574593703,0.05013324619305882,0.11843889181081498,0.3702613113280518,0.46941611418131673,0.02512551392652663,8.367351091789765e-07,8.367351098311518e-07,4.070505367687147e-10
1.02,0.6925369985634012,0.6925369985634012,0.5714715354013793,0.5714714669555648,-0.1480874415859736,0.2650546570196203,0.051324615408860616,0.11983380972680463,0.36636037483648975,0.46585721811261327,0.025294480537854463,8.528373213224916e-07,8.528373219983961e-07,4.1487236824450157e-10
1.03,0.697927838010338,0.697927838010338,0.5775086792486114,0.5775086099147898,-0.14554476728725702,0.2650228129628582,0.05252989918996414,0.1212217670684329,0.36245943834492766,0.46229832204390986,0.025466659574175016,8.6885939097614e-07,8.688593916799305e-07,4.2489840441708875e-10
1.04,0.7032794192004103,0.7032794192004103,0.5835133383849083,0.5835132681664772,-0.14299390613375657,0.2649957333018295,0.05374902680180859,0.12260253860077906,0.35855850185336563,0.4587394259752064,0.02564203478643613,8.847991327318172e-07,8.847991334542346e-07,4.290529428209403e-10
1.05,0.7085914411085871,0.7085914411085871,0.5894851750497766,0.589485103950208,-0.14043500161073952,0.26497337763229556,0.05498192527328307,0.12397590224327414,0.35465756536180354,0.45518052990650293,0.025820589494020392,9.006544159223528e-07,9.006544166698632e-07,4.368080128960698e-10
1.06,0.7138636049350369,0.7138636049350369,0.595423853328979,0.5954237813518175,-0.13786819765591052,0.26495570542081326,0.05622851942810632,0.12534163903696485,0.3506671248413067,0.45142507249821157,0.026002306595611046,9.164231638027209e-07,9.164231645670214e-07,4.3949982548115703e-10
1.07,0.7190956141219343,0.7190956141219343,0.6013290391734275,0.6013289663222898,-0.13529363865131533,0.264942676005971,0.057488731915880574,0.12669953311218266,0.34667668432080984,0.4476696150899202,0.026187168579880137,9.321033525890032e-07,9.321033533766003e-07,4.4574995844917383e-10
1.08,0.7242871743701426,0.7242871743701426,0.6072004004179761,0.6072003266965484,-0.132711469415219,0.26493424859964354,0.0587624832428248,0.12804937165661648,0.34268624380031293,0.44391415768162884,0.02637515753599432,9.476930105806192e-07,9.47693011398924e-07,4.55897550782377e-10
1.09,0.7294379936557661,0.7294379936557662,0.6130376068001024,0.6130375322121405,-0.13012183519396028,0.2649303822882692,0.06004969180218993,0.12939094488378533,0.3386958032798161,0.4401587002733375,0.02656625516393473,9.631902172270446e-07,9.63190218064302e-07,4.592498036613905e-10
1.1,0.7345477822465786,0.7345477822465786,0.6188403299784867,0.6188402545278139,-0.12752488165378134,0.2649310360341428,0.0613502739043616,0.13072404600191212,0.3347053627593192,0.4364032428650461,0.02676044278462701,9.785931021077943e-07,9.785931029774174e-07,4.697130664495584e-10
1.11,0.7396162527183189,0.7396162527183189,0.6246082435514801,0.6246081672419868,-0.12492075487263406,0.2649361686767322,0.06266414380665283,0.13204847118319263,0.33064785391811863,0.43247869975167086,0.026957701349879296,9.938998440650604e-07,9.938998449474942e-07,4.694286088337603e-10
1.12,0.7446431199708594,0.7446431199708594,0.6303410230754652,0.6303409459111066,-0.12230960133196316,0.2649457389340082,0.06399121374279183,0.13336401953346136,0.32659034507691803,0.42855415663829555,0.027158011452124226,1.009108670107367e-06,1.0091086710060688e-06,4.709378831748678e-10
1.1300000000000001,0.7496281012442425,0.7496281012442426,0.6360383460831052,0.6360382680679014,-0.1196915679084669,0.2649597054037957,0.06533139395210867,0.13467049306225032,0.3225328362357175,0.4246296135249203,0.027361353333963966,1.0242178544936364e-06,1.0242178554141495e-06,4.752410503954914e-10
1.1400000000000001,0.7545709161345863,0.7545709161345863,0.641699892101483,0.641699813239518,-0.11706680186583507,0.26497802656514147,0.06668459270842368,0.1359676966532409,0.3184753273945169,0.420705070411545,0.027567706897515504,1.0392257177166409e-06,1.0392257186604054e-06,4.801305560470027e-10
1.1500000000000001,0.7594712866098562,0.7594712866098562,0.647325342670128,0.6473252629655476,-0.1144354508464654,0.2650006607796998,0.06805071634864329,0.1372554380351054,0.3144178185533163,0.4167805272981697,0.02777705171355499,1.0541306254933935e-06,1.0541306264520227e-06,4.80655748146128e-10
1.1600000000000001,0.7643289370255051,0.7643289370255052,0.6529143813589291,0.652914300815941,-0.111797662863159,0.2650275662931331,0.06942966930106567,0.1385335277527386,0.31031605418213987,0.41271389299986155,0.027989367030459313,1.0689309877139064e-06,1.0689309886997053e-06,4.872324341118568e-10
1.1700000000000002,0.769143594139978,0.7691435941399781,0.6584666937859336,0.6584666124088062,-0.10915358629079434,0.2650587012365303,0.07082135411340039,0.13980177913887787,0.30621428981096344,0.4086472587015534,0.028204631782944526,1.083625257487092e-06,1.0836252584982866e-06,4.927466694284956e-10
1.1800000000000002,0.7739149871300817,0.7739149871300818,0.6639819676350314,0.6639818854280929,-0.10650336985798156,0.2650940236278424,0.07222567148050692,0.14106000828610826,0.302112525439787,0.4045806244032452,0.028422824600600114,1.0982119300860516e-06,1.0982119311043243e-06,4.892953898668678e-10
1.19,0.7786428476062186,0.7786428476062185,0.6694598926735226,0.6694598096411598,-0.10384716263869623,0.2651334913733303,0.07364252027185444,0.1423080340192546,0.2980107610686107,0.40051399010493716,0.028643923816218126,1.1126895418621385e-06,1.1126895429119554e-06,4.975261394648007e-10
1.2,0.7833269096274834,0.7833269096274833,0.6749001607695684,0.6749000769162261,-0.10118511404389391,0.2651770622690301,0.0750717975587084,0.1435456778681582,0.29390899669743425,0.396447355806629,0.028867907473917938,1.1270566693637185e-06,1.1270566704282744e-06,4.976724313288296e-10
1.21,0.7879669097166226,0.7879669097166225,0.6803024659095228,0.6803023812397028,-0.09851737381310623,0.26522469400223364,0.07651339864104544,0.14477276404083508,0.2897860384076984,0.3922653142252616,0.02909475333706582,1.141311928166966e-06,1.141311929249371e-06,4.992467374858826e-10
1.22,0.7925625868748546,0.7925625868748546,0.6856665042151463,0.685666418733407,-0.09584409200601773,0.26527634415298207,0.07796721707420286,0.14598911939701872,0.28566308011796254,0.38808327264389425,0.02932443889599003,1.1554539719356438e-06,1.1554539730381535e-06,5.018060564710972e-10
1.23,0.7971136825965509,0.7971136825965508,0.690991973960698,0.6909918876716535,-0.09316541899402533,0.2653319701955737,0.07943314469526522,0.1471945734220824,0.2815401218282267,0.3839012310625269,0.02955694137549149,1.1694814913837392e-06,1.1694814925049896e-06,5.036882647447499e-10
1.24,0.8016199408837772,0.8016199408837771,0.6962785755899094,0.6962784884982288,-0.09048150545177953,0.2653915295000879,0.08091107164919158,0.14838895820134385,0.27741716353849083,0.37971918948115957,0.02979223774215154,1.183393213248507e-06,1.1833932143921423e-06,5.071429586189139e-10
1.25,0.806081108260693,0.806081108260693,0.7015260117328327,0.7015259238432386,-0.08779250234870944,0.2654549793339186,0.0824008864146884,0.1495721083947471,0.273294205248755,0.3755371478997922,0.030030304711436164,1.197187899308616e-06,1.197187900462944e-06,5.053980312986567e-10
1.26,0.8104969337878097,0.8104969337878097,0.7067339872225682,0.7067338985398376,-0.08509856094053063,0.26552227686332525,0.08390247582983063,0.1507438612119248,0.26917323381179625,0.3712661720239917,0.030271118754599445,1.2108643453294377e-06,1.2108643464965673e-06,5.04617987995044e-10
1.27,0.8148671690761057,0.8148671690761057,0.711902209111868,0.7119021196408301,-0.08239983276073694,0.26559337915499254,0.08541572511743548,0.15190405638763863,0.2650522623748375,0.36699519614819126,0.030514656105386045,1.2244213800916004e-06,1.224421381289209e-06,5.114176494097201e-10
1.28,0.8191915683009984,0.8191915683009983,0.7170303866896135,0.7170302964351498,-0.07969646961207698,0.26566824317760657,0.08694051791019249,0.15305253615759468,0.26093129093787876,0.36272422027239076,0.03076089276653495,1.2378578644577087e-06,1.2378578656624797e-06,5.082299425097988e-10
1.29,0.8234698882161713,0.8234698882161713,0.722118231497168,0.7221181404642115,-0.07698862355801499,0.26574682580343956,0.08847673627555389,0.15418914523463798,0.25681031950092,0.3584532443965903,0.031009804516085454,1.2511726902586506e-06,1.2511726914796838e-06,5.089275262372483e-10
1.3,0.8277018881672576,0.8277018881672576,0.7271654573446029,0.727165365538137,-0.07427644691417752,0.26582908380994896,0.09002426074038765,0.15531373078532026,0.25268934806396126,0.3541822685207898,0.0312613669134873,1.2643647794297053e-06,1.2643647806706926e-06,5.1114751398103e-10
1.31,0.8318873301053759,0.8318873301053759,0.7321717803267948,0.7321716877518535,-0.07156009223978575,0.2659149738813885,0.09158297031540007,0.15642614240684397,0.24859353308030696,0.3498486651063247,0.031515555305517015,1.2774330830078728e-06,1.277433084266024e-06,5.122002049084733e-10
1.32,0.8360259786005206,0.8360259786005205,0.737136918839396,0.7371368255010625,-0.06883971232907382,0.2660044526104268,0.09315274251932802,0.15752623210437972,0.2444977180966527,0.3455150616918595,0.03177234483200134,1.2903765801777767e-06,1.2903765814407324e-06,5.082771247416508e-10
1.33,0.840117600854805,0.840117600854805,0.7420605935946745,0.7420604994980813,-0.06611546020269447,0.2660974764997838,0.09473345340290669,0.1586138542687573,0.2404019031129984,0.34118145827739443,0.032031710431351404,1.3031942772828708e-06,1.3031942785686118e-06,5.116215001049266e-10
1.34,0.8441619667155564,0.8441619667155564,0.7469425276372232,0.7469424327875513,-0.06338748909911142,0.26619400196387083,0.09632497757261634,0.1596888656545295,0.23630608812934412,0.3368478548629293,0.03229362684590797,1.3158852069997118e-06,1.31588520828727e-06,5.066666685523802e-10
1.35,0.8481588486882614,0.8481588486882615,0.7517824463595402,0.751782350762018,-0.06065595246598003,0.2662939853304471,0.09792718821421133,0.16075112535840744,0.23221027314568982,0.33251425144846414,0.032558068627101415,1.3284484272693686e-06,1.32844842857451e-06,5.079842585205364e-10
1.36,0.852108021949363,0.852108021949363,0.7565800775174725,0.7565799811773761,-0.05792100395151574,0.26639738284228237,0.0995399571160356,0.16180049479806746,0.22816264277713563,0.32814416307483607,0.032825010140427824,1.340883020520267e-06,1.3408830218364519e-06,5.067850162972972e-10
1.37,0.8560092643589063,0.8560092643589063,0.761335151245533,0.761335054168185,-0.05518279739585122,0.26650415065883204,0.10116315469212767,0.16283683769132742,0.22411501240858142,0.323774074701208,0.03309442557024394,1.3531880926689888e-06,1.353188094007799e-06,5.100549332663454e-10
1.3800000000000001,0.8598623564730347,0.8598623564730347,0.7660474000720784,0.7660473022628475,-0.052441486822383296,0.2666142448579212,0.1027966500051195,0.16386002003569364,0.22006738204002724,0.3194039863275799,0.03336628892438359,1.3653627723153594e-06,1.365362773664609e-06,5.086954240899455e-10
1.3900000000000001,0.8636670815563323,0.8636670815563323,0.7707165589343543,0.7707164603986553,-0.04969722642910904,0.26672762143743883,0.10444031078893293,0.16486991008827612,0.21601975167147303,0.3150338979539518,0.03364057403859791,1.3774062097987594e-06,1.3774062111499046e-06,5.042102527980101e-10
1.4000000000000001,0.867423225594017,0.867423225594017,0.7753423651934063,0.7753422659366984,-0.04695017057995177,0.2668442363170413,0.10609400347127633,0.1658663783460716,0.21197212130291884,0.31066380958032375,0.03391725458082188,1.3893175763446397e-06,1.3893175777124207e-06,5.052968229531757e-10
1.4100000000000001,0.8711305773039765,0.8711305773039765,0.7799245586488516,0.7799244586766393,-0.044200473796078804,0.2669640453398637,0.1077575931959469,0.16684929752661354,0.2079954327998258,0.3062831838762782,0.03419630405527001,1.401096063287366e-06,1.401096064658773e-06,5.016408257539118e-10
1.4200000000000002,0.8747889281486548,0.8747889281486549,0.7844628815535168,0.7844627808713481,-0.04144829074720918,0.267087004274243,0.10943094384494045,0.16781854254898815,0.20401874429673278,0.30190255817223266,0.03447769580636395,1.4127408811334674e-06,1.4127408825192847e-06,5.020012569355071e-10
1.4300000000000002,0.8783980723467817,0.8783980723467818,0.7889570786279351,0.7889569772414019,-0.0386937762429138,0.2672130688154478,0.11111391806037405,0.16877399051521627,0.20004205579363973,0.2975219324681871,0.03476140302249471,1.4242512588330536e-06,1.4242512602277022e-06,5.003935557887811e-10
1.4400000000000002,0.8819578068849475,0.8819578068849475,0.7934068970747057,0.7934067949894432,-0.035937085223907234,0.2673421945874147,0.1128063772662231,0.16971552069199772,0.19606536729054672,0.2931413067641416,0.035047398739621455,1.4356264429124521e-06,1.4356264443149972e-06,4.985254116318956e-10
1.4500000000000002,0.885467931529023,0.885467931529023,0.7978120865927146,0.7978119838144002,-0.03317837275333238,0.2674743371444993,0.11450818168987867,0.17064301449282088,0.19208867878745367,0.288760681060096,0.03533565584471196,1.4468656967178695e-06,1.4468656981174188e-06,4.928985557931007e-10
1.46,0.8889282488354225,0.8889282488354225,0.8021723993912129,0.8021722959255664,-0.030417794008038346,0.2676094519732283,0.11621919038352757,0.17155635546043202,0.18820529053920848,0.2843952148685775,0.03562614707902464,1.4579682995827237e-06,1.4579683009989742e-06,4.942917495994109e-10
1.47,0.8923385641622101,0.8923385641622101,0.8064875902037555,0.8064874860565382,-0.02765550426985164,0.26774749449406404,0.11793926124535876,0.1724554292496668,0.1843219022909632,0.2800297486770589,0.03591884504123748,1.4689335461615105e-06,1.4689335475884442e-06,4.936236047567622e-10
1.48,0.8956986856800476,0.8956986856800476,0.8107574163019967,0.8107573114790113,-0.02489165891684178,0.2678884200631751,0.11966825104059974,0.17334012361064147,0.1804385140427179,0.2756642824855403,0.036213722190425485,1.4797607456040751e-06,1.4797607470310722e-06,4.893715337420305e-10
1.49,0.8990084243829859,0.8990084243829858,0.8149816375093445,0.8149815320164342,-0.022126413414580992,0.2680321839742152,0.12140601542238687,0.17421032837230088,0.17655512579447263,0.2712988162940217,0.03651075084889,1.4904492208270281e-06,1.4904492222550105e-06,4.855527870184875e-10
1.5,0.9022675940990952,0.9022675940990952,0.8191600162144698,0.8191599100575183,-0.019359923307399746,0.2681787414601092,0.12315240895247281,0.17506593542632534,0.17267173754622736,0.2669333501025031,0.036809903204842925,1.5009983077990396e-06,1.5009983092526075e-06,4.901411330179297e-10
1.51,0.9054760115009387,0.9054760115009387,0.8232923173846719,0.8232922105696027,-0.016592344209637094,0.26832804769484514,0.12490728512177526,0.1759068387113904,0.1689034833742433,0.262608414786408,0.03711115131494823,1.5114073549371554e-06,1.5114073563766131e-06,4.814276740152131e-10
1.52,0.9086334961158833,0.9086334961158833,0.8273783085790999,0.8273782011118755,-0.013823831796887565,0.26848005779527523,0.12667049637076894,0.1767329341977838,0.16513522920225923,0.2582834794703129,0.0374144671067248,1.5216757221978017e-06,1.5216757236513314e-06,4.822543633922585e-10
1.53,0.911739870336252,0.911739870336252,0.8314177599618261,0.8314176518484484,-0.011054541797244521,0.2686347268229242,0.12844189410972726,0.17754411987237184,0.16136697503027517,0.2539585441542178,0.03771982238081296,1.5318027806326961e-06,1.5318027820987814e-06,4.826199109438472e-10
1.54,0.9147949594293141,0.9147949594293141,0.8354104443147757,0.8354103355612846,-0.008284629982540065,0.268792009785802,0.1302213287388136,0.17834029572391838,0.1575987208582911,0.24963360883812272,0.03802718881310726,1.5417879116255695e-06,1.5417879130798785e-06,4.750834034197356e-10
1.55,0.9177985915471135,0.9177985915471135,0.8393561370505064,0.83935602766298,-0.00551425215958351,0.2689518616402242,0.13200864966802858,0.17912136372875156,0.15383046668630704,0.24530867352202762,0.038336537956759315,1.551630506198276e-06,1.5516305076506644e-06,4.709082640301515e-10
1.56,0.9207505977361357,0.9207505977361357,0.8432546162248422,0.8432545062093962,-0.002743564161396983,0.26911423729263917,0.13380370533701527,0.17988722783677913,0.15019853308633796,0.24104922639297874,0.03864784124405344,1.5613299644764989e-06,1.5613299659335666e-06,4.68971780949429e-10
1.57,0.9236508119468106,0.9236508119468106,0.8471056625493574,0.8471055519121449,2.7278161550264857e-05,0.26927909160146285,0.13560634323472745,0.1806377939578472,0.14656659948636888,0.23678977926392986,0.03896106998815826,1.5708856950374939e-06,1.5708856965037155e-06,4.685466098787306e-10
1.58,0.926499071042854,0.926499071042854,0.8509090594037118,0.8509089481509219,0.002798118950108175,0.26944637937891613,0.13741640991896092,0.1813729699484439,0.1429346658863998,0.23253033213488095,0.03927619538475644,1.5802971143341615e-06,1.5802971157902787e-06,4.620705849015936e-10
1.59,0.9292952148104425,0.9292952148104425,0.8546645928478351,0.8546644809856939,0.00556880234521287,0.2696160553928716,0.1392337510357552,0.1820926655987427,0.13930273228643072,0.22827088500583206,0.039593188513556705,1.5895636460219742e-06,1.5895636474928158e-06,4.635633953713318e-10
1.6,0.9320390859672263,0.9320390859672264,0.8583720516339612,0.8583719391687306,0.008339172496654002,0.26978807436870506,0.1410582113386681,0.18279679261998583,0.13567079868646165,0.22401143787678318,0.039912020339690754,1.5986847205495813e-06,1.5986847220126e-06,4.580327667182728e-10
1.61,0.9347305301711767,0.9347305301711767,0.8620312272185111,0.8620311141564879,0.011109073571840905,0.2699623909911523,0.14288963470792357,0.18348526463220327,0.13219560571041536,0.21984192378027867,0.04023266171499741,1.6076597744371646e-06,1.6076597758988995e-06,4.5466426594216806e-10
1.62,0.9373693960292665,0.9373693960292665,0.8656419137738229,0.8656418001213393,0.013878349764568643,0.2701389599061723,0.14472786416943947,0.18415799715226663,0.1287204127343691,0.21567240968377416,0.04055508337919789,1.6164882498462263e-06,1.616488251310172e-06,4.5247491837902563e-10
1.6300000000000001,0.9399555351059872,0.9399555351059872,0.86920390819973,0.8692037939631522,0.016646845303781396,0.2703177357228151,0.14657274191373867,0.1848149075822747,0.1252452197583228,0.21150289558726962,0.04087925596096485,1.625169594038356e-06,1.6251695954901217e-06,4.45948919637497e-10
1.6400000000000001,0.9424888019316975,0.9424888019316975,0.8727170101349849,0.872716895320714,0.019414404462335083,0.2704986730150954,0.14842410931474312,0.18545591519826746,0.12177002678227652,0.2073333814907651,0.04120514997888775,1.6337032588062406e-06,1.6337032602585878e-06,4.4345498189739745e-10
1.6500000000000001,0.9449690540108066,0.9449690540108066,0.8761810219685304,0.8761809065830011,0.022180871565756863,0.2706817263238738,0.15028180694845997,0.18608094113926735,0.11829483380623025,0.2031638673942606,0.04153273584233872,1.6420887000642703e-06,1.6420887015172005e-06,4.4104778920153116e-10
1.6600000000000001,0.9473961518297888,0.9473961518297888,0.879595748850614,0.8795956329002937,0.024946091001001522,0.2708668501587379,0.15214567461155695,0.18668990839664323,0.11499592025320843,0.1991081137441425,0.04186198385223991,1.6503253773211823e-06,1.6503253787697736e-06,4.3723984394821024e-10
1.6700000000000002,0.9497699588650318,0.9497699588650318,0.8829609987037489,0.8829608821951387,0.027709907225204944,0.27105399899989324,0.15401555133983363,0.18728274180379517,0.1116970067001866,0.1950523600940244,0.042192864201737075,1.658412753208216e-06,1.658412754657366e-06,4.350018699819192e-10
1.6800000000000002,0.9520903415905158,0.9520903415905159,0.8862765822335184,0.8862764651731511,0.030472164774433222,0.27124312730005806,0.15589127542659229,0.18785936802615671,0.10839809314716478,0.19099660644390634,0.04252534697678176,1.6663502930627794e-06,1.6663502945079643e-06,4.314952415091707e-10
1.6900000000000002,0.9543571694853243,0.9543571694853243,0.8895423129392228,0.8895421953336637,0.03323270827242754,0.27143418948636006,0.157772684440909,0.1884197155515121,0.10509917959414296,0.18694085279378825,0.04285940215662425,1.6741374644635432e-06,1.6741374659007213e-06,4.2688277130790243e-10
1.7000000000000002,0.956570315040986,0.956570315040986,0.8927580071243714,0.8927578889802171,0.03599138243934412,0.27162713996224336,0.15965961524581038,0.18896371468062384,0.10180026604112113,0.18288509914367015,0.04319499961422175,1.6817737368002295e-06,1.6817737382447213e-06,4.2690286999564795e-10
1.7100000000000002,0.9587296537686467,0.9587296537686468,0.8959234839070139,0.8959233652308923,0.03874803210048838,0.2718219331093739,0.16155190401635783,0.18949129751816804,0.09869617960318308,0.17896620711904324,0.04353210911656275,1.6892585809405447e-06,1.6892585823721975e-06,4.21054190832559e-10
1.72,0.9608350642060727,0.9608350642060727,0.8990385652299159,0.8990384460284858,0.04150250219504366,0.272018523289555,0.16344938625764233,0.19000239796397447,0.0955920931652451,0.1750473150944164,0.04387070032491239,1.6965914687236405e-06,1.6965914701461534e-06,4.1640224199643854e-10
1.73,0.9628864279244816,0.9628864279244816,0.9021030758705746,0.9021029561505249,0.044254637784793466,0.2722168648466428,0.16535189682269366,0.1904969517045666,0.09248800672730703,0.1711284230697895,0.04421074279498012,1.7037718726617412e-06,1.7037718740823396e-06,4.13956613747356e-10
1.74,0.9648836295352056,0.9648836295352056,0.9051168434510743,0.9051167232191243,0.04700428406283666,0.2724169121084686,0.16725926993030565,0.1909748962049982,0.08938392028936898,0.1672095310451626,0.04455220597701338,1.7107992655654436e-06,1.7107992669855445e-06,4.1200203725956714e-10
1.75,0.9668265566961802,0.9668265566961802,0.9080796984477835,0.9080795777106814,0.04975128636229499,0.2726186193887646,0.16917133918278293,0.19143617070098437,0.08627983385143093,0.16329063902053567,0.04489505921582035,1.7176731201828943e-06,1.7176731216001274e-06,4.094377818465746e-10
1.76,0.9687151001182652,0.9687151001182652,0.9109914742008893,0.9109913529654133,0.05249549016501345,0.27282194098909546,0.17108793758360902,0.19188071619131866,0.08338802683172158,0.15953087318199685,0.0452392717507238,1.7243929088667231e-06,1.7243929102747803e-06,4.051381465867939e-10
1.77,0.9705491535713912,0.9705491535713912,0.9138520069237739,0.9138518851967301,0.05523674111025166,0.27302683120079085,0.1730088975550397,0.19230847543057805,0.08049621981201224,0.15577110734345803,0.04558481271544934,1.7309581032617927e-06,1.730958104641457e-06,3.954231992344942e-10
1.78,0.9723286138905346,0.9723286138905346,0.9166611357122256,0.9166610135004489,0.05797488500336671,0.2732332443068842,0.17493405095562692,0.19271939292210716,0.0776044127923029,0.15201134150491924,0.04593165113795122,1.7373681739235591e-06,1.7373681753084237e-06,3.954315670741374e-10
1.79,0.9740533809815219,0.9740533809815219,0.9194187025534908,0.9194185798638437,0.06070976782448674,0.2734411345840552,0.17686322909767047,0.19311341491127781,0.07471260577259356,0.14825157566638042,0.046279755940177636,1.7436225901931723e-06,1.7436225915674238e-06,3.909984244879441e-10
1.8,0.9757233578266591,0.9757233578266591,0.9221245523351617,0.9221244291745341,0.06344123573717403,0.27365045630457563,0.1787962627646079,0.19349048937902147,0.07182079875288422,0.1444918098278416,0.04662909593777939,1.7497208197533864e-06,1.7497208211149017e-06,3.8605164677461784e-10
1.81,0.9773384504901889,0.9773384504901887,0.9247785328539015,0.9247784092292107,0.06616913509707867,0.27386116373825903,0.18073298222833767,0.19385056603562897,0.06915752994243718,0.14091248804847564,0.046979639839764,1.7556623284481487e-06,1.755662329787252e-06,3.784602540197134e-10
1.82,0.9788985681235747,0.9788985681235747,0.9273804948240063,0.9273803707421957,0.06889331246058109,0.27407321115441413,0.1826732172664828,0.19419359631481217,0.06649426113199015,0.13733316626910966,0.047331356248098116,1.7614465799703494e-06,1.7614465813101e-06,3.7747019609321206e-10
1.83,0.980403622970611,0.980403622970611,0.9299302918858006,0.9299301673538403,0.07161361459342279,0.27428655282380127,0.18461679717959759,0.1945195333680233,0.06383099232154311,0.1337538444897437,0.04768421365726149,1.7670730357230435e-06,1.7670730370615563e-06,3.7601298411214356e-10
1.84,0.9818535303723598,0.9818535303723598,0.9324277806138725,0.9324276556387581,0.0743298884793261,0.27450114302059336,0.18656355080831596,0.1948283320590267,0.06116772351109608,0.13017452271037772,0.04803818045375467,1.7725411545349568e-06,1.7725411558494623e-06,3.6824201916670245e-10
1.85,0.9832482087719117,0.9832482087719117,0.9348728205251393,0.9348726951138919,0.0770419813286011,0.2747169360243417,0.18851330655044976,0.19511994895871868,0.05850445470064905,0.12659520093101176,0.04839322491556411,1.777850392389868e-06,1.7778503937025862e-06,3.6677688401709915e-10
1.86,0.9845875797189746,0.9845875797189746,0.9372652740867508,0.9372651482464164,0.07974974058674002,0.2749338861219389,0.19046589237803496,0.19539434234018893,0.05608469796554885,0.1232165862488946,0.048749315211585875,1.7830002023849767e-06,1.7830002036757935e-06,3.597688532827242e-10
1.87,0.9858715678742859,0.9858715678742859,0.939605006723825,0.9396048804614742,0.08245301394299875,0.2751519476095931,0.19242113585432924,0.19565147217402037,0.05366494123044865,0.11983797156677746,0.04910641940101301,1.787990034390896e-06,1.787990035669146e-06,3.554446796519672e-10
1.8800000000000001,0.9871001010138504,0.9871001010138504,0.9418918868270179,0.9418917601497452,0.08515164933896374,0.27537107479480166,0.19437886415076538,0.195891300123819,0.05124518449534845,0.1164593568846603,0.0494645054326875,1.792819334989204e-06,1.7928193362609751e-06,3.5288351966215084e-10
1.8900000000000001,0.9882731100330029,0.9882731100330029,0.9441257857599267,0.9441256586748509,0.08784549497710532,0.2755912219983267,0.19633890406385876,0.19611378954197128,0.048825427760248244,0.11308074220254316,0.049823541144420114,1.7974875473059093e-06,1.7974875485549013e-06,3.458733051137864e-10
1.9000000000000001,0.9893905289502953,0.9893905289502953,0.9463065778663253,0.9463064503805881,0.0905343993293169,0.2758123435561763,0.19830108203207655,0.1963189054656208,0.046405671025148046,0.109702127520426,0.05018349426228143,1.8019941107894066e-06,1.8019941120408425e-06,3.4591524677322516e-10
1.9100000000000001,0.9904522949112083,0.9904522949112083,0.9484341404772331,0.9484340125979989,0.09321821114543752,0.2760343938215865,0.20026522415266468,0.19650661461286,0.0442430311180078,0.10654332328621484,0.050544332399866096,1.8063384612312938e-06,1.8063384624699802e-06,3.418179794771331e-10
1.9200000000000002,0.9914583481916864,0.9914583481916864,0.9505083539178139,0.9505082256522697,0.09589677946176019,0.27625732716700957,0.20223115619843998,0.19667688537913106,0.042080391210867554,0.10338451905200366,0.050906023057534014,1.810520030537388e-06,1.8105200317437468e-06,3.3239248622628076e-10
1.9300000000000002,0.992408632201498,0.9924086322014981,0.9525291015141087,0.9525289728694635,0.09856995360952336,0.2764810979861005,0.204198703634546,0.19682968783382943,0.03991775130372731,0.1002257148177925,0.05126853362163007,1.8145382466305815e-06,1.814538247816825e-06,3.264062940568679e-10
1.9400000000000002,0.9933030934874181,0.9933030934874181,0.954496269599598,0.9544961405830824,0.101237583223386,0.2767056606957118,0.20616769163517654,0.19696499371710288,0.03775511139658706,0.09706691058358131,0.05163183136368649,1.8183925334230855e-06,1.8183925346142063e-06,3.2735509388775735e-10
1.9500000000000002,0.994141681736235,0.994141681736235,0.9564097475215957,0.9564096181404617,0.10389951824988586,0.2769309697378851,0.20813794510026828,0.1970827764368434,0.03559247148944682,0.09390810634937015,0.05199588343960955,1.8220823107817363e-06,1.8220823119623247e-06,3.2412250296419483e-10
1.9600000000000002,0.9949243497775809,0.9949243497775809,0.9582694276474731,0.9582692979089933,0.10655560895587948,0.2771569795818514,0.2101092886721633,0.1971830110658603,0.03369910755854009,0.0909869558517239,0.05236065688885423,1.8256069943822784e-06,1.8256069955343063e-06,3.1600199914343763e-10
1.9700000000000002,0.9956510535865849,0.9956510535865849,0.9600752053707134,0.9600750752821808,0.10920570593696491,0.2773836447260278,0.21208154675224572,0.197265674339234,0.03180574362763336,0.08806580535407765,0.05272611863358906,1.8289659956816084e-06,1.82896599680936e-06,3.091186341108493e-10
1.9800000000000002,0.9963217522863494,0.9963217522863494,0.9618269791167963,0.9618268486855235,0.11184966012588592,0.2776109197000243,0.21405454351755127,0.1973307446518392,0.029912379696726627,0.0851446548564314,0.05309223547785491,1.832158721917776e-06,1.8321587230463622e-06,3.091720885673812e-10
1.99,0.9969364081502494,0.9969364081502493,0.9635246503489099,0.9635245195822293,0.11448732280091632,0.2778387590666453,0.21602810293735375,0.19737820205603235,0.028019015765819937,0.08222350435878523,0.05345897410671887,1.8351845761724328e-06,1.8351845772716967e-06,3.0101635443200476e-10
2.0,0.9974949866040544,0.9974949866040544,0.9651681235734954,0.9651679924787585,0.11711854559422624,0.2780671174238991,0.21800204878972862,0.19740802825949855,0.026125651834913208,0.07930235386113897,0.053826301085428005,1.8380429571904222e-06,1.8380429582813301e-06,2.9865358816806157e-10
2.0100000000000002,0.997997456227874,0.997997456227874,0.9667573063456171,0.9667571749301941,0.1197431805002274,0.278295949407008,0.21997620467809648,0.1974202066232487,0.024512209061019082,0.07663534545401211,0.054194182858564734,1.8407332595948844e-06,1.8407332606572535e-06,2.908141474827817e-10
2.02,0.998443788757924,0.998443788757924,0.968292109274163,0.9682919775454422,0.12236107988389813,0.2785252096904206,0.22195039404774727,0.19741472215976086,0.022898766287125026,0.07396833704688537,0.05456258574920691,1.843254873734601e-06,1.8432548747982724e-06,2.9119042475169753e-10
2.0300000000000002,0.9988339590881173,0.9988339590881173,0.9697724460268731,0.9697723139922607,0.12497209648908854,0.27875485298982583,0.2239244402023452,0.197391561531259,0.0212853235132309,0.07130132863975851,0.05493147595809528,1.8456071859129786e-06,1.8456071869652438e-06,2.8813328885009486e-10
2.04,0.999167945271476,0.999167945271476,0.9711982333351955,0.9711981010021151,0.12757608344680296,0.27898483406417085,0.22589816632041976,0.1973507130481215,0.019671880739336844,0.06863432023263176,0.05530081956281193,1.8477895783186593e-06,1.8477895793407862e-06,2.799889094899667e-10
2.0500000000000003,0.9994457285213652,0.9994457285213652,0.97256939099897,0.972569258374862,0.13017289428346174,0.27921510771767943,0.22787139547183738,0.19729216666741367,0.01805843796544272,0.0659673118255049,0.05567058251697145,1.8498014290949105e-06,1.8498014301035184e-06,2.7643649771391965e-10
2.06,0.9996672932125502,0.9996672932125502,0.9738858418909395,0.9738857089832609,0.13276238292913983,0.2794456288018738,0.22984395063426427,0.1972159139915352,0.016733987710767208,0.06356949044695259,0.056040730649429354,1.8516421125269744e-06,1.8516421135169008e-06,2.7150779619835767e-10
2.0700000000000003,0.9998326268820756,0.9998326268820756,0.9751475119610884,0.9751473787773123,0.13534440372578396,0.27967635221759757,0.23181565470961135,0.1971219482669764,0.015409537456091641,0.061171669068400165,0.056411229663508755,1.8533109990698238e-06,1.8533110000327245e-06,2.6432410890937346e-10
2.08,0.9999417202299663,0.9999417202299663,0.9763543302408081,0.9763541967884233,0.13791881143540485,0.2799072329170416,0.23378633054047002,0.1970102643831752,0.01408508720141613,0.058773847689847857,0.05678204513624982,1.8548074554591842e-06,1.8548074564092888e-06,2.610790995077608e-10
2.0900000000000003,0.99999456711975,0.99999456711975,0.9775062288468883,0.9775060951333989,0.14048546124824784,0.2801382259057714,0.23575580092653695,0.1968808588714687,0.012760636946740563,0.05637602631129543,0.05715314251768434,1.8561308449058234e-06,1.8561308458443422e-06,2.582015316678724e-10
2.1,0.9999911645788031,0.9999911645788031,0.9786031429853363,0.9786030090182611,0.1430442087909375,0.280369286244755,0.23772388864102734,0.1967337299041309,0.011436186692065052,0.05397820493274312,0.05752448713013798,1.8572805272065729e-06,1.8572805281228296e-06,2.524166003551829e-10
2.1100000000000003,0.9999315127985178,0.9999315127985178,0.9796450109550212,0.9796448767418933,0.14559491013459938,0.28060036905239655,0.23969041644707997,0.19656887729348718,0.010408175497742518,0.051863090788758434,0.057896044167564,1.8582558588900455e-06,1.8582558597795243e-06,2.4540942855441836e-10
2.12,0.9998156151342908,0.9998156151342908,0.9806317741511441,0.9806316396995106,0.14813742180295536,0.28083142950656664,0.24165520711415367,0.19638630249110334,0.009380164303420029,0.04974797664477384,0.058267778694910705,1.859056193403985e-06,1.8590561942765317e-06,2.411400046803174e-10
2.13,0.9996434781053354,0.9996434781053354,0.9815633770685354,0.9815632423859573,0.1506716007803945,0.2810624228466367,0.24361808343441624,0.1961860085870338,0.008352153109097538,0.04763286250078925,0.058639655647525796,1.8596808813373111e-06,1.8596808821958057e-06,2.37691366683845e-10
2.14,0.9994151113943138,0.9994151113943138,0.9824397673047771,0.9824396323988279,0.1531973045200176,0.2812933043755178,0.24557886823912556,0.1959680003091295,0.007324141914775003,0.045517748356804555,0.05901163983060158,1.860129270614408e-06,1.8601292714466381e-06,2.3087928911581904e-10
2.15,0.9991305278467936,0.9991305278467936,0.9832608955631488,0.9832607604414152,0.15571439095165512,0.2815240294616963,0.24753738441500403,0.19573228402239015,0.006296130720452514,0.043402634212819965,0.059383695918661814,1.8604007066755357e-06,1.8604007074882246e-06,2.2594466429624096e-10
2.16,0.998789743470524,0.998789743470524,0.9840267156554029,0.9840265803254836,0.1582227184898592,0.2817545535412728,0.24949345492060784,0.19547886772835946,0.005570338439382845,0.041582149297308,0.059755788455095785,1.8604945327682643e-06,1.8604945335673092e-06,2.2266704328091888e-10
2.17,0.9983927774345365,0.9983927774345365,0.9847371845043612,0.9847370489738665,0.16072214604186685,0.28198483212000514,0.25144690280268805,0.19520776106455093,0.004844546158313208,0.03976166438179612,0.06012788185174088,1.860410090197273e-06,1.860410090970964e-06,2.161375303805544e-10
2.18,0.9979396520680659,0.9979396520680659,0.9853922621463381,0.9853921264228901,0.16321253301553768,0.28221482077534843,0.25339755121254876,0.194918975303898,0.004118753877243539,0.037941179466284156,0.06049994038851719,1.8601467185325182e-06,1.8601467192945351e-06,2.1344028289452489e-10
2.19,0.9974303928592946,0.9974303928592946,0.9859919117333891,0.9859917758246205,0.16569373932726064,0.28244447515849924,0.2553452234223988,0.1946125233542215,0.0033929615961739027,0.03612069455077227,0.06087192821311761,1.8597037560047491e-06,1.8597037567247767e-06,2.022466631599807e-10
2.2,0.9968650284539189,0.9968650284539189,0.986536099535383,0.986535963448937,0.1681656254098353,0.28267375099644093,0.25728974284169726,0.19428841975770497,0.0026671693151042336,0.03430020963526031,0.06124380934075571,1.8590805396373478e-06,1.8590805403381775e-06,1.9744075830896814e-10
2.21,0.9962435906535373,0.9962435906535373,0.9870247949418991,0.9870246586854292,0.17062805222032096,0.2829026040939882,0.25923093303349404,0.19394668069037058,0.0022476766155171473,0.03278461266504408,0.06161554765397462,1.8582764057112344e-06,1.8582764064145358e-06,1.9876026892504623e-10
2.22,0.9955661144138624,0.9955661144138624,0.9874579704639501,0.9874578340451193,0.1730808812478591,0.2831309903358364,0.2611686177307664,0.1935873239615477,0.001828183915930042,0.03126901569482778,0.061987106902521,1.857290690084057e-06,1.8572906907657526e-06,1.9329227509241346e-10
2.23,0.9948326378427541,0.9948326378427541,0.9878356017355268,0.9878354651620074,0.17552397452146343,0.28335886568860824,0.2631026208527497,0.19321036901332683,0.0014086912163429558,0.029753418724611555,0.06235845070328568,1.8561227284261128e-06,1.8561227290798588e-06,1.8601204395287227e-10
2.24,0.994043202198076,0.994043202198076,0.9881576675149698,0.9881575307944428,0.1779571946177817,0.28358618620290355,0.26503276652126134,0.192815836919989,0.0009891985167558507,0.028237821754395258,0.06272954254031447,1.8547718566436222e-06,1.8547718572802894e-06,1.8181310536840483e-10
2.25,0.9931978518853749,0.9931978518853749,0.988424149686164,0.9884240128263186,0.18038040466882477,0.28381290801534953,0.2669588790770206,0.192403750387405,0.0005697058171687644,0.02672222478417903,0.0631003457648931,1.8532374112950611e-06,1.8532374119003464e-06,1.7351068856499976e-10
2.2600000000000002,0.9922966344553832,0.9922966344553832,0.9886350332595577,0.9886348962680913,0.18279346836966656,0.2840389873506513,0.26888078309595964,0.19197413375239397,0.0004588712396225008,0.025520055043312038,0.0634708235957073,1.8515187298895341e-06,1.8515187304728912e-06,1.678908673832577e-10
2.27,0.9913396006013436,0.9913396006013436,0.9887903063730052,0.9887901692576222,0.18519624998610984,0.284264380523645,0.2707983034055309,0.19152701298203634,0.0003480366620762421,0.0243178853024451,0.0638409391190839,1.8496151513724968e-06,1.8496151519351759e-06,1.6261222829889702e-10
2.2800000000000002,0.990326804156158,0.990326804156158,0.988889960292435,0.988889823060847,0.18758861436232238,0.2844890439413494,0.2727112651010074,0.19106241567292992,0.0002372020845299785,0.023115715561578112,0.06421065528931355,1.8475260165073948e-06,1.8475260170488138e-06,1.5714456065916245e-10
2.29,0.9892583020893595,0.9892583020893595,0.9889339894123401,0.9889338520722658,0.1899704269284387,0.2847129341050199,0.27461949356177046,0.19058037105038492,0.00012636750698371982,0.021913545820711172,0.06457993492905867,1.8452506682919978e-06,1.8452506688348206e-06,1.5826004126803655e-10
2.3000000000000003,0.9881341545039076,0.9881341545039076,0.9889223912560945,0.9889222538152581,0.1923415537081302,0.2849360076122024,0.276522814467596,0.19008090996754534,1.5532929437456184e-05,0.020711376079844183,0.0649487407298508,1.8427884525135108e-06,1.8427884530236812e-06,1.4943425952796664e-10
2.31,0.9869544246328075,0.9869544246328076,0.9888551664760914,0.988855028942223,0.19470186132614045,0.2851582211587881,0.2784210538149249,0.18956406490443392,0.0002139796262459051,0.019829406588498896,0.06531703525267843,1.840138718012252e-06,1.8401387185203525e-06,1.4954802868872812e-10
2.3200000000000003,0.9857191788355535,0.9857191788355535,0.9887323188537067,0.988732181234542,0.19705121701578854,0.28537953154106727,0.28031403793313003,0.1890298699669083,0.0004124263230543628,0.018947437097153574,0.06568478092867043,1.8373008174032979e-06,1.837300817884148e-06,1.422367872215774e-10
2.33,0.9844284865943959,0.9844284865943959,0.9885538552990869,0.9885537176023659,0.19938948862643616,0.28559989565778615,0.2822015935007661,0.1884783608855245,0.0006108730198628118,0.018065467605808287,0.06605194005987597,1.8342741073817947e-06,1.8342741078233797e-06,1.31299386082114e-10
2.3400000000000003,0.9830824205104329,0.9830824205104329,0.98831978585076,0.988319648084227,0.20171654463092198,0.28581927051220174,0.28408354756181214,0.18790957501429711,0.0008093197166712694,0.017183498114462962,0.06641847482014551,1.831057949264192e-06,1.8310579497046765e-06,1.31674268743292e-10
2.35,0.9816810562995271,0.9816810562995271,0.9880301236750704,0.9880299858464743,0.20403225413295906,0.286037613214137,0.28595972754189913,0.18732355132934878,0.0010077664134797183,0.016301528623117678,0.06678434725611469,1.827651709682132e-06,1.8276517100768679e-06,1.1865189770915763e-10
2.3600000000000003,0.9802244727880455,0.9802244727880454,0.9876848850654394,0.9876847471825324,0.20633648687449868,0.2862548809820386,0.2878299612645238,0.186720330427444,0.0015143786451233738,0.015744728971486766,0.06714951928829488,1.8240547608044944e-06,1.8240547612092588e-06,1.2236148497225673e-10
2.37,0.9787127519084267,0.9787127519084267,0.9872840894414477,0.9872839515119849,0.20862911324305658,0.28647103114503253,0.28969407696724714,0.1860999545243955,0.0020209908767670065,0.015187929319855875,0.06751395271227252,1.8202664812810854e-06,1.8202664816442213e-06,1.1042376214271685e-10
2.38,0.9771459786945716,0.9771459786945716,0.9868277593477436,0.9868276213794829,0.21091000427900408,0.2866860211449784,0.2915519033178769,0.18546246745333914,0.002527603108410639,0.014631129668224987,0.06787760920002017,1.816286256409172e-06,1.816286256763887e-06,1.0851776026916527e-10
2.39,0.9755242412770604,0.9755242412770604,0.9863159204527744,0.9863157824534758,0.21317903168282187,0.2868998085385274,0.2934032694306299,0.18480791466286897,0.0030342153400542944,0.014074330016594073,0.06824045030132272,1.8121134790355375e-06,1.8121134793707972e-06,1.0320676721257014e-10
2.4,0.9738476308781951,0.9738476308781953,0.9857486015473431,0.9857484635247686,0.21543606782231667,0.28711235099917726,0.2952480048822785,0.184136343215023,0.0035408275716979276,0.013517530364963184,0.06860243744532106,1.807747549958938e-06,1.8077475502823273e-06,1.0019269474149919e-10
2.41,0.9721162418068688,0.9721162418068688,0.9851258345429883,0.9851256965049012,0.2176809857398009,0.287323606319328,0.2970859397282743,0.1834478017831166,0.004352756979917308,0.013289039480910238,0.06896353194217619,1.8031878786517463e-06,1.8031878789386718e-06,8.948314397557172e-11
2.42,0.97033017145326,0.9703301714532601,0.9844476544701901,0.9844475164243541,0.2199136591592334,0.2875335324123372,0.29891690451884706,0.18274234064941067,0.005164686388136667,0.013060548596857317,0.06932369498485517,1.7984338837595537e-06,1.7984338840242066e-06,8.309780107054918e-11
2.43,0.9684895202833553,0.9684895202833552,0.9837140994763983,0.9837139614305784,0.22213396249332323,0.2877420873145743,0.3007407303150861,0.18202001170261375,0.00597661579635606,0.012832057712804384,0.06968288765104469,1.7934849938228137e-06,1.7934849941019502e-06,8.825706439171732e-11
2.44,0.9665943918332975,0.9665943918332975,0.9829252108238885,0.9829250727858492,0.2243417708505931,0.28794922918747456,0.30255724870498685,0.18128086843520635,0.006788545204575419,0.012603566828751463,0.07004107090519059,1.7883406480123654e-06,1.7883406482609312e-06,7.915419033251842e-11
2.45,0.9646448927035626,0.9646448927035626,0.9820810328874391,0.9820808948649445,0.22653696004240514,0.2881549163195938,0.30436629181947716,0.18052496594058198,0.0076004746127948134,0.01237507594469853,0.07039820560066969,1.7830002965596448e-06,1.7830002967761758e-06,6.945964040555044e-11
2.46,0.9626411325529621,0.9626411325529622,0.9811816131518365,0.9811814751526499,0.2287194065899461,0.2883591071286594,0.3061676923484104,0.17975236090999872,0.008713156235096792,0.012476184994587703,0.0707542524820941,1.7774634015754742e-06,1.7774634017810322e-06,6.643656972772724e-11
2.47,0.9605832240924767,0.9605832240924767,0.9802270022092032,0.9802268642410868,0.23088898773117314,0.2885617601636239,0.30796128355653,0.17896311162933468,0.009825837857398819,0.01257729404447688,0.07110917218775219,1.7717294377578297e-06,1.7717294379515685e-06,6.310030738877461e-11
2.48,0.9584712830789142,0.9584712830789142,0.9792172537561539,0.9792171158268678,0.23304558142771908,0.28876283410671494,0.30974689929939536,0.1781572779756393,0.010938519479700797,0.012678403094366051,0.0714629252521858,1.7657978930302187e-06,1.765797893202703e-06,5.662232646039253e-11
2.49,0.9563054283083999,0.9563054283083999,0.9781524245907722,0.9781522867080747,0.2351890663717573,0.2889622877754856,0.31152437403927796,0.17733492141347595,0.012051201102002826,0.012779512144255227,0.07181547210890976,1.7596682692355703e-06,1.7596682693957711e-06,5.3016208045164155e-11
2.5,0.9540857816096938,0.9540857816096938,0.9770325746094181,0.9770324367810647,0.23731932199282457,0.2891600801248626,0.31329354286101607,0.17649610499104798,0.013163882724304804,0.0128806211941444,0.07216677309327273,1.7533400829133905e-06,1.7533400830571659e-06,4.797521614428518e-11
2.5100000000000002,0.9518124678373372,0.9518124678373371,0.9758577668033576,0.9758576290371007,0.23943622846460422,0.28935617024919635,0.3150542414878308,0.17564089333610367,0.014571060659842469,0.01331076674888111,0.07251678844546369,1.7468128659658966e-06,1.7468128661077102e-06,4.7722404114297545e-11
2.52,0.9494856148646305,0.9494856148646305,0.9746280672552204,0.9746279295588088,0.2415396667116651,0.2895505173843039,0.3168063062971008,0.17476935265161125,0.015978238595380074,0.0137409123036178,0.07286547831366472,1.7400861664906841e-06,1.7400861666023885e-06,3.7916674758506303e-11
2.5300000000000002,0.9471053535764398,0.9471053535764398,0.9733435451352815,0.9733434075164606,0.2436295184161606,0.28974308090951656,0.31854957433609243,0.17388155071120204,0.01738541653091774,0.014171057858354508,0.0732128027573534,1.733159549377472e-06,1.733159549480011e-06,3.511468007072319e-11
2.54,0.944671817861835,0.944671817861835,0.9720042726975716,0.9720041351640821,0.24570566602448324,0.2899338203497212,0.3202838833376413,0.17297755685437213,0.018792594466455342,0.014601203413091198,0.07355872175075528,1.7260325972240365e-06,1.7260325973224661e-06,3.401352686676892e-11
2.5500000000000003,0.9421851446065583,0.9421851446065583,0.9706103252758123,0.9706101878353901,0.24776799275387762,0.290122695377404,0.3220090717357856,0.1720574419814397,0.02019977240199301,0.015031348967827908,0.07390319518644971,1.7187049110439778e-06,1.7187049111230784e-06,2.7587754826939348e-11
2.56,0.9396454736853249,0.9396454736853249,0.9691617812791782,0.9691616439395541,0.2498163825990089,0.2903096658146877,0.3237249786813497,0.17112127854825193,0.021893534984515683,0.015788116500348663,0.07424618287913017,1.7111761110161217e-06,1.7111761110636546e-06,1.6735112795796774e-11
2.5700000000000003,0.9370529479539543,0.9370529479539542,0.9676587221878874,0.9676585849567865,0.2518507203384885,0.2904946916353723,0.3254314440574712,0.17016914056063417,0.023587297567038434,0.01654488403286945,0.07458764456952086,1.7034458372616745e-06,1.7034458372997654e-06,1.3540630547854532e-11
2.58,0.9344077132413352,0.9344077132413352,0.9661012325486175,0.9661010954337588,0.2538708915413548,0.2906777329669691,0.3271283084950712,0.16920110356857926,0.025281060149561108,0.0173016515653902,0.07492753992845062,1.6955137507185247e-06,1.6955137507537814e-06,1.2657018393432045e-11
2.5900000000000003,0.931709918341223,0.9317099183412229,0.9644893999697499,0.9644892629788457,0.25587678257351043,0.29085875009273576,0.3288154133882665,0.16821724466017093,0.026974822732083858,0.018058419097910988,0.07526582856108699,1.6873795338906428e-06,1.6873795339151544e-06,8.88837758947509e-12
2.6,0.9289597150038692,0.9289597150038692,0.9628233151164424,0.9628231782571983,0.2578682806041136,0.29103770345370744,0.33049260090971866,0.16721764245523585,0.02866858531460653,0.018815186630431743,0.07560247001133047,1.6790428916391154e-06,1.6790428916474817e-06,3.0650333812297434e-12
2.6100000000000003,0.9261572579274867,0.9261572579274866,0.9611030717055284,0.9611029349856425,0.2598452736119254,0.2912145536507259,0.33215971402592004,0.16620237709872004,0.030639409594725924,0.019894324346533244,0.07593742376637119,1.6705035520148126e-06,1.6705035520017668e-06,4.829562121561353e-12
2.62,0.9233027047495468,0.9233027047495468,0.9593287665002465,0.9593286299274089,0.26180765039161014,0.2913892614464671,0.33381659651240747,0.16517153025378645,0.03261023387484523,0.020973462062634694,0.0762706492614081,1.661761267049422e-06,1.6617612670354012e-06,5.2461011671162655e-12
2.6300000000000003,0.9203962160379133,0.9203962160379133,0.9575004993047964,0.957500362886689,0.2637553005599917,0.29156178776746455,0.3354630929689124,0.16412518509462717,0.03458105815496462,0.022052599778736196,0.07660210588453366,1.6528158136575044e-06,1.6528158136362562e-06,8.037279930621367e-12
2.64,0.9174379552818097,0.9174379552818098,0.955618372958726,0.9556182367030225,0.2656881145622613,0.2917320937061306,0.337099048834431,0.16306342629898957,0.03655188243508393,0.02313173749483765,0.0769317529817824,1.6436669943997728e-06,1.6436669943513499e-06,1.852034180043863e-11
2.65,0.9144280888826238,0.914428088882624,0.9536824933311457,0.9536823572455102,0.26760598367814126,0.2919001405227769,0.3387243104022232,0.16198634004040846,0.038522706715203234,0.0242108752109391,0.07725954986234718,1.634314638260248e-06,1.6343146382194808e-06,1.5769331865685113e-11
2.66,0.9113667861445467,0.9113667861445467,0.9516929693147743,0.9516928334068613,0.2695088000279994,0.2920658896476285,0.34033872483472893,0.1608940139801445,0.0407595120018787,0.025606318152387057,0.07758545580396073,1.6247586016732152e-06,1.6247586016072487e-06,2.581204298696889e-11
2.67,0.9082542192650503,0.9082542192650503,0.9496499128198133,0.9496497770972675,0.2713964565789176,0.2922293026828357,0.3419421401784063,0.1597865372588237,0.04299631728855409,0.027001761093834967,0.07790943005844637,1.6149987691199685e-06,1.6149987690478117e-06,2.85671991464781e-11
2.68,0.9050905633252009,0.9050905633252009,0.9475534387676516,0.9475533032381073,0.27326884715071287,0.29239034140448433,0.3435344053784786,0.158664000487773,0.04523312257522957,0.02839720403528294,0.0782314318574345,1.60503505414189e-06,1.6050350540817848e-06,2.4081784896526968e-11
2.69,0.901875996279811,0.901875996279811,0.9454036650844021,0.9454035297554826,0.27512586642190895,0.29254896776460215,0.3451153702936003,0.15752649574005423,0.04746992786190495,0.029792646976730848,0.07855142041825024,1.5948674001731167e-06,1.594867400099613e-06,2.981032104479021e-11
2.7,0.8986106989474292,0.898610698947429,0.9432007126942671,0.9432005775735846,0.2769674099356617,0.2927051438931598,0.34668488571042544,0.15637411654118757,0.049706733148580436,0.03118808991817882,0.07886935494996689,1.584495781276063e-06,1.5844957811847632e-06,3.748916332810292e-11
2.71,0.8952948550001694,0.8952948550001696,0.9409447055127387,0.9409445706078933,0.27879337410563376,0.29285883210007096,0.3482428033580859,0.15520695785956606,0.052196943308795006,0.03289199421552379,0.07918519465962989,1.5739202030295996e-06,1.573920202957073e-06,3.015840878873973e-11
2.72,0.8919286509533796,0.8919286509533796,0.9386357704396249,0.9386356357582052,0.2806036562218224,0.29300999487718515,0.34978897592257197,0.15402511609655686,0.05468715346900969,0.03459589851286883,0.07949889875864904,1.563140703528254e-06,1.5631407034155637e-06,4.7464764228969455e-11
2.73,0.8885122761551496,0.8885122761551498,0.9362740373519154,0.936273902901497,0.28239815445633565,0.2931585949002826,0.3513232570610081,0.15282868907628847,0.057177363629224265,0.0362998028102138,0.07981042646935829,1.5521573538679334e-06,1.5521573537800222e-06,3.751468487163093e-11
2.74,0.8850459227756613,0.8850459227756613,0.9338596390964734,0.9338595048846191,0.2841767678691211,0.2933045950310556,0.3528455014158315,0.15161777603512078,0.059667573789438946,0.03800370710755884,0.08011973703174473,1.5409702594226804e-06,1.5409702593306475e-06,3.979899350577341e-11
2.75,0.8815297857963782,0.8815297857963782,0.9313927114825645,0.9313925775168234,0.28593939641364313,0.2934479583190943,0.3543555646288587,0.1503924776107968,0.06215778394965352,0.03970761140490381,0.0804267897103446,1.5295795603720297e-06,1.5295795602450487e-06,5.565967543517941e-11
2.7600000000000002,0.8779640629990779,0.8779640629990779,0.9288733932742161,0.9288732595621236,0.28768594094251104,0.29358864800386614,0.3558533033552441,0.14915289583127628,0.06488739811600905,0.04171039849745214,0.08073154380130709,1.5179854325197972e-06,1.5179854324318396e-06,3.9088537701283684e-11
2.77,0.8743489549547282,0.8743489549547282,0.9263018261824136,0.926301692731491,0.28941630321305534,0.29372662751668577,0.35733857527732543,0.1478991341032463,0.06761701228236447,0.04371318559000038,0.08103395863962344,1.5061880884736922e-06,1.5061880883601335e-06,5.11768303543412e-11
2.7800000000000002,0.8706846650122031,0.8706846650122031,0.9236781548571275,0.9236780216748812,0.2911303858928547,0.29386186048268803,0.3588112391183517,0.1466312972003116,0.07034662644872,0.0457159726825487,0.08133399360652246,1.4941877780061397e-06,1.4941877778841487e-06,5.5764850168088734e-11
2.79,0.8669713992868455,0.8669713992868455,0.921002526879178,0.9210023939730996,0.2928280925652105,0.2939943107227879,0.360271154656092,0.14534949125086138,0.07307624061507541,0.04771875977509694,0.08163160813702933,1.481984789178381e-06,1.4819847890622126e-06,5.387725863578689e-11
2.8000000000000003,0.8632093666488737,0.8632093666488737,0.918275092751934,0.9182749601294987,0.2945093277345697,0.2941239422556436,0.3617181827363205,0.14405382372561495,0.07580585478143094,0.04972154686764527,0.08192676172768858,1.4695794491037528e-06,1.4695794489693327e-06,6.326610938219485e-11
2.81,0.8593987787116316,0.8593987787116316,0.9154960058928453,0.9154958735615134,0.2961739968318976,0.29425071929960817,0.36315218528617893,0.14274440342484163,0.07875952607011695,0.05201195744973592,0.0822194139444489,1.45697212461382e-06,1.4569721245026568e-06,5.3108523412236236e-11
2.8200000000000003,0.8555398498196856,0.8555398498196856,0.9126654226248151,0.91266529059203,0.2978220062199964,0.2943746062746792,0.36457302532740404,0.14142134046525986,0.0817131973588031,0.05430236803182668,0.08250952443070736,1.444163223285333e-06,1.4441632231789594e-06,5.159876405812296e-11
2.83,0.8516327970367688,0.8516327970367688,0.9097835021674061,0.9097833704405949,0.29945326319877236,0.2944955678044407,0.3659805669894264,0.14008474626661171,0.08466686864748912,0.05659277861391733,0.08279705291551269,1.4311531940508493e-06,1.4311531939234172e-06,6.277623827453127e-11
2.8400000000000003,0.8476778401335698,0.8476778401335695,0.906850406627884,0.906850275214456,0.3010676760104507,0.2946135687180019,0.36737467552233133,0.13873473353791577,0.08762053993617527,0.05888318919600809,0.08308195922192549,1.4179425279620128e-06,1.4179425278488833e-06,5.661250843439074e-11
2.85,0.8436752015753715,0.8436752015753715,0.9038663009920996,0.9038661698994471,0.3026651538447363,0.29472857405192904,0.36875521730968347,0.13737141626339838,0.09057421122486128,0.06117359977809874,0.08336420327553383,1.4045317591609985e-06,1.4045317590248498e-06,6.922770880079038e-11
2.8600000000000003,0.8396251065095379,0.8396251065095376,0.900831353115208,0.9008312223507047,0.3042456068439224,0.29484054905216955,0.37012205988120445,0.135994909688104,0.09373533302141951,0.06373875717440505,0.08364374511311978,1.3909214653523572e-06,1.3909214652353218e-06,6.048179679267879e-11
2.87,0.8355277827528479,0.8355277827528481,0.8977457337122275,0.8977456032832284,0.3058089461079442,0.2949494591759744,0.37147507192531065,0.134605330303185,0.0968964548179776,0.06630391457071125,0.08392054489147878,1.3771122688160942e-06,1.3771122687248026e-06,4.7961288726204486e-11
2.8800000000000003,0.8313834607786831,0.8313834607786831,0.8946096163484353,0.8946094862622773,0.3073550836993806,0.29505527009380883,0.3728141233014976,0.13320279583087594,0.10005757661453582,0.06886907196701755,0.08419456289638479,1.3631048370182919e-06,1.3631048369315818e-06,4.632294050840506e-11
2.89,0.8271923737040615,0.8271923737040615,0.8914231774296064,0.8914230476936067,0.30888393264839964,0.29515794769126164,0.3741390850525743,0.13178742520914918,0.1032186984110939,0.07143422936332376,0.08446575955170181,1.3488998832911214e-06,1.3488998832075356e-06,4.5419131470715786e-11
2.9000000000000004,0.8229547572765259,0.8229547572765259,0.88818659619209,0.888186466813546,0.3103954069576511,0.2952574580709434,0.37544982941674326,0.1303593385760565,0.10637982020765213,0.07399938675963007,0.08473409542863769,1.3344981676099987e-06,1.3344981675236463e-06,4.7739240135607216e-11
2.91,0.8186708498608832,0.8186708498608832,0.884900054692727,0.8848999256789163,0.31188942160710353,0.29535376755438125,0.37674622983952233,0.12891865725376087,0.1097306195354032,0.07682486937783241,0.08499953125513816,1.3199004972458406e-06,1.319900497160425e-06,4.805612116614443e-11
2.92,0.814340892425796,0.814340892425796,0.8815637377986105,0.88156360915679,0.31336589255882685,0.2954468426839048,0.3780281609855021,0.1274655037322549,0.11308141886315426,0.07965035199603476,0.08526202792541564,1.3051077274450762e-06,1.3051077273824646e-06,3.585861505349129e-11
2.93,0.8099651285302278,0.8099651285302278,0.8781778331766857,0.8781777049140918,0.3148247367617195,0.29553665022452663,0.3792954987499452,0.1260000016527749,0.11643221819090546,0.08247583461423723,0.08552154650961388,1.29012076216517e-06,1.2901207620963092e-06,4.015649802028631e-11
2.94,0.8055438043097448,0.8055438043097448,0.8747425312831955,0.8747424034070425,0.3162658721561794,0.2956231571658136,0.3805481202702117,0.1245222757909103,0.11978301751865653,0.08530131723243958,0.08577804826360005,1.2749405545325887e-06,1.274940554490863e-06,2.4782834908362982e-11
2.95,0.8010771684626683,0.801077168462668,0.8712580253529647,0.8712578978704456,0.31768921767872094,0.29570633072375047,0.38178590393701767,0.1230324520394114,0.12313381684640774,0.08812679985064205,0.08603149463888408,1.2595681077171017e-06,1.259568107659559e-06,3.481941970873845e-11
2.96,0.7965654722360865,0.7965654722360868,0.8677245113885341,0.8677243843068196,0.3190946932665334,0.2957861383425992,0.3830087294055195,0.12153065739070056,0.12665545429259206,0.0911967223077354,0.08628184729266082,1.2440044752370927e-06,1.2440044752034947e-06,2.0718006684472896e-11
2.97,0.7920089694117233,0.7920089694117233,0.8641421881491317,0.8641420614753702,0.3204822198619859,0.2958625476967453,0.38421647760622335,0.12001701991908915,0.1301770917387765,0.09426664476482888,0.0865290680979706,1.22825076183386e-06,1.2282507618147743e-06,1.1996917722946554e-11
2.98,0.7874079162916604,0.7874079162916607,0.8605112571394957,0.8605111308808127,0.3218517194170731,0.2959355266925415,0.3854090307557115,0.11849166876270471,0.1336987291849608,0.09733656722192223,0.08677311915397398,1.2123081238601952e-06,1.212308123839292e-06,1.3397314140398759e-11
2.99,0.7827625716839234,0.7827625716839234,0.8568319225985375,0.856831796762035,0.32320311489780623,0.29600504347013884,0.3865862723671908,0.11695473410513132,0.13722036663114529,0.1004064896790157,0.08701396279633751,1.196177769807738e-06,1.1961777698181932e-06,6.834516674402454e-12
3.0,0.7780731968879212,0.7780731968879212,0.8531043914878554,0.8531042660806115,0.3245363302885457,0.2960710664053123,0.3877480872608533,0.1154063471567702,0.1407420040773296,0.10347641213610906,0.0872515616077253,1.1798609609731114e-06,1.1798609610072803e-06,2.2787835732214068e-11
3.0100000000000002,0.7733400556797495,0.7733400556797495,0.8493288734800911,0.84932874850916,0.3258512905962775,0.29613356411127517,0.3888943615740511,0.1138466401359218,0.14441467971513922,0.10677351460502439,0.0874858784283924,1.1633590118464987e-06,1.1633590118736247e-06,1.8461930371491692e-11
3.02,0.7685634142973536,0.7685634142973536,0.8455055809471375,0.8455054564195486,0.3271479218548308,0.29619250544048936,0.39002498277127845,0.11227574624959673,0.14808735535294865,0.11007061707393959,0.08771687636687482,1.1466732905140997e-06,1.1466732905686376e-06,3.789077703124465e-11
3.0300000000000002,0.7637435414255518,0.7637435414255518,0.8416347289481912,0.8416346048709491,0.32842615112903933,0.29624785948645965,0.39113983965396226,0.1106937996740591,0.15176003099075827,0.11336771954285492,0.08794451881077187,1.129805219310387e-06,1.1298052193769355e-06,4.721107000616287e-11
3.04,0.7588807081809218,0.7588807081809218,0.8377165352176564,0.8377164115977408,0.3296859065188435,0.29629959558552543,0.3922388223700569,0.10910093553510802,0.15543270662856773,0.11666482201177011,0.08816876943761603,1.1127562750817832e-06,1.112756275140255e-06,4.236886551247404e-11
3.0500000000000003,0.753975188096552,0.753975188096552,0.8337512201528976,0.8337510969972618,0.33092711716333467,0.29634768331863964,0.3933218224234387,0.1074972898881029,0.15910538226637733,0.11996192448068545,0.08838959222582457,1.0955279895336067e-06,1.0955279896557548e-06,9.042952483314188e-11
3.06,0.7490272571066534,0.7490272571066534,0.8297390068018418,0.8297388841174131,0.3321497132447414,0.29639209251314164,0.3943887326831011,0.10588299969773812,0.1629084469773465,0.12346766975705836,0.08860695146572892,1.078121949937838e-06,1.0781219500480315e-06,8.337377193805516e-11
3.0700000000000003,0.7440371935310394,0.7440371935310394,0.8256801208504313,0.825679998644111,0.3333536259923565,0.29643279324451394,0.3954394473921463,0.10425820281757203,0.16671151168831583,0.12697341503343143,0.0888208117706747,1.0605397989804644e-06,1.0605397991142102e-06,1.0345018526045296e-10
3.08,0.7390052780594708,0.7390052780594708,0.8215747906099315,0.8215746688885933,0.3345387876864053,0.29646975583813506,0.3964738621765704,0.10262303796931858,0.17051457639928497,0.13047916030980433,0.089031138088189,1.0427832354831246e-06,1.0427832356414403e-06,1.252218032547839e-10
3.0900000000000003,0.733931793735866,0.7339317937358657,0.8174232470040855,0.8174231257745764,0.33570513166185517,0.2965029508710206,0.39749187405383973,0.10097764472190524,0.1743176411102543,0.1339849055861774,0.0892378957112078,1.0248540145418872e-06,1.024854014696217e-06,1.2486428295016078e-10
3.1,0.7288170259423801,0.7288170259423801,0.8132257235561269,0.8132256028252659,0.3368525923121648,0.2965323491735537,0.39849338144125845,0.09932216347030542,0.17812070582122347,0.1374906508625503,0.0894410502893585,1.0067539476937837e-06,1.0067539478848927e-06,1.5820844891294166e-10
3.1100000000000003,0.7236612623833533,0.7236612623833529,0.8089824563756421,0.8089823361502203,0.3379811050929753,0.29655792183120716,0.3994782841641211,0.09765673541415171,0.18203277739208523,0.14118532860757632,0.08964056784029194,9.884849033886534e-07,9.88484903584822e-07,1.662130802847676e-10
3.12,0.7184647930691259,0.7184647930691263,0.8046936841452925,0.8046935644320722,0.33909060652574013,0.296579640186248,0.40044648346365214,0.09598150253613649,0.18594484896294683,0.1448800063526022,0.08983641476105646,9.70048806878121e-07,9.700488071455911e-07,2.3201986396694567e-10
3.1300000000000003,0.7132279102997273,0.7132279102997273,0.8003596481073837,0.8003595289130992,0.34018103420129653,0.2965974758394431,0.4013978820047277,0.09429660758020719,0.1898569205338086,0.14857468409762822,0.09002855783951128,9.514476407707084e-07,9.51447641059738e-07,2.5676305137935783e-10
3.14,0.7079509086484322,0.7079509086484322,0.7959805920503012,0.795980473381657,0.341252326783375,0.2966114006517417,0.40233238388337783,0.09260219402956321,0.1937689921046702,0.1522693618426541,0.09021696426576849,9.32683444795912e-07,9.326834451025217e-07,2.790242028551521e-10
3.1500000000000004,0.7026340849451916,0.7026340849451916,0.7915567622947929,0.7915566441584639,0.3423044240120505,0.2966213867459553,0.40324989463406813,0.09089840608446263,0.19768106367553195,0.15596403958768013,0.09040160164366157,9.137583161372698e-07,9.137583164401841e-07,2.8246597597811524e-10
3.16,0.6972777382599378,0.6972777382599378,0.7870884076801167,0.7870882900827482,0.3433372667071311,0.29662740650842184,0.4041503212367598,0.08918538863984547,0.2016801470167986,0.159826877162267,0.0905824380022319,8.946744093490944e-07,8.946744097062688e-07,3.413815028332251e-10
3.1700000000000004,0.6918821698857589,0.6918821698857586,0.7825757795500407,0.7825756624982475,0.3443507967714877,0.2966294325906608,0.40503357212374286,0.08746328726278103,0.2056792303580654,0.16368971473685404,0.09075944180722703,8.754339366617847e-07,8.754339370455385e-07,3.7605136254626316e-10
3.18,0.6864476833219532,0.6864476833219532,0.7780191317387082,0.7780190152390745,0.34534495719432134,0.29662743791101404,0.40589955718624243,0.08573224816974888,0.20967831369933204,0.16755255231144092,0.09093258197260398,8.560391677181478e-07,8.560391681250762e-07,4.089469844392181e-10
3.19,0.6809745842569576,0.6809745842569576,0.7734187205563567,0.7734186046154353,0.34631969205437035,0.2966213956562772,0.40674818778080263,0.08399241820375872,0.21367739704059868,0.17141538988602778,0.09110182787203332,8.364924296566656e-07,8.364924301121571e-07,4.695710491643509e-10
3.2,0.675463180551151,0.6754631805511506,0.7687748047749022,0.7687746893992148,0.34727494652305596,0.29661127928331915,0.40757937673543215,0.08224394481132095,0.2176764803818655,0.17527822746061483,0.09126714935039293,8.167961071531282e-07,8.167961076185468e-07,4.923246162949547e-10
3.21,0.6699137822195383,0.6699137822195387,0.7640876456133836,0.7640875308094198,0.348210666867566,0.29659706252068596,0.40839303835552815,0.08048697601927249,0.22174009119222357,0.1792875067286957,0.09142851673524957,7.969526421292006e-07,7.969526426108705e-07,5.229451876325573e-10
3.22,0.6643267014143134,0.6643267014143134,0.7593575067232666,0.7593573924974847,0.349126800453878,0.2965787193701948,0.4091890884295586,0.07872166041146951,0.22580370200258182,0.18329678599677673,0.09158590084831655,7.769645337385445e-07,7.769645342867344e-07,6.11005305306015e-10
3.23,0.6587022524072974,0.6587022524072977,0.7545846541736175,0.7545845405324425,0.3500232957497192,0.2965562241085177,0.40996744423451875,0.07694814710535318,0.2298673128129399,0.1873060652648576,0.09173927301688622,7.56834338339063e-07,7.568343389163136e-07,6.606784781575522e-10
3.24,0.6530407515722648,0.6530407515722648,0.7497693564361334,0.7497692433859574,0.35090010232746566,0.2965295512887471,0.4107280245411475,0.07516658572839942,0.23393092362329815,0.19131534453293864,0.0918886050852244,7.365646690488115e-07,7.365646696491622e-07,7.057368759816204e-10
3.25,0.6473425173671444,0.6473425173671444,0.7449118843700427,0.7449117719172248,0.35175717086697844,0.296498675741953,0.4114707496189105,0.0733771263944593,0.23799453443365623,0.1953246238010195,0.0920338694259246,7.161581956766083e-07,7.161581962859946e-07,7.35932067701317e-10
3.2600000000000002,0.6416078703161074,0.6416078703161074,0.7400125112068677,0.7400123993577336,0.35259445315837834,0.29646357257872186,0.41219554124074387,0.0715799196800008,0.24209982561488777,0.19945780324609666,0.09217503895121142,6.956176443334572e-07,6.956176450152648e-07,8.46064971717219e-10
3.27,0.6358371329915392,0.6358371329915392,0.735071512535058,0.7350714012958988,0.35341190210475704,0.2964242171906911,0.4129023226875642,0.06977511660026034,0.24620511679611912,0.20359098269117365,0.09231208712419067,6.74945797418669e-07,6.749457981143348e-07,8.872023116454228e-10
3.2800000000000002,0.6300306299958922,0.6300306299958922,0.7300891662844853,0.7300890556615581,0.354209471724827,0.2963805852520591,0.41359101875253357,0.0679628685853126,0.25031040797735066,0.20772416213625083,0.09244498797003198,6.541454928843393e-07,6.541454936151419e-07,9.58028627950123e-10
3.29,0.6241886879434286,0.6241886879434286,0.7250657527108124,0.7250656427103401,0.35498711715550735,0.29633265272109033,0.4142615557450884,0.06614332745606932,0.254415699158582,0.2118573415813278,0.09257371608708409,6.332196241659593e-07,6.332196249342195e-07,1.0354083958750407e-09
3.3000000000000003,0.6183116354418493,0.6183116354418493,0.7200015543797291,0.7200014450078986,0.3557447946544476,0.2962803958416013,0.41491386149472825,0.06431664540021463,0.2585209903398135,0.21599052102640498,0.09269824665791135,6.1217113965506e-07,6.121711404670043e-07,1.125160343724328e-09
3.31,0.6123998030738075,0.6123998030738075,0.7148968561510556,0.7148967474140195,0.3564824616024883,0.2962237911444343,0.41554786535456434,0.062482974948088105,0.26264488045149254,0.22022436249534855,0.09281855546024628,5.91003042296756e-07,5.910030431463922e-07,1.2107551278641296e-09
3.3200000000000003,0.6064535233783147,0.6064535233783147,0.7097519451627212,0.709751837066596,0.3572000765060581,0.2961628154489188,0.41616349820462234,0.06064246894852363,0.2667687705631718,0.22445820396429234,0.09293461887784903,5.697183890901458e-07,5.697183899655208e-07,1.2828986583236335e-09
3.33,0.6004731308320367,0.6004731308320367,0.7045671108146129,0.704567003365479,0.3578975989995078,0.2960974458643148,0.41676069245490843,0.05879528054465418,0.27089266067485085,0.2286920454332359,0.09304641391126862,5.483202905470774e-07,5.483202914647911e-07,1.3832750757381684e-09
3.3400000000000003,0.5944589618304765,0.5944589618304765,0.6993426447522951,0.6993425379561964,0.3585749898473812,0.2960276597912438,0.41733938204823073,0.05694156314969252,0.2750165507865301,0.2329258869021797,0.0931539181884981,5.268119102341817e-07,5.268119111831976e-07,1.471273622220116e-09
3.35,0.5884113546690557,0.5884113546690557,0.6940788408506072,0.6940787347135505,0.3592322109466216,0.29595343492310516,0.41789950246277857,0.05508147042269654,0.2791404408982091,0.23715972837112326,0.09325710997551576,5.051964640928608e-07,5.051964650740203e-07,1.564515376311162e-09
3.3600000000000003,0.5823306495240819,0.5823306495240815,0.6887759951971297,0.6887758897250855,0.35986922532871557,0.2958747492474775,0.41844099071446156,0.0532151562443295,0.2832597439299576,0.24147042773309665,0.09335596818670718,4.83477219842543e-07,4.834772208850163e-07,1.7096684128665418e-09
3.37,0.5762171884336159,0.5762171884336162,0.6834344060755335,0.683434301274434,0.3604859971617719,0.29579158104750336,0.41896378535900125,0.051342774692625055,0.28737904696170596,0.24578112709506986,0.09345047239515754,4.616574964255715e-07,4.6165749750325054e-07,1.8176621379977991e-09
3.3800000000000003,0.5700713152782328,0.5700713152782328,0.678054373948797,0.6780542698245379,0.3610824917525378,0.2957039089032611,0.4194678264937858,0.04946448001876616,0.2914983499934545,0.25009182645704325,0.09354060284281139,4.3974066311902593e-07,4.3974066426473196e-07,1.9871284077928882e-09
3.39,0.563893375761677,0.563893375761677,0.6726362014423097,0.6726360980007478,0.36165867554834974,0.2956117116931196,0.4199530557594811,0.04758042662288836,0.2956176530252028,0.25440252581901646,0.09362634045049055,4.17730139021244e-07,4.177301402290849e-07,2.153894277826659e-09
3.4000000000000004,0.5576837173914166,0.5576837173914166,0.667180193326846,0.6671800905737998,0.3622145161390211,0.29551496859507914,0.42041941634139723,0.04569076902991655,0.29973695605695133,0.2587132251809899,0.09370766682776215,3.956293921913989e-07,3.9562939341948637e-07,2.2512205281705363e-09
3.41,0.5514426894590987,0.5514426894590987,0.6616866565014242,0.6616865544426735,0.3627499822586653,0.2954136590880933,0.42086685297061777,0.043795661865445805,0.3038285117886226,0.26307654616725107,0.0937845642826526,3.734419387613208e-07,3.7344194002814906e-07,2.386549410483484e-09
3.4200000000000004,0.5451706430208982,0.5451706430208979,0.6561558999760418,0.6561557986173276,0.3632650437874542,0.29530776295337924,0.4212953119248845,0.04189525983167489,0.30792006752029405,0.2674398671535124,0.09385701583119832,3.51171342269363e-07,3.5117134358764895e-07,2.5514805462565864e-09
3.43,0.5388679308777734,0.5388679308777734,0.6505882348542955,0.6505881342013193,0.36375967175331264,0.2951972602757095,0.4217047410292455,0.03998971768340375,0.31201162325196535,0.27180318813977367,0.09392500520682848,3.2882121274446785e-07,3.288212141084553e-07,2.7112120740520548e-09
3.44,0.5325349075556212,0.5325349075556212,0.6449839743158803,0.6449838743743036,0.364233838333548,0.29508213144468826,0.4220950896564584,0.03807919020410298,0.3161031789836366,0.2761665091260348,0.09398851686956998,3.0639520577635526e-07,3.0639520718300186e-07,2.8702661264684713e-09
3.45,0.5261719292853331,0.5261719292853327,0.639343433598973,0.6393433343744178,0.36468751685641515,0.2949623571560092,0.4224663087271616,0.03616383218206675,0.32019473471530807,0.2805298301122962,0.09404753601507211,2.838970215995884e-07,2.838970230567452e-07,3.0507912912627265e-09
3.46,0.5197793539827589,0.5197793539827592,0.6336669299825034,0.6336668314805501,0.3651206818026167,0.2948379184127016,0.4228183507097994,0.034243798386657434,0.32423553893217066,0.28492124058466545,0.09410204858343997,2.613304041360065e-07,2.6133040566658704e-07,3.286142523469887e-09
3.47,0.5133575412285744,0.5133575412285744,0.6279547827683011,0.6279546849944915,0.3655333088067388,0.2947087965263553,0.42315116962031774,0.03231924354465268,0.3282763431490334,0.2893126510570349,0.09415204126787444,2.3869914009266857e-07,2.386991416471778e-07,3.4203537383981898e-09
3.48,0.5069068522480531,0.5069068522480534,0.6222073132631423,0.6222072162229756,0.3659253746586212,0.29457497311833153,0.4234647210216187,0.03039032231670376,0.33231714736589607,0.2937040615294042,0.09419750152310857,2.1600705769897477e-07,2.1600705930555632e-07,3.6200850989944645e-09
3.49,0.5004276498907501,0.5004276498907501,0.6164248447606703,0.6164247484596053,0.36629685730466305,0.2944364301209538,0.423758962022783,0.02845718927391531,0.33635795158275883,0.29809547200177366,0.09423841757363655,1.9325802592951025e-07,1.932580275646712e-07,3.770263244769945e-09
3.5,0.4939202986100892,0.4939202986100892,0.6106077025232146,0.6106076069666678,0.3666477358490635,0.29429314977868715,0.42403385127805787,0.026519998874555688,0.3403987557996214,0.3024868824741429,0.09427477842172849,1.7045595318565532e-07,1.704559548763152e-07,3.985516480165464e-09
3.5100000000000002,0.4873851644428637,0.4873851644428637,0.6047562137634912,0.6047561189568378,0.3669779905549971,0.29414511464929366,0.42428934898561155,0.02457890544090731,0.3443660896304225,0.3068816923562013,0.09430657385522358,1.4760478632414031e-07,1.476047881040818e-07,4.285857622633315e-09
3.52,0.48082261498864826,0.48082261498864826,0.598870707626201,0.5988706135747739,0.3672876028457234,0.2939923076049759,0.42452541688606005,0.02263406313626662,0.34833342346122337,0.3112765022382595,0.09433379445509862,1.2470850956070034e-07,1.2470851137691982e-07,4.462255159101236e-09
3.5300000000000002,0.4742330193891188,0.4742330193891188,0.5929515151695118,0.5929514218786012,0.36757655530563293,0.29383471183350196,0.4247420182607623,0.020685625942102878,0.3523007572920245,0.3156713121203179,0.09435643160280328,1.0177114302678536e-07,1.0177114491395018e-07,4.725678372252676e-09
3.54,0.46761674830729005,0.46761674830729005,0.5869989693464384,0.5869988768212923,0.367844831681226,0.2936723108393083,0.4249391179298871,0.0187337476353848,0.35626809112282537,0.3200661220023761,0.09437447748735682,7.879674190913732e-08,7.879674382120454e-08,4.874206558830364e-09
3.5500000000000003,0.4609741739066665,0.4609741739066665,0.5810134049861143,0.5810133132319367,0.36809241688202704,0.29350508844459117,0.42511668225025734,0.01677858176608431,0.3602354249536264,0.3244609318844345,0.09438792511220319,5.578939489547796e-08,5.578939686095605e-08,5.093990935570593e-09
3.56,0.45430566983030646,0.45430566983030646,0.5749951587749564,0.5749950677969087,0.36831929698143395,0.293333028790378,0.42527467911296823,0.014820281634866516,0.36410698260434965,0.32883443198012463,0.09439676830181651,3.275322318918583e-08,3.275322519438297e-08,5.276482455465321e-09
3.5700000000000003,0.44761161117980547,0.44761161117980547,0.568944569237727,0.5689444790409266,0.3685254592175009,0.2931561163375774,0.42541307794078215,0.012859000270974384,0.3679785402550731,0.33320793207581495,0.09440100170805123,9.69237903825082e-09,9.692381098299958e-09,5.495885613973234e-09
3.58,0.4408923744941983,0.4408923744941983,0.5628619767184925,0.5628618873080131,0.36871089199365653,0.29297433586801735,0.4255318496853061,0.010894890410317585,0.3718500979057963,0.3375814321715051,0.09440062081623536,-1.3388955485971188e-08,-1.3388953343292315e-08,5.786739132638825e-09
3.5900000000000003,0.43414833772877626,0.43414833772877626,0.5567477233614779,0.5567476347423489,0.368875584879356,0.2927876724854598,0.4256309668239477,0.008928104473773542,0.37572165555651976,0.3419549322671954,0.09439562195099717,-3.648656976551479e-08,-3.648656757202474e-08,5.9874836745649485e-09
3.6,0.4273798802338298,0.4273798802338298,0.5506021530918229,0.550602065269029,0.3690195286106679,0.2925961116166006,0.42571040335665944,0.006958794545709589,0.379593213207243,0.3463284323628856,0.0943860022818252,-5.9596226134606134e-08,-5.959622391155614e-08,6.123204612667551e-09
3.6100000000000003,0.420587382733308,0.4205873827333076,0.5444256115962344,0.5444255245747156,0.3691427150907954,0.2923996390120475,0.42577013480246634,0.0049871123527345275,0.3833472273723982,0.35065603328215916,0.09437175982835302,-8.271366122580837e-08,-8.271365894669258e-08,6.323868712656903e-09
3.62,0.41377122730340393,0.4137712273034044,0.5382184463035437,0.5382183600881943,0.3692451373905314,0.29219824074728334,0.4258101381957837,0.0030132092426879637,0.3871012415375532,0.35498363420143253,0.09435289346536709,-1.0583458726065587e-07,-1.0583458492439521e-07,6.51885459987502e-09
3.6300000000000003,0.4069317973510641,0.4069317973510641,0.5319810063651604,0.5319809209608307,0.3693267897486485,0.2919919032236083,0.4258303920825229,0.0010372361638754269,0.3908552557027084,0.35931123512070606,0.09432940292753063,-1.2895469357621092e-07,-1.2895469117578837e-07,6.7236073591261175e-09
3.64,0.4000694775924195,0.4000694775924195,0.5257136426354376,0.5257135580469317,0.3693876675722232,0.29178061316906406,0.42583087651599677,-0.0009406563554425974,0.39460926986786343,0.36363883603997943,0.09430128881382363,-1.5206964799896472e-07,-1.5206964555827316e-07,6.85033681162089e-09
3.6500000000000004,0.39318465403114683,0.39318465403114683,0.5194167076519319,0.5194166238840077,0.3694277674368939,0.2915643576393391,0.42581157305261574,-0.002920318227299968,0.3983632840330186,0.367966436959253,0.09426855259169019,-1.7517509842690515e-07,-1.7517509591683797e-07,7.0466302969617455e-09
3.66,0.38627771393675686,0.38627771393675686,0.5130905556155765,0.5130904726729459,0.36944708708705376,0.2913431240186549,0.4257724647473842,-0.00490159982400481,0.40197864827935026,0.37222380736977245,0.09423119660089246,-1.9826667414790666e-07,-1.9826667156363524e-07,7.24338567439869e-09
3.6700000000000004,0.3793490458228083,0.37934904582280793,0.5067355423707546,0.506735460258083,0.3694456254359777,0.29111690002063406,0.42571353614920104,-0.006884351997842492,0.40559401252568206,0.37648117778029205,0.09418922405706782,-2.2133998739404248e-07,-2.2133998477487198e-07,7.316221764483537e-09
3.68,0.3723990394250553,0.3723990394250553,0.5003520253852863,0.5003519441071925,0.36942338256588303,0.2908856736891473,0.42563477329596106,-0.008868426100494447,0.40920937677201363,0.3807385481908115,0.09414263905498363,-2.4439063500691915e-07,-2.4439063230405417e-07,7.510793854596467e-09
3.6900000000000004,0.365428085679526,0.365428085679526,0.4939403637303186,0.49394028329137424,0.3693803597279254,0.2906494333991439,0.4255361637094644,-0.01085367400216545,0.41282474101834543,0.3849959186013311,0.09409144657148825,-2.674141996311663e-07,-2.6741419691061125e-07,7.507357853249433e-09
3.7,0.3584365767005302,0.35843657670052975,0.48750091806012874,0.48750083846485903,0.36931655934212815,0.2904081678574607,0.4254176963901398,-0.012839948110412516,0.41644010526467706,0.3892532890118505,0.09403565246815591,-2.9040625171283807e-07,-2.9040624890289944e-07,7.686689539359316e-09
3.71,0.351424905758604,0.3514249057586044,0.48103405059183874,0.4810339718447202,0.3692319849972461,0.2901618661036126,0.4252793618115751,-0.01482710138866856,0.41989649269921114,0.39341649243952687,0.09397526349361972,-3.133623505402472e-07,-3.133623476945913e-07,7.703739540171977e-09
3.72,0.34439346725839,0.34439346725839,0.4745401250850371,0.47454004719049975,0.3691266414505638,0.2899105175105638,0.42512115191486827,-0.016814987374454145,0.42335288013374545,0.3975796958672034,0.09391028728559339,-3.362780462839998e-07,-3.3627804337342976e-07,7.785030900930102e-09
3.73,0.33734265671644903,0.3373426567164494,0.4680195068213225,0.4680194297837478,0.36900053462762805,0.2896541117854795,0.42494306010279803,-0.018803460197270853,0.4268092675682795,0.4017428992948798,0.09384073237257852,-3.591488812876298e-07,-3.5914887828132017e-07,7.932155228093149e-09
3.74,0.33027287073901573,0.33027287073901573,0.46147256258375213,0.46147248640747346,0.3688536716219145,0.28939263897045836,0.4247450812338133,-0.020792374596170112,0.4302656550028138,0.4059061027225563,0.09376660817525302,-3.819703916496664e-07,-3.8197038860473134e-07,7.913187243810145e-09
3.75,0.32318450699968687,0.32318450699968687,0.45489966063621395,0.4548995853255161,0.3686860606944283,0.2891260894432435,0.42452721161585477,-0.02278158593699149,0.4337220424373479,0.4100693061502326,0.09368792500754265,-4.0473810905550245e-07,-4.0473810597435186e-07,7.612701931922123e-09
3.7600000000000002,0.3160779642170534,0.3160779642170534,0.4483011707027086,0.4483010962618279,0.36849771127323994,0.28885445391791525,0.42428944899999854,-0.024770950229264264,0.4370000199925783,0.4141149355595149,0.09360469407736963,-4.2744756223456193e-07,-4.2744755907295936e-07,7.396468824444955e-09
3.77,0.30895364213227383,0.30895364213227383,0.44167746394655577,0.4416773903796794,0.36828863395295486,0.2885777234455654,0.4240317925739383,-0.026760324142767123,0.4402779975478086,0.418160564968797,0.09351692748708064,-4.500942784729789e-07,-4.500942752504448e-07,7.159686868059954e-09
3.7800000000000002,0.3018119414865866,0.3018119414865866,0.4350289129495136,0.4350288402607795,0.368058840494117,0.2882958894149495,0.4237542429553009,-0.028749565023740067,0.443555975103039,0.4222061943780792,0.09342463823355063,-4.726737854038321e-07,-4.7267378214492307e-07,6.894626115419042e-09
3.79,0.2946532639987694,0.2946532639987694,0.4283558916908224,0.4283558198843198,0.36780834382254796,0.2880089435531187,0.423456802184803,-0.030738530910743682,0.4468339526582693,0.4262518237873613,0.09332784020796171,-4.951816126308461e-07,-4.951816093088651e-07,6.708611491622554e-09
3.8000000000000003,0.2874780123425444,0.2874780123425444,0.42165877552616915,0.4216587046059366,0.3675371580286195,0.2877168779260359,0.4231394737192485,-0.032727080550160575,0.4501119302134997,0.4302974531966436,0.09322654819525639,-5.176132932410704e-07,-5.176132898391939e-07,6.572235549578142e-09
3.81,0.2802865901239248,0.2802865901239248,0.4149379411665719,0.4149378711365989,0.3672452983664609,0.28741968493916553,0.422802262424375,-0.03471507341133411,0.45319306790716246,0.4342027625939485,0.09312077787326449,-5.399643654702135e-07,-5.399643620102454e-07,6.407771225542311e-09
3.8200000000000003,0.2730794018585139,0.2730794018585139,0.4081937666571909,0.4081936975214167,0.36693278125310125,0.2871173573380501,0.4224451745675515,-0.0367023697013401,0.4562742056008254,0.4381080719912536,0.09301054581150425,-5.622303744096113e-07,-5.622303709085578e-07,6.227080076455016e-09
3.83,0.2658568529487521,0.2658568529487521,0.4014266313560648,0.40142656311837827,0.3665996242675458,0.2868098882088606,0.42206821781032605,-0.03868883037938696,0.4593553432944881,0.4420133813885585,0.0928958694696543,-5.844068736438057e-07,-5.844068700683811e-07,6.118040024968716e-09
3.8400000000000003,0.2586193496611104,0.2586193496611104,0.39463691591276934,0.3946368485770088,0.36624584614978717,0.2864972709789301,0.4216714012008356,-0.04067431717084011,0.46243648098815104,0.4459186907858636,0.09277676719570023,-6.064894267632237e-07,-6.064894231068603e-07,6.028733964916385e-09
3.85,0.2513672991032411,0.2513672991032411,0.38782500224700855,0.38782493581696165,0.3658714667997511,0.28617949941726856,0.4212547351660762,-0.042658692580866825,0.4655176186818138,0.44982400018316854,0.09265325822375439,-6.284736090572673e-07,-6.284736053578182e-07,5.8864032800518845e-09
3.8600000000000003,0.24410110920107572,0.24410110920107528,0.38099127352712936,0.3809912080065327,0.36547650727617736,0.28585656763505357,0.420818231504037,-0.04464181990769789,0.4683845932369527,0.45356703250356745,0.09252536267154769,-6.503550092629151e-07,-6.503550055030578e-07,5.781238287652613e-09
3.87,0.23682118867587976,0.2368211886758802,0.3741361141485716,0.3741360495411102,0.36506098979543516,0.28552847008610216,0.42036190337570695,-0.04662356325550264,0.47125156779209143,0.45731006482396613,0.09239310153759694,-6.721292310080118e-07,-6.721292272001408e-07,5.665385240550265e-09
3.8800000000000003,0.2295279470212642,0.2295279470212642,0.36725990971224115,0.3672598460215497,0.364624937730273,0.28519520156732586,0.41988576529694954,-0.0486037875468739,0.47411854234723033,0.46105309714436504,0.09225649669804586,-6.937918945876254e-07,-6.937918907055837e-07,5.59539785224379e-09
3.89,0.22222179448014864,0.22222179448014864,0.3603630470028256,0.36036298423248664,0.3641683756085047,0.2848567572191598,0.4193898331302616,-0.05058235853492021,0.47698551690236907,0.46479612946476373,0.09211557090318356,-7.153386384350924e-07,-7.153386344924036e-07,5.511639663435335e-09
3.9000000000000004,0.21490314202168667,0.21490314202168667,0.3534459139670333,0.3534458521205776,0.3636913291116292,0.2845131325259767,0.4188741240764064,-0.05255914281496236,0.47985249145750797,0.46853916178516264,0.09197034777363838,-7.367651208844972e-07,-7.367651168610018e-07,5.461028656035079e-09
3.91,0.20757240131815022,0.20757240131815022,0.3465088996917743,0.3465088387726808,0.3631938250733861,0.2841643233164761,0.41833865666593534,-0.05453400783583148,0.4824891837002384,0.47209887234332376,0.09182085179625138,-7.580670215723284e-07,-7.580670175423143e-07,5.316171239373495e-09
3.9200000000000004,0.20022998472177053,0.2002299847217701,0.3395523943822717,0.339552334393967,0.3626758914782465,0.2838103257640568,0.41778345075059975,-0.05650682191076704,0.48512587594296896,0.47565858290148505,0.09166710831963022,-7.792400434220026e-07,-7.792400392922386e-07,5.299732751907842e-09
3.93,0.1928763052415447,0.1928763052415447,0.3325767893401157,0.3325767302859742,0.3621375574598385,0.28345113638716685,0.4172085274946514,-0.058477454227912146,0.4877625681856994,0.4792182934596462,0.09150914354938419,-8.002799136569427e-07,-8.002799094763066e-07,5.223967354316453e-09
3.9400000000000004,0.18551177652000544,0.18551177652000544,0.3255824769412503,0.3255824188245935,0.3615788532993087,0.2830867520496348,0.4166139093660444,-0.06044577486040464,0.49039926042842996,0.4827780040178075,0.0913469845430443,-8.211823858822465e-07,-8.211823816435954e-07,5.1616438575328674e-09
3.95,0.17813681280995067,0.17813681280995067,0.3185698506139034,0.3185697934380009,0.36099981042361884,0.2827171699609784,0.4159996201275359,-0.062411654776061774,0.4930359526711604,0.48633771457596864,0.09118065920466907,-8.419432413891981e-07,-8.419432370888894e-07,5.10759924471966e-09
3.9600000000000004,0.17075182895114532,0.17075182895114532,0.31153930481645764,0.3115392485845248,0.3604004614037779,0.28234238767669634,0.41536568482769226,-0.06437496584665826,0.49542753815852975,0.4896940893872964,0.09101019627913978,-8.625582907789697e-07,-8.625582864021275e-07,5.0742567391400785e-09
3.97,0.16335724034698385,0.16335724034698385,0.30449123501525993,0.3044911797304602,0.3597808399530103,0.28196240309853476,0.41471212979180627,-0.06633558085679551,0.497819123645899,0.493050464198624,0.0908356253461468,-8.830233754197891e-07,-8.830233710041434e-07,5.000598936594315e-09
3.98,0.15595346294112505,0.1559534629411255,0.2974260376623782,0.29742598332782133,0.35914098092485935,0.2815772144747385,0.41403898261272354,-0.06829337351236174,0.5002107091332681,0.4964068390099517,0.09065697681386972,-9.033343691122742e-07,-9.033343646677826e-07,4.9200957220056615e-09
3.99,0.14854091319409674,0.14854091319409674,0.2903441101733003,0.2903440567920428,0.35848092031122647,0.28118682040027815,0.4133462721415921,-0.07024821844858162,0.5026022946206375,0.4997632138212795,0.09047428191235632,-9.234871795327226e-07,-9.234871750234225e-07,4.882905007591387e-09
4.0,0.1411200080598672,0.1411200080598672,0.283245850904581,0.2832457984796254,0.35780069524034724,0.2807912198170598,0.4126340284785283,-0.0721999912376563,0.5049938801080067,0.5031195886326071,0.09028757268660044,-9.434777496625246e-07,-9.434777450480235e-07,4.890948554632841e-09
4.01,0.13369116496239322,0.13369116496239364,0.2761316591314321,0.27613160766572736,0.35710034397470264,0.28039041201411163,0.41190228296321196,-0.07414856839599239,0.5071269124764044,0.5062537569393453,0.0900968819893249,-9.633020592036967e-07,-9.633020545367684e-07,4.844719578454405e-09
4.0200000000000005,0.12625480177214105,0.1262548017721406,0.2690019350252643,0.26900188452170537,0.3563799059088665,0.27998439662775104,0.4111510681654085,-0.07609382739102061,0.5092599448448022,0.5093879252460837,0.08990224347347095,-9.829561262580944e-07,-9.829561215564284e-07,4.783190102581369e-09
4.03,0.11881133678257896,0.11881133678257896,0.26185707963118066,0.26185703009260786,0.3556394215672902,0.27957317364173384,0.41038041787542684,-0.0780356466476034,0.5113929772131999,0.5125220935528219,0.08970369158439973,-1.0024360086458017e-06,-1.0024360038795838e-06,4.754635638260776e-09
4.04,0.11136118868664958,0.11136118868664958,0.2546974948454112,0.25469744627461177,0.35487893260202263,0.2791567433873798,0.40959036709451596,-0.07997390555403383,0.5135260095815974,0.51565626185956,0.08950126155180912,-1.021737805195766e-06,-1.021737800398864e-06,4.694846297809885e-09
4.05,0.10390477655321977,0.10390477655322021,0.24752358339271396,0.24752353579241923,0.35409848179036774,0.2787351065436787,0.40878095202520087,-0.08190848446762486,0.5156590419499951,0.5187904301662982,0.08929498938136866,-1.0408576573694983e-06,-1.0408576525203626e-06,4.658788535322674e-09
4.0600000000000005,0.09644251980350556,0.09644251980350511,0.24033574880371442,0.24033570217660255,0.35329811303247766,0.2783082641373791,0.407952210061566,-0.08383926471989002,0.5175215285155012,0.5216847705359531,0.08908491184607885,-1.0597917504823196e-06,-1.0597917455354422e-06,4.667782506975532e-09
4.07,0.08897483818748109,0.08897483818748109,0.23313439539221528,0.23313434974090874,0.3524778713488842,0.2778762175430516,0.4071041797794902,-0.08576612862131787,0.519384015081007,0.5245791109056077,0.08887106647735823,-1.0785363149523608e-06,-1.0785363099701225e-06,4.619444146254088e-09
4.08,0.08150215176026912,0.08150215176026912,0.2259199282324461,0.2259198835595129,0.35163780287796564,0.2774389684831357,0.406236900926834,-0.08768895946574018,0.5212465016465128,0.5274734512752622,0.08865349155586257,-1.0970876279381425e-06,-1.0970876229113126e-06,4.581976648545613e-09
4.09,0.07402488085851,0.07402488085851044,0.21869275313628253,0.2186927094442354,0.35077795487335206,0.27699651902796646,0.4053504144135862,-0.08960764153429623,0.5231089882120186,0.5303677916449169,0.08843222610204156,-1.1154420143794086e-06,-1.1154420093091333e-06,4.545530118029166e-09
4.1000000000000005,0.06654344607672126,0.06654344607672126,0.2114532766304176,0.21145323392171408,0.34989837570126686,0.27654887159577934,0.40444476230197307,-0.0915220600989946,0.5249714747775246,0.5332621320145717,0.08820730986643742,-1.1335958483849051e-06,-1.1335958432546057e-06,4.525686488143342e-09
4.11,0.05905826824363631,0.059058268243635866,0.20420190593349638,0.20420186421053949,0.3489991148378067,0.2760960289526954,0.40351998779653264,-0.09343210142587537,0.5265529439631401,0.5359003714141357,0.08797878331973019,-1.1515455544258701e-06,-1.1515455492320344e-06,4.510317250567199e-09
4.12,0.051569768398534194,0.05156976839853464,0.1969390489332095,0.1969390081983452,0.34808022286615803,0.27563799421268725,0.4025761352341608,-0.0953376527777731,0.5281344131487556,0.5385386108136998,0.08774668764253547,-1.1692876086127901e-06,-1.1692876033453866e-06,4.50479720833989e-09
4.13,0.044078367767557566,0.044078367767557566,0.18966511416334644,0.18966507441886693,0.3471417514737519,0.2751747708375232,0.40161325007413085,-0.09723860241668528,0.5297158823343712,0.5411768502132638,0.08751106471495942,-1.186818539805623e-06,-1.1868185345180385e-06,4.45525946989009e-09
4.140000000000001,0.03658448774001622,0.03658448774001578,0.18238051078082093,0.18238047202896118,0.3461837534493567,0.2747063626366936,0.40063137888809247,-0.09913483960574725,0.5312973515199868,0.5438150896128281,0.08727195710591688,-1.2041349310154548e-06,-1.2041349256652684e-06,4.443178481492306e-09
4.15,0.029088549844685344,0.029088549844685344,0.17508564854265296,0.17508561078559295,0.3452062826801087,0.2742327737673162,0.3996305693500508,-0.10102625461081657,0.5328788207056023,0.5464533290123921,0.08702940806221708,-1.2212334202649222e-06,-1.2212334148388827e-06,4.443081392335352e-09
4.16,0.02159097572609596,0.02159097572609596,0.16778093778291955,0.16778090102278315,0.34420939414848106,0.273754008734019,0.3986108702263348,-0.10291273870167071,0.5341703809162662,0.5488206343013512,0.08678346149742404,-1.2381107018094584e-06,-1.2381106963434078e-06,4.414831857005916e-09
4.17,0.014092187120814906,0.014092187120814906,0.1604667893896749,0.16046675362852986,0.3431931439291907,0.273270072388808,0.3975723313655518,-0.10479418415282038,0.5354619411269301,0.5511879395903103,0.08653416198049595,-1.2547635273307822e-06,-1.254763521823318e-06,4.389244672211528e-09
4.180000000000001,0.006592605833723569,0.006592605833723125,0.1531436147818367,0.15314358002169481,0.3421575891860445,0.2727809699309125,0.3965150036885377,-0.10667048424394242,0.5367535013375941,0.5535552448792695,0.08628155472421027,-1.2711887068805883e-06,-1.2711887013207663e-06,4.373718832188398e-09
4.19,-0.0009073462857071891,-0.0009073462857071891,0.1458118258860479,0.14581179212886372,0.34110278816872375,0.27228670690660917,0.395438939178306,-0.10854153325993575,0.538045061548258,0.5559225501682287,0.08602568557338092,-1.287383109893625e-06,-1.2873831043033037e-06,4.335755694838351e-09
4.2,-0.008407247367149063,-0.008407247367149063,0.13847183511349853,0.1384718023611718,0.34002880020950754,0.2717872892090299,0.3943441908699971,-0.11040722649060376,0.5393366217589219,0.5582898554571878,0.08576660099287244,-1.3033436663117959e-06,-1.3033436606611605e-06,4.27320302214523e-09
4.21,-0.01590667554314284,-0.015906675543142394,0.131124055336736,0.13112402359110814,0.3389356857199356,0.2712827230779466,0.3932308128408297,-0.1122674602299673,0.5403310113732918,0.5603729167849052,0.08550434805541701,-1.3190673674029485e-06,-1.3190673616735977e-06,4.225799722993442e-09
4.220000000000001,-0.023405208972831448,-0.02340520897283189,0.12376889986643311,0.12376886912929047,0.3378235061874092,0.270773015099536,0.3920988602000677,-0.11412213177521274,0.5413254009876616,0.5624559781126227,0.08523897442924329,-1.3345512667045645e-06,-1.334551260943946e-06,4.1451383926325566e-09
4.23,-0.030902425865687064,-0.030902425865687064,0.11640678242814792,0.1164067527012192,0.3366923241717344,0.2702581722061304,0.39094838907899176,-0.11597113942527894,0.5423197906020314,0.5645390394403401,0.0849705283655195,-1.3497924811062267e-06,-1.349792475302957e-06,4.075005754191669e-09
4.24,-0.03839790450523538,-0.03839790450523538,0.1090381171390443,0.1090380884240016,0.335542203301601,0.2697382016759413,0.3897794566208911,-0.11781438247908764,0.5433141802164012,0.5666221007680574,0.08469905868561974,-1.3647881915296312e-06,-1.3647881856800398e-06,4.009456361147683e-09
4.25,-0.045891223272779696,-0.045891223272779696,0.1016633184846018,0.10166329078306038,0.3343732082710048,0.2692131111327679,0.3885921209710758,-0.1196517612334217,0.544308569830771,0.5687051620957748,0.08442461476822015,-1.3795356438445205e-06,-1.3795356379421076e-06,3.9501421486474625e-09
4.26,-0.05338196067111557,-0.05338196067111513,0.0942828012953003,0.09428277460881831,0.33318540483560793,0.2686829085456858,0.38738644126690763,-0.1214831769804565,0.5450001980287,0.57049226773437,0.08414724653622899,-1.3940321496458408e-06,-1.3940321436997146e-06,3.886500131293373e-09
4.2700000000000005,-0.06086969534823855,-0.060869695348238995,0.0868969807232847,0.0868969550533635,0.33197885980904046,0.2681476022287153,0.38616247762786243,-0.12330853200494941,0.5456918262266292,0.5722793733729653,0.08386700444356056,-1.4082750870725302e-06,-1.4082750810801738e-06,3.826320899214187e-09
4.28,-0.06835400612104778,-0.06835400612104778,0.079506272219017,0.07950624756709986,0.3307536410591423,0.26760720084047096,0.3849202911456177,-0.12512772958109122,0.5463834544245582,0.5740664790115605,0.08358393946175621,-1.4222619014875315e-06,-1.4222618954674219e-06,3.756336699913088e-09
4.29,-0.07583447199903615,-0.07583447199903615,0.07211109150789963,0.07211106787537407,0.3295098175041446,0.26706171338378976,0.3836599438741772,-0.1269406739690258,0.5470750826224873,0.5758535846501556,0.08329810306646182,-1.4359901062688252e-06,-1.4359901002083855e-06,3.6962139343149764e-09
4.3,-0.0833106722079695,-0.08331067220796906,0.06471185456689942,0.06471183195509392,0.3282474591087948,0.26651114920534363,0.38238149882002775,-0.12874727041104408,0.5477667108204163,0.5776406902887508,0.0830095472237666,-1.449457283392297e-06,-1.4494572772856826e-06,3.6413471591093645e-09
4.3100000000000005,-0.09078218621355824,-0.09078218621355824,0.0573089776011412,0.0573089560113283,0.3269666368804193,0.26595551799523076,0.381085019932341,-0.13054742512745568,0.5481516890165785,0.579121792480738,0.08271832437641205,-1.4626610841117493e-06,-1.4626610779564346e-06,3.5895122515152603e-09
4.32,-0.09824859374510868,-0.09824859374510868,0.04990287702050455,0.04990285645389844,0.3256674228649313,0.2653948297865462,0.37977057209321274,-0.1323410453121457,0.5485366672127406,0.5806028946727252,0.08242448742987471,-1.4755992295695242e-06,-1.475599223357063e-06,3.5439415815377057e-09
4.33,-0.10570947481916632,-0.10570947481916632,0.042493969416193406,0.042493949873951,0.3243498901427762,0.26482909495493584,0.37843822110795206,-0.1341280391278211,0.5489216454089028,0.5820839968647125,0.08212808973833292,-1.4882695113377364e-06,-1.4882695050739445e-06,3.4963194524248394e-09
4.34,-0.11316440976313837,-0.11316440976313792,0.035082671537307084,0.0350826530205276,0.3230141128248224,0.26425832421813145,0.37708803369541777,-0.1359083157009545,0.5493066236050649,0.5835650990566996,0.08182918509052255,-1.500669791959508e-06,-1.5006697856798569e-06,3.4306189905530113e-09
4.3500000000000005,-0.12061297923889902,-0.12061297923889902,0.027669400267396636,0.027669382777121426,0.3216601660481917,0.2636825286354626,0.3757200774784078,-0.13768178511642762,0.5496916018012271,0.5850462012486869,0.08152782769548808,-1.512798005573468e-06,-1.5127979992360465e-06,3.389409577964775e-09
4.36,-0.12805476426637968,-0.12805476426638013,0.020254572601016742,0.02025455613823032,0.3202881259720334,0.26310171960735634,0.37433442097410236,-0.13944835841188585,0.5497677655081578,0.5862129726991567,0.08122407216823799,-1.5246521581357975e-06,-1.5246521517600191e-06,3.339100205923715e-09
4.37,-0.13548934624713516,-0.1354893462471347,0.012838605620269521,0.012838590185896987,0.3188980697732401,0.26251590887481085,0.3729311335845656,-0.14120794757180513,0.5498439292150885,0.5873797441496266,0.08091797351530863,-1.5362303280863632e-06,-1.5362303216589027e-06,3.297081696850588e-09
4.38,-0.1429163069878885,-0.1429163069878885,0.005421916471340403,0.005421902066250867,0.31749007564210613,0.26192510851885603,0.3715102855873093,-0.14296046552127967,0.5499200929220192,0.5885465156000965,0.08060958712024652,-1.5475306665707622e-06,-1.5475306601284318e-06,3.237692154563621e-09
4.390000000000001,-0.15033522872405666,-0.1503352287240571,-0.0019950776589605754,-0.001995091033957542,0.31606422277793045,0.26132933095999183,0.370071948125917,-0.1447058261195375,0.5499962566289499,0.5897132870505665,0.08029896872901231,-1.5585513979954335e-06,-1.5585513915176135e-06,3.1902950795572285e-09
4.4,-0.15774569414324865,-0.15774569414324865,-0.009411959566668857,-0.009411971910820676,0.31462059138456067,0.26072858895760903,0.3686161932007382,-0.14644394415318912,0.5500724203358806,0.5908800585010363,0.07998617443531746,-1.5692908201941913e-06,-1.5692908136590846e-06,3.154787778399965e-09
4.41,-0.16514728640873766,-0.16514728640873766,-0.01682831205413317,-0.01682832336674549,0.3131592626658819,0.2601228956093918,0.3671430936596479,-0.14817473532921635,0.5498393413335129,0.5917259391967634,0.07967126066589642,-1.5797473047474142e-06,-1.5797472981652434e-06,3.1153516648443456e-09
4.42,-0.1725395891829108,-0.1725395891829108,-0.024243717953481583,-0.02424372823391808,0.3116803188212493,0.25951226435069935,0.36565272318888065,-0.14989811626770821,0.5496062623311453,0.5925718198924906,0.07935428416572429,-1.5899192972873566e-06,-1.5899192906902858e-06,3.062057976520962e-09
4.430000000000001,-0.1799221866506866,-0.17992218665068704,-0.03165776015008839,-0.03165776939777054,0.3101838430408641,0.25889670895393335,0.36414515630393474,-0.15161400449435034,0.5493731833287776,0.5934177005882179,0.0790353019831847,-1.5998053177618266e-06,-1.5998053111582368e-06,3.0065571234764284e-09
4.44,-0.18729466354290317,-0.18729466354290317,-0.039070021606032665,-0.039070029820440964,0.3086699195010946,0.25827624352788126,0.36262046834055583,-0.15332231843267433,0.54914010432641,0.5942635812839451,0.07871437145519546,-1.6094039606145971e-06,-1.6094039539571217e-06,2.9739093028740675e-09
4.45,-0.19465660515968014,-0.19465660515968014,-0.04648008538356412,-0.046480092564235645,0.3071386333597405,0.25765088251704577,0.3610787354457989,-0.1550229773960751,0.5489070253240423,0.5951094619796722,0.07839155019229975,-1.618713894799284e-06,-1.6187138880994906e-06,2.9370333815898807e-09
4.46,-0.20200759739374183,-0.2020075973937414,-0.053887534668547364,-0.053887540815079064,0.3055900707512438,0.2570206407009541,0.35952003456916926,-0.1567159015796025,0.5483660140673162,0.5956296960719165,0.07806689606372752,-1.6277338640707795e-06,-1.6277338573494377e-06,2.8922259344899284e-09
4.470000000000001,-0.20934722675371373,-0.20934722675371417,-0.061291952793915395,-0.06129195790596089,0.30402431878184233,0.2563855331934482,0.3579444434538478,-0.15840101205153387,0.5478250028105901,0.5961499301641607,0.07774046718243488,-1.6364626870823962e-06,-1.6364626803163478e-06,2.85850162759519e-09
4.48,-0.21667508038738006,-0.21667508038738006,-0.06869292326309885,-0.06869292734037077,0.3024414655246721,0.25574557544195714,0.3563520406280038,-0.16007823074473532,0.547283991553864,0.5966701642564051,0.0774123218901292,-1.6448992572748455e-06,-1.6448992505156156e-06,2.8043028500585077e-09
4.49,-0.22399074610490516,-0.22399074610490516,-0.07609002977346109,-0.07609003281573012,0.3008416000148113,0.2551007832267524,0.35474290539619147,-0.16174748044781925,0.5467429802971379,0.5971903983486493,0.07708251874228401,-1.65304254323706e-06,-1.6530425363965832e-06,2.787626259478979e-09
4.5,-0.23129381240202182,-0.23129381240202182,-0.08348285623971133,-0.08348285824680637,0.299224812244273,0.25445117266018397,0.35311711783083677,-0.16340868479610227,0.5462019690404117,0.5977106324408936,0.07675111649315207,-1.6608915881927144e-06,-1.660891581337923e-06,2.744466639574901e-09
4.51,-0.23858386848317686,-0.23858386848317642,-0.09087098681731015,-0.09087098778911827,0.2975911931569429,0.25379676018589714,0.3514747587638185,-0.16506176826237673,0.545356067291419,0.5979022949845273,0.07641817408078301,-1.6684455104998275e-06,-1.668445503610892e-06,2.7103497613910093e-09
4.5200000000000005,-0.24586050428463702,-0.24586050428463746,-0.09825400592586145,-0.09825400586232778,0.2959408346434639,0.2531375625780327,0.34981590977813853,-0.16670665614749683,0.5445101655424263,0.5980939575281611,0.07608375061205085,-1.6757035032205492e-06,-1.6757034963106035e-06,2.672084939145625e-09
4.53,-0.25312331049755754,-0.25312331049755754,-0.10563149827248483,-0.10563149717361363,0.29427382953606757,0.2524735969404092,0.3481406531996898,-0.16834327457079096,0.5436642637934336,0.5982856200717948,0.0757479053476989,-1.6826648341905504e-06,-1.6826648272557908e-06,2.6363390673824236e-09
4.54,-0.2603718785910044,-0.2603718785910044,-0.11300304887518334,-0.11300304674103545,0.2925902716033512,0.25180488070568624,0.3464490720891204,-0.1699715504603041,0.5428183620444409,0.5984772826154285,0.07541069768740788,-1.6893288458247335e-06,-1.6893288388572993e-06,2.6045203295761142e-09
4.55,-0.2676058008349327,-0.26760580083493224,-0.12036824308617733,-0.12036823991687377,0.2908902555450051,0.2511314316345095,0.34474125023379537,-0.17159141154288243,0.5419724602954482,0.5986689451590622,0.0750721871548931,-1.6956949549229439e-06,-1.69569494795579e-06,2.561444937826086e-09
4.5600000000000005,-0.2748246703231244,-0.2748246703231244,-0.12772666661523677,-0.1277266624109551,0.28917387698648367,0.25045326781464,0.34301727213985966,-0.17320278633410177,0.5408264240215401,0.5985309585576881,0.07473243338303753,-1.7017626526422136e-06,-1.701762645628927e-06,2.536382028674032e-09
4.57,-0.28202808099607346,-0.28202808099607346,-0.13507790555297608,-0.13507790031395303,0.28744123247362885,0.24977040766006217,0.3412772230244011,-0.17480560412805293,0.5396803877476322,0.5983929719563141,0.07439149609906626,-1.7075315039971617e-06,-1.7075314969685496e-06,2.501000548653808e-09
4.58,-0.2892156276638292,-0.2892156276638292,-0.14242154639414417,-0.14242154012067443,0.28569241946723734,0.2490828699100765,0.33952118880771676,-0.17639979498698666,0.5385343514737243,0.59825498535494,0.07404943510976833,-1.7130011479016272e-06,-1.7130011408281653e-06,2.4769317749966427e-09
4.59,-0.29638690602878714,-0.29638690602878676,-0.14975717606088013,-0.14975716875331654,0.28392753633757983,0.2483906736283736,0.33774925610568496,-0.17798528973082883,0.5373883151998163,0.598116998753566,0.07370631028677273,-1.7181712966135576e-06,-1.7181712895412694e-06,2.4376170875392102e-09
4.6000000000000005,-0.30354151270842933,-0.30354151270842933,-0.15708438192594973,-0.15708437358470362,0.28214668235886675,0.24769383820209032,0.3359615122222393,-0.1795620199265715,0.5362422789259083,0.597979012152192,0.07336218155188236,-1.7230417357072536e-06,-1.723041728610866e-06,2.4079699644635126e-09
4.61,-0.3106790452580169,-0.31067904525801726,-0.16440275183595468,-0.16440274246149456,0.28034995770366494,0.24699238334084855,0.33415804514195385,-0.18112991787754867,0.5348025515599169,0.5975121522167918,0.07301710886247449,-1.7276123234905016e-06,-1.7276123163707306e-06,2.3788754368206316e-09
4.62,-0.3177991021932262,-0.31779910219322577,-0.17171187413451627,-0.17171186372737032,0.2785374634372628,0.24628632907577597,0.3323389435227322,-0.18268891661260336,0.5333628241939256,0.5970452922813916,0.07267115219697061,-1.731882990754774e-06,-1.7318829836188436e-06,2.3481778914598104e-09
4.63,-0.3249012830127313,-0.3249012830127313,-0.1790113376854342,-0.17901132624618693,0.27670930151198453,0.24557569575850818,0.3305042966886075,-0.18423894987515269,0.5319230968279341,0.5965784323459914,0.07232437154038251,-1.7358537403866503e-06,-1.7358537332234595e-06,2.3218998010671014e-09
4.640000000000001,-0.3319851882207341,-0.33198518822073453,-0.1863007318958075,-0.186300719425103,0.2748655747614564,0.24486050406017582,0.3286541946226517,-0.18577995211216183,0.5304833694619427,0.5961115724105912,0.07197682686994065,-1.739524646868218e-06,-1.7395246397024302e-06,2.2884339007946527e-09
4.65,-0.3390504193494349,-0.3390504193494349,-0.1935796467391334,-0.19357963323767297,0.2730063868948224,0.24414077497037073,0.3267887279599962,-0.1873118584630284,0.5290436420959513,0.595644712475191,0.07162857814080824,-1.7428958559578822e-06,-1.7428958487761215e-06,2.260074920525014e-09
4.66,-0.34609657898144475,-0.34609657898144475,-0.20084767277837157,-0.20084765824691467,0.2711318424909094,0.24341652979609707,0.324907987980962,-0.18883460474839098,0.5273183183088659,0.594851604062241,0.07127968527188794,-1.7459675841074995e-06,-1.7459675768946193e-06,2.237160826211468e-09
4.67,-0.35312327077214267,-0.35312327077214267,-0.20810440118897378,-0.2081043856283378,0.269242046992346,0.2426877901607034,0.3230120666043053,-0.19034812745886442,0.5255929945217803,0.594058495649291,0.07093020813172571,-1.748740117962777e-06,-1.7487401107396394e-06,2.2084581153117847e-09
4.680000000000001,-0.36013009947196856,-0.360130099471969,-0.21534942378188116,-0.2153494071929411,0.26733710669963057,0.24195457800279804,0.32110105638057235,-0.19185236374371317,0.5238676707346948,0.593265387236341,0.07058020652451627,-1.751213813946939e-06,-1.7512138067017924e-06,2.184050132509724e-09
4.69,-0.36711667094865474,-0.36711667094865474,-0.22258233302648098,-0.22258231541017068,0.26541712876515267,0.24121691557514624,0.319175050485572,-0.19334725139946635,0.5221423469476092,0.592472278823391,0.0702297401762165,-1.7533890975945932e-06,-1.7533890903336594e-06,2.1584228091621525e-09
4.7,-0.37408259220939866,-0.37408259220939866,-0.22980272207353752,-0.22980270343084702,0.26348222118716447,0.24047482544355114,0.3172341427139584,-0.1948327288584833,0.5204170231605237,0.591679170410441,0.06987886872076934,-1.755266463038252e-06,-1.7552664557793045e-06,2.128246751634547e-09
4.71,-0.3810274714229652,-0.38102747142296484,-0.23701018477806896,-0.23701016511004777,0.26153249280370744,0.23972833048571457,0.3152784274729314,-0.19630873517747952,0.5184158033503059,0.5905642726640199,0.06952765168644519,-1.7568464724532218e-06,-1.7568464651808125e-06,2.1033218858037778e-09
4.720000000000001,-0.3879509179417303,-0.3879509179417307,-0.2442043157222007,-0.2442042950299545,0.25956805328648846,0.23897745389008362,0.3133079997760487,-0.19777521002601542,0.5164145835400878,0.5894493749175986,0.06917614848230341,-1.7581297553359576e-06,-1.7581297480623919e-06,2.075524654007131e-09
4.73,-0.39485254232365313,-0.39485254232365313,-0.25138471023796194,-0.2513846885226549,0.257589013134713,0.23822221915467756,0.31132295523715786,-0.19923209367495967,0.51441336372987,0.5883344771711774,0.0688244183847804,-1.7591170080044627e-06,-1.7591170006926814e-06,2.058875230351625e-09
4.74,-0.40173195635418113,-0.40173195635418113,-0.2585509644300552,-0.2585509416929089,0.25559548366886764,0.2374626500858979,0.3093233900644377,-0.2006793269849297,0.5124121439196522,0.5872195794247562,0.0684725205244055,-1.7598089927378657e-06,-1.7598089854257725e-06,2.032110307354598e-09
4.75,-0.4085887730680895,-0.4085887730680895,-0.2657026751985718,-0.26570265144086497,0.25358757702445905,0.2366987707973208,0.30730940105456184,-0.20211685139472294,0.5104109241094343,0.5861046816783351,0.06812051387265292,-1.7602065373323317e-06,-1.7602065300217074e-06,2.0055356638542185e-09
4.76,-0.41542260677124626,-0.4154226067712459,-0.2728394402616667,-0.2728394154847358,0.25156540614570666,0.23593060570847366,0.30528108558697215,-0.20354460890973816,0.508145059861852,0.5846742629591981,0.0677684572289298,-1.7603105342683945e-06,-1.7603105269469076e-06,1.9829714550746375e-09
4.7700000000000005,-0.42223307306230684,-0.4222330730623073,-0.27996085817818767,-0.2799608323834262,0.24952908477918884,0.23515817954359142,0.3032385416182727,-0.20496254209039982,0.5058791956142694,0.583243844240061,0.06741640920770721,-1.7601219400031898e-06,-1.7601219326551989e-06,1.965156659513895e-09
4.78,-0.42901978885433845,-0.42901978885433845,-0.2870665283702524,-0.287066501559112,0.2474787274674463,0.23438151733035809,0.3011818676767355,-0.20637059404059147,0.5036133313666871,0.5818134255209241,0.06706442822579645,-1.759641774193299e-06,-1.7596417668501612e-06,1.9395056205758794e-09
4.79,-0.43578237239636763,-0.43578237239636763,-0.2941560511457885,-0.2941560233197764,0.24541444954253655,0.23360064439862926,0.29911116285692485,-0.20776870839610148,0.5013474671191047,0.5803830068017871,0.06671257248977458,-1.7588711190841266e-06,-1.758871111729224e-06,1.918826798043656e-09
4.8,-0.44252044329485246,-0.4425204432948521,-0.3012290277210073,-0.3012289988816895,0.24333636711954904,0.2328155863791377,0.2970265268144362,-0.20915682931309218,0.49908160287152237,0.5789525880826502,0.06636089998356329,-1.7578111185662104e-06,-1.7578111112103116e-06,1.8958852625332937e-09
4.8100000000000005,-0.4492336225350823,-0.4492336225350823,-0.3082850602428435,-0.3082850303918415,0.2412445970900715,0.23202636920218264,0.2949280597607483,-0.210534901456599,0.4965638336996413,0.5772146907252282,0.06600946845616383,-1.75646297749521e-06,-1.7564629701416535e-06,1.8726580769199845e-09
4.82,-0.45592153250249423,-0.45592153250249423,-0.3153237518113262,-0.31532372095031935,0.2391392571156172,0.23123301909629956,0.29281586245819374,-0.2119028699890625,0.49404606452776045,0.5754767933678064,0.06565833540955181,-1.7548279608731177e-06,-1.7548279534952553e-06,1.8567052001253458e-09
4.83,-0.4625837970039164,-0.4625837970039164,-0.3223447065019114,-0.3223446746326356,0.23702046562100437,0.23043556258691394,0.290690036215042,-0.2132606805589044,0.4915282953558796,0.5737388960103846,0.06530755808673502,-1.752907392904568e-06,-1.7529073855448567e-06,1.8305874191195693e-09
4.84,-0.4692200412887275,-0.46922004128872713,-0.32934752938774886,-0.3293474965119969,0.2348883417876958,0.22963402649497797,0.28855068288069463,-0.21460827928915227,0.48901052618399876,0.5720009986529628,0.06495719345997647,-1.7507026564000938e-06,-1.7507026490289014e-06,1.8123831466292422e-09
4.8500000000000005,-0.47582989206993564,-0.47582989206993564,-0.3363318265618982,-0.3363317926815195,0.23274300554709487,0.22882843793558863,0.2863979048409974,-0.21594561276611846,0.4864927570121177,0.5702631012955409,0.06460729821918706,-1.7482151916659028e-06,-1.7482151842991696e-06,1.790747777778405e-09
4.86,-0.48241297754517765,-0.482412977545178,-0.3432972051594845,-0.3432971702763842,0.23058457757379963,0.22801882431658937,0.2842318050136639,-0.21727262802814243,0.48373723873012564,0.5682274963910138,0.06425792876048972,-1.745446495809988e-06,-1.7454464884557689e-06,1.767694727172036e-09
4.87,-0.48896892741763154,-0.48896892741763115,-0.35024327337979744,-0.35024323749593844,0.22841317927881466,0.227205213337154,0.28205248684381024,-0.21858927255440055,0.4809817204481336,0.5661918914864866,0.06390914117495747,-1.7423981218123163e-06,-1.7423981144690957e-06,1.745548365889565e-09
4.88,-0.4954973729168449,-0.4954973729168449,-0.3571696405083327,-0.3571696036257327,0.226228932802721,0.22638763298635275,0.27986005429960303,-0.21989549425379118,0.47822620216614153,0.5641562865819595,0.06356099123752892,-1.7390716776644055e-06,-1.7390716702894012e-06,1.7339835743414593e-09
4.890000000000001,-0.5019979468194803,-0.5019979468194806,-0.3640759169387648,-0.36407587905949895,0.2240319610088073,0.22556611154170203,0.2776546118680184,-0.22119124145390015,0.47547068388414926,0.5621206816774321,0.06321353439610293,-1.7354688253007344e-06,-1.7354688179446268e-06,1.7109225776717685e-09
4.9,-0.5084702834699698,-0.5084702834699698,-0.370961714194865,-0.3709616753210639,0.2218223874761578,0.22474067756769536,0.2754362645507067,-0.22247646289005404,0.4727151656021572,0.560085076772905,0.06286682576081397,-1.7315912800019984e-06,-1.731591272627154e-06,1.6970566154664943e-09
4.91,-0.5149140188010829,-0.5149140188010829,-0.37782664495235385,-0.3778266050862041,0.21960033649270103,0.22391135991431785,0.2732051178599736,-0.223751107694466,0.46973739073622556,0.5577632092325735,0.06252092009349274,-1.7274408091322302e-06,-1.7274408017700718e-06,1.6763737204102989e-09
4.92,-0.5213287903544069,-0.5213287903544065,-0.3846703230606861,-0.3846702822044302,0.21736593304821877,0.2230781877155429,0.2709612778148625,-0.22501512538548196,0.4667596158702939,0.555441341692242,0.06217587179731125,-1.7230192314657278e-06,-1.723019224113687e-06,1.656747353206671e-09
4.930000000000001,-0.5277142373007325,-0.527714237300733,-0.3914923635647737,-0.3914923217207096,0.2151193028273155,0.22224119038781115,0.2687048509373463,-0.2262684658569316,0.4637818410043619,0.5531194741519103,0.06183173490661584,-1.7183284161115253e-06,-1.7183284087628106e-06,1.6390884012331061e-09
4.94,-0.5340700004603531,-0.5340700004603531,-0.3982923827266347,-0.3982923398971168,0.21286057220234944,0.22140039762849237,0.266435944248627,-0.2275110793675904,0.4608040661384303,0.5507976066115788,0.06148856307695015,-1.7133702815905205e-06,-1.7133702742355407e-06,1.6239567891478183e-09
4.95,-0.5403957223232673,-0.5403957223232673,-0.40506999804698657,-0.40506995423442316,0.21058986822632192,0.22055583941432955,0.2641546652655367,-0.2287429165307585,0.45782629127249863,0.5484757390712474,0.06114640957526828,-1.7081467948362739e-06,-1.70814678750413e-06,1.6028202122246915e-09
4.96,-0.5466910470692872,-0.5466910470692868,-0.4118248282867529,-0.41182478349360907,0.20830731862573348,0.21970754599986506,0.261861121997046,-0.22996392830396398,0.4546430019561655,0.5458806632790809,0.060805327270341464,-1.7026599703623413e-06,-1.7026599630286125e-06,1.5874420279979173e-09
4.970000000000001,-0.5529556205880563,-0.5529556205880566,-0.41855649348851554,-0.41855644771731065,0.20601305179339663,0.21885554791585027,0.25955542294087136,-0.2311740659787915,0.4514597126398321,0.5432855874869142,0.06046536862335786,-1.6969118690896012e-06,-1.696911861783734e-06,1.5661084564347217e-09
4.98,-0.5591890904989661,-0.5591890904989661,-0.42526461499788015,-0.42526456825118875,0.2037071967812164,0.21799987596763584,0.25723767708018364,-0.23237328117084835,0.448276423323499,0.5406905116947477,0.06012658567871771,-1.690904597596854e-06,-1.6909045902799528e-06,1.553501241567067e-09
4.99,-0.5653911061709773,-0.5653911061709773,-0.43194881548478126,-0.43194876776523283,0.201389883292929,0.21714056123354683,0.25490799388042,-0.23356152580986617,0.4450931340071658,0.5380954359025812,0.059789030055025574,-1.6846403068787597e-06,-1.6846402995789361e-06,1.5352813935807756e-09
5.0,-0.5715613187423437,-0.5715613187423437,-0.43860871896470377,-0.4386086702749827,0.1990612416768071,0.2162776350632379,0.2525664832861903,-0.23473875212995068,0.4419098446908327,0.5355003601104148,0.059452752936279135,-1.678121191589499e-06,-1.6781211843043748e-06,1.5179594387282698e-09
5.010000000000001,-0.5776993811402357,-0.5776993811402357,-0.44524395081983353,-0.4452439011626787,0.19672140291832746,0.21541112907603194,0.25021325571828157,-0.23590491265997907,0.43853893853463716,0.5326466665265566,0.05911780506325667,-1.6713494889325498e-06,-1.6713494816485702e-06,1.5038185093341923e-09
5.0200000000000005,-0.583804948100261,-0.5838049481002613,-0.4518541378201278,-0.4518540871983317,0.19437049863280353,0.21454107515924042,0.2478484220707568,-0.23705996021415376,0.43516803237844187,0.5297929729426986,0.058784236725103224,-1.6643274776406702e-06,-1.6643274703754785e-06,1.4863898691844997e-09
5.03,-0.5898776761858882,-0.5898776761858882,-0.45843890814430993,-0.45843885656072086,0.1920086610579817,0.21366750546646676,0.24547209370814999,-0.23820384788271515,0.43179712622224653,0.5269392793588406,0.05845209775111704,-1.657057477080781e-06,-1.6570574698207704e-06,1.4720985000215512e-09
5.04,-0.5959172238077642,-0.5959172238077642,-0.46499789140078696,-0.46499783885830576,0.18963602304660224,0.21279045241589103,0.24308438246275,-0.2393365290228207,0.42842622006605124,0.5240855857749825,0.05812143750273564,-1.649541846129865e-06,-1.6495418388895485e-06,1.4552100662515377e-09
5.05,-0.601923251242927,-0.6019232512429267,-0.4715307186484785,-0.47153066515006137,0.18725271805892832,0.2119099486885377,0.24068540063197727,-0.24045795724959376,0.42505531390985596,0.5212318921911245,0.05779230486572311,-1.6417829823006658e-06,-1.6417829750522724e-06,1.4442173710078092e-09
5.0600000000000005,-0.6078954206539177,-0.6078954206539177,-0.4780370224175763,-0.4780369679662322,0.18485888015523635,0.2110260272265247,0.23827526097584795,-0.24156808642734645,0.4215157433744617,0.5181356253190185,0.05746474824255781,-1.6337833205690155e-06,-1.6337833133394847e-06,1.4281614867682022e-09
5.07,-0.6138333961077809,-0.6138333961077809,-0.4845164367302072,-0.48451638132899894,0.18245464398827793,0.21013872123129543,0.23585407671452444,-0.24266687066098344,0.41797617283906763,0.5150393584469127,0.057138815545021565,-1.6255453325342284e-06,-1.625545325335924e-06,1.4100259932483228e-09
5.08,-0.6197368435949633,-0.6197368435949633,-0.4909685971210251,-0.490968540773069,0.1800401447957032,0.20924806416183195,0.2334219615259531,-0.24375426428758806,0.41443660230367363,0.5119430915748069,0.05681455418698986,-1.6170715253643886e-06,-1.6170715181745641e-06,1.396682950747197e-09
5.09,-0.6256054310481006,-0.6256054310481003,-0.4973931406577092,-0.4973930833661749,0.1776155183924552,0.20835408973285138,0.23097902954358218,-0.2448302218681995,0.41089703176827963,0.508846824702701,0.05649201107742337,-1.6083644407000053e-06,-1.6083644335312175e-06,1.3812122530942578e-09
5.1000000000000005,-0.6314388283606954,-0.6314388283606954,-0.5037897059613801,-0.5037896477294903,0.17518090116312957,0.20745683191298278,0.22852539535416377,-0.24589469817977966,0.4073574612328853,0.505750557830595,0.05617123261356016,-1.599426653772773e-06,-1.599426646620121e-06,1.3670018236693841e-09
5.11,-0.6372367074056874,-0.6372367074056877,-0.5101579332269255,-0.5101578740579554,0.1727364300543037,0.20655632492292708,0.22606117399563302,-0.24694764820738055,0.40366912707145197,0.5024291260089515,0.05585226467430886,-1.5902607723300433e-06,-1.5902607651912163e-06,1.3535301112194707e-09
5.12,-0.6429987420539092,-0.6429987420539088,-0.5164974642432403,-0.5164974041405187,0.1702822425668332,0.2056526032336,0.22358648095506625,-0.24798902713651133,0.39998079291001865,0.49910769418730805,0.05553515261384234,-1.5808694356495012e-06,-1.5808694285295585e-06,1.3393930641424263e-09
5.13,-0.6487246081924304,-0.6487246081924304,-0.5228079424133777,-0.5228078813802846,0.16781847674811662,0.20474570156425365,0.22110143216671355,-0.24901879034571114,0.3962924587485853,0.4957862623656646,0.055219941255390766,-1.5712553135469043e-06,-1.5712553064573726e-06,1.3233984428424993e-09
5.140000000000001,-0.6544139837427909,-0.6544139837427912,-0.5290890127746039,-0.5290889508145729,0.16534527118433187,0.2038356548805836,0.21860614401010442,-0.2500368933993322,0.39260412458715166,0.49246483054402085,0.05490667488523435,-1.5614211054115756e-06,-1.561421098339389e-06,1.3101439231528968e-09
5.15,-0.6600665486791165,-0.6600665486791165,-0.5353403220183668,-0.5353402591348831,0.16286276499263996,0.20292249839281545,0.21610073330822502,-0.2510432920405348,0.38891579042571833,0.4891433987223774,0.05459539724689427,-1.5513695391516924e-06,-1.5513695320918454e-06,1.2980851278937498e-09
5.16,-0.6656819850461192,-0.6656819850461192,-0.54156151851017,-0.5415614547067709,0.16037109781335948,0.20200626755377352,0.21358531732576466,-0.25203794218450304,0.38509942979462713,0.4856154762491601,0.05428615153552216,-1.5411033702367183e-06,-1.5411033631957866e-06,1.2850813888270385e-09
5.17,-0.6712599769769847,-0.6712599769769844,-0.5477522523093513,-0.5477521875896255,0.15787040980211223,0.20108699805693245,0.2110600137674277,-0.2530207999118758,0.38128306916353594,0.4820875537759429,0.053978980392485165,-1.5306253807328973e-06,-1.5306253737150104e-06,1.2715961110286449e-09
5.180000000000001,-0.6768002107111368,-0.6768002107111373,-0.5539121751887676,-0.5539121095563554,0.15536084162193928,0.20016472583444955,0.20852494077631117,-0.2539918214624087,0.37746670853244435,0.47855963130272533,0.05367392590014829,-1.519938378317931e-06,-1.519938371319344e-06,1.259055598918561e-09
5.19,-0.6823023746118895,-0.6823023746118895,-0.560040940654379,-0.5600408741129729,0.1528425344353897,0.1992394870551787,0.20598021693234503,-0.2549509632288577,0.37365034790135315,0.4750317088295081,0.05337102957685039,-1.5090451952748385e-06,-1.5090451883134986e-06,1.2435640873537473e-09
5.2,-0.6877661591839741,-0.6877661591839741,-0.5661382039647463,-0.5661381365180883,0.15031562989657807,0.1983113181226672,0.20342596125079113,-0.2558981817510999,0.36983398727026195,0.47150378635629087,0.05307033237207471,-1.4979486876107173e-06,-1.4979486806722467e-06,1.2309167054462176e-09
5.21,-0.6931912570909485,-0.6931912570909482,-0.5722036221504143,-0.5722035538022989,0.14778027014321896,0.19738025567313153,0.20086229318080015,-0.25683343371048606,0.3659110571372798,0.4677892084950216,0.05277187466181111,-1.4866517340020313e-06,-1.486651727082132e-06,1.219278068050791e-09
5.220000000000001,-0.6985773631724863,-0.6985773631724865,-0.578236854033211,-0.5782367847874825,0.1452365977886293,0.1964463365734179,0.19828933260402556,-0.2577566759244287,0.3619881270042972,0.46407463063375204,0.052475696244109235,-1.4751572348925546e-06,-1.4751572279902516e-06,1.20804543415122e-09
5.23,-0.7039241744615408,-0.7039241744615408,-0.5842375602454323,-0.5842374901059859,0.14268475591370902,0.1955095979189425,0.19570719983328677,-0.25866786534123654,0.35806519687131505,0.46036005277248276,0.05218183633482157,-1.4634681115427428e-06,-1.4634681046607035e-06,1.1965768667864545e-09
5.24,-0.7092313902013861,-0.7092313902013861,-0.5902054032489364,-0.5902053322197175,0.1401248880588905,0.19457007703161394,0.19311601561128694,-0.2595669590351884,0.3541422667383328,0.45664547491121354,0.051890333563534285,-1.4515873050929828e-06,-1.451587298238867e-06,1.184013748186747e-09
5.25,-0.7144987118625367,-0.7144987118625367,-0.5961400473541281,-0.5961399754391319,0.1375571382160656,0.19362781145773683,0.19051590110937613,-0.2604539142018558,0.35021933660535065,0.45293089704994427,0.05160122596968429,-1.4395177756476585e-06,-1.4395177688241557e-06,1.1712292915498706e-09
5.260000000000001,-0.7197258431595381,-0.7197258431595381,-0.6020411587388416,-0.6020410859421136,0.1349816508204858,0.19268283896589541,0.18790697792636074,-0.26132868815367366,0.3462118931107509,0.44905054850863557,0.05131455099886058,-1.4272625013522777e-06,-1.4272624945515158e-06,1.1600280795618541e-09
5.2700000000000005,-0.7249124900676327,-0.7249124900676329,-0.6079084054671168,-0.6079083317927513,0.1323985707426381,0.19173519754482213,0.18528936808735622,-0.26219123831576435,0.3422044496161515,0.4451701999673272,0.051030345499289004,-1.414824477463661e-06,-1.4148244706821864e-06,1.149630657976906e-09
5.28,-0.7300583608392999,-0.7300583608392995,-0.613741457507872,-0.6137413829600138,0.12980804328009615,0.1907849254012446,0.18266319404267944,-0.2630415222220159,0.33819700612155207,0.4412898514260189,0.05074864571849745,-1.4022067154409457e-06,-1.402206708704034e-06,1.135180631091993e-09
5.29,-0.735163166020665,-0.735163166020665,-0.6195399867534691,-0.6195399113363108,0.1272102141493461,0.18983206095771465,0.1800285786667803,-0.2638794975114184,0.33418956262695265,0.43740950288471053,0.05046948730016035,-1.3894122421614918e-06,-1.389412235441899e-06,1.1255463949094273e-09
5.3,-0.740226618467783,-0.7402266184677828,-0.6253036670381656,-0.6253035907559502,0.12460522947759212,0.18887664285041875,0.17738564525720701,-0.2647051219246564,0.33018211913235324,0.43352915434340217,0.05019290528111925,-1.376444098852292e-06,-1.376444092178207e-06,1.1114109698687206e-09
5.3100000000000005,-0.7452484333627891,-0.7452484333627891,-0.631032174156467,-0.6310320970134846,0.12199323579453439,0.18791870992697113,0.174734517533606,-0.2655183533009666,0.32611269358127304,0.4295048518531328,0.049918934088579295,-1.3633053404446538e-06,-1.3633053337844246e-06,1.102758947420275e-09
5.32,-0.7502283282299189,-0.7502283282299189,-0.6367251858813564,-0.6367251078819466,0.11937438002412969,0.18695830124418558,0.17207531963675085,-0.26631914957525793,0.32204326803019323,0.4254805493628638,0.049647607537477614,-1.3499990344917334e-06,-1.3499990278634744e-06,1.0913023696931648e-09
5.33,-0.7551660229513996,-0.7551660229513996,-0.6423823819824263,-0.6423823031309763,0.11674880947632418,0.18599545606583026,0.16940817612759865,-0.2671074687754973,0.3179738424791134,0.42145624687259475,0.04937895882802226,-1.336528260495462e-06,-1.3365282539036289e-06,1.0793233856193395e-09
5.34,-0.7600612397832048,-0.7600612397832048,-0.6480034442438876,-0.648003364544833,0.11411667183876895,0.18503021386036383,0.1667332119863711,-0.26788326902036325,0.31390441692803356,0.4174319443823257,0.04911302054339922,-1.32289610900449e-06,-1.3228961024441044e-06,1.068365439578904e-09
5.3500000000000005,-0.764913703370679,-0.764913703370679,-0.6535880564824703,-0.6535879759402944,0.11147811516851196,0.18406261429865162,0.16405055261165877,-0.2686465085171693,0.30983499137695336,0.4134076418920563,0.04884982464764516,-1.3091056807676416e-06,-1.3091056742527065e-06,1.055336069135842e-09
5.36,-0.7697231407640244,-0.7697231407640244,-0.6591359045652084,-0.6591358231844409,0.10883328788367033,0.18309269725166433,0.1613603238195433,-0.2693971455600568,0.30572646356019884,0.40926201154537234,0.04858940248368296,-1.2951600860053314e-06,-1.295160079515822e-06,1.045749670959908e-09
5.37,-0.7744892814336553,-0.7744892814336553,-0.6646466764271094,-0.6646465942123286,0.10618233875508178,0.18212050278815714,0.1586626518427372,-0.27013513852846416,0.30161793574344425,0.4051163811986883,0.04833178477151891,-1.2810624435144469e-06,-1.2810624370411153e-06,1.0378238881496607e-09
5.38,-0.7792118572854166,-0.7792118572854166,-0.6701200620887102,-0.6701199790445401,0.10352541689793515,0.18114607117232995,0.1559576633297376,-0.2708604458858656,0.29750940792668973,0.40097075085200434,0.048077001606596885,-1.26681587990507e-06,-1.2668158734730804e-06,1.0260432783586404e-09
5.390000000000001,-0.7838906026756616,-0.7838906026756616,-0.6755557536735101,-0.6755556698046223,0.10086267176338475,0.18016944286146905,0.15324548534399102,-0.27157302617879037,0.2934008801099348,0.39682512050531993,0.047825082458309236,-1.2524235289135266e-06,-1.2524235225218992e-06,1.0146137794671e-09
5.4,-0.788525254426195,-0.7885252544261956,-0.6809534454252905,-0.6809533607364026,0.09819425313014227,0.1791906585035705,0.1505262453630661,-0.2722728380361158,0.28929235229318023,0.39267949015863596,0.04757605616865982,-1.2378885305697196e-06,-1.2378885242056887e-06,1.0053905520564442e-09
5.41,-0.793115551839079,-0.793115551839079,-0.6863128337253129,-0.686312748221189,0.09552031109605254,0.17820975893494373,0.1478000712778334,-0.2729598401686384,0.285167821848719,0.3884358401974271,0.04732995095107735,-1.223214030447728e-06,-1.22321402410649e-06,9.970889014582859e-10
5.42,-0.797661236711294,-0.7976612367112934,-0.6916336171093995,-0.691633530794849,0.09284099606964959,0.177226785177796,0.1450670913916461,-0.2736339913689257,0.2810432914042578,0.38419219023621826,0.047086794389376185,-1.208403178930284e-06,-1.2084031726402267e-06,9.84499977385165e-10
5.430000000000001,-0.8021620533492638,-0.8021620533492644,-0.6969154962848889,-0.6969154091647662,0.0901564587616966,0.1762417784377997,0.14232743441952278,-0.2742952505114473,0.27691876095979623,0.3799485402750091,0.046846613436861806,-1.1934591305981512e-06,-1.1934591243408317e-06,9.749773026412159e-10
5.44,-0.8066177485832405,-0.8066177485832405,-0.7021581741474677,-0.7021580862266743,0.08746685017671062,0.1752547801016398,0.13958122948732613,-0.2749435765529881,0.272794230515335,0.3757048903138002,0.04660943441557826,-1.1783850433905174e-06,-1.1783850371588113e-06,9.66722586799454e-10
5.45,-0.8110280717815413,-0.8110280717815413,-0.7073613557978904,-0.707361267081371,0.08477232160446437,0.17426583173454185,0.1368286061309367,-0.2755789285333408,0.2686697000708738,0.37146124035259137,0.04637528301569375,-1.163184077959678e-06,-1.1631840717743328e-06,9.554129109080367e-10
5.46,-0.8153927748646494,-0.8153927748646489,-0.7125247485585597,-0.7125246590513055,0.08207302461148024,0.173274975077782,0.13406969429541807,-0.27620126557628183,0.2645523566092681,0.3671434301206773,0.046144184295022345,-1.1478593970742912e-06,-1.1478593909251365e-06,9.4584122275156e-10
5.470000000000001,-0.8197116123191666,-0.8197116123191671,-0.7176480619899963,-0.7176479716970409,0.07936911103250133,0.17228225204617828,0.13130462433417103,-0.2768105468908312,0.2604350131476621,0.3628256198887629,0.04591616267867911,-1.1324141648630381e-06,-1.132414158749423e-06,9.36526019666348e-10
5.48,-0.8239843412116258,-0.8239843412116258,-0.7227310079071679,-0.722730916833591,0.0766607329619549,0.17128770472556235,0.12853352700807333,-0.2774067317727958,0.2563176696860564,0.3585078096568488,0.04569124195886483,-1.1168515462178785e-06,-1.116851540143915e-06,9.267360025124558e-10
5.49,-0.8282107212021529,-0.8282107212021523,-0.7277733003957082,-0.727773208546633,0.07394804274539257,0.1702913753702335,0.12575653348460358,-0.27798977960659293,0.25220032622445077,0.3541899994249348,0.045469445294777124,-1.1011747061695498e-06,-1.1011747001370767e-06,9.168206689591293e-10
5.5,-0.8323905145579873,-0.8323905145579873,-0.732774655827995,-0.7327745632085871,0.07123119297092348,0.16929330640039333,0.12297377533694452,-0.27855964986736137,0.24808298276284507,0.3498721891930207,0.04525079521264609,-1.085386809263067e-06,-1.0853868032778909e-06,9.061790578890038e-10
5.510000000000001,-0.8365234861668559,-0.8365234861668559,-0.7377347928791029,-0.7377346994945728,0.06851033646063143,0.1682935403995614,0.12018538454306385,-0.27911630212335675,0.2439959754868247,0.34550449499024005,0.045035313605890616,-1.069491018988733e-06,-1.0694910130401748e-06,8.973042812343846e-10
5.5200000000000005,-0.840609403550195,-0.840609403550195,-0.7426534325426312,-0.742653338398231,0.06578562626197765,0.16729212011197325,0.11739149348477028,-0.279659696038625,0.23990896821080468,0.3411368007874597,0.04482302173539118,-1.0534904971576387e-06,-1.0534904912424696e-06,8.890554875423026e-10
5.53,-0.8446480368762285,-0.8446480368762285,-0.7475302981463946,-0.7475302032474207,0.06305721563919273,0.16628908843995813,0.11459223494674088,-0.28018979137596717,0.23582196093478466,0.33676910658467946,0.04461394022987856,-1.0373884033673675e-06,-1.0373883974838398e-06,8.812027718624582e-10
5.54,-0.8486391589728977,-0.8486391589728977,-0.7523651153679902,-0.7523650197197802,0.060325258064654205,0.16528448844130025,0.11178774211551704,-0.2807065480001833,0.23173495365876465,0.33240141238189913,0.04440808908643291,-1.0211878944330066e-06,-1.0211878885955012e-06,8.713332218556039e-10
5.55,-0.8525825453406366,-0.852582545340636,-0.757157612250223,-0.7571575158581575,0.057589907210255906,0.16427836332657927,0.10897814857846815,-0.28120992588160026,0.22764794638274463,0.32803371817911886,0.04420548767109107,-1.0048921239014241e-06,-1.004892118108372e-06,8.618383811437363e-10
5.5600000000000005,-0.8564779741650012,-0.8564779741650012,-0.7619075192164082,-0.761907422085909,0.054851316938761496,0.16327075645649447,0.10616358832271679,-0.2816998850998823,0.22361425393396922,0.3236406967711412,0.04400615471955876,-9.885042414822798e-07,-9.885042357366647e-07,8.520376268274452e-10
5.57,-0.8603252263291481,-0.8603252263291481,-0.7666145690855306,-0.7666144712220608,0.052109641295152,0.16226171133916822,0.10334419573402501,-0.28217638584812454,0.21958056148519414,0.31924767536316395,0.043810108338024414,-9.72027392590058e-07,-9.720273868775852e-07,8.444862861708977e-10
5.58,-0.8641240854261573,-0.8641240854261573,-0.7712784970872762,-0.771278398496341,0.049365034497959495,0.16125127162743358,0.10052010559563922,-0.28263938843722874,0.2155468690364191,0.31485465395518664,0.04361736600407201,-9.554647178028342e-07,-9.55464712127159e-07,8.365164668523592e-10
5.59,-0.8678743377712055,-0.8678743377712055,-0.7758990408769242,-0.7758989415640697,0.04661765093059293,0.16023948111610067,0.09769145308708785,-0.2830888533005555,0.21151317658764401,0.3104616325472094,0.0434279445676876,-9.38819352439002e-07,-9.388193468120851e-07,8.269099553034685e-10
5.6000000000000005,-0.8715757724135882,-0.8715757724135882,-0.7804759405501059,-0.7804758405209179,0.04386764513265294,0.15922638373920756,0.09485837378293333,-0.28352474099886366,0.2074794841388686,0.3060686111392317,0.04324186025235996,-9.220944261201236e-07,-9.220944205379916e-07,8.180140376600622e-10
5.61,-0.8752281811485821,-0.8752281811485821,-0.7850089386574207,-0.7850088379175257,0.04111517179124091,0.15821202356725073,0.09202100365147192,-0.2839470122255216,0.20352178540364424,0.30167496169048785,0.043059128656268056,-9.052930622921451e-07,-9.052930567536463e-07,8.094085812766793e-10
5.62,-0.8788313585291587,-0.8788313585291587,-0.7894977802189199,-0.7894976787739851,0.038360385732256835,0.15719644480439926,0.08917947905338029,-0.2843556278120019,0.19956408666841988,0.297281312241744,0.042879764753555524,-8.884183778160026e-07,-8.884183723314829e-07,7.994135937838101e-10
5.63,-0.8823851018775412,-0.8823851018775412,-0.7939422127384503,-0.7939421105941813,0.0356034419116895,0.15617969178568963,0.08633393674030593,-0.2847505487336476,0.1956063879331955,0.29288766279300016,0.04270378289568601,-8.714734826206771e-07,-8.714734771641836e-07,7.93315293216393e-10
5.640000000000001,-0.8858892112966027,-0.8858892112966027,-0.798341986217854,-0.7983418833799968,0.032844495406902235,0.1551618089742033,0.08348451385339847,-0.2851317361157184,0.1916486891979708,0.2884940133442559,0.04253119681287895,-8.544614791827776e-07,-8.54461473777457e-07,7.839618685002142e-10
5.65,-0.889343489681112,-0.8893434896811123,-0.8026968531710328,-0.8026967496453716,0.03008370140790853,0.15414284095822628,0.08063134792177928,-0.2854991512397074,0.18769099046274643,0.284100363895512,0.04236201961562011,-8.373854623183741e-07,-8.373854569588336e-07,7.755045375569327e-10
5.66,-0.8927477427288215,-0.8927477427288215,-0.8070065686378685,-0.8070064644302269,0.02732121520864314,0.15312283244839087,0.07777457686094609,-0.28585275554993284,0.1838315370630765,0.2797307891015053,0.04219626379624551,-8.202485187250308e-07,-8.202485134025238e-07,7.684194017703416e-10
5.67,-0.8961017789513946,-0.8961017789513942,-0.8112708901980028,-0.8112707853142428,0.02455719219822608,0.1521018282747989,0.07491433897111084,-0.2861925106603977,0.1799720836634066,0.27536121430749855,0.04203394123059409,-8.030537266418003e-07,-8.030537213701748e-07,7.594407693191239e-10
5.680000000000001,-0.8994054096851777,-0.899405409685178,-0.8154895779844733,-0.815489472430494,0.021791787852222272,0.15107987338413062,0.07205077293546767,-0.28651837836192057,0.17611263026373636,0.2709916395134915,0.04187506317972725,-7.858041555924844e-07,-7.858041503675223e-07,7.51176076853965e-10
5.69,-0.9026584491018138,-0.9026584491018138,-0.8196623946972026,-0.8196622884789416,0.01902515772389829,0.15005701283673123,0.06918401781838739,-0.2868303206295332,0.17225317686406644,0.26662206471948474,0.041719640291711095,-7.685028660109339e-07,-7.685028608368339e-07,7.424113906628485e-10
5.7,-0.9058607142186932,-0.9058607142186932,-0.8237891056163522,-0.8237889987397841,0.016257457435468387,0.14903329180368438,0.06631421306353802,-0.28712829963014297,0.16839372346439654,0.262252489925478,0.041567682603458986,-7.511529089912483e-07,-7.51152903864985e-07,7.341822557981363e-10
5.71,-0.9090120249092473,-0.9090120249092469,-0.8278694786155198,-0.8278693710866568,0.013488842669344692,0.14800875556386608,0.06344149849192583,-0.2874122777304567,0.1646542146512689,0.2579315571252454,0.04141919954263008,-7.337573260032815e-07,-7.337573209070428e-07,7.285978171705232e-10
5.720000000000001,-0.9121122039130803,-0.9121122039130807,-0.8319032841748019,-0.8319031759996919,0.010719469159376827,0.1469834495009833,0.0605660142998572,-0.2876822175051679,0.1609147058381409,0.25361062432501236,0.04127419992958263,-7.163191485595743e-07,-7.163191435253166e-07,7.185395368667394e-10
5.73,-0.9151610768459415,-0.9151610768459415,-0.8358902953936973,-0.8358901865784257,0.007949492682095827,0.14595741910059376,0.05768790105681663,-0.2879380817454022,0.15717519702501326,0.24928969152477976,0.0411326919793775,-6.988413981320885e-07,-6.988413931436997e-07,7.108772639204353e-10
5.74,-0.9181584722095318,-0.9181584722095315,-0.8398302880038772,-0.8398301785545649,0.005179069047947488,0.14493070994711038,0.05480729970325893,-0.2881798334674167,0.1534356882118856,0.24496875872454713,0.04099468330382907,-6.813270857636278e-07,-6.813270808170153e-07,7.038876406116621e-10
5.75,-0.9211042214011522,-0.9211042214011522,-0.8437230403817964,-0.8437229303045994,0.002408354092530457,0.14390336772078877,0.05192435154831356,-0.28840743592155454,0.14969617939875796,0.2406478259243145,0.04086018091360094,-6.637792119151831e-07,-6.637792070153664e-07,6.962712130626934e-10
5.760000000000001,-0.9239981587231879,-0.9239981587231879,-0.8475683335611598,-0.8475682228622703,-0.00036249633216925425,0.1428754381946976,0.04903919826739784,-0.28862085260145093,0.14609764005106163,0.23639982897390877,0.040729191220343554,-6.46200766264704e-07,-6.46200761423256e-07,6.870986785521153e-10
5.7700000000000005,-0.9268401213924273,-0.9268401213924273,-0.85136595124524,-0.8513658399308842,-0.003133326366545869,0.14184696723167395,0.046151981899736925,-0.2888200472534863,0.1424991007033656,0.23215183202350342,0.040601720038870234,-6.285947275475046e-07,-6.28594722753234e-07,6.796005266555392e-10
5.78,-0.9296299495492193,-0.9296299495492193,-0.8551156798190429,-0.8551155678954829,-0.0059039801521401925,0.1408180007812611,0.04326284484578819,-0.28900498388648377,0.13890056135566958,0.22790383507309805,0.04047777258936883,-6.109640633342184e-07,-6.109640585738652e-07,6.740619692964895e-10
5.79,-0.9323674862664663,-0.9323674862664663,-0.858817308361326,-0.8588171958348572,-0.008674301840408016,0.13978858487663195,0.04037192986456731,-0.2891756267816506,0.13530202200797356,0.2236558381226927,0.04035735349964681,-5.933117298503876e-07,-5.933117251518933e-07,6.646469506397494e-10
5.800000000000001,-0.9350525775584494,-0.9350525775584494,-0.8624706286564594,-0.8624705155334114,-0.011444135601484495,0.13875876563149514,0.037479380070873515,-0.2893319405027577,0.13170348266027723,0.21940784117228698,0.04024046680740613,-5.756406719625851e-07,-5.75640667308272e-07,6.578120278469583e-10
5.8100000000000005,-0.9376850723894911,-0.9376850723894911,-0.8660754352061392,-0.8660753214928751,-0.014213325632950538,0.13772858923698672,0.034585338932412196,-0.289473889906558,0.1282661450752864,0.21525666385588174,0.04012711596254638,-5.579538229008585e-07,-5.579538182878874e-07,6.514530941913532e-10
5.82,-0.9402648226824519,-0.9402648226824519,-0.8696315252409484,-0.8696314109438643,-0.0169817161685977,0.1366981019585456,0.03168995026681232,-0.2896014401534316,0.12482880749029555,0.2111054865394765,0.04001730382949111,-5.402541042101583e-07,-5.402540996426064e-07,6.445913401170627e-10
5.83,-0.9427916833270578,-0.9427916833270578,-0.8731386987317596,-0.8731385838572848,-0.019749151487187977,0.1356673501327746,0.028793358238535238,-0.28971455671826574,0.12139146990530472,0.20695430922307126,0.039911032689537586,-5.225444256393152e-07,-5.225444211275382e-07,6.363405200422756e-10
5.84,-0.9452655121880633,-0.9452655121880633,-0.8765967584009886,-0.8765966429555848,-0.02251547592121403,0.13463638016428583,0.025895707355675066,-0.2898132054015582,0.11795413232031388,0.202803131906666,0.039808304243225574,-5.048276850716515e-07,-5.048276806101204e-07,6.289401863966103e-10
5.8500000000000005,-0.9476861701132482,-0.9476861701132482,-0.8800055097336914,-0.8800053937238523,-0.02528053386565654,0.1336052385225319,0.022997142466645706,-0.2898973523407391,0.11451679473532274,0.1986519545902604,0.03970911961272209,-4.871067684070196e-07,-4.871067639916959e-07,6.221770626182161e-10
5.86,-0.9500535209412417,-0.9500535209412417,-0.8833647609885039,-0.8833646444207549,-0.02804416978673488,0.13257397173862162,0.020097808756754022,-0.2899669640217195,0.11125998487535928,0.19462093633682528,0.03961347934422262,-4.6938454949935204e-07,-4.693845451415116e-07,6.138912674325249e-10
5.87,-0.9523674315091841,-0.9523674315091841,-0.8866743232084284,-0.8866742060893268,-0.030806228230656818,0.13154262640212366,0.017197851744656482,-0.29002200729064637,0.10800317501539583,0.19058991808339018,0.039521383410362695,-4.5166389014972275e-07,-4.5166388584254036e-07,6.066312778928232e-10
5.88,-0.9546277716602164,-0.9546277716602164,-0.8899340102314636,-0.8899338925675969,-0.03356655383236383,0.1305112491578528,0.014297417278697164,-0.2900624493658701,0.10474636515543237,0.1865588998299551,0.03943283121263934,-4.339476400092024e-07,-4.3394763574891444e-07,5.999633452445667e-10
5.890000000000001,-0.9568344142508007,-0.9568344142508007,-0.8931436387010733,-0.8931435204990604,-0.03632499132426832,0.1294798867026443,0.011396651533124972,-0.29008825785011993,0.10148955529546863,0.18252788157651964,0.03934782158384044,-4.162386365580417e-07,-4.1623863235471796e-07,5.919373606103794e-10
5.9,-0.9589872351578731,-0.9589872351578734,-0.8963030280765024,-0.8963029093429918,-0.0390813855449887,0.12844858578211588,0.008495701004188103,-0.29009940074287965,0.09823274543550517,0.17849686332308454,0.039266352790479055,-3.985397051195494e-07,-3.9853970097368935e-07,5.83898964933438e-10
5.91,-0.9610861132858256,-0.9610861132858256,-0.8994120006429314,-0.8994118813846022,-0.04183558144807646,0.12741739318741374,0.005594712506103876,-0.29009584645296144,0.0951747742703499,0.1746086679836266,0.03918842253523057,-3.8085365883233635e-07,-3.8085365472946694e-07,5.779550247257908e-10
5.92,-0.9631309305733167,-0.9631309305733164,-0.9024703815214734,-0.9024702617450338,-0.04458742411073863,0.12638635575194704,0.0026938331669017013,-0.290077563811271,0.09211680310519464,0.17072047264416867,0.03911402795937047,-3.631832986017436e-07,-3.631832945560451e-07,5.700676231524774e-10
5.930000000000001,-0.9651215719999128,-0.965121571999913,-0.905477998679011,-0.9054778783911982,-0.047336758742551624,0.125355520348109,-0.00020678957586242288,-0.2900445220837658,0.08905883194003911,0.16683227730471037,0.03904316564521211,-3.4553141321086445e-07,-3.455314092081649e-07,5.642294023962607e-10
5.94,-0.9670579255925591,-0.9670579255925591,-0.908434682937871,-0.9084345621454516,-0.05008343069416607,0.1243249338839858,-0.003107007979522009,-0.28999669098459174,0.08600086077488384,0.16294408196525245,0.038975831618540124,-3.279007792234001e-07,-3.279007752809732e-07,5.560062808675044e-10
5.95,-0.9689398824318763,-0.9689398824318763,-0.9113402679853444,-0.9113401466951123,-0.05282728546600984,0.12329464330005395,-0.006006674000848392,-0.28993404068940143,0.08294288960972858,0.1590558866257945,0.03891202135103969,-3.1029416113631525e-07,-3.102941572388371e-07,5.499923577659872e-10
5.96,-0.9707673366582885,-0.9707673366582883,-0.9141945903830375,-0.9141944686018159,-0.0555681687169749,0.12226469556586352,-0.00890563930073311,-0.2898565418488485,0.08010095016568713,0.15533237504894282,0.038851729762719424,-2.927143113035102e-07,-2.9271430745278076e-07,5.437717155036488e-10
5.970000000000001,-0.9725401854779769,-0.9725401854779772,-0.9169974895760691,-0.9169973673107077,-0.05830592627310199,0.12123513767671225,-0.011803755249006113,-0.28976416560224827,0.07725901072164545,0.1516088634720908,0.03879495122432552,-2.7516397004684334e-07,-2.751639662461086e-07,5.371377370575968e-10
5.98,-0.9742583291686635,-0.9742583291686635,-0.9197488079020976,-0.919748685159474,-0.06104040413624917,0.12020601665030642,-0.014700872929391312,-0.2896568835914006,0.07441707127760401,0.14788535189523908,0.038741679559745335,-2.5764586569776426e-07,-2.5764586194773066e-07,5.30446719530951e-10
5.99,-0.9759216710852183,-0.9759216710852181,-0.9224483906001928,-0.9224482673872115,-0.0637714484927583,0.11917737952341172,-0.017596843144601266,-0.2895346679745786,0.07157513183356258,0.14416184031838739,0.03869190804840138,-2.4016271463894734e-07,-2.4016271095302354e-07,5.218979719105344e-10
6.0,-0.977530117665097,-0.977530117665097,-0.9250960858195404,-0.9250959621431316,-0.06649890572210475,0.11814927334849282,-0.02049151642157249,-0.2893974914406627,0.06873319238952114,0.1404383287415357,0.03864562942763044,-2.227172214291917e-07,-2.2271721779136278e-07,5.156540997602353e-10
6.010000000000001,-0.979083578433604,-0.979083578433604,-0.9276917446279821,-0.9276916204951029,-0.06922262240553817,0.11712174519034281,-0.02338474301684281,-0.2892453272234283,0.0661232630839759,0.13690043586389772,0.03860283589504995,-2.053120787964824e-07,-2.0531207520028127e-07,5.103658152569488e-10
6.0200000000000005,-0.9805819660089804,-0.9805819660089804,-0.9302352210203941,-0.9302350964380266,-0.07194244533471333,0.11609484212270246,-0.026276372922072293,-0.2890781491159731,0.06351333377843088,0.13336254298626007,0.03856351911090821,-1.8794996774207373e-07,-1.8794996420547078e-07,5.02562327634428e-10
6.03,-0.9820251961073201,-0.9820251961073201,-0.9327263719269,-0.9327262469020521,-0.07465822152030725,0.11506861122486975,-0.029166255869709282,-0.2888959314852831,0.06090340447288587,0.1298246501086224,0.03852767020041841,-1.7063355768620614e-07,-1.706335542063689e-07,4.951917056146886e-10
6.04,-0.9834131875473108,-0.9834131875473108,-0.9351650572209185,-0.9351649317606223,-0.07736979820062619,0.11404309957829992,-0.03205424133880258,-0.2886986492869266,0.05829347516734086,0.12628675723098476,0.03849527975607462,-1.5336550649586167e-07,-1.5336550306671443e-07,4.887157403385275e-10
6.050000000000001,-0.9847458622547998,-0.9847458622547998,-0.9375511397270444,-0.9375510138383576,-0.08007702285019656,0.1130183542631965,-0.034940178560961245,-0.2884862780798763,0.055683545861795615,0.12274886435334678,0.03846633783994953,-1.3614846058884744e-07,-1.361484572096741e-07,4.823714132770192e-10
6.0600000000000005,-0.9860231452671862,-0.9860231452671862,-0.9398844852287659,-0.9398843589187698,-0.0827797431883453,0.1119944223550936,-0.03782391652646339,-0.2882587940414492,0.05332030066673139,0.11941648149568025,0.038440833985972735,-1.1898505503787904e-07,-1.1898505171698132e-07,4.748679003560729e-10
6.07,-0.9872449647376376,-0.9872449647376376,-0.9421649624760142,-0.9421648357518133,-0.08547780718776668,0.11097135092142989,-0.04070530399051459,-0.28801617398235996,0.05095705547166717,0.11608409863801371,0.03841875720218874,-1.018779137024195e-07,-1.0187791043166638e-07,4.685509348424506e-10
6.08,-0.9884112519391306,-0.9884112519391306,-0.9443924431925452,-0.9443923160612678,-0.08817106308307177,0.10994918701811489,-0.04358418947965774,-0.28775839536188075,0.04859381027660295,0.11275171578034718,0.03840009597299422,-8.482964927031267e-08,-8.482964606376099e-08,4.602403866171052e-10
6.09,-0.9895219412683177,-0.9895219412683177,-0.9465668020831555,-0.9465666745519532,-0.09085935937932632,0.10892797768608675,-0.04646042129833479,-0.28748543630310064,0.04623056508153872,0.10941933292268065,0.038384838261353346,-6.784286346595003e-08,-6.784286029852677e-08,4.5554986887810893e-10
6.1000000000000005,-0.9905769702492173,-0.9905769702492173,-0.9486879168407316,-0.9486877889167776,-0.09354254486057315,0.1079077699478641,-0.04933384753560148,-0.2871972756082813,0.04386731988647429,0.10608695006501381,0.03837297151099206,-5.0920147015576234e-08,-5.092014390672556e-08,4.4808369583940354e-10
6.11,-0.9915762795367271,-0.9915762795367271,-0.9507556681531272,-0.950755539843617,-0.096220468598336,0.10688861080408972,-0.052204316071996645,-0.28689389277430066,0.04176404582606833,0.10297881309598383,0.03836448264857005,-3.406407991790594e-08,-3.406407685638824e-08,4.422540664755172e-10
6.12,-0.9925198129199632,-0.9925198129199632,-0.952769939709876,-0.9527698110220273,-0.0988929799601105,0.10587054723006888,-0.05507167458656527,-0.28657526800817307,0.03966077176566237,0.09987067612695386,0.038359358085829166,-1.7277231430246065e-08,-1.727722842538859e-08,4.35092162039577e-10
6.13,-0.9934075173254217,-0.9934075173254217,-0.9547306182087345,-0.954730489149786,-0.1015599286178378,0.10485362617230115,-0.05793577056403839,-0.28624138224265055,0.03755749770525641,0.09676253915792386,0.038357583721720934,-5.621602697236661e-10,-5.621573146319392e-10,4.289408794099406e-10
6.140000000000001,-0.9942393428199636,-0.9942393428199636,-0.9566375933620538,-0.9566374639392647,-0.10422116455635877,0.1038378945450062,-0.06079645130216834,-0.2858922171518859,0.03545422364485026,0.0936544021888936,0.038359144944509975,1.6078585331202877e-08,1.6078588239054614e-08,4.2316994676777644e-10
6.15,-0.9950152426136244,-0.9950152426136245,-0.9584907579029845,-0.9584906281236351,-0.10687653808185363,0.1028233992266452,-0.06365356391922149,-0.2855277551671595,0.0333509495844443,0.09054626521986363,0.038364026633855686,3.2642467499843786e-08,3.264247035059814e-08,4.159735071322477e-10
6.16,-0.9957351730622453,-0.9957351730622453,-0.9602900075915096,-0.9602898774628997,-0.1095258998302613,0.10181018705643687,-0.06650695536162862,-0.2851479794926612,0.03151947203058408,0.0876798492161745,0.03837221316287176,4.912695857756111e-08,4.912696137554795e-08,4.094136660948203e-10
6.17,-0.9963990936699284,-0.9963990936699283,-0.9620352412203087,-0.9620351107497582,-0.11216910077568241,0.10079830483086932,-0.06935647241179255,-0.284752874121316,0.02968799447672385,0.08481343321248536,0.038383688400163055,6.552954106425757e-08,6.552954380077414e-08,4.0158109838936567e-10
6.180000000000001,-0.9970069670913143,-0.9970069670913144,-0.9637263606204507,-0.9637262298152983,-0.11480599223876128,0.09978779930020781,-0.07220196169605529,-0.28434242385064856,0.027856516922863464,0.08194701720879598,0.038398435711840526,8.1847707458782e-08,8.184771013745596e-08,3.9427707579685587e-10
6.19,-0.9975587591336836,-0.9975587591336836,-0.9653632706669144,-0.9653631395345181,-0.11743642589504716,0.09877871716499868,-0.07504326969282334,-0.2839166142986858,0.026025039369003237,0.07908060120510683,0.03841643796351636,9.807896018260154e-08,9.807896281683327e-08,3.8894695343579016e-10
6.2,-0.9980544387588794,-0.9980544387588794,-0.966945879283942,-0.9669457478316777,-0.12006025378334137,0.09777110507257107,-0.0778802427408522,-0.28347543191987945,0.02419356181514301,0.0762141852014177,0.03843767752227753,1.1422081151735153e-07,1.1422081408945518e-07,3.810027347380907e-10
6.21,-0.9984939780850534,-0.9984939780850532,-0.9684740974502156,-0.9684739656854777,-0.1226773283140164,0.09676500961353553,-0.08071272704769067,-0.2830188640210473,0.022644178000883076,0.07360560619657434,0.038462136258639604,1.3027078341054654e-07,1.3027078592835058e-07,3.7420842291219914e-10
6.220000000000001,-0.9988773523882343,-0.9988773523882343,-0.9699478392038668,-0.9699477071340669,-0.12528750227732088,0.09576047731827983,-0.08354056869828379,-0.28254689877732675,0.021094794186623002,0.07099702719173075,0.038489795548482184,1.4622640745476367e-07,1.462264099366936e-07,3.7015380172304506e-10
6.23,-0.9992045401037187,-0.9992045401037187,-0.9713670216473101,-0.9713668892798771,-0.1278906288516564,0.09475755465346418,-0.08636361366373613,-0.28205952524812977,0.019545410372363067,0.06838844818688739,0.038520636274966116,1.6208522483907029e-07,1.6208522726052083e-07,3.624254652146337e-10
6.24,-0.999475522827284,-0.999475522827284,-0.9727315649519074,-0.9727314322942872,-0.1304865616118401,0.09375628801851417,-0.08918170781023439,-0.2815567333930923,0.01799602655810313,0.06577986918204402,0.038554638830433474,1.7784478614779609e-07,1.7784478850708942e-07,3.5442560046013713e-10
6.25,-0.9996902853162234,-0.9996902853162234,-0.9740413923624578,-0.9740412594221118,-0.133075154537339,0.09275672374211387,-0.09199469690812889,-0.2810385140880119,0.016446642743843196,0.06317129017720066,0.038591783118292165,1.9350265136053313e-07,1.9350265366937514e-07,3.481667849445583e-10
6.260000000000001,-0.9998488154902033,-0.9998488154902033,-0.9752964302015145,-0.975296296985921,-0.13565626202048328,0.09175890807869738,-0.09480242664117519,-0.280504859140766,0.015188063868615213,0.0608352145513055,0.03863204855488615,2.0905638979662466e-07,2.0905639205723582e-07,3.4223089149459093e-10
6.2700000000000005,-0.9999511044319436,-0.9999511044319436,-0.9764966078735302,-0.9764964743901824,-0.13822973887465761,0.09076288720494191,-0.09760474261593419,-0.27995576130720173,0.013929484993387342,0.058499138925410546,0.03867541407135265,2.245035800318984e-07,2.245035822358327e-07,3.349984194743817e-10
6.28,-0.999997146387718,-0.999997146387718,-0.9776418578688272,-0.9776417241252335,-0.14079544034246716,0.08976870721626,-0.10040149037133139,-0.27939121430698866,0.012670906118159471,0.056163063299515585,0.03872185811546744,2.398418098153998e-07,2.3984181197187344e-07,3.291470162791822e-10
6.29,-0.9999869387676786,-0.9999869387676786,-0.9787321157673953,-0.978731981771079,-0.14335322210388146,0.08877641412329414,-0.10319251538837361,-0.2788112128394283,0.0114123272429316,0.05382698767362063,0.038771358653480394,2.5506867610408657e-07,2.5506867818812505e-07,3.1945108530953093e-10
6.300000000000001,-0.9999204821460017,-0.9999204821460017,-0.9797673202425151,-0.9797671860010132,-0.14590294028435058,0.08778605384841232,-0.105977663100025,-0.27821575259921244,0.010153748367703618,0.05149091204772547,0.038823893171943014,2.701817848824173e-07,2.701817869268097e-07,3.147511295443122e-10
6.3100000000000005,-0.9997977802608543,-0.9997977802608543,-0.9807474130642078,-0.9807472785850714,-0.1484444514628988,0.08679767222220554,-0.10875677890123858,-0.277604830292122,0.00919305061978462,0.04944047406775493,0.03887943867952957,2.8517875132888504e-07,2.851787533223099e-07,3.0828982550649336e-10
6.32,-0.9996188400141854,-0.9996188400141854,-0.9816723391025107,-0.981672204393304,-0.15097761268019314,0.08581131497998849,-0.11152970815914601,-0.2769784436506544,0.008232352871865625,0.04739003608778439,0.038937971708853034,3.0005719963560606e-07,3.0005720158388375e-07,3.0270437694758765e-10
6.33,-0.9993836714713366,-0.9993836714713366,-0.9825420463305781,-0.9825419113988786,-0.15350228144658265,0.08482702775830264,-0.1142962962234024,-0.2763365914495814,0.007271655123946627,0.04533959810781385,0.03899946831828009,3.148147630985254e-07,3.148147649886371e-07,2.950641345865178e-10
6.340000000000001,-0.9990922878604763,-0.9990922878604763,-0.9833564858276075,-0.9833563506810051,-0.15601831575011496,0.08384485609142339,-0.11705638843668632,-0.27567927352141436,0.006310957376027545,0.04328916012784313,0.0390639040937439,3.29449084048028e-07,3.2944908588556505e-07,2.882565253470599e-10
6.3500000000000005,-0.9987447055718559,-0.9987447055718559,-0.9841156117815919,-0.9841154764276888,-0.15852557406452358,0.08286484540787073,-0.11980983014535418,-0.27500649077178535,0.005350259628108548,0.04123872214787259,0.03913125415056065,3.4395781391832747e-07,3.439578157108672e-07,2.8260460618079844e-10
6.36,-0.9983409441568876,-0.9983409441568876,-0.9848193814918971,-0.9848192459383066,-0.16102391535719005,0.08188704102692525,-0.1225564667102482,-0.2743182451947213,0.004692844399715591,0.03948545012204918,0.039201493135249205,3.583386132821609e-07,3.583386150152496e-07,2.746327767508491e-10
6.37,-0.9978810263270443,-0.9978810263270443,-0.9854677553716616,-0.9854676196260088,-0.16351319909707476,0.08091148815514902,-0.12529614351765603,-0.2736145398878111,0.004035429171322635,0.03773217809622578,0.039274595227357566,3.72589151816094e-07,3.7258915350359134e-07,2.6881278317435477e-10
6.38,-0.9973649779525828,-0.9973649779525828,-0.9860606969500264,-0.9860605610199469,-0.16599328526262433,0.07993823188291123,-0.12802870599042188,-0.2728953790672577,0.0033780139429296775,0.03597890607040238,0.039350534141299374,3.867071084601159e-07,3.867071100874184e-07,2.606182644743235e-10
6.390000000000001,-0.996792828061088,-0.996792828061088,-0.9865981728741837,-0.9865980367673235,-0.16846403434964552,0.07896731718092131,-0.13075399959920672,-0.2721607680827995,0.0027205987145366623,0.034225634044578825,0.03942928312820083,4.006901713760058e-07,4.006901729507878e-07,2.5359556971886007e-10
6.4,-0.9961646088358407,-0.9961646088358406,-0.9870801529112544,-0.9870800166352697,-0.17092530737915368,0.07799878889676758,-0.13347186987389928,-0.27141071343250234,0.0020631834861437053,0.03247236201875542,0.03951081497776359,4.145360380999885e-07,4.1453603962982033e-07,2.477450019318857e-10
6.41,-0.9954803556140063,-0.9954803556140063,-0.9875066099499887,-0.9875064735125448,-0.1733769659051896,0.07703269175146406,-0.13618216241517084,-0.27064522277740777,0.0017127470048424519,0.031026113480205904,0.039595102020144324,4.282424156190623e-07,4.2824241710650164e-07,2.4226809924239934e-10
6.42,-0.9947401068846483,-0.9947401068846484,-0.9878775200022907,-0.9878773834110619,-0.17581887202260793,0.07606907033600414,-0.138884722906179,-0.26986430495602676,0.0013623105235411985,0.02957986494165639,0.03968211612785397,4.4180702049589904e-07,4.4180702191713996e-07,2.3285019928870955e-10
6.430000000000001,-0.9939439042865627,-0.9939439042865627,-0.9881928622045675,-0.988192725467237,-0.17825088837483394,0.07510796910792274,-0.14157939712441295,-0.2690679699986808,0.0010118740422399139,0.028133616403106746,0.03977182871768136,4.552275788965998e-07,4.552275802757688e-07,2.2731860543177937e-10
6.44,-0.9930917926059354,-0.9930917926059354,-0.9884526188189035,-0.9884524819431628,-0.18067287816158795,0.07414943238786725,-0.14426603095368387,-0.26825622914167097,0.0006614375609386605,0.02668736786455723,0.03986421075264251,4.685018268821284e-07,4.6850182821304293e-07,2.2071575836548573e-10
6.45,-0.9921838197738239,-0.9921838197738239,-0.9886567752340575,-0.9886566382276063,-0.18308470514658395,0.07319350435617843,-0.14694447039625402,-0.26742909484126903,0.00031100107963740706,0.025241119326007717,0.03995923274395853,4.816275104360668e-07,4.816275117310129e-07,2.1610165301118325e-10
6.46,-0.9912200368634606,-0.9912200368634607,-0.9888053199662851,-0.9888051828368297,-0.18548623366518935,0.07224022904947963,-0.149614561585106,-0.26658658078753084,0.00026951362680595066,0.02411002561012573,0.04005686475306771,4.946023857352322e-07,4.946023869739677e-07,2.0804929389231519e-10
6.470000000000001,-0.9902004980873802,-0.9902004980873801,-0.9888982446599843,-0.9888981074152382,-0.18787732863205905,0.07128965035727755,-0.1522761507963485,-0.2657287019179085,0.00022802617397449056,0.022978931894243645,0.0401570763936716,5.074242192329437e-07,5.07424220415962e-07,1.9999489184356482e-10
6.48,-0.9891252607943698,-0.9891252607943698,-0.9889355440881655,-0.9889354067358487,-0.19025785554873054,0.07034181201857373,-0.1549290844617575,-0.26485547443066926,0.00018653872114303413,0.02184783817836166,0.04025983683382206,5.200907879365779e-07,5.200907890650905e-07,1.9205809985860058e-10
6.49,-0.9879943854662437,-0.9879943854662439,-0.9889172161527457,-0.9889170787005842,-0.1926276805111929,0.06939675761848696,-0.15757320918145157,-0.26396691579809795,0.00014505126831157773,0.020716744462479675,0.040365114798049447,5.325998795949194e-07,5.325998806851112e-07,1.868045516006374e-10
6.5,-0.9868079357144411,-0.9868079357144411,-0.9888432618846668,-0.9888431243403919,-0.19498667021741722,0.06845453058488839,-0.1602083717366955,-0.26306304477948655,0.00010356381548012131,0.01958565074659769,0.04047287856953777,5.449492929965327e-07,5.44949294034447e-07,1.7908710786091225e-10
6.510000000000001,-0.9855659782764475,-0.9855659782764475,-0.9887136854438362,-0.9887135478151853,-0.19733469197485423,0.06751517418504822,-0.16283441910283614,-0.2621438814338938,0.0003712586486704313,0.01877607127371815,0.040583095992349036,5.571368381293573e-07,5.57136839123093e-07,1.7268420108891288e-10
6.5200000000000005,-0.9842685830120413,-0.9842685830120413,-0.9885284941188951,-0.9885283564136095,-0.19967161370789918,0.06657873152229596,-0.16545119846236125,-0.2612094471326735,0.0006389534818607176,0.017966491800838685,0.040695734473701006,5.69160336534591e-07,5.691603374875009e-07,1.6679136700665068e-10
6.53,-0.9829158228993644,-0.9829158228993644,-0.9882876983268062,-0.9882875605526319,-0.20199730396532045,0.06564524553269455,-0.16805855721808569,-0.26025976457175676,0.0009066483150510039,0.017156912327959215,0.04081076098630155,5.810176215911844e-07,5.810176224838315e-07,1.5739941171478584e-10
6.54,-0.981507774030816,-0.981507774030816,-0.9879913116122699,-0.9879911737769566,-0.20431163192765486,0.06471475898172736,-0.1706563430064561,-0.25929485778368544,0.0011743431482412901,0.01634733285507975,0.04092814207074356,5.92706538737886e-07,5.927065395997327e-07,1.5311480686936116e-10
6.550000000000001,-0.9800445156087738,-0.9800445156087738,-0.9876393506469603,-0.987639212758261,-0.20661446741456446,0.06378731446100155,-0.1732444037109775,-0.2583147521493855,0.0014420379814316,0.01553775338220021,0.04104784383796432,6.042249459867199e-07,6.042249467848413e-07,1.4288370644744077e-10
6.5600000000000005,-0.9785261299411385,-0.9785261299411385,-0.987231835228589,-0.9872316972942602,-0.20890568089216005,0.06286295438496503,-0.1758225874757534,-0.2573194744096737,0.0020174100229105856,0.015054239902625012,0.04116983197177256,6.155707140478861e-07,6.155707148002392e-07,1.3574551004524303e-10
6.57,-0.9769527024367032,-0.9769527024367032,-0.9867687882797911,-0.9867686503075912,-0.2111851434802882,0.06194172098763984,-0.17839074271914201,-0.2563090526764877,0.0025927820643895714,0.014570726423049813,0.041294071731447404,6.26741726877933e-07,6.267417275870082e-07,1.2895851542580514e-10
6.58,-0.9753243216003503,-0.9753243216003503,-0.9862502358468348,-0.9862500978445252,-0.21345272695977902,0.06102365631937171,-0.18094871814752247,-0.2552835164438353,0.0031681541058685573,0.014087212943474614,0.04142052795441335,6.377358819920076e-07,6.377358826540017e-07,1.2137532838375286e-10
6.590000000000001,-0.9736410790280726,-0.9736410790280724,-0.9856762070981583,-0.9856760690735012,-0.21570830377965974,0.060108802243596327,-0.18349636276916909,-0.2542428965984488,0.003743526147347594,0.013603699463899374,0.04154916505899402,6.485510908663117e-07,6.485510914850126e-07,1.1437754754970345e-10
6.6000000000000005,-0.9719030694018208,-0.9719030694018208,-0.9850467343227272,-0.9850465962834866,-0.2179517470643287,0.05919720043362263,-0.18603352590822964,-0.2531872254301443,0.00431889818882658,0.013120185984324175,0.04167994704724988,6.591852793891295e-07,6.591852799653554e-07,1.074242711997094e-10
6.61,-0.970110390484178,-0.970110390484178,-0.9843618529282188,-0.9843617148821595,-0.22018293062069316,0.05828889236943436,-0.1885600572188083,-0.25211653664187184,0.005198712487670792,0.012965456986725838,0.041812837507903204,6.696363882910394e-07,6.696363888280113e-07,1.0096649400614318e-10
6.62,-0.9682631431128612,-0.9682631431128612,-0.9836216014390317,-0.9836214633939182,-0.22240172894526594,0.05738391933450951,-0.19107580669914473,-0.2510308653594509,0.006078526786515004,0.012810727989127501,0.04194779961935381,6.799023736236975e-07,6.79902374119351e-07,9.40128474356884e-11
6.63,-0.9663614311950472,-0.9663614311950472,-0.9828260214941161,-0.9828258834577139,-0.22460801723122675,0.05648232241265879,-0.19358062470589024,-0.24993024814098558,0.006958341085359216,0.012655998991529162,0.04208479615279033,6.899812072316824e-07,6.899812076844384e-07,8.664117647301586e-11
6.640000000000001,-0.9644053617015305,-0.9644053617015305,-0.9819751578446345,-0.9819750198247081,-0.22680167137544102,0.055584142484883636,-0.196074361968477,-0.24881472298594776,0.007838155384203505,0.012501269993930812,0.04222378947540023,6.998708772659734e-07,6.998708776719793e-07,7.839930404348869e-11
6.65,-0.9623950446607044,-0.962395044660704,-0.9810690583514432,-0.9810689203557559,-0.22898256798544153,0.054689420226253616,-0.19855686960357544,-0.2476843293439267,0.008717969683047718,0.012346540996332474,0.04236474155368325,7.095693886904897e-07,7.095693890588083e-07,7.1778201199159e-11
6.66,-0.9603305931523718,-0.9603305931523718,-0.9801077739823993,-0.9801076360187134,-0.23115058438636876,0.05379819610280474,-0.20102799912963726,-0.24653910812303112,0.00989727960321405,0.012521466423422126,0.042507613956870985,7.190747638718964e-07,7.190747641939395e-07,6.334931131821925e-11
6.67,-0.958212123301386,-0.9582121233013864,-0.9790913588094955,-0.9790912208855714,-0.23330559862787204,0.05291051036845825,-0.20348760248152173,-0.24537910169794203,0.011076589523380382,0.012696391850511777,0.04265236786045787,7.28385043072266e-07,7.283850433620488e-07,5.75480044170724e-11
6.680000000000001,-0.9560397542711179,-0.9560397542711179,-0.9780198700058166,-0.9780197321294128,-0.235447489490969,0.0520264030619613,-0.20593553202520007,-0.24420435391760695,0.01225589944354682,0.012871317277601444,0.042798964049846636,7.374982851221512e-07,7.374982853663157e-07,4.8960001955236616e-11
6.69,-0.9538136082567524,-0.9538136082567524,-0.976893367842326,-0.9768932300211978,-0.23757613649486237,0.051145914003849095,-0.20837164057253468,-0.24301491011256768,0.013435209363713152,0.013046242704691095,0.04294736292411194,7.464125679271238e-07,7.464125681304876e-07,4.1181873437646323e-11
6.7,-0.9515338104784156,-0.9515338104784156,-0.975711915684473,-0.9757117779263729,-0.23969141990372017,0.05026908279342959,-0.21079578139613062,-0.24181081710191607,0.014614519283879484,0.013221168131780746,0.04309752449988663,7.551259891686035e-07,7.551259893200394e-07,3.097476557371277e-11
6.71,-0.9492004891741316,-0.9492004891741319,-0.9744755799886302,-0.9744754423013069,-0.24179322073340792,0.04939594880579134,-0.2132078082442548,-0.24059212319987375,0.016086694315992623,0.01372476448917369,0.043249408415374446,7.636366668589689e-07,7.636366669821343e-07,2.5450052188362142e-11
6.720000000000001,-0.9468137755926089,-0.9468137755926086,-0.9731844302983541,-0.9731842926895528,-0.24388142075818386,0.04852655118883412,-0.21560757535581726,-0.23935887822198254,0.01755886934810589,0.014228360846566679,0.04340297393449179,7.71942740118714e-07,7.719427402043477e-07,1.7878868578480124e-11
6.73,-0.9443738039858565,-0.9443738039858565,-0.9718385392404748,-0.9718384017179357,-0.24595590251734623,0.047660928860324366,-0.21799493747541426,-0.2381111334909062,0.01903104438021903,0.014731957203959624,0.04355817995114376,7.800423697454373e-07,7.800423697917697e-07,9.775778123644415e-12
6.74,-0.9418807116016342,-0.9418807116016346,-0.9704379825210094,-0.9704378450924679,-0.24801654932184353,0.04679912050497391,-0.2203697498684276,-0.23684894184183267,0.020503219412332168,0.015235553561352567,0.04371498499363725,7.879337389563035e-07,7.879337389623112e-07,1.2812139190180792e-12
6.75,-0.9393346386757316,-0.9393346386757316,-0.9689828389209036,-0.9689827015940904,-0.25006324526083656,0.045941164571544395,-0.22273186833617395,-0.23557235762747386,0.021975394444445306,0.01573914991874551,0.04387334722923484,7.956150540888718e-07,7.956150540598381e-07,6.259519118692529e-12
6.760000000000001,-0.9367357284240789,-0.9367357284240789,-0.9674731902916016,-0.9674730530742411,-0.2520958752082182,0.04508709926997672,-0.22508114923110453,-0.2342814367226539,0.02373215748493355,0.016568585804524496,0.044033224468853216,8.030845453504964e-07,8.030845452849274e-07,1.4293601946860772e-11
6.7700000000000005,-0.9340841270346928,-0.9340841270346928,-0.9659091215504407,-0.9659089844502516,-0.2541143248290898,0.044236962568546256,-0.2274174494720466,-0.2329762365284832,0.025488920525421635,0.017398021690303408,0.04419457417190931,8.103404675469106e-07,8.103404674427773e-07,2.2957004841355936e-11
6.78,-0.9313799836594524,-0.9313799836594524,-0.9642907206758753,-0.9642905837005693,-0.25611848058619224,0.043390792191043956,-0.22974062655948618,-0.23165681597611065,0.02724568356590972,0.018227457576082316,0.04435735345131788,8.173811008455045e-07,8.173811007079646e-07,3.06702687042358e-11
6.79,-0.9286234504057093,-0.9286234504057093,-0.9626180787025277,-0.9626179418598094,-0.2581082297462931,0.042548625613984946,-0.2320505385908846,-0.23032323553004896,0.029002446606397808,0.019056893461861228,0.04452151907864343,8.242047515663598e-07,8.242047514056529e-07,3.6254958152583393e-11
6.800000000000001,-0.9258146823277321,-0.9258146823277321,-0.9608912897160679,-0.9608911530136346,-0.2600834603865264,0.04171050006384356,-0.23434704427602754,-0.22897555719106963,0.03075920964688605,0.019886329347640213,0.044687027489410426,8.308097530149161e-07,8.308097528087546e-07,4.7061661016707264e-11
6.8100000000000005,-0.9229538374179852,-0.9229538374179852,-0.959110450847921,-0.9591103142934625,-0.26204406140068937,0.04087645251431614,-0.23663000295240014,-0.2276138444986605,0.032790683534867936,0.021036941371526736,0.04485383478857423,8.371944661828001e-07,8.371944659506525e-07,5.363322929640998e-11
6.82,-0.9200410765982397,-0.9200410765982397,-0.957275662269804,-0.9572755258710014,-0.26398992250549225,0.04004651968361208,-0.23889927460058447,-0.22623816253304047,0.034822157422849824,0.022187553395413263,0.045021896756155935,8.433572807192702e-07,8.433572804529854e-07,6.227455228662456e-11
6.83,-0.9170765637105242,-0.9170765637105242,-0.9553870271880904,-0.9553868909526163,-0.2659209342467608,0.03922073803177322,-0.2411547198596751,-0.2248485779167302,0.03685363131083171,0.023338165419299787,0.04519116885304468,8.492966156736781e-07,8.492966153679338e-07,7.239398945662342e-11
6.840000000000001,-0.914060465507907,-0.9140604655079065,-0.9534446518380058,-0.9534445157735232,-0.2678369880055937,0.03839914375802183,-0.24339620004270832,-0.2234451588156706,0.038885105198813774,0.024488777443186414,0.0453616062269694,8.550109203628309e-07,8.550109200345297e-07,7.871967039865418e-11
6.8500000000000005,-0.9109929516451162,-0.9109929516451162,-0.9514486454776514,-0.9514485095918138,-0.269737976004472,0.0375817727981382,-0.2456235771521001,-0.22202797493988735,0.04091657908679566,0.025639389467072938,0.04553316371864359,8.604986753077415e-07,8.60498674948386e-07,8.727495117543163e-11
6.86,-0.9078741946689982,-0.9078741946689982,-0.9493991203818586,-0.9493989846823097,-0.2716237913133225,0.036768660821867936,-0.24783671389508763,-0.22059709754369594,0.043211342137072575,0.02710470846970422,0.04570579586808484,8.657583930385404e-07,8.657583926442482e-07,9.701234587406918e-11
6.87,-0.9047043700088109,-0.9047043700088109,-0.9472961918358739,-0.9472960563302465,-0.2734943278555308,0.03595984323035916,-0.2500354736991726,-0.2191525994254449,0.04550610518734948,0.028570027472335505,0.04587945692111269,8.707886190104097e-07,8.707886185907669e-07,1.0462181405620534e-10
6.88,-0.9014836559663548,-0.9014836559663548,-0.945139978128873,-0.9451398428247895,-0.27534948041391005,0.03515535515363036,-0.25221972072755583,-0.21769455492679227,0.047800868237626394,0.03003534647496679,0.04605410083602589,8.755879325542115e-07,8.755879320968274e-07,1.1557098274187165e-10
6.890000000000001,-0.898212233705946,-0.898212233705946,-0.9429306005473088,-0.94293046545238,-0.2771891446366178,0.03435523144806916,-0.2543893198945688,-0.21622303993151185,0.05009563128790351,0.0315006654775982,0.046229681290463,8.801549477022164e-07,8.801549472287972e-07,1.2126391785841618e-10
6.9,-0.8948902872442247,-0.8948902872442243,-0.9406681833680876,-0.9406680484899127,-0.2790132170430266,0.03355950669396197,-0.2565441368810839,-0.214738131863829,0.05239039433818042,0.032965984480229485,0.046406151688446695,8.84488314242815e-07,8.844883137379189e-07,1.3112933993947636e-10
6.91,-0.8915180034398024,-0.8915180034398024,-0.9383528538515796,-0.938352719197745,-0.28082159502954435,0.032768215193055804,-0.25868403814990765,-0.21323990968627873,0.05493554455810482,0.03473777190512545,0.04658346516761428,8.885867185323693e-07,8.885867179972334e-07,1.409514257664161e-10
6.92,-0.8880955719827542,-0.8880955719827547,-0.935984742234459,-0.9359846078125392,-0.28261417687538626,0.031981390966151955,-0.2608088909611548,-0.21172845389708667,0.057480694778029216,0.0365095593300214,0.04676157460663782,8.924488845082901e-07,8.924488839471931e-07,1.4991594978522973e-10
6.930000000000001,-0.8846231853839476,-0.8846231853839476,-0.9335639817223798,-0.9335638475399362,-0.28439086174829664,0.031199067750731585,-0.26291856338758707,-0.21020384652706878,0.06002584499795384,0.038281346754917525,0.04694043263283257,8.960735746257886e-07,8.960735740492547e-07,1.5629230086556437e-10
6.94,-0.8811010389642132,-0.8811010389642132,-0.9310907084824831,-0.9310905745470632,-0.28615154971021894,0.030421278998614586,-0.2650129243299224,-0.20866617113604993,0.06257099521787825,0.04005313417981348,0.047119991629957995,8.994595908501379e-07,8.994595902466131e-07,1.6603913354181086e-10
6.95,-0.8775293308433579,-0.8775293308433579,-0.9285650616357363,-0.9285649279548739,-0.28789614172292033,0.029648057873651112,-0.26709184353210613,-0.20711551280879595,0.06511614543780264,0.04182492160470944,0.04730020374621126,9.026057755517902e-07,9.026057749313282e-07,1.7327440314591994e-10
6.96,-0.8739082619290219,-0.8739082619290224,-0.9259871832491084,-0.9259870498303231,-0.2896245396535595,0.028879437249446596,-0.2691551915965368,-0.20555195815046065,0.06789737306697467,0.043893215818434306,0.04748102090241451,9.055110125541499e-07,9.055110119169278e-07,1.8068282611641332e-10
6.970000000000001,-0.8702380359053775,-0.8702380359053772,-0.9233572183275789,-0.9233570851783754,-0.2913366462802093,0.02811544970712049,-0.27120283999924544,-0.20397559528154466,0.07067860069614694,0.045961510032159356,0.04766239480039729,9.081742280911409e-07,9.081742274156896e-07,1.9450525744781064e-10
6.98,-0.8665188592216699,-0.8665188592216699,-0.9206753148059816,-0.9206751819338497,-0.2930323652973225,0.027356127533098865,-0.2732346611050223,-0.2023865138323651,0.07345982832531897,0.04802980424588422,0.047844276931574795,9.10594391702324e-07,9.105943910197138e-07,1.9967677031072232e-10
6.99,-0.8627509410806072,-0.8627509410806077,-0.9179416235406823,-0.9179414909530956,-0.29471160132115204,0.026601502716941425,-0.2752505281824839,-0.20078480493703793,0.07624105595449099,0.05009809845960908,0.048026618585722824,9.127705173916922e-07,9.127705166848473e-07,2.10089466420669e-10
7.0,-0.858934493426592,-0.858934493426592,-0.9151562983010936,-0.9151561660055105,-0.29637425989511446,0.025851606949203073,-0.2772503154190819,-0.19917056122696633,0.07902228358366302,0.05216639267333395,0.04820937085994978,9.147016644395212e-07,9.147016637166064e-07,2.1837462423090067e-10
7.010000000000001,-0.8550697309337976,-0.8550697309337976,-0.9123194957610259,-0.9123193637648879,-0.2980202474951032,0.025106471619330224,-0.2792338979360377,-0.1975438768238414,0.08202395154860903,0.054519564973423404,0.048392484667865235,9.163869384917755e-07,9.163869377571369e-07,2.2559800980874207e-10
7.0200000000000005,-0.8511568709940954,-0.8511568709940954,-0.9094313754898742,-0.9094312438006059,-0.29964947153474975,0.024366127813592497,-0.2812011518032112,-0.19590484733215022,0.08502561951355476,0.05687273727351265,0.04857591074894692,9.178254925246154e-07,9.178254917722548e-07,2.3493475130477474e-10
7.03,-0.847196133704826,-0.847196133704826,-0.9064920999436423,-0.9064919685686516,-0.3012618403706312,0.023630606313049626,-0.28315195405388793,-0.1942535698311953,0.08802728747850051,0.059225909573601895,0.048759599678104504,9.190165278227802e-07,9.190165270375827e-07,2.4938775264525165e-10
7.04,-0.8431877418564167,-0.8431877418564167,-0.9035018344558046,-0.9035017034024809,-0.3028572633074262,0.02289993759155399,-0.2850861826994855,-0.19259014286662263,0.09102895544344625,0.06157908187369114,0.048943501875440436,9.199592948955226e-07,9.199592941228692e-07,2.4967389377468827e-10
7.050000000000001,-0.8391319209198524,-0.8391319209198524,-0.9004607472280063,-0.9004606165037214,-0.3044356506030149,0.022174151813789223,-0.28700371674417136,-0.19091466644146035,0.09403062340839226,0.0639322541737806,0.04912756761620722,9.206530946700986e-07,9.206530938734359e-07,2.6198376881009707e-10
7.0600000000000005,-0.8350288990339919,-0.8350288990339919,-0.8973690093206023,-0.8973688789327094,-0.305996913473528,0.021453278833344767,-0.28890443619939227,-0.1892272420066705,0.09723585523987924,0.06655707416953656,0.049311747040961404,9.210972791925953e-07,9.210972783877336e-07,2.694350695831339e-10
7.07,-0.8308789069927335,-0.8308789069927335,-0.8942267946430343,-0.894226664598868,-0.307540964098341,0.020737348190827027,-0.29078822209830263,-0.1875279724512118,0.10044108707136622,0.06918189416529251,0.04949599016591162,9.212912528075434e-07,9.212912519900696e-07,2.7865268357073425e-10
7.08,-0.8266821782320357,-0.8266821782320357,-0.8910342799440496,-0.891034150250925,-0.30906771562501323,0.020026389112006774,-0.29265495651009366,-0.18581696209161908,0.1036463189028532,0.07180671416104847,0.0496802468934613,9.212344730391564e-07,9.212344721973722e-07,2.922621161851742e-10
7.090000000000001,-0.8224389488167854,-0.8224389488167848,-0.8877916448017583,-0.8877915154669701,-0.3105770821741739,0.019320430506003617,-0.2945045225542139,-0.18409431666109738,0.10685155073434047,0.07443153415680466,0.04986446702294344,9.209264515419591e-07,9.209264506790175e-07,3.052556664573901e-10
7.1000000000000005,-0.8181494574275171,-0.8181494574275171,-0.8844990716135326,-0.8844989426443557,-0.3120689788443523,0.018619500963507195,-0.29633680441448035,-0.18236014329813666,0.11005678256582745,0.07705635415256062,0.05004860026154725,9.203667550652939e-07,9.203667542086604e-07,3.0882932132180523e-10
7.11,-0.8138139453469913,-0.8138139453469913,-0.8811567455857453,-0.8811566169894346,-0.31354332171675464,0.017923628755035788,-0.29815168735307174,-0.18061455053464506,0.11344755728451408,0.0799380641511217,0.05023259623543361,9.195550064594604e-07,9.195550056069896e-07,3.1331219459890383e-10
7.12,-0.8094326564466194,-0.8094326564466194,-0.877764854723355,-0.8777647265071435,-0.3150000278599826,0.017232841829231956,-0.2999490577244025,-0.17885764828360814,0.1168383320032007,0.08281977414968279,0.050416404501038764,9.184908855430773e-07,9.18490884674356e-07,3.256028826658623e-10
7.130000000000001,-0.8050058371727463,-0.8050058371727463,-0.8743235898193276,-0.8743234619904277,-0.31643901533470004,0.016547167811195924,-0.30172880298886867,-0.17708954782627367,0.12022910672188765,0.08570148414824412,0.05059997455656273,9.171741299912606e-07,9.171741291122173e-07,3.3609831057467275e-10
7.140000000000001,-0.8005337365327893,-0.8005337365327893,-0.870833144443907,-0.8708330170095093,-0.3178602031982409,0.015866634000856365,-0.30349081172646547,-0.17531036179886614,0.12361988144057427,0.08858319414680521,0.05078325585364132,9.156045363140075e-07,9.156045354323062e-07,3.440067574240563e-10
7.15,-0.7960166060812305,-0.7960166060812299,-0.8672937149337251,-0.8672935879009978,-0.31926351150916243,0.015191267371379208,-0.30523497365026686,-0.1735202041788353,0.1270106561592609,0.09146490414536629,0.050966197809197936,9.137819607374364e-07,9.137819598524617e-07,3.5245996765510417e-10
7.16,-0.791454699905466,-0.791454699905466,-0.8637055003807593,-0.8637053737568473,-0.3206488613317421,0.014521094567614171,-0.3069611796197693,-0.17171919027064336,0.13056790959619752,0.09458730212482483,0.05114874981747443,9.117063200642095e-07,9.11706319178007e-07,3.604062099827293e-10
7.17,-0.7868482746115157,-0.7868482746115163,-0.8600687026211313,-0.8600685764131575,-0.32201617474041777,0.013856141904579272,-0.3086693216540877,-0.1699074366910905,0.1341251630331341,0.09770970010428336,0.05133086126223528,9.09377592554772e-07,9.093775916676865e-07,3.685150071787918e-10
7.180000000000001,-0.7821975893095879,-0.7821975893095879,-0.8563835262237556,-0.8563834004388196,-0.32336537482417105,0.013196435365983661,-0.31035929294500453,-0.16808506135418913,0.137682416470071,0.10083209808374217,0.05151248152914436,9.067958187808367e-07,9.06795817882974e-07,3.811388214795444e-10
7.19,-0.7775029055995052,-0.7775029055995052,-0.8526501784788345,-0.852650053124011,-0.3246963856908524,0.012542000602788591,-0.3120309878698624,-0.16625218345558734,0.1412396699070076,0.1039544960632007,0.05169356001830882,9.039611024094785e-07,9.039611015197424e-07,3.8607760916390086e-10
7.2,-0.7727644875559871,-0.7727644875559871,-0.8488688693861931,-0.8488687444685338,-0.3260091324714519,0.01189286293180665,-0.31368430200430353,-0.16440892345654748,0.1447969233439442,0.10707689404265924,0.051874046156988596,9.008736111260074e-07,9.00873610221235e-07,4.014697472949324e-10
7.21,-0.7679826017138,-0.7679826017138005,-0.8450398116434714,-0.8450396871700026,-0.32730354132430906,0.011249047334339466,-0.31531913213484125,-0.16255540306748703,0.1485006553262664,0.11042242474572256,0.05205388941246541,8.975335772515303e-07,8.975335763712178e-07,3.9958934147818775e-10
7.220000000000001,-0.763157517052762,-0.7631575170527614,-0.8411632206341567,-0.8411630966118804,-0.3285795394392675,0.010610578454853841,-0.3169353762712688,-0.16069174523108412,0.15220438730858898,0.11376795544878618,0.05223303930506916,8.939412987490902e-07,8.939412978662836e-07,4.1008459189924543e-10
7.23,-0.7582895049826119,-0.7582895049826119,-0.8372393144154731,-0.8372391908513648,-0.32983705504176924,0.009977480599696395,-0.31853293365889634,-0.15881807410495502,0.1559081192909112,0.11711348615184951,0.052411445421356354,8.900971397579616e-07,8.90097138866286e-07,4.2404956652841075e-10
7.24,-0.753378839327746,-0.7533788393277465,-0.8332683137061094,-0.8332681906071198,-0.33107601739689346,0.009349777735846757,-0.32011170479061063,-0.1569345150439112,0.15961185127323343,0.12045901685491282,0.05258905742743604,8.860015313985614e-07,8.860015305217871e-07,4.270458387717275e-10
7.25,-0.7484257963118128,-0.7484257963118128,-0.8292504418738086,-0.8292503192468621,-0.33229635681333464,0.008727493489709403,-0.32167159141875706,-0.1550411945817978,0.16331558325555565,0.12380454755797615,0.05276582508243907,8.816549725704226e-07,8.816549716775483e-07,4.4558769457596776e-10
7.260000000000001,-0.7434306545421749,-0.7434306545421749,-0.8251859249228016,-0.8251858027747961,-0.33349800464732193,0.008110651145943977,-0.3232124965668362,-0.15313824041292626,0.16714497005473197,0.1273544011940095,0.052941698252125316,8.770580304032216e-07,8.770580295510155e-07,4.3594057280965906e-10
7.2700000000000005,-0.7383936949942405,-0.7383936949942405,-0.8210749914810959,-0.8210748698189021,-0.3346808933064818,0.007499273646334434,-0.3247343245410175,-0.1512257813731019,0.17097435685390797,0.13090425483004256,0.05311662692262517,8.722113412351629e-07,8.722113403847852e-07,4.4608987704827577e-10
7.28,-0.7333152009956565,-0.7333152009956565,-0.8169178727876137,-0.8169177516180748,-0.33584495625363886,0.006893383588696608,-0.32623698094145337,-0.14930394742025707,0.17480374365308396,0.13445410846607564,0.05329056121430655,8.671156109321676e-07,8.671156100720605e-07,4.6289632331394193e-10
7.29,-0.7281954582103701,-0.7281954582103701,-0.8127148026791847,-0.8127146820091168,-0.3369901280105594,0.006293003225824565,-0.32772037267340554,-0.14737286961469745,0.17863313045225995,0.1380039621021087,0.053463451395766776,8.617716155887023e-07,8.617716147541272e-07,4.6101494399904394e-10
7.300000000000001,-0.7230347546225637,-0.7230347546225637,-0.8084660175773946,-0.8084658974135851,-0.33811634416163405,0.005698154464475403,-0.32918440795816606,-0.14543268009896623,0.18246251725143628,0.14155381573814205,0.053635247897939,8.56180202221668e-07,8.561802013888714e-07,4.723998744618205e-10
7.3100000000000005,-0.717833380520454,-0.717833380520454,-0.8041717564752856,-0.8041716368244936,-0.33922354135750105,0.005108858864392743,-0.33062899634377874,-0.1434835120773369,0.18639602866184363,0.14528803373865307,0.053805901328310556,8.503422891034673e-07,8.503422882893817e-07,4.744279675107428e-10
7.32,-0.7125916284799615,-0.7125916284799615,-0.7998322609239115,-0.7998321417928677,-0.34031165731861035,0.004525137637368654,-0.33205404871555094,-0.14152549979493967,0.19032954007225095,0.14902225173916409,0.053975362485245065,8.442588664420159e-07,8.442588656317647e-07,4.853589896134267e-10
7.33,-0.707309793348257,-0.707309793348257,-0.7954477750187533,-0.7954476564141589,-0.3413806308387259,0.003947011646344122,-0.3334594773063587,-0.13955877851653495,0.1942630514826583,0.15275646973967513,0.054143582372404214,8.37930996734626e-07,8.379309959311802e-07,4.949516813755565e-10
7.340000000000001,-0.7019881722271747,-0.701988172227174,-0.791018545385987,-0.7910184273145129,-0.34243040178836914,0.003374501404547867,-0.3348451957067337,-0.1375834845049364,0.19819656289306598,0.15649068774018648,0.054310512213260206,8.313598152676072e-07,8.313598144852799e-07,4.958875785915531e-10
7.3500000000000005,-0.696627064456498,-0.696627064456498,-0.7865448211686121,-0.7865447036368999,-0.3434609111182007,0.002807627074673544,-0.33621111887473404,-0.1355997549990954,0.20213007430347332,0.1602249057406975,0.05447610346569376,8.245465305395383e-07,8.245465297841785e-07,4.929119499294715e-10
7.36,-0.6912267715971264,-0.6912267715971264,-0.7820268540124355,-0.7820267370270968,-0.34447210086234287,0.0022464084680951803,-0.33755716314559636,-0.13360772819185596,0.20614559469304738,0.16412249297367026,0.0546403078366715,8.174924246359683e-07,8.174924238860842e-07,5.040447790555698e-10
7.37,-0.6857875974141099,-0.6857875974141099,-0.7774648980519193,-0.777464781619534,-0.3454639141416388,0.001690865044120786,-0.3388832462411609,-0.13160754320739002,0.21016111508262142,0.168020080206643,0.05480307729699406,8.101988534792159e-07,8.101988527578003e-07,4.997650992954053e-10
7.380000000000001,-0.6803098478595606,-0.6803098478595606,-0.7728592098958823,-0.7728590940229998,-0.34643629516685326,0.0011410159092840155,-0.34018928727907155,-0.1295993400783186,0.21417663547219584,0.17191766743961612,0.05496436409610919,8.02667247300215e-07,8.02667246579325e-07,5.150008936900765e-10
7.390000000000001,-0.6747938310554475,-0.6747938310554475,-0.7682100486130697,-0.7682099333062081,-0.34738918924181,0.0005968798166737859,-0.34147520678174326,-0.12758325972253412,0.21819215586176988,0.17581525467258885,0.0551241207769816,7.948991106940251e-07,7.948991100117611e-07,5.029341003197093e-10
7.4,-0.669239857276262,-0.6692398572762613,-0.7635176757175774,-0.763517560983223,-0.3483225427664685,5.8475165301718804e-05,-0.3427409266850993,-0.12555944391972776,0.22220767625134394,0.1797128419055616,0.055282300191013364,7.868960230847377e-07,7.86896022427825e-07,4.999827945387922e-10
7.41,-0.6636482389315634,-0.6636482389315634,-0.7587823551541444,-0.7587822409987504,-0.34923630323993893,-0.00047418000049272683,-0.3439863703470693,-0.1235280352876378,0.2262826289037061,0.18375188471772522,0.055438855513005904,7.78659638746293e-07,7.786596381042352e-07,5.04879735676481e-10
7.42,-0.6580192905484101,-0.6580192905484108,-0.7540043532833033,-0.7540042397132907,-0.35013041926343574,-0.0010010679915995638,-0.3452114625558519,-0.12148917725802369,0.23035758155606822,0.1877909275298888,0.05559374025615744,7.701916869898295e-07,7.701916863753513e-07,4.995437180361977e-10
7.430000000000001,-0.6523533287536641,-0.6523533287536641,-0.7491839388663981,-0.7491838258881558,-0.35100484054316855,-0.0015221714746581918,-0.34641612953793105,-0.11944301405238025,0.23443253420843074,0.19182997034205276,0.055746908287085874,7.614939723440961e-07,7.614939717473733e-07,5.018673945638656e-10
7.44,-0.6466506722561834,-0.6466506722561834,-0.7443213830504711,-0.7443212706703536,-0.35185951789317055,-0.002037473472540065,-0.34760029896585254,-0.11738969065739979,0.23850748686079287,0.19586901315421634,0.05589831384087178,7.525683745554512e-07,7.525683739725235e-07,5.075590400911458e-10
7.45,-0.6409116418288909,-0.6409116418288909,-0.7394169593530033,-0.7394168475773323,-0.35269440323806645,-0.002546957364794297,-0.3487638999657528,-0.11532935280019505,0.24258243951315503,0.19990805596637995,0.056047911536111834,7.434168486225579e-07,7.43416848082652e-07,4.870372558097435e-10
7.46,-0.6351365602907356,-0.6351365602907363,-0.7344709436465355,-0.734470832481598,-0.35350944961577546,-0.003050606888056375,-0.3499068631246353,-0.11326214692329159,0.24669391356212547,0.20406584538973924,0.056195656389973765,7.340414249004668e-07,7.34041424381698e-07,4.851969923814332e-10
7.470000000000001,-0.629325752488532,-0.6293257524885313,-0.7294836141431456,-0.729483503595195,-0.35430461118015416,-0.003548406136420174,-0.35102912049740326,-0.11118822015940312,0.2508053876110963,0.2082236348130989,0.05634150383324788,7.244442088924496e-07,7.24444208396519e-07,4.812882378637098e-10
7.48,-0.6234795452786853,-0.6234795452786853,-0.7244552513788051,-0.7244551414540591,-0.3550798432035738,-0.004040339561773452,-0.35213060561363035,-0.10910772030599813,0.2549168616600667,0.2123814242364582,0.05648540972538196,7.146273812499992e-07,7.146273807856402e-07,4.679832559846027e-10
7.49,-0.6175982675088104,-0.6175982675088111,-0.7193861381975926,-0.7193860289022346,-0.3558351020794375,-0.004526391974097091,-0.3532112534840826,-0.1070207957996717,0.25902833570903716,0.21653921365981751,0.05662733036949555,7.045931976479292e-07,7.04593197205461e-07,4.6346413414230106e-10
7.5,-0.6116822499992318,-0.6116822499992318,-0.7142765597357874,-0.7142764510759659,-0.356570345324633,-0.005006548541728155,-0.35427100060698047,-0.1049275956903325,0.2631398097580076,0.2206970030831768,0.05676722252736239,6.943439885206959e-07,6.943439881335469e-07,4.2184159323885186e-10
7.510000000000001,-0.6057318255243732,-0.6057318255243732,-0.7091268034058315,-0.7091266953876579,-0.35728553158192133,-0.005480794791587236,-0.35530978497400145,-0.10282826961521653,0.26726468900082956,0.22495016251309172,0.05690504343435309,6.838821590277044e-07,6.838821586486687e-07,4.3001442061429047e-10
7.5200000000000005,-0.599747328794043,-0.599747328794043,-0.7039371588801604,-0.7039370515097111,-0.35798062062226416,-0.005949116609370062,-0.35632754607602307,-0.10072296777273954,0.2713895682436511,0.22920332194300627,0.05704075081432964,6.732101884843189e-07,6.732101881672422e-07,3.748946774515876e-10
7.53,-0.5937290964346051,-0.5937290964346051,-0.6987079180749111,-0.6987078113582251,-0.35865557334708614,-0.006411500239703719,-0.35732422490860416,-0.0986118408962,0.2755144474864727,0.23345648137292083,0.05717430289448309,6.623306304243126e-07,6.623306301359126e-07,3.557209606589386e-10
7.54,-0.5876774669700413,-0.5876774669700413,-0.6934393751334985,-0.6934392690765794,-0.3593103517904746,-0.006867932286267809,-0.3582997639771998,-0.09649504022734462,0.27963932672929426,0.23770964080283538,0.05730565842010443,6.512461119476121e-07,6.512461116800641e-07,3.446120390273774e-10
7.550000000000001,-0.5815927808029142,-0.5815927808029142,-0.6881318264100749,-0.6881317210188876,-0.35994491912131477,-0.007318399711880636,-0.35925410730211427,-0.09437271748980819,0.2837642059721162,0.2419628002327503,0.057434776669281706,6.399593334358022e-07,6.399593332080294e-07,3.0669734486793705e-10
7.5600000000000005,-0.5754753801952172,-0.5754753801952172,-0.682785570452857,-0.6827854657333298,-0.36055923964536146,-0.007762889838550831,-0.36018720042318686,-0.09224502486243816,0.2878792988371554,0.24628741685970967,0.057561617467513086,6.284730681843653e-07,6.284730679708653e-07,3.0086412041284397e-10
7.57,-0.5693256092491197,-0.5693256092491197,-0.6774009079873317,-0.6774008039453555,-0.36115327880724724,-0.008201390347494592,-0.3610989904042108,-0.09011211495251943,0.2919943917021946,0.25061203348666905,0.05768614120222765,6.167901617504246e-07,6.167901615775975e-07,2.5518533384587953e-10
7.58,-0.5631438138876168,-0.5631438138876168,-0.671978141899343,-0.6719780385407704,-0.361727003192426,-0.008633889279118904,-0.36198942583708077,-0.08797414076890891,0.2961094845672338,0.2549366501136285,0.057808308837203774,6.049135315641663e-07,6.049135314658323e-07,1.523176541998762e-10
7.590000000000001,-0.5569303418350684,-0.5569303418350676,-0.666517577218054,-0.6665174745486984,-0.36228038052905215,-0.009060375032970865,-0.3628584568456771,-0.08583125569509317,0.3002245774322734,0.25926126674058825,0.05792808192687884,5.928461664223006e-07,5.928461663277272e-07,1.538772770635249e-10
7.6000000000000005,-0.5506855425976376,-0.5506855425976376,-0.6610195210987888,-0.6610194191244251,-0.3628133796897965,-0.009480836367653673,-0.3637060350894749,-0.08368361346217985,0.30433967029731257,0.2635858833675476,0.05804542263053798,5.805911255235552e-07,5.805911254913505e-07,5.5114783822818966e-11
7.61,-0.5444097674436358,-0.5444097674436358,-0.6554842828057532,-0.655484181532118,-0.36332597069359684,-0.009895262400709278,-0.3645321137668852,-0.08153136812183817,0.3084218402355119,0.2679576426236851,0.05816029372637547,5.681515382674474e-07,5.681515382574555e-07,1.7586527063744515e-11
7.62,-0.5381033693837611,-0.5381033693837611,-0.6499121736946426,-0.649912073127432,-0.3638181247073443,-0.01030364260846822,-0.3653366476183266,-0.07937467401919769,0.31250401017371116,0.2723294018798225,0.058272658625419346,5.55530603144061e-07,5.555306031917869e-07,8.59104059805149e-11
7.630000000000001,-0.5317667031512405,-0.5317667031512405,-0.6443035071951244,-0.6443034073399952,-0.3642898140475055,-0.010705966825866883,-0.36611959292902274,-0.07721368576572005,0.31658618011191086,0.2767011611359604,0.058382481385309104,5.427315872899574e-07,5.427315873730724e-07,1.5314200242610305e-10
7.640000000000001,-0.5254001251818792,-0.5254001251818792,-0.6386585987932109,-0.6386584996557807,-0.3647410121816792,-0.011102225246232495,-0.3668809075315304,-0.07504855821205421,0.32066835005011013,0.2810729203920978,0.0584897267239191,5.297578254542801e-07,5.297578255968634e-07,2.691480381854828e-10
7.65,-0.5190039935940094,-0.5190039935940094,-0.6329777660135112,-0.6329776675993563,-0.3651716937300895,-0.01149240842103616,-0.3676205508079967,-0.07287944642088949,0.32475051998830945,0.2854446796482353,0.05859436003281869,5.166127193603764e-07,5.166127195354672e-07,3.3892063300332253e-10
7.66,-0.5125786681683473,-0.5125786681683473,-0.6272613284013722,-0.6272612307160274,-0.36558183446701276,-0.011876507259614326,-0.36833848369214184,-0.0707065056398167,0.32877681555528243,0.2898390019126735,0.05869634739055868,5.032997366233305e-07,5.032997368542328e-07,4.5877700539847367e-10
7.67,-0.5061245103277522,-0.506124510327753,-0.6215096075049013,-0.6215095105538615,-0.3659714113221407,-0.012254513028858991,-0.36903466867097307,-0.06852989127421145,0.33280311112225536,0.29423332417711173,0.058795655575777886,4.898224100283177e-07,4.898224102845209e-07,5.230532838983237e-10
7.680000000000001,-0.49964188311690166,-0.49964188311690166,-0.6157229268568812,-0.615722830645601,-0.36634040238187815,-0.01262641735287699,-0.3697090697862276,-0.06634975886015118,0.33682940668922867,0.2986276464415503,0.05889225208011952,4.7618433633711543e-07,4.761843366536872e-07,6.648093257274623e-10
7.69,-0.4931311511818679,-0.4931311511818679,-0.6099016119565753,-0.6099015164904656,-0.36668878689057494,-0.012992212212618696,-0.3703616526355456,-0.06416626403737828,0.34085570225620165,0.3030219687059886,0.05898610512094989,4.623891755109466e-07,4.6238917587248944e-07,7.819015895064057e-10
7.7,-0.48659268074960393,-0.48659268074960393,-0.6040459902514097,-0.6040458955358412,-0.36701654525169447,-0.01335188994547644,-0.370992384373369,-0.06197956252232166,0.3448819978231746,0.3074162909704268,0.0590771836538687,4.48440649461479e-07,4.4844064988037e-07,9.341057409327614e-10
7.71,-0.4800268396073484,-0.4800268396073492,-0.598156391118563,-0.5981562971588626,-0.3673236590289154,-0.013705443244853227,-0.3716012337115757,-0.0597898100811891,0.3488297817205757,0.31180846976484794,0.05916545738500603,4.3434254107937997e-07,4.343425415490666e-07,1.0813738155145612e-09
7.720000000000001,-0.47343399708193507,-0.4734339970819343,-0.592233145846431,-0.592233052647885,-0.36761011094716867,-0.014052865159701774,-0.37218817091984335,-0.05759716250314195,0.35277756561797724,0.3162006485592695,0.059250896783095156,4.20098693026949e-07,4.200986935450858e-07,1.2333691704372486e-09
7.73,-0.4668145240190161,-0.4668145240190161,-0.5862765876160017,-0.5862764951838513,-0.36787588489360945,-0.014394149094034496,-0.3727531678257436,-0.05540177557356562,0.3567253495153784,0.3205928273536906,0.05933347309131329,4.057130065862613e-07,4.057130071516117e-07,1.3934736714718198e-09
7.74,-0.4601687927622066,-0.4601687927622074,-0.5802870514821031,-0.5802869598215479,-0.3681209659185232,-0.014729288806404764,-0.37329619781457296,-0.053203805047446116,0.36067313341277957,0.32498500614811177,0.05941315833888377,3.911894404240446e-07,3.91189441050424e-07,1.6012176439233615e-09
7.75,-0.45349717713213844,-0.45349717713213844,-0.5742648743545631,-0.5742647834707596,-0.3683453402361671,-0.015058278409359688,-0.37381723582891463,-0.05100340662286624,0.3646209173101807,0.32937718494253293,0.059489925352429515,3.765320094120672e-07,3.7653201006448397e-07,1.7326993031941418e-09
7.760000000000001,-0.44680005240543,-0.44680005240543,-0.5682103949792578,-0.5682103048773177,-0.36854899522554485,-0.015381112368864976,-0.37431625836793936,-0.04880073591463202,0.3684679936608318,0.3337425258399877,0.059563747767072295,3.617447831560927e-07,3.6174478386186597e-07,1.9510254027884025e-09
7.7700000000000005,-0.44007779529358215,-0.44007779529358215,-0.5621239539190559,-0.5621238646040478,-0.368731919431117,-0.015697785503702107,-0.3747932434864382,-0.04659594842804193,0.37231507001148256,0.3381078667374421,0.05963460003726722,3.468318848440233e-07,3.468318856217406e-07,2.2423466865238377e-09
7.78,-0.43333078392178576,-0.43333078392178576,-0.5560058935346627,-0.5560058050116098,-0.36889410256344507,-0.016008292984838267,-0.3752481707936011,-0.04438919953281046,0.3761621463621333,0.3424732076348965,0.059702457447369205,3.317974898234266e-07,3.317974906631661e-07,2.5308796502469454e-09
7.79,-0.4265593978076499,-0.4265593978076499,-0.5498565579653603,-0.5498564702392427,-0.3690355354997709,-0.0163126303347695,-0.3756810214515278,-0.042180644437156876,0.3800092227127841,0.3468385485323509,0.05976729612191886,3.1664582416518483e-07,3.1664582503748853e-07,2.7548245699318007e-09
7.800000000000001,-0.4197640178398589,-0.4197640178398589,-0.5436762931096538,-0.5436762061854056,-0.36915621028452894,-0.016610793426837286,-0.37609177817348655,-0.039970438162071846,0.38385629906343516,0.3512038894298057,0.059829093035645285,3.0138116314387675e-07,3.0138116408515826e-07,3.1232260717392736e-09
7.8100000000000005,-0.4129450262567449,-0.4129450262567449,-0.5374654466058124,-0.5374653604883229,-0.36925612012979436,-0.016902778484519182,-0.37648042522191144,-0.03775873551577218,0.3875810382046197,0.3555178488957635,0.05988782602317524,2.8600782996796026e-07,2.8600783095783097e-07,3.4609916234571234e-09
7.82,-0.406102806624785,-0.406102806624785,-0.531224367812313,-0.5312242825064272,-0.36933525941566486,-0.017188582080693696,-0.3768469484061497,-0.03554569106835479,0.39130577734580424,0.35983180836172135,0.05994347378844445,2.7053019403810996e-07,2.7053019510665335e-07,3.949811929887193e-09
7.83,-0.3992377438170301,-0.3992377438170301,-0.5249534077881928,-0.5249533232987089,-0.3693936236905762,-0.017468201136880048,-0.3771913350799552,-0.03333145912666223,0.3950305164869887,0.36414576782767916,0.05999601591380327,2.5495266964270513e-07,2.549526707376469e-07,4.2946863549039864e-09
7.840000000000001,-0.39235022399145386,-0.39235022399145303,-0.5186529192732997,-0.5186528356049698,-0.36943120967155363,-0.017741632922452826,-0.3775135741387283,-0.031116193709368658,0.3987552556281736,0.3684597272936374,0.060045432868808445,2.3927971406351167e-07,2.392797152351511e-07,4.896526325749977e-09
7.8500000000000005,-0.38544063456922883,-0.38544063456922883,-0.5123232566684522,-0.5123231738259822,-0.3694480152443954,-0.018008875053832394,-0.3778136560165133,-0.028900048522298705,0.40247999476935814,0.3727736867595952,0.06009170601869895,2.2351582631974232e-07,2.235158275543269e-07,5.523477244265473e-09
7.86,-0.37850936421293896,-0.37850936421293896,-0.5059647760155014,-0.505964694003552,-0.36944403946379256,-0.018269925493651255,-0.37809157268274696,-0.026683176933988757,0.40606145486265566,0.3770120101446257,0.06013481763254575,2.0766554530843306e-07,2.0766554658372145e-07,6.141068684297816e-09
7.87,-0.371556802804715,-0.371556802804715,-0.49957783497730873,-0.4995777538004925,-0.36941928255338163,-0.018524782549896607,-0.37834731763876356,-0.02446573195150147,0.4096429149559531,0.3812503335296562,0.06017475089107117,1.9173344813216975e-07,1.9173344947895094e-07,7.024237026216487e-09
7.880000000000001,-0.3645833414243013,-0.3645833414243013,-0.4931627928176224,-0.49316271248050547,-0.36937374590573246,-0.018773444875029785,-0.3785808859140607,-0.022247866196503277,0.41322437504925097,0.38548865691468703,0.060211489894132685,1.7572414857947027e-07,1.7572414996857895e-07,7.90505275283209e-09
7.890000000000001,-0.3575893723270628,-0.3575893723270628,-0.48672001038087287,-0.4867199308879748,-0.3693074320822693,-0.019015911465083038,-0.37879227406232685,-0.02002973188161538,0.41680583514254843,0.38972698029971753,0.06024501966786491,1.5964229516107764e-07,1.5964229663328213e-07,9.22189493621497e-09
7.9,-0.35057528892191686,-0.35057528892191686,-0.4802498500718735,-0.48024977142766595,-0.3692203448131274,-0.019252181658733495,-0.37898148015723454,-0.01781148078704774,0.42038729523584595,0.393965303684748,0.06027532617147531,1.4349256964585333e-07,1.4349257115943797e-07,1.0548174224003463e-08
7.91,-0.3435414857492066,-0.3435414857492066,-0.47375267583543657,-0.4737525980443424,-0.36911248899694254,-0.019482255136355594,-0.379148503788,-0.015593264237525589,0.42380534000976405,0.3981041615929819,0.060302396303687354,1.2727968496523134e-07,1.272796865682776e-07,1.2594674702987909e-08
7.920000000000001,-0.3364883584585042,-0.3364883584585042,-0.4672288531358982,-0.46722877620229325,-0.36898387070057603,-0.019706131919051628,-0.3792933460547141,-0.013375233079518075,0.42722338478368244,0.40224301950121616,0.06032621790882772,1.1100838376298938e-07,1.1100838542178514e-07,1.494297709060051e-08
7.930000000000001,-0.3294163037863609,-0.3294163037863609,-0.4606787489365658,-0.46067867286477804,-0.36883449715877303,-0.019923812367661276,-0.3794160095634482,-0.011157537658778117,0.43064142955760054,0.40638187740945003,0.060346779782552484,9.468343630664178e-08,9.468343800652835e-08,1.7953367646578573e-08
7.94,-0.32232571953398803,-0.32232571953398803,-0.4541027316790742,-0.4541026564733821,-0.368664376773756,-0.02013529718175037,-0.37951649842113266,-0.00894032779820249,0.4340594743315186,0.41052073531768396,0.060364071677206706,7.830963871108265e-08,7.83096404966401e-08,2.2801246849024096e-08
7.95,-0.3152170045448786,-0.3152170045448786,-0.4475011712626588,-0.4475010969272934,-0.36847351911475174,-0.020340587398579246,-0.37959481823022484,-0.006723752776020693,0.4374775191054367,0.41465959322591783,0.06037808430681752,6.189181126631249e-08,6.189181309718429e-08,2.958180910941018e-08
7.96,-0.3080905586823773,-0.3080905586823781,-0.440874439023354,-0.4408743655624957,-0.3682619349174531,-0.020539684392051345,-0.3796509760831499,-0.0045079613043213975,0.4407129310688552,0.4186757154925796,0.060388809351710704,4.5434796258625454e-08,4.543479816915325e-08,4.204987971575517e-08
7.970000000000001,-0.30094678280718556,-0.30094678280718473,-0.43422290771309846,-0.4342228351308805,-0.36802963608341555,-0.020732589871642084,-0.3796849805565342,-0.0022931015079246143,0.443948343032274,0.4226918377592417,0.060396239462752126,2.8943456388541566e-08,2.8943458337365173e-08,6.733209224595087e-08
7.98,-0.2937860787548111,-0.2937860787548111,-0.4275469514787778,-0.4275468797792819,-0.3677766356793872,-0.020919305881308876,-0.37969684170523066,-7.932090360755061e-05,0.44718375499569246,0.42670796002590344,0.06040036826520974,1.2422672564238457e-08,1.2422674582543862e-08,1.6246947399387203e-07
7.99,-0.2866088493129697,-0.2866088493129706,-0.42084694584116844,-0.42084687502842766,-0.36750294793657406,-0.021099834798382407,-0.37968657105613424,0.002133233620307883,0.450419166959111,0.4307240822925652,0.060401190362231356,-4.122657770722071e-09,-4.122655681127469e-09,5.068561879995708e-07
8.0,-0.27941549819892586,-0.27941549819892586,-0.4141232676738198,-0.41412319775181833,-0.3672085882498395,-0.02127417933243952,-0.3796541816017961,0.004344415823998452,0.4536545789225295,0.43474020455922696,0.06039870133793655,-2.0687622698245534e-08,-2.0687620541669395e-08,1.0424475398279704e-07
8.01,-0.27220643003678135,-0.27220643003678135,-0.4073762951818572,-0.40737622615452795,-0.36689357317683824,-0.021442342524158515,-0.37959968779384246,0.006554080135806568,0.45668916741242616,0.4386110110839661,0.06039289776012173,-3.7267297754717266e-08,-3.7267295536870476e-08,5.9511875647184186e-08
8.02,-0.2649820503347203,-0.26498205033472116,-0.4006064078807048,-0.4006063397519298,-0.3665579204370851,-0.021604327744156653,-0.37952310553619406,0.008762081671523706,0.45972375590232284,0.4424818176087053,0.060383777182572644,-5.385674788083161e-08,-5.3856745612426134e-08,4.2119243502403964e-08
8.030000000000001,-0.25774276546219693,-0.2577427654621961,-0.3938139865747359,-0.39381391934834775,-0.3662016489109582,-0.02176013869181117,-0.3794244521780981,0.010968276253283619,0.4627583443922201,0.4463526241334451,0.060371338146985754,-7.045102943387116e-08,-7.045102708931759e-08,3.3279195307509795e-08
8.040000000000001,-0.2504889826270749,-0.25048898262707403,-0.38699941333586046,-0.3869993470156411,-0.365824778638637,-0.021909779394062977,-0.3793037465069702,0.013172520428058686,0.46579293288211676,0.4502234306581843,0.060355580184494134,-8.70451920542692e-08,-8.704518963909267e-08,2.774623699840029e-08
8.05,-0.24322110985272685,-0.24322110985272685,-0.3801630714820264,-0.3801630060717054,-0.3654273308189749,-0.02205325420420484,-0.3791610087410579,0.015374671485753189,0.46882752137201344,0.45409423718292347,0.06033650381679921,-1.0363428076115566e-07,-1.0363427826570026e-07,2.407943955461289e-08
8.06,-0.2359395559550809,-0.2359395559550809,-0.3733053455556596,-0.37330528105891625,-0.36500932780830697,-0.022190567800653295,-0.37899626052192087,0.01757458747688755,0.4716442248279889,0.4577979648833532,0.06031411055690404,-1.202133378536141e-07,-1.2021333529253137e-07,2.1304480659105146e-08
8.07,-0.2286447305196221,-0.2286447305196221,-0.3664266213020344,-0.36642655772249755,-0.3645707931191923,-0.022321725185705382,-0.37880952490673814,0.019772127229867667,0.47446092828396436,0.46150169258378293,0.06028840290944948,-1.3677740497153312e-07,-1.3677740235331754e-07,1.914216445736814e-08
8.08,-0.22133704387835867,-0.22133704387835867,-0.35952728564757713,-0.35952722298882306,-0.3641117514190916,-0.022446731684280366,-0.3786008263604444,0.02196715036783417,0.47727763173993976,0.4652054202842127,0.06025938437065164,-1.533215250593134e-07,-1.5332152238553272e-07,1.7439043054292908e-08
8.09,-0.21401690708673818,-0.21401690708673818,-0.35260772667810014,-0.3526076649436526,-0.3636322285289795,-0.022565592942646644,-0.378370190747702,0.02415951732508608,0.4800943351959152,0.4689091479846424,0.06022705942784142,-1.698407443642691e-07,-1.698407416249471e-07,1.6128768189628003e-08
8.1,-0.2066847319005233,-0.2066847319005242,-0.34566833361696997,-0.3456682728103015,-0.3631322514218919,-0.022678314927134863,-0.3781176453247065,0.026349089363074257,0.48291103865189067,0.47261287568507215,0.060191433558603444,-1.8633011440727376e-07,-1.8633011159999002e-07,1.506618372128303e-08
8.110000000000001,-0.1993409307526359,-0.19934093075263504,-0.3387094968032144,-0.33870943692774663,-0.36261184822140935,-0.02278490392283678,-0.3778432187308383,0.028535728585959784,0.4854940205424681,0.47612870085673537,0.060152513229517736,-2.027846940019784e-07,-2.0278469112456847e-07,1.4189482852438156e-08
8.120000000000001,-0.19198591672995502,-0.19198591672995416,-0.3317316076695739,-0.3317315487286736,-0.36207104820007485,-0.022885366532291024,-0.3775469409801601,0.03071929795573322,0.4880770024330451,0.479644526028398,0.06011030589450267,-2.1919955121851853e-07,-2.1919954828800862e-07,1.3369141898581562e-08
8.13,-0.1846201035500784,-0.1846201035500784,-0.32473505872047026,-0.3247350007174527,-0.3615098817777469,-0.02297970967415567,-0.37722884345276364,0.032899661306890406,0.49065998432362207,0.4831603512000606,0.06006481999275989,-2.355697654304878e-07,-2.3556976244077802e-07,1.269139854479929e-08
8.14,-0.17724390553805613,-0.17724390553805613,-0.31772024350993605,-0.3177201864480648,-0.3609283805198887,-0.023067940581868323,-0.37688895888597335,0.035076683360661096,0.493242966214199,0.4866761763717232,0.06001606494632303,-2.5189042925088945e-07,-2.5189042617467225e-07,1.2212521171587401e-08
8.15,-0.16985773760308148,-0.16985773760308148,-0.31068755661947817,-0.310687500501963,-0.36032657713579275,-0.02315006680229377,-0.37652732136541156,0.037250229738787013,0.495825948104776,0.4901920015433858,0.05996405115721164,-2.681566504264543e-07,-2.681566472961367e-07,1.1673466285569018e-08
8.16,-0.1624620152151542,-0.1624620152151542,-0.3036373936358807,-0.3036373384658773,-0.3597045054767407,-0.023226096194359783,-0.37614396631592306,0.03942016697684666,0.4981606859661396,0.49350015693819493,0.059908790004189416,-2.8436355397482016e-07,-2.843635507914267e-07,1.1194801159064843e-08
8.17,-0.15505715438170672,-0.15505715438170758,-0.2965701511289517,-0.2965700969095633,-0.35906220053409943,-0.023296036927681535,-0.3757389304923757,0.04158636253712219,0.5004954238275032,0.4968083123330041,0.05985029383913283,-3.0050628404415525e-07,-3.005062807822973e-07,1.0854541629637992e-08
8.18,-0.1476435716242094,-0.1476435716242103,-0.2894862266292179,-0.28948617336349525,-0.3583996984373525,-0.023359897481174795,-0.3753122519703282,0.04374868482100827,0.502830161688867,0.5001164677278132,0.05978857598300746,-3.1658000579359857e-07,-3.165800024709538e-07,1.0495434643322003e-08
8.190000000000001,-0.14022168395473852,-0.14022168395473764,-0.2823860186055646,-0.2823859662965035,-0.35771703645206804,-0.023417686641658386,-0.37486397013657885,0.045907003180958285,0.505164899550231,0.5034246231226229,0.059723650721457376,-3.3257990746798916e-07,-3.3257990407297364e-07,1.0208119744056364e-08
8.200000000000001,-0.13279190885251674,-0.13279190885251674,-0.2752699264428236,-0.2752698750933659,-0.3570142529778032,-0.023469413502446253,-0.3743941256795997,0.048061187931967474,0.5074996374115947,0.506732778517432,0.05965553330001019,-3.4850120218810066e-07,-3.485011987369705e-07,9.902778413498487e-09
8.21,-0.12535466424043543,-0.12535466424043543,-0.26813835041930006,-0.26813830003233513,-0.35629138754594264,-0.023515087461929443,-0.37390276057985333,0.05021111036259006,0.5095730044981679,0.5098146644823319,0.059584239918897955,-3.643391299767984e-07,-3.6433912644973447e-07,9.680716790413021e-09
8.22,-0.11791036846154389,-0.11791036846154301,-0.2609916916842659,-0.2609916422626279,-0.3555484808174764,-0.023554718222148434,-0.3733899181000039,0.052356642745489596,0.5116463715847411,0.5128965504472318,0.05950978772749926,-3.8008895951457955e-07,-3.800889559256407e-07,9.442365406557352e-09
8.23,-0.11045944025551512,-0.11045944025551512,-0.2538303522353913,-0.2538303037818594,-0.3547855745807123,-0.023588315787356276,-0.37285564277502836,0.054497658347520996,0.5137197386713144,0.5159784364121318,0.05943219481840635,-3.957459901449134e-07,-3.957459864791298e-07,9.262971000997675e-09
8.24,-0.10300229873509696,-0.10300229873509785,-0.24665473489613135,-0.2466546874134309,-0.3540027117489248,-0.023615890462572488,-0.3722999804022224,0.056634031439343736,0.5157931057578876,0.5190603223770317,0.05935148022111709,-4.1130555359508714e-07,-4.1130554987906334e-07,9.034703687009598e-09
8.25,-0.0955393633625346,-0.0955393633625346,-0.23946524329306845,-0.2394651967838712,-0.3531999363579417,-0.023637452852128624,-0.37172297803111765,0.0587656373045649,0.5178664728444609,0.5221422083419316,0.05926766389535992,-4.267630159676683e-07,-4.267630121837912e-07,8.866459794362743e-09
8.26,-0.08807105392597321,-0.08807105392597321,-0.2322622818332104,-0.23226223630013254,-0.3523772935636672,-0.0236530138582053,-0.3711246839533096,0.060892352248412204,0.5196668119322426,0.5249804973929126,0.05918076672405354,-4.421137793989005e-07,-4.4211377555580557e-07,8.69254730845848e-09
8.27,-0.0805977905158503,-0.08059779051585118,-0.225046255681241,-0.22504621112684295,-0.3515348296395417,-0.023662584679361404,-0.37050514769219817,0.0630140536059369,0.5214671510200244,0.5278187864438937,0.059090810505904846,-4.5735328396689923e-07,-4.573532800548433e-07,8.553684986925609e-09
8.280000000000001,-0.07311999350126308,-0.0731199935012622,-0.21781757073672608,-0.21781752716351438,-0.35067259197393846,-0.02366617680905571,-0.36986441999265124,0.06513061974974664,0.5232674901078065,0.5306570754948752,0.05899781794765159,-4.7247700936392523e-07,-4.724770054083474e-07,8.372000689245122e-09
8.290000000000001,-0.0656380835063202,-0.0656380835063193,-0.21057663361129034,-0.2105765910217164,-0.349790629067499,-0.023663802034161147,-0.3692025528105928,0.06724193009726868,0.5250678291955883,0.5334953645458562,0.058901812655952845,-4.874804767907026e-07,-4.874804727582284e-07,8.272073223247962e-09
8.3,-0.05815248138648695,-0.05815248138648695,-0.20332385160573785,-0.20332381000219651,-0.34888899053040445,-0.023655472433472106,-0.36851959930251976,0.06934786511754451,0.52686816828337,0.5363336535968373,0.05880281912893261,-5.023592504760366e-07,-5.023592463828619e-07,8.147903504554622e-09
8.31,-0.050663608204909755,-0.050663608204909755,-0.19605963268714324,-0.19605959207197463,-0.3479677270795847,-0.023641200376205124,-0.3678156138149538,0.07144830633755579,0.5283853572110894,0.5389123878403547,0.058700862747381434,-5.171089395433759e-07,-5.171089353932962e-07,8.025542248621253e-09
8.32,-0.04317188520872868,-0.04317188520872868,-0.18878438546590443,-0.18878434584139403,-0.3470268905358656,-0.023620998520493118,-0.3670906518738333,0.07354313634808538,0.5299025461388088,0.5414911220838721,0.05859596976562206,-5.31725199634514e-07,-5.317251954027241e-07,7.958603331495595e-09
8.33,-0.035677733805387815,-0.035677733805387815,-0.18149851917276014,-0.18149848054113688,-0.34606653382105496,-0.023594879811873845,-0.3663447701738457,0.07563223880911157,0.5314197350665282,0.5440698563273896,0.05848816730204291,-5.462037344361459e-07,-5.462037301681845e-07,7.813863508052712e-09
8.34,-0.028181575538928475,-0.028181575538928475,-0.17420244363576928,-0.17420240599920522,-0.3450867109549648,-0.02356285748177248,-0.3655780265677139,0.07771549845474024,0.5329369239942476,0.546648590570907,0.05837748332930753,-5.605402975394913e-07,-5.60540293203603e-07,7.735194600278019e-09
8.35,-0.02068383206627486,-0.020683832066275748,-0.1668965692572561,-0.16689653261786833,-0.34408747705237297,-0.0235249450459787,-0.3647904800554278,0.07979280109767545,0.534454112921967,0.5492273248144244,0.058263946664242484,-5.747306937656238e-07,-5.74730689363263e-07,7.659867185175176e-09
8.360000000000001,-0.013184925133521251,-0.013184925133520363,-0.15958130699072542,-0.15958127135057623,-0.34306888831992255,-0.023481156303118773,-0.36398219077344224,0.08186403363323073,0.5356796215015562,0.5515320056684808,0.0581475869574138,-5.887707808654996e-07,-5.887707763947916e-07,7.593291177441487e-09
8.370000000000001,-0.0056852765522062585,-0.00568527655220537,-0.15225706831775615,-0.15225703367884894,-0.34203100205296205,-0.02343150533312283,-0.3631532199838303,0.0839290840428854,0.5369051300811454,0.5538366865225369,0.058028434682394305,-6.026564709910032e-07,-6.026564664608656e-07,7.516948419978613e-09
8.38,0.0018146918244166404,0.0018146918244166404,-0.14492426522483984,-0.14492423158912304,-0.34097387663231976,-0.023376006495687433,-0.3623036300634066,0.08598784139738556,0.5381306386607344,0.5561413673765929,0.05790652112473041,-6.163837322145649e-07,-6.163837276287547e-07,7.3947754477250504e-09
8.39,0.009314558125102897,0.009314558125102897,-0.13758331018021613,-0.1375832775495826,-0.33989757152102185,-0.02331467442873401,-0.3614334844928198,0.08804019585939571,0.5393561472403235,0.558446048230649,0.057781878370614055,-6.299485899655122e-07,-6.299485853269834e-07,7.137520448027446e-09
8.4,0.0168139004843506,0.0168139004843506,-0.13023461611067155,-0.13023458448695677,-0.33880214726094715,-0.023247524046863234,-0.36054284784562496,0.09008603868570308,0.5405816558199126,0.560750729084705,0.05765453929526766,-6.433471284872372e-07,-6.433471237683058e-07,6.9373653658625185e-09
8.41,0.024312297066128516,0.024312297066128516,-0.12287859637831082,-0.12287856576329272,-0.3376876654694216,-0.023174570539805744,-0.35963178577732885,0.09212526222897782,0.5415085937963268,0.5627683987951516,0.05752453755104593,-6.565754920931366e-07,-6.565754873382807e-07,6.68611777624172e-09
8.42,0.0318093260876078,0.03180932608760692,-0.11551566475730335,-0.11551563515270404,-0.33655418883575194,-0.02309582937086918,-0.3587003650144272,0.0941577599390936,0.5424355317727411,0.5647860685055982,0.05739190755526551,-6.696298867694961e-07,-6.696298819487859e-07,6.491026334753971e-09
8.43,0.039304565842881875,0.03930456584288099,-0.10814623541061058,-0.10814620681809618,-0.33540178111769986,-0.0230113162753823,-0.35774865334342776,0.096183426364012,0.5433624697491553,0.5668037382160448,0.057256684477766745,-6.825065812232634e-07,-6.825065763557698e-07,6.282503898713317e-09
8.440000000000001,0.04679759472668989,0.046797594726690775,-0.10077072286669014,-0.10077069528786856,-0.3342305071378957,-0.022921047259135942,-0.3567767195998656,0.09820215715023525,0.5442894077255697,0.5688214079264917,0.05711890422821505,-6.952019083669714e-07,-6.952019034406388e-07,6.1012135821557395e-09
8.450000000000001,0.05428799125813459,0.05428799125813459,-0.09338954199618056,-0.09338951543260264,-0.33304043278019224,-0.022825038596821362,-0.3557846336573179,0.10021384904283108,0.5452163457019839,0.5708390776369383,0.0569786034431503,-7.077122664497781e-07,-7.07712261454698e-07,5.94185612789404e-09
8.46,0.06177533410438522,0.06177533410438522,-0.086003107988557,-0.08600308244171781,-0.331831624985958,-0.022723306830466125,-0.3547724664164199,0.10221839988503544,0.5458395014927224,0.5725583921306845,0.056835819472791066,-7.200341202648342e-07,-7.200341152260667e-07,5.762305823991698e-09
8.47,0.06925920210437998,0.06925920210438086,-0.07861183632878563,-0.07861181180012218,-0.33060415175031277,-0.022615868767867597,-0.3537402897938869,0.10421570861743686,0.546462657283461,0.5742777066244306,0.05669059036760095,-7.321640024329779e-07,-7.321639973285473e-07,5.616953993894396e-09
8.48,0.07673917429251892,0.07673917429251892,-0.0712161427739493,-0.07121611926484046,-0.32935808211830264,-0.022502741481024692,-0.352688176711546,0.10620567527674736,0.5470858130741996,0.5759970211181767,0.056542954864625176,-7.440985143603029e-07,-7.440985092119769e-07,5.4560142976659045e-09
8.49,0.08421482992233782,0.08421482992233695,-0.06381644332985961,-0.06381642084162774,-0.3280934861810156,-0.022383942304567663,-0.3516162010853843,0.10818820099416647,0.5477089688649381,0.5777163356119228,0.05639295237360539,-7.558343274940982e-07,-7.558343222935822e-07,5.312170847905291e-09
8.5,0.09168574849017776,0.09168574849017776,-0.05641315422765832,-0.056413132761569264,-0.3268104350716396,-0.022259488834186433,-0.35052443781461173,0.11016318799334221,0.5483321246556767,0.579435650105669,0.05624062296287931,-7.673681842804148e-07,-7.67368179009916e-07,5.1932644984342295e-09
8.51,0.09915150975884092,0.09915150975884092,-0.04900669190040624,-0.04900667145766746,-0.3255090009614614,-0.02212939892505753,-0.3494129627707494,0.1121305395879358,0.5486479946521952,0.5808469427711861,0.05608600734507464,-7.786968991424503e-07,-7.78696893829023e-07,5.0543007902722005e-09
8.52,0.10661169378122355,0.10661169378122266,-0.04159747295965731,-0.041597453541417806,-0.32418925705580665,-0.021993690690269897,-0.348281852786744,0.11409016017879486,0.5489638646487137,0.5822582354367032,0.05592914686260472,-7.898173596046498e-07,-7.898173542224229e-07,4.94616511730074e-09
8.530000000000001,0.11406588092394056,0.11406588092394145,-0.03418591417202071,-0.0341858957793732,-0.32285127758992166,-0.02185238249924985,-0.3471311856461111,0.11604195525074174,0.5492797346452323,0.5836695281022205,0.055770083472973346,-8.007265270074115e-07,-8.007265215966229e-07,4.807274431989931e-09
8.540000000000001,0.1215136518909324,0.12151365189093327,-0.026772432435726655,-0.026772415069706176,-0.32149513782479905,-0.02170549297618527,-0.3459610400721127,0.11798583136898287,0.5495956046417507,0.5850808207677375,0.05560885973389737,-8.114214376450657e-07,-8.114214321838925e-07,4.694149476807057e-09
8.55,0.12895458774704502,0.12895458774704502,-0.01935744475716811,-0.019357428418750596,-0.320120914042943,-0.021553040998449177,-0.34477149571697313,0.11992169617514543,0.5499114746382693,0.5864921134332546,0.05544551878825568,-8.218992033903749e-07,-8.218991978920004e-07,4.5753968236584735e-09
8.56,0.13638826994159764,0.13638826994159764,-0.011941368227445973,-0.011941352917550467,-0.3187286835440788,-0.021395045695023263,-0.3435626331511362,0.12184945838294765,0.5499182829045415,0.5875874494697834,0.05528010434887207,-8.321570126590405e-07,-8.321570071127189e-07,4.4709964000836566e-09
8.57,0.1438142803319286,0.1438142803319286,-0.004524619998908764,-0.004524605718397315,-0.3173185246408047,-0.021231526444920764,-0.3423345338525675,0.12376902777351002,0.5499250911708137,0.588682785506312,0.055112660683140656,-8.421921310827751e-07,-8.421921254889386e-07,4.3710538734381135e-09
8.58,0.1512322012069106,0.1512322012069106,0.00289238273831038,0.002892395988634493,-0.3158905166541873,-0.021062502875609877,-0.34108728019610524,0.12568031519031242,0.549931899437086,0.5897781215428408,0.05494323259750213,-8.520019022933978e-07,-8.520018966401739e-07,4.2846309374186695e-09
8.59,0.15864161531044946,0.15864161531044946,0.010309222779762262,0.010309234999154586,-0.3144447399092996,-0.0208879948614371,-0.3398209554428639,0.12758323253380635,0.5499387077033582,0.5908734575793695,0.054771865421779066,-8.615837485265176e-07,-8.615837428463895e-07,4.178032074736215e-09
8.6,0.1660421058649572,0.16604210586495635,0.01772548293015102,0.017725494117924217,-0.31298127573070206,-0.02070802252205082,-0.3385356437296917,0.12947769275568755,0.5499455159696304,0.5919687936158983,0.05459860499337834,-8.709351714333846e-07,-8.709351656900667e-07,4.102236277164628e-09
8.610000000000001,0.17343325659479064,0.1734332565947915,0.025140746026801292,0.025140756182324732,-0.3115002064378684,-0.0205226062208257,-0.3372314300586888,0.1313636098528368,0.5496432242271065,0.5927420146457848,0.05442349764136978,-8.80053752427834e-07,-8.800537466564063e-07,4.005213217788275e-09
8.620000000000001,0.18081465174966996,0.18081465174966996,0.03255459496311381,0.032554604085817576,-0.3100016153405568,-0.020331766563287595,-0.335908400286787,0.13324089886093585,0.5493409324845828,0.5935152356756713,0.054246590170448715,-8.889371535328316e-07,-8.889371476916904e-07,3.940560213860702e-09
8.63,0.18818587612806317,0.18818587612806317,0.03996661271204342,0.039966620801414304,-0.30848558673412085,-0.020135524395539277,-0.3345666411153957,0.1351094758477669,0.5490386407420591,0.5942884567055577,0.05406792984479153,-8.975831175886406e-07,-8.975831117197833e-07,3.850864939042736e-09
8.64,0.19554651510054424,0.19554651510054424,0.047376382349546844,0.04737638940512902,-0.3069522058947698,-0.019933900802687143,-0.3332062400801151,0.13696925790620088,0.5487363489995354,0.5950616777354442,0.05388756437181132,-9.059894690299775e-07,-9.059894631168343e-07,3.775615547144296e-09
8.65,0.20289615463311098,0.20289615463311098,0.05478348707803493,0.05478349309943149,-0.30540155907477157,-0.019726917107269235,-0.3318272855405206,0.13882016314688525,0.5484340572570117,0.5958348987653306,0.05370554188582314,-9.141541140941789e-07,-9.14154108144237e-07,3.698799160354345e-09
8.66,0.2102343813104766,0.2102343813104766,0.06218751024981884,0.06218751523669196,-0.3038337334976013,-0.019514594867684105,-0.33042986667002416,0.14066211069063597,0.5478243650998348,0.5962816574586659,0.05352191093162722,-9.220750413346801e-07,-9.220750353399248e-07,3.629997214377638e-09
8.67,0.21756078235932716,0.2175607823593263,0.06958803539054825,0.06958803934261742,-0.302248817353034,-0.01929695587662149,-0.32901407344581185,0.142495020660544,0.547214672942658,0.5967284161520011,0.05333672044801786,-9.297503219124481e-07,-9.297503158682033e-07,3.566696939500819e-09
8.68,0.2248749456715346,0.2248749456715337,0.07698464622263619,0.07698464913967824,-0.3006468997921848,-0.019074022159494136,-0.32757999663886106,0.14431881417380232,0.5466049807854811,0.5971751748453364,0.05315001975122628,-9.371781098943543e-07,-9.371781038281936e-07,3.4899930464713224e-09
8.690000000000001,0.2321764598273402,0.23217645982734106,0.08437692668867364,0.08437692857052491,-0.29902807092249406,-0.018845815972871563,-0.32612772780404253,0.14613341333326194,0.5459952886283043,0.5976219335386718,0.052961858518306315,-9.443566426486916e-07,-9.443566365211042e-07,3.438576148831486e-09
8.700000000000001,0.23946491411849968,0.23946491411849968,0.09176446097483089,0.09176446182138595,-0.2973924218026595,-0.018612359802915365,-0.3246573592703057,0.14793874121872616,0.5453855964711274,0.5980686922320071,0.052772286770470314,-9.512842408451738e-07,-9.512842346765998e-07,3.377843052846426e-09
8.71,0.24673989857138004,0.24673989857138004,0.09914683353425485,0.09914683334546523,-0.2957400444375122,-0.018373676363816288,-0.32316898413095463,0.14973472187798892,0.5444719318103962,0.5981864767488974,0.0525813548563842,-9.57959308815759e-07,-9.579593026384171e-07,3.3022063283852896e-09
8.72,0.2540010039700231,0.254001003970024,0.10652362911043467,0.10652362788631102,-0.2940710317728435,-0.01812978859623373,-0.32166269623401367,0.15152128031762896,0.5435582671496649,0.5983042612657876,0.05238911343542948,-9.6438033473506e-07,-9.643803285095825e-07,3.250131284332514e-09
8.73,0.2612478218791666,0.2612478218791666,0.11389443276056342,0.11389443050117541,-0.29238547769017575,-0.017880719665736622,-0.32013859017268714,0.1532983424935633,0.5426446024889338,0.5984220457826778,0.05219561346094021,-9.705458905093223e-07,-9.705458842574771e-07,3.1888606940480164e-09
8.74,0.2684799446672129,0.26847994466721203,0.12125882987888001,0.12125882658435481,-0.2906834770014818,-0.01762649296124698,-0.31859676127591235,0.15506583530137225,0.5417309378282025,0.598539830299568,0.05200090616342239,-9.764546320817358e-07,-9.764546257790822e-07,3.142093478896839e-09
8.75,0.27569696552916134,0.27569696552916134,0.12861640621998935,0.12861640189051132,-0.2889651254438511,-0.01736713209348555,-0.31703730559901555,0.15682368656640355,0.5408172731674713,0.5986576148164583,0.05180504303376582,-9.82105299252023e-07,-9.82105292926769e-07,3.0832388228969882e-09
8.76,0.28289847850949296,0.28289847850949296,0.13596674792216124,0.1359667425579739,-0.28723051967410607,-0.017102660893419643,-0.31546031991446144,0.15857182503366202,0.5396047729582772,0.5984457629295024,0.051608075806452644,-9.874967158499115e-07,-9.874967094949945e-07,3.029939522118614e-09
8.77,0.2900840785250007,0.29008407852499984,0.1433094415306122,0.14330943513201821,-0.28547975726336405,-0.01683310341071369,-0.3138659017027099,0.16031018035749575,0.5383922727490832,0.5982339110425465,0.05141005644277421,-9.926277895686009e-07,-9.926277831682897e-07,2.985916469105782e-09
8.780000000000001,0.2972533613875774,0.29725336138757824,0.15064407402076538,0.15064406658812424,-0.2837129366915484,-0.016558483912182023,-0.3122541491431734,0.16203868309108638,0.537179772539889,0.5980220591555906,0.05121103711406103,-9.9749751185374e-07,-9.974975054309728e-07,2.932953989412543e-09
8.790000000000001,0.3044059238269541,0.30440592382695497,0.15797023282147457,0.1579702243552039,-0.281930157341851,-0.01627882688024426,-0.310625161105284,0.16375726467575033,0.535967272330695,0.5978102072686348,0.05101107018493549,-1.0021049578895491e-06,-1.0021049514390243e-06,2.8842653402839123e-09
8.8,0.3115413635133787,0.3115413635133787,0.16528750583823892,0.16528749633881581,-0.2801315194951403,-0.01599415701138344,-0.3089790371396648,0.16546585743006417,0.5347547721215009,0.5975983553816788,0.050810208196593404,-1.0064492863559593e-06,-1.0064492798546204e-06,2.847392285382383e-09
8.81,0.3186592790802493,0.3186592790802493,0.17259548147638143,0.17259547094434025,-0.2783171243243206,-0.015704499214606798,-0.30731587746941275,0.1671643945388151,0.5332502534810981,0.5970580581992518,0.05060850385012231,-1.0105297391579948e-06,-1.0105297326436836e-06,2.795512103724656e-09
8.82,0.32575927014669387,0.32575927014669387,0.17989374866420024,0.17989373710013257,-0.27648707388864174,-0.01540987860990922,-0.3056357829814922,0.16885281004179356,0.5317457348406954,0.5965177610168249,0.050406009989864144,-1.01434564138414e-06,-1.0143456348371632e-06,2.753740457635709e-09
8.83,0.3328409373400861,0.3328409373400861,0.18718189687608955,0.18718188428064586,-0.2746414711279584,-0.015110320526739615,-0.30393885521824293,0.1705310388224314,0.5302412162002926,0.5959774638343978,0.050202779586829754,-1.017896400827556e-06,-1.0178963942563959e-06,2.7098892552199987e-09
8.84,0.3399038823185127,0.3399038823185127,0.19445951615563323,0.19445950252952282,-0.2727804198569394,-0.014805850502470073,-0.3022251963689986,0.1721990165962944,0.52873669755989,0.5954371666519708,0.049998865722170535,-1.0211815077987296e-06,-1.0211815012031276e-06,2.6676345317051864e-09
8.85,0.3469477077931826,0.3469477077931818,0.20172619713866652,0.2017261824826559,-0.27090402475922776,-0.014496494280868051,-0.3004949092618262,0.1738566798994394,0.5272321789194871,0.5948968694695438,0.049794321570717115,-1.0242005347299576e-06,-1.024200528114827e-06,2.624853168445432e-09
8.860000000000001,0.3539720175507694,0.35397201755077023,0.20898153107630282,0.20898151539121504,-0.2690123913815525,-0.01418227781057131,-0.2987480973553776,0.1755039660766449,0.5254441007989787,0.594031164738952,0.04958920038458925,-1.0269531358145234e-06,-1.0269531291857998e-06,2.5811951400548665e-09
8.870000000000001,0.3609764164757012,0.3609764164757012,0.2162251098579159,0.2162250931446346,-0.26710562612779354,-0.013863227243566034,-0.2969848647308641,0.17714081326952189,0.5236560226784707,0.5931654600083605,0.04938355547688591,-1.029439046625058e-06,-1.0294390399547295e-06,2.549702659635212e-09
8.88,0.36796051057238466,0.36796051057238466,0.22345652603411192,0.22345650829357713,-0.2651838362529929,-0.013539368933667865,-0.2952053160841453,0.17876716040451415,0.5218679445579626,0.5922997552777689,0.049177440205459944,-1.031658083544551e-06,-1.0316580768592124e-06,2.5092367444238387e-09
8.89,0.3749239069873698,0.3749239069873698,0.2306753728396384,0.23067535407284723,-0.26324712985732435,-0.013210729435006029,-0.2934095567179436,0.1803829471807978,0.5200798664374545,0.5914340505471773,0.04897090795678634,-1.0336101434749168e-06,-1.033610136758012e-06,2.476198502106995e-09
8.9,0.38186621403144366,0.38186621403144366,0.23788124421626516,0.23788122442427317,-0.26129561588001193,-0.012877335500510508,-0.29159769253417583,0.1819881140580875,0.5182917883169464,0.5905683458165858,0.04876401212992832,-1.035295203143105e-06,-1.0352951964215706e-06,2.4344592273233812e-09
8.91,0.38878704120166463,0.38878704120166463,0.24507373483562644,0.24507371401954775,-0.2593294040932027,-0.012539214080402419,-0.2897698300264111,0.1835826022443569,0.5162302039419858,0.5893821008447473,0.0485568061206091,-1.0367133187402788e-06,-1.0367133119914496e-06,2.4021373659304147e-09
8.92,0.3956859992033308,0.39568599920333,0.252252440122022,0.2522524182830277,-0.25734860509579105,-0.012196392320687368,-0.2879260762724486,0.18516635368348458,0.5141686195670252,0.5881958558729088,0.048349343305394386,-1.0378646251793522e-06,-1.0378646184094606e-06,2.3686546964628085e-09
8.93,0.4025626999718729,0.40256269997187205,0.2594169562751734,0.2594169334144909,-0.2553533303071979,-0.011848897561652022,-0.28606653892702066,0.1867393110428312,0.5121070351920646,0.5870096109010703,0.04814167702599213,-1.0387493355953903e-06,-1.0387493288170415e-06,2.331888561537673e-09
8.940000000000001,0.40941675669468497,0.4094167566946858,0.26656688029293607,0.2665668564118517,-0.2533436919611041,-0.011496757336363855,-0.284191326214621,0.18830141770075748,0.5100454508171036,0.5858233659292316,0.047933860573675546,-1.0393677407211088e-06,-1.0393677339256225e-06,2.2992140797948306e-09
8.950000000000001,0.4162477838328853,0.4162477838328853,0.2737018099939665,0.2737017850938241,-0.2513198030991375,-0.011139999369174015,-0.28230054692245604,0.1898526177340913,0.507983866442143,0.5846371209573931,0.047725947173834424,-1.039720208165229e-06,-1.03972020135873e-06,2.265514217408817e-09
8.96,0.4230553971429976,0.4230553971429976,0.2808213440403529,0.28082131812255234,-0.24928177756451214,-0.01077865157422337,-0.2803943103935249,0.19139285590555352,0.5056603667900398,0.5831370052450662,0.04751798997066184,-1.0398071817879773e-06,-1.0398071749664878e-06,2.2341564280322665e-09
8.97,0.4298392136985675,0.42983921369856826,0.28792508196018174,0.2879250550261807,-0.24722972999562723,-0.010412742053951695,-0.27847272651982274,0.19292207765114647,0.5033368671379367,0.5816368895327393,0.047310042011979435,-1.0396291809516844e-06,-1.0396291741131904e-06,2.2044058887087338e-09
8.98,0.4365988519117039,0.4365988519117039,0.295012624170067,0.2950125962213815,-0.24516377581961776,-0.010042299097610055,-0.27653590573566983,0.1944402290675196,0.5010133674858335,0.5801367738204124,0.04710215623420835,-1.039186799799141e-06,-1.0391867929388313e-06,2.1770835071687893e-09
8.99,0.4433339315545389,0.4433339315545381,0.30208357199762914,0.3020835430358311,-0.24308403124586106,-0.009667351179776303,-0.2745839590111706,0.19594725689931464,0.49868986783373026,0.5786366581080855,0.04689438544749086,-1.0384807064695023e-06,-1.0384806995951568e-06,2.1481508750070262e-09
9.0,0.4500440737806176,0.4500440737806176,0.30913752770391795,0.30913749773063576,-0.24099061325944093,-0.009287926958873828,-0.2726169978457944,0.1974431085265024,0.4963663681816271,0.5771365423957586,0.04668678232096622,-1.0375116423488873e-06,-1.0375116354570933e-06,2.1211328024836145e-09
9.01,0.45672890114621073,0.45672890114621073,0.3161740945057842,0.3161740635227038,-0.23888363961456718,-0.008904055275693292,-0.2706351342620887,0.1989277319517179,0.493794016812658,0.5753309901391837,0.04647939936820815,-1.0362804212030174e-06,-1.0362804143103019e-06,2.0899048677666582e-09
9.02,0.4633880376315407,0.4633880376315399,0.32319287659819973,0.32319284460706466,-0.23676322882795214,-0.00851576515191764,-0.26863848079951286,0.2004010757876004,0.49122166544368884,0.5735254378826087,0.04627228893282556,-1.0347879284139383e-06,-1.0347879215155523e-06,2.0610146318052582e-09
9.030000000000001,0.47002110866193525,0.470021108661936,0.33019347917652486,0.3301934461791343,-0.23462950017214276,-0.008123085788650083,-0.2666271505084038,0.20186308924414836,0.4886493140747193,0.5717198856260334,0.046065503174233885,-1.0330351200710242e-06,-1.0330351131507116e-06,2.0377551047628562e-09
9.040000000000001,0.4766277411288995,0.4766277411289003,0.33717550845870825,0.3371754744569178,-0.23248257366881403,-0.007726046564945322,-0.2646012569440625,0.20331372211609652,0.4860769627057501,0.5699143333694584,0.04585909405359914,-1.0310230220550443e-06,-1.0310230151311869e-06,2.0098371165453746e-09
9.05,0.48320756341109833,0.48320756341109833,0.3441385717074434,0.3441385367031667,-0.23032257008201568,-0.0073246770363436485,-0.26256091416097216,0.2047529247703217,0.483504611336781,0.5681087811128834,0.04565311331996102,-1.0287527292263121e-06,-1.0287527223094658e-06,1.9797011852164904e-09
9.06,0.4897602053952625,0.4897602053952625,0.35108227725225954,0.35108224124746534,-0.22814961091137967,-0.0069190069334082735,-0.2605062367071392,0.2061806481332869,0.480697870946101,0.5660079437836626,0.0454476124965376,-1.0262254045018127e-06,-1.0262253975546206e-06,1.960967856887508e-09
9.07,0.4962852984970097,0.4962852984970097,0.3580062345115514,0.35800619750826423,-0.22596381838528617,-0.006509066160265538,-0.2584373396185593,0.2075968436785307,0.477891130555421,0.5639071064544418,0.04524264286721619,-1.023442277758857e-06,-1.0234422708125801e-06,1.9340709522650604e-09
9.08,0.5027824756815727,0.5027824756815727,0.364910054014548,0.3649100160148493,-0.22376531545398867,-0.006094884793148124,-0.2563543384138101,0.20900146341420714,0.4750843901647409,0.5618062691252208,0.04503825546323388,-1.0204046451064985e-06,-1.0204046381478122e-06,1.9115905283389958e-09
9.09,0.5092513714844472,0.5092513714844472,0.3717933474232218,0.3717933084292498,-0.2215542257826977,-0.005676493078941267,-0.2542573490887647,0.21039445987068756,0.4722776497740609,0.559705431796,0.04483450105005137,-1.0171138677197988e-06,-1.0171138607673693e-06,1.8846831483203795e-09
9.1,0.5156916220319515,0.5156916220319507,0.37865572755413435,0.3786556875680824,-0.21933067374462395,-0.005253921433731827,-0.2521464881114344,0.21177578608822875,0.4694709093833809,0.5576045944667791,0.04463143011442453,-1.0135713709794048e-06,-1.0135713640279504e-06,1.859932362128507e-09
9.110000000000001,0.5221028650616896,0.5221028650616903,0.38549680840021505,0.38549676742433125,-0.21709478441398247,-0.004827200441360242,-0.2500218724169281,0.21314539560471563,0.4664455604864892,0.5552202837366103,0.04442909285167498,-1.0097786433752032e-06,-1.0097786364268591e-06,1.835299124345927e-09
9.120000000000001,0.5284847399429315,0.5284847399429315,0.3923162051524653,0.39231616318905566,-0.21484668355896014,-0.0043963608519753,-0.24788361940254028,0.2145032424434857,0.46342021158959806,0.5528359730064418,0.04422753915316541,-1.005737235527937e-06,-1.0057372285775641e-06,1.8126788302190152e-09
9.13,0.5348368876968972,0.5348368876968972,0.3991135342216182,0.39911349127304324,-0.21258649763463663,-0.003961433580591719,-0.24573184692295352,0.21584928110124235,0.4603948626927069,0.5504516622762733,0.04402681859397977,-1.0014487591344934e-06,-1.0014487521706813e-06,1.7936140540931685e-09
9.14,0.5411589510169519,0.5411589510169519,0.40588841325970687,0.40588836932838157,-0.21031435377587382,-0.003522449705650457,-0.24356667328556766,0.21718346653606338,0.4573695137958158,0.5480673515461049,0.04382698042081404,-9.96914885878497e-07,-9.969148789211847e-07,1.7700009549566554e-09
9.15,0.5474505742887,0.5474505742887,0.4126404611815707,0.4126404162699663,-0.20803037979016506,-0.003079440467581715,-0.24138821724594367,0.21850575415551216,0.45434416489892465,0.5456830408159364,0.04362807354007776,-9.921373464658045e-07,-9.92137339502558e-07,1.750143074636058e-09
9.16,0.5537114036099907,0.5537114036099907,0.4193692981862939,0.41936925229693733,-0.20573470415044498,-0.0026324372673705836,-0.2391965980033691,0.2198160998048591,0.4511172171078691,0.5430286621470993,0.043430146506210965,-9.87117929424075e-07,-9.871179224687375e-07,1.727382268261832e-09
9.17,0.5599410868108269,0.5599410868108262,0.42607454577856974,0.4260744989140423,-0.2034274559878628,-0.002181471665125275,-0.23699193519653886,0.22111445975541688,0.44789026931681364,0.5403742834782623,0.04323324751021698,-9.81858480117448e-07,-9.818584731645576e-07,1.7065605935752865e-09
9.18,0.5661392734731705,0.5661392734731697,0.43275582678999,0.432755778952927,-0.20110876508451897,-0.0017265753786479062,-0.23477434889935245,0.2224007906930011,0.4446633215257581,0.5377199048094252,0.043037424368414984,-9.763608995599915e-07,-9.76360892625556e-07,1.682403495454411e-09
9.190000000000001,0.5723056149506551,0.5723056149506558,0.4394127654002594,0.439412716593352,-0.19877876186616555,-0.001267780282007755,-0.23254395961682633,0.22367504970651703,0.441436373734702,0.5350655261405877,0.042842724511412966,-9.706271434165026e-07,-9.706271364677596e-07,1.666723785592214e-09
9.200000000000001,0.5784397643882001,0.5784397643882001,0.44604498715833407,0.44604493738432804,-0.19643757739486997,-0.000805118404116943,-0.23030088828111958,0.22493719427668368,0.4382094259436465,0.5324111474717506,0.042649194973304216,-9.64659220711872e-07,-9.646592137684e-07,1.6468236176268282e-09
9.21,0.5845413767415164,0.5845413767415164,0.4526521190034912,0.4526520682651856,-0.19408534336164068,-0.0003386219273084824,-0.22804525624767163,0.22618718226489873,0.43479902233279244,0.5295016247467191,0.042456882381088246,-9.584591928596398e-07,-9.58459185938173e-07,1.6235111429118054e-09
9.22,0.590610108796517,0.5906101087965177,0.4592337892863057,0.4592337375865546,-0.19172219207902197,0.0001316768140833669,-0.22577718529145005,0.22742497190225108,0.4313886187219384,0.5265921020216878,0.04226583294431793,-9.520291725101382e-07,-9.520291655858437e-07,1.6065425155655513e-09
9.23,0.5966456191886255,0.5966456191886255,0.46578962778955896,0.4657895751312712,-0.18934825647365078,0.0006057453351405053,-0.22349679760330896,0.22865052177868705,0.4279782151110843,0.5236825792966564,0.04207609244497486,-9.453713222945526e-07,-9.453713153759744e-07,1.588053207310158e-09
9.24,0.602647568421973,0.6026475684219723,0.47231926574906447,0.472319212135202,-0.18696367007877862,0.0010835510017762184,-0.22120421578645225,0.22986379083233655,0.42456781150023026,0.5207730565716251,0.04188770622757312,-9.384878537840868e-07,-9.384878468804724e-07,1.5679323053351134e-09
9.25,0.608615618888497,0.608615618888497,0.4788223358744094,0.4788222813079873,-0.18456856702676122,0.0015650610321482896,-0.21889956285300613,0.23106473833900446,0.4211574078893762,0.5178635338465937,0.041700719189494084,-9.313810263172906e-07,-9.313810194247083e-07,1.549193104826311e-09
9.26,0.6145494348869337,0.6145494348869337,0.4852984723696131,0.48529841685370073,-0.18216308204151405,0.002050242498070071,-0.21658296222069323,0.23225332390183256,0.4175827229884455,0.5147152254605416,0.04151517577155179,-9.240531458204471e-07,-9.240531389289514e-07,1.5331311957495267e-09
9.27,0.6204486826416972,0.6204486826416965,0.49174731095370466,0.4917472544914254,-0.17974735043093354,0.0025390623264195727,-0.21425453770961067,0.2334295074411389,0.41400803808751485,0.5115669170744894,0.04133111994879094,-9.165065636279612e-07,-9.165065567458206e-07,1.5156546139542973e-09
9.280000000000001,0.6263130303216559,0.6263130303216565,0.49816848888121606,0.49816843147574574,-0.17732150807928493,0.0030314873005466538,-0.2119144135391083,0.2345932491844389,0.4104333531865835,0.5084186086884368,0.041148595221517495,-9.087436753651978e-07,-9.08743668494464e-07,1.4981611755937884e-09
9.290000000000001,0.6321421480588005,0.6321421480588012,0.5045616449625802,0.5045615866171471,-0.17488569143956173,0.0035274840616783556,-0.2095627143247652,0.2357445096566538,0.40685866828565287,0.5052703003023846,0.04096764460656268,-9.007669197480528e-07,-9.007669128922244e-07,1.4803389474742356e-09
9.3,0.6379357079667947,0.6379357079667947,0.5109264195844527,0.51092636030234,-0.17244003752580772,0.0040270191103225035,-0.20719956507546503,0.23688324967051133,0.40328398338472216,0.5021219919163326,0.04078831062878105,-8.925787774310967e-07,-8.92578770584393e-07,1.464181587942693e-09
9.31,0.6436933841594203,0.6436933841594203,0.5172624547299404,0.5172623945144823,-0.16998468390541038,0.004530058807669601,-0.20482509119056366,0.23800943031714433,0.3995651153726111,0.4987525988042837,0.040610635312782375,-8.841817698002075e-07,-8.841817629728105e-07,1.4462600525000694e-09
9.32,0.6494148527689112,0.6494148527689112,0.5235693939987375,0.5235693328533206,-0.16751976869136315,0.0050365693769930915,-0.2024394184571525,0.23912301295689298,0.3958462473605,0.4953832056922349,0.04043466017489848,-8.755784578484693e-07,-8.755784510440512e-07,1.427989491480804e-09
9.33,0.655099791964166,0.655099791964166,0.5298468826271724,0.529846820555236,-0.16504543053449727,0.005546516905048139,-0.20004267304741075,0.2402239592103123,0.39212737934838887,0.492013812580186,0.04026042621538367,-8.66771440996561e-07,-8.667714341976774e-07,1.4137697515367352e-09
9.34,0.6607478819688533,0.6607478819688533,0.5360945675081643,0.5360945045132006,-0.16256180861568176,0.00605986734346887,-0.19763498151604791,0.24131223094939358,0.3884085113362778,0.4886444194681372,0.040087973910850054,-8.577633558576325e-07,-8.577633490754362e-07,1.3975974951275547e-09
9.35,0.6663588050794007,0.6663588050794,0.5423120972110868,0.5423120332966394,-0.16006904263799457,0.006576586510164268,-0.19521647079783225,0.2423877902890025,0.3846896433241667,0.4852750263560883,0.039917343206936656,-8.485568751548378e-07,-8.485568683919142e-07,1.3812741675602894e-09
9.360000000000001,0.6719322456828621,0.6719322456828627,0.5484991220015352,0.5484990571711983,-0.15756727281886374,0.007096640090712785,-0.1927872682052033,0.24345059957853754,0.38084750102967174,0.4817034924718211,0.039748573511212,-8.391547065139671e-07,-8.391546997673562e-07,1.3659257040310082e-09
9.370000000000001,0.6774678902746731,0.6774678902746731,0.5546552938609925,0.5546552281184137,-0.15505663988218374,0.007619993639755676,-0.19034750142596857,0.2445006213938148,0.37700535873517743,0.47813195858755453,0.0395817036863103,-8.295595912907738e-07,-8.295595845632595e-07,1.3503731471439287e-09
9.38,0.6829654274762845,0.6829654274762845,0.560780266506417,0.5607801998552943,-0.15253728505039432,0.008146612582389221,-0.18789729852107726,0.24553781852918258,0.3731632164406831,0.47456042470328796,0.03941677204329975,-8.197743034329963e-07,-8.19774296721347e-07,1.3358180735270102e-09
9.39,0.6884245480526795,0.6884245480526795,0.5668736954097129,0.5668736278537946,-0.1500093500365402,0.008676462215555887,-0.18543678792247562,0.2465621539898693,0.3693210741461888,0.4709888908190214,0.039253816335282986,-8.098016483007453e-07,-8.098016416065848e-07,1.3212763246257782e-09
9.4,0.6938449449297643,0.6938449449297643,0.5729352378171103,0.5729351693601965,-0.1474729770362998,0.009209507709434482,-0.18296609843103326,0.2475735909845702,0.3654789318516945,0.46741735693475484,0.03909287375122819,-7.99644461521587e-07,-7.996444548548032e-07,1.305128839717177e-09
9.41,0.6992263132116432,0.6992263132116432,0.5789645527684464,0.5789644834143884,-0.14492830871998574,0.00974571410882939,-0.18048535921454614,0.24857209291827595,0.3615351171964746,0.4636637627410047,0.03893398091003057,-7.893056078733807e-07,-7.893056012255179e-07,1.2909755607101677e-09
9.42,0.7045683501977706,0.70456835019777,0.5849613011163457,0.5849612308690447,-0.14237548822451965,0.010285046334559058,-0.17799469980580748,0.24955762338534437,0.3575913025412546,0.45991016854725447,0.03877717385480196,-7.787879800977282e-07,-7.787879734605e-07,1.2787351715049745e-09
9.43,0.7098707553999739,0.7098707553999732,0.5909251455452954,0.5909250744087022,-0.13981465914538094,0.010827469184843704,-0.17549425010074812,0.25053014616282493,0.3536474878860347,0.4561565743535043,0.03862248804738896,-7.680944977619952e-07,-7.680944911487812e-07,1.264220269229886e-09
9.440000000000001,0.7151332305593578,0.7151332305593585,0.596855750590619,0.5968556785687353,-0.13724596552853016,0.011372947336692314,-0.1729841403566419,0.2514896252040349,0.34970367323081397,0.45240298015975344,0.038469958363117104,-7.572281061907216e-07,-7.572280995985017e-07,1.2505932256347024e-09
9.450000000000001,0.7203554796630837,0.7203554796630837,0.6027527826573442,0.6027527097542217,-0.13466955186230684,0.0119214453472892,-0.1704645011903732,0.2524360246323865,0.34575985857559405,0.4486493859660033,0.03831961908575892,-7.461917752790703e-07,-7.461917687161507e-07,1.235700215054176e-09
9.46,0.7255372089610156,0.7255372089610156,0.6086159100389744,0.608615836258713,-0.13208556306929944,0.012472927655379988,-0.16793546357676786,0.2533693087354828,0.34173654512030327,0.44473483553479254,0.03817150390272751,-7.34988498445055e-07,-7.349884918939696e-07,1.2243847102341924e-09
9.47,0.7306781269822462,0.7306781269822469,0.6144448029361395,0.6144447282828893,-0.12949414449819657,0.013027358582657224,-0.16539715884697737,0.25428944195946623,0.3377132316650125,0.44082028510358184,0.03802564590048943,-7.236212914152329e-07,-7.23621284905629e-07,1.2078257704977095e-09
9.48,0.7357779445514936,0.7357779445514936,0.62023913347515,0.6202390579531112,-0.12689544191560992,0.013584702335145672,-0.16284971868692175,0.25519638890363916,0.33368991820972177,0.4369057346723711,0.0378820775601992,-7.120931913087714e-07,-7.120931848111064e-07,1.1970386149807368e-09
9.49,0.7408363748053636,0.7408363748053629,0.625998575726442,0.6259984993398625,-0.1242896014978742,0.014144923004587426,-0.16029327513578395,0.2560901143153487,0.329666604754431,0.4329911842411604,0.037740830753551106,-7.004072553259966e-07,-7.004072488709386e-07,1.1808853157260226e-09
9.5,0.7458531332084875,0.7458531332084875,0.631722805722908,0.6317227284760838,-0.12167676982282558,0.01470798456982681,-0.15772796058455338,0.25697058308514564,0.3256432912991402,0.42907663380994965,0.03760193673884765,-6.885665598949098e-07,-6.885665534705404e-07,1.167212620417786e-09
9.51,0.7508279375695291,0.7508279375695291,0.6374115014781194,0.6374114233753955,-0.11905709386155704,0.015273850898195296,-0.15515390777461707,0.2578377602422122,0.32156309957560764,0.4250231361678208,0.037465426157281295,-6.765741994707586e-07,-6.765741930549005e-07,1.1578195548912206e-09
9.52,0.7557605080570543,0.7557605080570537,0.643064343004439,0.6430642640502096,-0.11643072097015102,0.015842485746896444,-0.15257124979639483,0.25869161095007165,0.31748290785207506,0.42096963852569186,0.037331329029429226,-6.644332854535695e-07,-6.644332790742885e-07,1.143612491624892e-09
9.530000000000001,0.7606505672152731,0.7606505672152737,0.6486810123310236,0.6486809325297294,-0.11379779888138933,0.016413852764390894,-0.1499801200880168,0.2595321005025711,0.3134027161285417,0.41691614088356227,0.037199674751957026,-6.521469452930306e-07,-6.521469389412067e-07,1.1313073210586687e-09
9.540000000000001,0.7654978399796485,0.765497839979649,0.6542611935217026,0.6542611128778318,-0.11115847569644605,0.016987915491781684,-0.14738065243403903,0.26035919432014715,0.3093225244050091,0.41286264324143335,0.037070492094530075,-6.397183213227575e-07,-6.397183149992075e-07,1.1191071843135588e-09
9.55,0.7703020536923648,0.7703020536923648,0.6598045726927553,0.6598044912108451,-0.10851289987655446,0.01756463736419974,-0.14477298096419322,0.26117285794637535,0.30524233268147655,0.4088091455993045,0.03694380919692998,-6.271505697957869e-07,-6.271505635039067e-07,1.1065549286790797e-09
9.56,0.775062938117667,0.775062938117667,0.6653108380305657,0.6653107557151993,-0.10586122023465659,0.018143981712189894,-0.14215724015217457,0.26197305704480106,0.30112820301184595,0.4046394909845648,0.03681965356637359,-6.144468598853758e-07,-6.14446853616546e-07,1.0957555805048317e-09
9.57,0.7797802254570625,0.7797802254570625,0.6707796798091608,0.6707795966649679,-0.10320358592703276,0.018725911763097215,-0.13953356481445459,0.2627597573960603,0.29701407334221536,0.40046983636982514,0.03669805207503195,-6.016103726441679e-07,-6.016103664106418e-07,1.083049210171476e-09
9.58,0.7844536503643819,0.7844536503643819,0.6762107904076321,0.6762107064392895,-0.10054014644491241,0.019310390642453986,-0.13690209010912321,0.263532924895286,0.2928999436725848,0.39630018175508547,0.036579030957746325,-5.88644300095198e-07,-5.886442938919448e-07,1.0714534143702408e-09
9.59,0.7890829499607062,0.7890829499607056,0.6816038643274398,0.6816037795396712,-0.09787105160606438,0.019897381375367403,-0.1342629515347573,0.2642925255498053,0.2887858140029542,0.3921305271403458,0.036462615809939286,-5.755518442118746e-07,-5.755518380321512e-07,1.0612410998676514e-09
9.6,0.7936678638491531,0.7936678638491527,0.6869585982095984,0.6869585126071733,-0.09519645154636927,0.020486846887907768,-0.13161628492930738,0.26503852547712936,0.2846716843333236,0.3879608725256061,0.036348831585717556,-5.623362159534739e-07,-5.623362098167474e-07,1.0479114395626102e-09
9.610000000000001,0.7982081341295267,0.7982081341295273,0.6922746908517411,0.6922746044394734,-0.09251649671137432,0.021078750008497765,-0.1289622264690055,0.26577089090323347,0.28054674785121686,0.3836985042533174,0.03623770259616356,-5.490006344047171e-07,-5.490006283072461e-07,1.0354558578656009e-09
9.620000000000001,0.8027035054128202,0.8027035054128202,0.6975518432250544,0.6975517560078057,-0.08983133784783429,0.02167305346930244,-0.12630091266728777,0.2664895881611329,0.2764218113691108,0.3794361359810295,0.03612925250781336,-5.355483257973859e-07,-5.35548319718189e-07,1.0267696437944187e-09
9.63,0.8071537248355836,0.8071537248355836,0.7027897584911107,0.7027896704737873,-0.08714112599522625,0.02226971990762024,-0.12363248037372908,0.26719458368975213,0.2722968748870047,0.3751737677087415,0.03602350434131732,-5.219825225527552e-07,-5.219825165091757e-07,1.0153521358745012e-09
9.64,0.8115585420741488,0.8115585420741488,0.7079881420185581,0.7079880532061101,-0.08444601247725729,0.022868711867275363,-0.12095706677298988,0.267885844033091,0.26817193840489867,0.37091139943645357,0.03592048047028111,-5.083064625044376e-07,-5.083064564922954e-07,1.0048418069774531e-09
9.65,0.8159177093587071,0.8159177093587071,0.7131467013996932,0.7131466117971164,-0.08174614889335251,0.023469991800010786,-0.11827480938376722,0.26856333583968967,0.2640470019227926,0.3666490311641656,0.03582020262028397,-4.945233879269373e-07,-4.945233819552322e-07,9.93031298771444e-10
9.66,0.8202309814872476,0.8202309814872476,0.7182651464669103,0.7182650560792453,-0.07904168711012687,0.024073522066882905,-0.11558584605775152,0.26922702586238756,0.25993445052166486,0.36231791381930195,0.035722691868070096,-4.806365447376781e-07,-4.806365388001645e-07,9.82460707671846e-10
9.67,0.8244981158393514,0.824498115839351,0.7233431893090246,0.7233430981413557,-0.07633277925284232,0.024679264939657455,-0.11289031497858275,0.26987688095838197,0.2558218991205371,0.3579867964744383,0.03562796864091074,-4.6664918160188584e-07,-4.666491756989272e-07,9.720215644402539e-10
9.68,0.8287188723898359,0.8287188723898353,0.7283805442874657,0.7283804523449205,-0.07361957769685128,0.025287182602206693,-0.11018835466080604,0.2705128680895867,0.25170934771940934,0.3536556791295747,0.035536052716134164,-4.525645491276764e-07,-4.5256454326453383e-07,9.609074799576917e-10
9.690000000000001,0.8328930137222572,0.8328930137222578,0.7333769280523446,0.7333768353400948,-0.0709022350590258,0.025897237151908403,-0.10748010394882118,0.2711349543232886,0.24759679631828083,0.3493245617847103,0.03544696322081921,-4.3838589906114445e-07,-4.3838589323933406e-07,9.497368061530308e-10
9.700000000000001,0.8370203050422673,0.8370203050422673,0.7383320595583895,0.738331966081651,-0.06818090418917383,0.02650939060104609,-0.10476570201582411,0.2717431068331031,0.24348424491715306,0.34499344443984664,0.035360718631649454,-4.2411648348839037e-07,-4.241164777000192e-07,9.400362243194754e-10
9.71,0.8411005141908171,0.8411005141908171,0.7432456600807622,0.7432455658447918,-0.06545573816143822,0.027123604878211097,-0.10204528836273818,0.27233729290022957,0.23940720085702624,0.3406179291396746,0.03527733677492487,-4.097595540375476e-07,-4.0975954827963055e-07,9.309906611076019e-10
9.72,0.8451334116572173,0.8451334116572178,0.7481174532307278,0.7481173582408266,-0.06272689026568985,0.027739841829706516,-0.09931900281713041,0.2729174799150066,0.23533015679689945,0.3362424138395026,0.03519683482672736,-3.953183611155042e-07,-3.953183554068367e-07,9.190832785100618e-10
9.73,0.8491187705920498,0.8491187705920498,0.7529471649712057,0.7529470692327175,-0.05999451399890367,0.02835806322095281,-0.09658698553211092,0.2734836353787666,0.23125311273677263,0.33186689853933055,0.03511922931323667,-3.807961532417692e-07,-3.807961475625829e-07,9.105309522991521e-10
9.74,0.8530563668199247,0.8530563668199242,0.7577345236321846,0.7577344271504947,-0.05725876305652383,0.028978230737895256,-0.09384937698521292,0.27403572690598776,0.22717606867664583,0.32749138323915855,0.03504453611119291,-3.6619617618111056e-07,-3.66196170554256e-07,8.984850880329608e-10
9.75,0.8569459788520921,0.8569459788520921,0.7624792599260029,0.7624791627065376,-0.05451979132381923,0.029600305988413764,-0.091106317977249,0.2745737222267477,0.223099024616519,0.3231158679389865,0.034972770448503034,-3.515216724023218e-07,-3.515216668075888e-07,8.898341236367205e-10
9.76,0.8607873878989017,0.8607873878989017,0.7671811069624941,0.7671810090107222,-0.05177775286722801,0.030224250503734368,-0.08835794963114149,0.2750975891894739,0.21908041052222846,0.31872055542222955,0.03490394690498691,-3.367758802455545e-07,-3.367758746763677e-07,8.823760831073274e-10
9.770000000000001,0.864580377882107,0.864580377882107,0.7718398002640023,0.7718397015854344,-0.049032801925690345,0.030850025739843166,-0.08560441339072421,0.27560729576398896,0.2150617964279372,0.3143252429054718,0.03483807941325898,-3.2196203328394013e-07,-3.219620277699842e-07,8.703723105818463e-10
9.780000000000001,0.868324735447021,0.8683247354470215,0.776455077780258,0.7764549783804437,-0.04628509290197283,0.031477593078902376,-0.08284585101951195,0.27610281004485926,0.21104318233364666,0.3099299303887148,0.03477518125974398,-3.0708335978235635e-07,-3.0708335429917025e-07,8.623866192060379e-10
9.790000000000001,0.872020249974519,0.8720202499745194,0.7810266799031172,0.7810265797876482,-0.04353478035398371,0.03210691383066872,-0.08008240459943511,0.2765841002550334,0.2070245682393561,0.30553461787195785,0.03471526508582045,-2.9214308187863747e-07,-2.9214307643969513e-07,8.524285653064412e-10
9.8,0.8756667135928826,0.8756667135928826,0.7855543494811659,0.785554248655674,-0.04078201898607885,0.03273794923391433,-0.07731421652953638,0.2770511347497783,0.20300595414506556,0.3011393053552009,0.03465834288909014,-2.771444151047908e-07,-2.7714440971430417e-07,8.419632880214307e-10
9.81,0.8792639211894946,0.8792639211894946,0.7900378318341844,0.790037730304341,-0.038026963640359054,0.03337066045784997,-0.07454142952462665,0.27750388202091053,0.19906836412692305,0.2967489076677355,0.0346044260247694,-2.620905677416796e-07,-2.6209056239292483e-07,8.326960299288373e-10
9.82,0.8828116704223767,0.8828116704223767,0.7944768747674732,0.7944767725389886,-0.0352697692879608,0.03400500860355086,-0.07176418661389733,0.27794231070131836,0.19513077410878052,0.29235850998027,0.03455352520719851,-2.469847402153391e-07,-2.4698473491109736e-07,8.231379062771419e-10
9.83,0.8863097617315698,0.8863097617315698,0.7988712285860371,0.7988711256646618,-0.032510591020339735,0.03464095470538549,-0.06898263113948537,0.2783663895697755,0.191193184090638,0.2879681122928046,0.03450565051146517,-2.3183012456962082e-07,-2.31830119306721e-07,8.142103423792474e-10
9.84,0.8897579983503601,0.8897579983503596,0.8032206461086321,0.8032205425001556,-0.02974958404054623,0.03527845973244654,-0.06619690675498956,0.2787760875560463,0.1872555940724955,0.28357771460533915,0.03446081137513943,-2.1662990389720305e-07,-2.1662989867515387e-07,8.054921403091538e-10
9.85,0.8931561863163463,0.8931561863163459,0.8075248826816697,0.80752477839192,-0.02698690365449455,0.03591748458998494,-0.06340715742393384,0.2791713737462779,0.18331800405435297,0.27918731691787374,0.034419016600115246,-2.0138725182611283e-07,-2.0138724664258285e-07,7.972624605388051e-10
9.860000000000001,0.8965041344823524,0.8965041344823529,0.8117836961929792,0.811783591227822,-0.024222705262226946,0.036557990120847005,-0.06061352741817518,0.27955221738867936,0.1794835766758388,0.2748265184726173,0.034380274354555734,-1.861053319993089e-07,-1.8610532685773841e-07,7.88629931415571e-10
9.870000000000001,0.8998016545271764,0.8998016545271764,0.8159968470854203,0.8159967414507606,-0.0214571443491762,0.03719993710691397,-0.05781616131625325,0.2799185878994874,0.17564914929732534,0.2704657200273617,0.03434459217493841,-1.7078729758895905e-07,-1.707872925018991e-07,7.78202094881849e-10
9.88,0.9030485609661848,0.9030485609661848,0.8201640983703681,0.8201639920721477,-0.01869037647741345,0.037843286270545076,-0.05501520400167948,0.2802704548692109,0.17181472191881186,0.266104921582106,0.034311976968195865,-1.554362908662288e-07,-1.5543628581700525e-07,7.704499753476256e-10
9.89,0.9062446711617472,0.9062446711617472,0.8242852156410366,0.8242851086852345,-0.015922557276901644,0.03848799827602344,-0.052210800661161655,0.28060778806916226,0.1679802945402984,0.2617441231368504,0.03428243501395021,-1.4005544266004755e-07,-1.4005543765215345e-07,7.622816049025322e-10
9.9,0.9093898053335077,0.9093898053335077,0.8283599670856658,0.8283598594782983,-0.013153842436741309,0.03913403373100517,-0.04940309678276221,0.28093055745826245,0.16414586716178492,0.25738332469159475,0.03425597196683533,-1.2464787199628624e-07,-1.2464786702802434e-07,7.544862255679177e-10
9.91,0.9124837865684978,0.9124837865684978,0.832388123500561,0.8323880152476809,-0.010384387696412534,0.03978135318797174,-0.04659223815398694,0.28123873319012416,0.16043616096849378,0.25307664348376047,0.0342325928589047,-1.0921668563285136e-07,-1.0921668071936369e-07,7.445077827858631e-10
9.92,0.9155264408310896,0.9155264408310892,0.836369458302986,0.836369349410683,-0.007614348837013896,0.04042991714568576,-0.04377837085980151,0.28153228562041005,0.15672645477520264,0.24876996227592618,0.03421230210212125,-9.376497771274028e-08,-9.37649728554743e-08,7.344288719562509e-10
9.93,0.9185175969727828,0.9185175969727825,0.8403037475439087,0.8403036380183073,-0.004843881672500577,0.041079686050649725,-0.04096164128057307,0.2818111853144617,0.1530167485819115,0.2444632810680919,0.03419510349092513,-7.829582935464652e-08,-7.829582453841439e-08,7.267577034089959e-10
9.940000000000001,0.9214570867418328,0.9214570867418331,0.8441907699205966,0.8441906597678578,-0.0020731420409199897,0.041730620298568784,-0.03814219608993409,0.2820754030551978,0.1493070423886197,0.24015659986025686,0.03418100020487613,-6.281230825050388e-08,-6.281230347894296e-08,7.186425521235478e-10
9.950000000000001,0.9243447447927157,0.9243447447927157,0.8480303067890643,0.8480301960153844,0.0006977142043531059,0.042382680235816685,-0.035320182252566064,0.28232490985127634,0.14559733619532855,0.23584991865242258,0.0341699948113667,-4.731746838099182e-08,-4.731746364995959e-08,7.11253454992154e-10
9.96,0.9271804086954273,0.9271804086954273,0.8518221421763771,0.8518220307879867,0.0034685312033864713,0.04303582616090533,-0.03249574702190027,0.2825596769455227,0.1420332085049787,0.23162156841042525,0.03416208926840307,-3.181434964083518e-08,-3.181434495735519e-08,7.029087470027232e-10
9.97,0.9299639189446204,0.9299639189446207,0.8555660627927936,0.8555659507959581,0.006239153098454242,0.04369001832595808,-0.029669037937732737,0.28277967582361757,0.13846908081462883,0.22739321816842792,0.03415728492745049,-1.6305977561248408e-08,-1.6305972928107316e-08,6.942459285812591e-10
9.98,0.932695118968578,0.932695118968578,0.8592618580437658,0.8592617454447855,0.009009424042804956,0.044345216938186445,-0.02684020282375125,0.2829848782230402,0.134904953124279,0.22316486792643062,0.034155582536338686,-7.953629976853449e-10,-7.95358415407732e-10,6.856026204486762e-10
9.99,0.9353738551380187,0.9353738551380184,0.8629093200417857,0.8629092068469946,0.01177918820942879,0.045001382161371326,-0.02400938978497166,0.28317525614226663,0.13134082543392914,0.21893651768443328,0.03415698224222487,1.4714498133838738e-08,1.4714502679408216e-08,6.791697458420805e-10
10.0,0.9379999767747389,0.9379999767747389,0.8665082436180782,0.8665081298338427,0.014548289799821992,0.04565847411734704,-0.02117674720508076,0.2833507818502182,0.12777669774357928,0.21470816744243595,0.03416148359461062,3.0220625175936267e-08,3.022062966824835e-08,6.7035461573702e-10
10.01,0.9405733361600895,0.9405733361600895,0.8700584263341407,0.8700583119668613,0.01731657305274996,0.046316452887490214,-0.018342423743683604,0.28351142789595857,0.12437818737858863,0.21058192148950694,0.03416908554840978,4.572005286862524e-08,4.572005732117191e-08,6.636414590626509e-10
10.020000000000001,0.9430937885432834,0.9430937885432834,0.8735596684931314,0.8735595535492419,0.020083882253009555,0.04697527851421202,-0.01550656833345258,0.28365716711863,0.1209796770135974,0.20645567553657723,0.03417978646706278,6.120983169627392e-08,6.120983609526065e-08,6.549584040395736e-10
10.030000000000001,0.9455611921495383,0.9455611921495386,0.8770117731511019,0.8770116576370671,0.02285006174018797,0.04763491100245496,-0.012669330177175961,0.2837879726576339,0.11758116664860675,0.20232942958364822,0.034193584125696105,7.668702799862315e-08,7.668703234741393e-08,6.468615272465966e-10
10.040000000000001,0.9479754081880525,0.9479754081880528,0.8804145461280758,0.8804144300503932,0.02561495591741844,0.0482953103211931,-0.009830858744703425,0.2839038179630446,0.11418265628361611,0.1982031836307192,0.034210475714322175,9.21487242344643e-08,9.214872853150897e-08,6.386164999725912e-10
10.05,0.95033630085981,0.95033630085981,0.8837677960189695,0.8837676793841692,0.028378409260132118,0.048956436404936944,-0.006991303769786247,0.284004676806256,0.11078414591862547,0.19407693767779022,0.0342304578410774,1.0759201913429495e-07,1.0759202338014307e-07,6.305331429980479e-10
10.06,0.9526437373652206,0.9526437373652206,0.8870713342043616,0.887071217019004,0.031140266324807514,0.04961824915524248,-0.0041508152468099834,0.2840905232908546,0.1075703605405611,0.19007599526970428,0.034253526535494606,1.2301402787379123e-07,1.2301403207128915e-07,6.229496109783882e-10
10.07,0.9548975879115893,0.9548975879115893,0.8903249748611002,0.8903248571317768,0.03390037175771325,0.05028070844222439,-0.0013095434274171865,0.28416133186371834,0.10435657516249675,0.18607505286161838,0.0342796772518079,1.384118822195246e-07,1.3841188638005208e-07,6.171284792449086e-10
10.08,0.9570977257204173,0.9570977257204173,0.8935285349727562,0.8935284167060887,0.03665857030364619,0.05094377410607346,0.0015323611829818895,0.2842170773263344,0.10114278978443238,0.18207411045353245,0.03430890487228628,1.5378273072325088e-07,1.5378273481593263e-07,6.06800282871939e-10
10.09,0.9592440270345327,0.9592440270345325,0.8966818343399175,0.8966817155425593,0.03941470681466504,0.051607405958578635,0.004374747828812857,0.2842577348463288,0.09792900440636802,0.1780731680454465,0.034341203710592495,1.6912373868721575e-07,1.6912374274592886e-07,6.015651167735557e-10
10.1,0.9613363711250524,0.9613363711250522,0.8997846955903265,0.8997845762689596,0.04216862625881808,0.05227156378465339,0.007217465508057142,0.28428327996921177,0.09471521902830365,0.1740722256373606,0.03437656751516647,1.844320885041606e-07,1.8443209250370853e-07,5.92662740825371e-10
10.110000000000001,0.9633746402981734,0.9633746402981737,0.9028369441888571,0.902836824350193,0.0449201737288637,0.052936207343866414,0.010060362976090377,0.2842936886303236,0.09170422770765708,0.17021908152778037,0.03441498947262787,1.997049795324224e-07,1.997049834853021e-07,5.856777693735699e-10
10.120000000000001,0.965358719901792,0.965358719901792,0.9058384084473282,0.9058382880981082,0.04766919445098024,0.05360129637197725,0.012903288749641301,0.28428893716698644,0.08869323638701108,0.16636593741820085,0.03445646221119764,2.149396283318561e-07,2.1493963223157971e-07,5.777945659210822e-10
10.13,0.9672884983319534,0.9672884983319534,0.908788919534168,0.9087887986811617,0.05041553379347795,0.05426679058247626,0.015746091110873137,0.28426900233084734,0.0856822450663651,0.1625127933086213,0.034500977804133644,2.3013326864995687e-07,2.301332724980204e-07,5.701937703323574e-10
10.14,0.9691638670391302,0.9691638670391302,0.9116883114839058,0.9116881901339108,0.05315903727549322,0.05493264966812894,0.018588618111589367,0.2842338613004174,0.0826712537457191,0.1586596491990418,0.03454852777318003,2.452831515190046e-07,2.452831553119178e-07,5.621341310729782e-10
10.15,0.9709847205343266,0.9709847205343266,0.9145364212065087,0.9145362993663511,0.05589955057567826,0.05559883330252561,0.021430717577565858,0.28418349169379226,0.0796602624250731,0.15480650508946228,0.034599103092025824,2.6038654526300276e-07,2.60386549017709e-07,5.566421855764001e-10
10.16,0.9727509563950137,0.9727509563950137,0.9173330884965556,0.917332966173089,0.05863691954088221,0.056265301141635284,0.024272237113010985,0.28411787158155916,0.0768689940503754,0.15112282305625324,0.03465269418977265,2.7544073562257854e-07,2.7544073931052293e-07,5.469706064644169e-10
10.17,0.9744624752708905,0.9744624752708904,0.9200781560422492,0.9200780332423543,0.061370990194822866,0.056932012825364725,0.027113024105155956,0.28403697949987305,0.07407772567567769,0.14743914102304417,0.034709290954406474,2.9044302560232715e-07,2.904430292586385e-07,5.425612072333306e-10
10.18,0.9761191808894711,0.9761191808894709,0.9227714694342638,0.9227713461648479,0.06410160874674714,0.057598927979121854,0.029952925728976457,0.28394079446370796,0.07128645730097999,0.14375545898983513,0.03476888273627403,3.0539073572061204e-07,3.0539073931504516e-07,5.337138622866896e-10
10.190000000000001,0.9777209800615012,0.9777209800615013,0.9254128771744315,0.9254127534424286,0.0668286216000815,0.058266006215384504,0.032791788952047866,0.2838292959802725,0.06849518892628179,0.14007177695662543,0.034831458351560166,3.2028120376670355e-07,3.202812073186554e-07,5.27793849304662e-10
10.200000000000001,0.9792677826862,0.9792677826862,0.9280022306842625,0.9280021064966323,0.069551875361071,0.058933207135273946,0.03562946053953532,0.2837024640625821,0.06570392055158408,0.1363880949234164,0.034897006085764126,3.351117849881291e-07,3.3511178848558976e-07,5.201349822599714e-10
10.21,0.9807595017563276,0.9807595017563276,0.9305393843133054,0.9305392596770333,0.07227121684741064,0.05960049033013313,0.03846578705932019,0.2835602792431861,0.06314806864903233,0.13289458596700185,0.03496551369717326,3.498798519518953e-07,3.49879855391004e-07,5.11943462258751e-10
10.22,0.9821960533630795,0.9821960533630797,0.9330241953473373,0.9330240702694341,0.07498649309685844,0.06026781538311043,0.041300614887264935,0.2834027225880429,0.06059221674648057,0.12940107701058728,0.03503696842033243,3.6458279455142684e-07,3.645827979418384e-07,5.052291685698741e-10
10.23,0.9835773567008068,0.9835773567008068,0.9354565240163922,0.9354563985038941,0.07769755137584101,0.06093514187074789,0.04413379021261679,0.2832297757105347,0.05803636484392881,0.12590756805417275,0.03511135696950659,3.7921802001350535e-07,3.7921802334106306e-07,4.964421458690496e-10
10.24,0.9849033340715609,0.9849033340715608,0.9378362335026246,0.9378361075625913,0.08040423918804529,0.061602429364575134,0.046965159043553015,0.28304142078562144,0.055480512941377055,0.1224140590977582,0.03518866554213623,3.937829527664305e-07,3.9378295604375613e-07,4.895724734817684e-10
10.25,0.9861739108894643,0.9861739108894643,0.9401631899480032,0.9401630635875186,0.08310640428299589,0.06226963743270773,0.04979456721286769,0.28283764056411875,0.052924661038825295,0.11892055014134364,0.03526887982228207,4.0827503446777547e-07,4.082750377057076e-07,4.843584972173741e-10
10.26,0.987389015684906,0.987389015684906,0.9424372624618412,0.9424371356880131,0.08580389466461832,0.06293672564145125,0.05262186038380226,0.2826184183871053,0.050618595537572274,0.11563685603993006,0.03535198498406012,4.22691723941937e-07,4.226917271247688e-07,4.768285343833412e-10
10.270000000000001,0.9885485801085616,0.9885485801085616,0.9446583231281597,0.9446581959481194,0.08849655859978994,0.0636036535569105,0.05544688405602095,0.2823837382004416,0.048312530036318836,0.11235316193851587,0.035437965695063155,4.3703049704135744e-07,4.3703050017569883e-07,4.703183807553798e-10
10.280000000000001,0.989652538935238,0.9896525389352382,0.9468262470128814,0.9468261194337821,0.0911842446268743,0.0642703807466033,0.058269483571731256,0.28213358456940224,0.046006464535065815,0.10906946783710228,0.035526806119769175,4.512888466742804e-07,4.512888497388651e-07,4.606406859510534e-10
10.290000000000001,0.9907008300675425,0.9907008300675426,0.9489409121708597,0.948940784199878,0.0938668015642411,0.06493686678108102,0.06108950412195171,0.28186794269341164,0.04370039903381279,0.10578577373568868,0.03561848992293504,4.654642825965838e-07,4.654642856233099e-07,4.557816731536275e-10
10.3,0.9916933945393751,0.9916933945393751,0.9510021996527367,0.9510020712970713,0.09654407851876956,0.06560307123555227,0.06390679075292788,0.28158679842087575,0.041394333532559766,0.10250207963427509,0.035713000272973854,4.795543315158635e-07,4.795543344848247e-07,4.4795003337123334e-10
10.31,0.992630176519246,0.992630176519246,0.9530099935116354,0.9530098647785061,0.09921592489433725,0.066268953691514,0.06672118837269642,0.28129013826410515,0.039351019971743825,0.09944666251062821,0.03581031984531574,4.935565368208161e-07,4.935565397393899e-07,4.4125075098837985e-10
10.32,0.9935111233134158,0.9935111233134158,0.9549641808096806,0.9549640517063286,0.10188219040029034,0.0669344737383865,0.06953254175779874,0.28097794941432225,0.03730770641092788,0.09639124538698134,0.03591043082575089,5.074684586159339e-07,5.074684614726308e-07,4.3282992430381013e-10
10.33,0.9943361853688598,0.9943361853688598,0.956864651624352,0.9568645221580391,0.10454272505989684,0.06759959097515478,0.07234069556014631,0.2806502197567443,0.03526439285011193,0.09333582826333447,0.0360133149137541,5.212876735341543e-07,5.212876763457747e-07,4.2696959411344765e-10
10.34,0.9951053162760548,0.9951053162760547,0.9587112990546672,0.958711169232676,0.10719737921878335,0.06826426501201438,0.07514549431403567,0.2803069378857362,0.03322107928929599,0.0902804111396876,0.03611895332579,5.35011774729921e-07,5.35011777498648e-07,4.214601638154696e-10
10.35,0.99581847277159,0.9958184727715899,0.9605040192271953,0.9605038890568282,0.10984600355335367,0.06892845547202381,0.07794678244331615,0.2799480931200273,0.031177765728480047,0.08722499401604072,0.0362273267985991,5.486383717404064e-07,5.486383744502887e-07,4.1353490580039164e-10
10.360000000000001,0.9964756147406006,0.9964756147406008,0.9622427113019,0.9622425807904789,0.11248844907918833,0.06959212199276087,0.08074440426870963,0.27957367551798223,0.029408692360247284,0.08441503253671526,0.03633841559246323,5.621650903397946e-07,5.621650929976491e-07,4.066564823167317e-10
10.370000000000001,0.9970767052190243,0.9970767052190243,0.963927277477809,0.9639271466326755,0.11512456715942129,0.07025522422798611,0.08353820401528395,0.27918367589292126,0.027639618992014888,0.08160507105739032,0.036452199494451054,5.755895725045868e-07,5.755895751130059e-07,4.00182657060194e-10
10.38,0.9976217103956798,0.9976217103956798,0.9655576229985201,0.965557491827034,0.1177542095131066,0.07091772184931086,0.08632802582007856,0.27877808582848085,0.02587054562378249,0.07879510957806539,0.03656865782164267,5.889094762748237e-07,5.889094788406477e-07,3.947680491508233e-10
10.39,0.9981105996141699,0.9981105996141699,0.9671336561575276,0.967133524667067,0.12037722822355554,0.07157957454787052,0.08911371373988537,0.2783568976940076,0.024101472255550094,0.07598514809874045,0.03668776942433351,6.021224756846966e-07,6.021224781932746e-07,3.8710350876219267e-10
10.4,0.998543345374605,0.998543345374605,0.9686552883033817,0.968655156501343,0.12299347574665691,0.0722407420360043,0.09189511175918232,0.27792010465997913,0.022332398887317695,0.07317518661941552,0.0368095126892177,6.152262605960135e-07,6.152262630488209e-07,3.7966242046669565e-10
10.41,0.99891992333515,0.99891992333515,0.9701224338446752,0.9701223017384726,0.12560280491917708,0.07290118404894011,0.09467206379822214,0.2774677007134429,0.020847512085690828,0.07062647941004487,0.03693386554255086,6.282185366357496e-07,6.282185390481227e-07,3.7459665806452097e-10
10.42,0.999240312313394,0.9992403123133939,0.9715350102548584,0.9715348778519227,0.1282050689670384,0.07356086034648417,0.09744441372127509,0.2769996806734667,0.01936262528406396,0.06807777220067421,0.03706080545329251,6.410970251544135e-07,6.410970274940864e-07,3.64511009605333e-10
10.43,0.9995044942875415,0.9995044942875415,0.972892938076881,0.9728928053846598,0.1308001215135747,0.07421973071471785,0.100212005345027,0.2765160402065914,0.017877738482437094,0.06552906499130356,0.03719030943622849,6.538594629623695e-07,6.53859465252836e-07,3.580689070663744e-10
10.440000000000001,0.999712454397426,0.999712454397426,0.9741961409276609,0.9741960079536179,0.13338781658776436,0.07487775496769863,0.10297468244713044,0.27601677584227924,0.01639285168080996,0.06298035778193245,0.037322354055073746,6.665036024131044e-07,6.665036046574993e-07,3.521117286370975e-10
10.450000000000001,0.9998641809453462,0.9998641809453462,0.9754445455023811,0.9754444122539961,0.1359680086324409,0.07553489294916761,0.10573228877491177,0.27550188498835115,0.014907964879183094,0.0604316505725618,0.03745691542555653,6.790272112228157e-07,6.790272134150538e-07,3.45190697975495e-10
10.46,0.9999596653967239,0.9999596653967239,0.9766380815786136,0.9766379480633819,0.1385405525124831,0.07619110453426167,0.10848466805423161,0.27497136594640265,0.013715613217925955,0.05815852739223378,0.03759396921848402,6.914280723663291e-07,6.914280745168867e-07,3.3991045551185014e-10
10.47,0.9999989023805836,0.9999989023805836,0.9777766820202688,0.9777765482457007,0.1411053035229756,0.07684634963123294,0.11123166399849932,0.2744252179271923,0.012523261556668816,0.05588540421190576,0.03773349066279066,7.037039840632198e-07,7.037039861536004e-07,3.3169055581746497e-10
10.48,0.9999818896898556,0.9999818896898556,0.9788602827813719,0.9788601487549922,0.14366211739735005,0.07750058818317154,0.1139731203178419,0.27386344106599325,0.011330909895411677,0.05361228103157774,0.037875454548569644,7.158527596043407e-07,7.158527616346028e-07,3.2344959252339985e-10
10.49,0.9999086282814992,0.9999086282814992,0.9798888229096663,0.9798886886390137,0.14621085031550052,0.07815378016973584,0.1167088807284253,0.2732860364379007,0.010138558234154538,0.05133915785124972,0.03801983523008903,7.278722273240668e-07,7.27872229313023e-07,3.181847274865882e-10
10.5,0.9997791222764492,0.9997791222764492,0.9808622445500406,0.980862110042668,0.14875135891187263,0.07880588560888788,0.11943878896192915,0.27269300607308955,0.0089462065728974,0.0490660346709217,0.03816660662879379,7.397602305725393e-07,7.397602325164773e-07,3.1231239094067344e-10
10.51,0.9995933789593842,0.9995933789593842,0.9817804929477841,0.9817803582112575,0.15128350028352744,0.07945686455863395,0.12216268877517375,0.2720843529720082,0.00805309388679807,0.047081275845062984,0.03831574223629395,7.515146275977047e-07,7.515146294842901e-07,3.0443135643261157e-10
10.520000000000001,0.999351408778317,0.999351408778317,0.9826435164516668,0.9826433814935652,0.15380713199818044,0.08010667711877105,0.12488042395989803,0.27146008112050557,0.00715998120069858,0.04509651701920392,0.038467215117341164,7.631332914759259e-07,7.631332933116388e-07,2.9756207024702986e-10
10.530000000000001,0.9990532253440063,0.9990532253440063,0.9834512665168443,0.9834511313447589,0.15632211210221308,0.08075528343263919,0.12759183835268922,0.27082019550488245,0.00626686851459925,0.0431117581933452,0.03862099791279521,7.746141101119819e-07,7.746141119011314e-07,2.913623501781315e-10
10.540000000000001,0.9986988454291919,0.9986988454291917,0.9842036977075878,0.9842035623291222,0.15882829912865762,0.08140264368887916,0.13029677584506227,0.27016470212685556,0.005373755828499919,0.04112699936748648,0.03877706284258098,7.859549861974346e-07,7.859549879224535e-07,2.822598291681217e-10
10.55,0.9982882889676502,0.9982882889676502,0.9849007676998418,0.9849006321226106,0.16132555210515437,0.08204871812319581,0.1329950803936886,0.26949360801842975,0.004480643142400589,0.039142240541627765,0.038935381708638556,7.971538371065456e-07,7.971538387804415e-07,2.752370472518597e-10
10.56,0.9978215790530742,0.9978215790530743,0.9855424372836027,0.9855423015152326,0.16381373056188211,0.08269346702012718,0.13568659603077243,0.2688069212566694,0.0038917908358728982,0.037457005106364065,0.03909592589786795,8.08208594951787e-07,8.082085965921846e-07,2.7108529707851015e-10
10.57,0.9972987419377736,0.9972987419377736,0.986128670365126,0.9861285344132533,0.16629269453945905,0.08333685071481887,0.138371166874575,0.26810465097835856,0.0033029385293452075,0.03577176967110036,0.039258666385069925,8.191172065838415e-07,8.191172081736448e-07,2.6407917447949446e-10
10.58,0.996719807031198,0.996719807031198,0.9866594339689551,0.9866592978412273,0.1687623045968148,0.0839788295948043,0.14104863714008506,0.2673868073945444,0.002714086222817517,0.03408653423583666,0.03942357373588543,8.298776335013969e-07,8.298776350362428e-07,2.5629807294581497e-10
10.59,0.9960848068982834,0.9960848068982835,0.987134698239777,0.9871345619438515,0.17122242181903444,0.0846193641017903,0.14371885114983282,0.26665340180495195,0.002125233916289826,0.03240129880057295,0.03959061810973488,8.404878518997183e-07,8.404878533939439e-07,2.508665876463929e-10
10.6,0.9953937772576199,0.99539377725762,0.9875544364441022,0.9875542999876455,0.17367290782517322,0.08525841473344897,0.1463816533448485,0.26590444661226725,0.0015363816097621356,0.03071606336530925,0.0397597692627607,8.509458527400371e-07,8.509458541812316e-07,2.433055445142328e-10
10.610000000000001,0.9946467569794424,0.9946467569794423,0.9879186249717674,0.9879184883624551,0.17611362477604026,0.08589594204521382,0.1490368882957634,0.26513995533627377,0.0012551004246833626,0.029339826327304766,0.03993099655077388,8.612496416871007e-07,8.612496430825332e-07,2.369180228701252e-10
10.620000000000001,0.9938437880834448,0.9938437880834448,0.9882272433372639,0.98822710658278,0.17854443538194895,0.08653190665208253,0.15168440071405068,0.2643599426278396,0.0009738192396046943,0.02796358928930058,0.04010426893220807,8.71397239234073e-07,8.713972405734419e-07,2.2872143318074316e-10
10.63,0.9929849157364156,0.9929849157364156,0.9884802741808896,0.988480137288927,0.18096520291044443,0.08716626923042439,0.1543240354634049,0.2635644242827438,0.000692538054526026,0.0265873522512964,0.04027955497108287,8.813866806747783e-07,8.813866819742166e-07,2.2322231069083274e-10
10.64,0.992070188249698,0.992070188249698,0.9886777032697268,0.9886775662479853,0.18337579119399183,0.08779899051979413,0.15695563757126,0.2627534172553353,0.0004112568694473577,0.025211115213292216,0.04045682283997941,8.912160162841132e-07,8.912160175159765e-07,2.1290119238817332e-10
10.65,0.9910996570764716,0.9910996570764716,0.9888195194984409,0.9888193823546281,0.18577606463763552,0.08843003132475051,0.15957905224044244,0.2619269396720126,0.0001299756843686894,0.02383487817528803,0.04063604032302985,9.008833112209014e-07,9.008833124200145e-07,2.0852982035458896e-10
10.66,0.9900733768088597,0.9900733768088597,0.9889057148899069,0.9889055776317369,0.1881658882266269,0.08905935251668046,0.16219412486095872,0.26108501084452174,0.00015784708588478623,0.02277537723981256,0.04081717481892499,9.103866458401444e-07,9.103866469905728e-07,2.0133501872058707e-10
10.67,0.9889914051748562,0.9889914051748562,0.9889362845956563,0.9889361472308501,0.19054512753401948,0.08968691503562862,0.16480070102191394,0.26022765128306,0.00018571848740088308,0.02171587630433709,0.04100019334394126,9.197241156236324e-07,9.197241167214654e-07,1.9337815331729474e-10
10.68,0.9878538030350801,0.9878538030350801,0.9889112268961515,0.9889110894324356,0.19291364872822986,0.09031267989213217,0.16739862652356105,0.25935488270917445,0.0002135898889169799,0.02065637536886162,0.04118506253499002,9.288938313742334e-07,9.288938324170465e-07,1.8490524577319296e-10
10.690000000000001,0.9866606343793521,0.9866606343793519,0.9888305432008813,0.9888304056459881,0.19527131858056562,0.09093660816906149,0.1699877473894788,0.2584667280684567,0.0002414612904330817,0.01959687443338596,0.04137174865269385,9.378939193269153e-07,9.378939203275913e-07,1.786358069542233e-10
10.700000000000001,0.9854119663230946,0.9854119663230946,0.9886942380482824,0.9886941004099491,0.1976180044727176,0.09155866102346573,0.17256790987887352,0.2575632115430136,0.0002693326919491785,0.01853737349791049,0.041560217584489814,9.467225213360964e-07,9.46722522299745e-07,1.732156938049688e-10
10.71,0.9841078691035562,0.9841078691035562,0.9885023191054836,0.9885021813914525,0.19995357440422473,0.09217879968842303,0.17513896049900687,0.2566443585637165,0.0006061999769017838,0.01780056556464347,0.04175043484776579,9.553777950213616e-07,9.553777959420633e-07,1.6666432141003672e-10
10.72,0.9827484160758618,0.9827484160758618,0.9882547971678749,0.9882546593858925,0.20227789699989368,0.09279698547489725,0.17770074601774274,0.2557101958222125,0.0009430672618543892,0.017063757631376457,0.04194236559303041,9.638579139339964e-07,9.63857914806171e-07,1.5901732810772755e-10
10.73,0.9813336837088859,0.9813336837088862,0.9879516861585,0.9879515483163165,0.2045908415171907,0.09341317977359873,0.18025311347621484,0.2547607512826938,0.0012799345468069944,0.01632694969810944,0.042135974607121124,9.721610677651538e-07,9.721610685836699e-07,1.503309263105087e-10
10.74,0.9798637515809511,0.9798637515809511,0.9875930031272733,0.9875928652326422,0.2068922778535977,0.09402734405685069,0.18279591020160973,0.2537960541934185,0.0016168018317595997,0.015590141764842422,0.04233122631645369,9.802854625332036e-07,9.802854633190888e-07,1.4541981127663104e-10
10.75,0.9783387023753517,0.9783387023753517,0.9871787682500208,0.9871786303106984,0.209182076553927,0.09463943988046117,0.18532898382006316,0.25281613509797,0.001953669116712205,0.014853333831575406,0.042528084790315175,9.882293209098614e-07,9.882293216391711e-07,1.359827018118243e-10
10.76,0.9767586218757036,0.9767586218757036,0.9867090048273449,0.9867088668510903,0.2114601088176055,0.09524942888559863,0.18785218226967015,0.2518210258462517,0.0025976382946812353,0.014443361502750465,0.04272651374420516,9.959908822965158e-07,9.959908829986167e-07,1.3192975892597114e-10
10.770000000000001,0.9751235989611182,0.9751235989611182,0.9861837392833143,0.9861836012778887,0.21372624650591893,0.09585727280067406,0.19036535381360045,0.25081075960520566,0.0032416074726503807,0.01403338917392545,0.04292647654322709,1.0035684032960734e-06,1.003568403942596e-06,1.224512913248491e-10
10.780000000000001,0.9734337256012036,0.9734337256012036,0.9856030011639776,0.9856028631371438,0.2159803621492199,0.09646293344322728,0.19286834705332262,0.2497853708692496,0.0038855766506194116,0.013623416845100508,0.04312793620553425,1.010960157782348e-06,1.010960158386122e-06,1.1528060705334069e-10
10.790000000000001,0.9716890968508903,0.9716890968508903,0.9849668231357006,0.9849666850952227,0.21822232895409788,0.09706637272181763,0.19536101094192884,0.24874489547042564,0.004529545828588442,0.013213444516275567,0.04333085540583344,1.0181644373580268e-06,1.018164437910446e-06,1.063454528544222e-10
10.8,0.9698898108450863,0.9698898108450859,0.9842752409833297,0.9842751029369724,0.22045202081051107,0.09766755263792071,0.19784319479756107,0.2476893705882487,0.0051735150065574725,0.012803472187450626,0.04353519647894921,1.025179551569777e-06,1.0251795520766667e-06,9.840081632329514e-11
10.81,0.968035968793154,0.968035968793154,0.9835282936081793,0.9835281555637072,0.22266931229888012,0.09826643528782873,0.2003147483169338,0.2466188347592518,0.006120965448564072,0.012722640476638304,0.04374092142345304,1.0320038282829458e-06,1.0320038287566072e-06,9.273758320716801e-11
10.82,0.9661276749732205,0.9661276749732205,0.9827260230258411,0.9827258849910196,0.2248740786971444,0.09886298286455622,0.20277552158895015,0.24553332788621718,0.007068415890570671,0.01264180876582598,0.043947991905359876,1.0386356140562603e-06,1.0386356144811023e-06,8.390461137628588e-11
10.83,0.9641650367263099,0.9641650367263099,0.9818684743638245,0.9818683363464181,0.2270661959877748,0.09945715765975015,0.20522536510841002,0.24443289124708897,0.008015866332577271,0.012560977055013658,0.0441563692618967,1.0450732744193836e-06,1.0450732748056698e-06,7.696739958807056e-11
10.84,0.9621481644503063,0.9621481644503068,0.9809556958590161,0.9809555578667877,0.22924554086475124,0.10004892206560435,0.20766412978980447,0.2433175675035578,0.00896331677458387,0.012480145344201336,0.04436601450534558,1.0513151943308818e-06,1.0513151946937416e-06,7.295334754523979e-11
10.85,0.9600771715937432,0.9600771715937437,0.979987738854965,0.9799876008956772,0.23141199074050006,0.10063823857677896,0.21009166698119416,0.24218740070931064,0.009910767216590469,0.012399313633389012,0.04457688832696502,1.0573597786084354e-06,1.0573597789173647e-06,6.268219484864808e-11
10.860000000000001,0.9579521746494234,0.9579521746494228,0.9789646577989979,0.9789645198804107,0.2335654237527869,0.10122506979232405,0.21250782847817032,0.24104243631794137,0.011156372011590573,0.012648077005872092,0.04478895110099386,1.063205452206395e-06,1.063205452475366e-06,5.508590123638112e-11
10.870000000000001,0.9557732931478635,0.9557732931478635,0.977886510239155,0.9778863723690262,0.2357057187715712,0.1018093784176072,0.21491246653789087,0.23988272119050963,0.01240197680659051,0.012896840378355185,0.045002162888739594,1.068850660798648e-06,1.0688506610290686e-06,4.7640596918103845e-11
10.88,0.9535406496505743,0.9535406496505743,0.9767533568209517,0.9767532190070364,0.23783275540582394,0.10239112726624593,0.2173054338931923,0.23870830360274872,0.013647581601590447,0.013145603750838281,0.04521648344275664,1.074293871160259e-06,1.0742938713553294e-06,4.072311832480946e-11
10.89,0.9512543697431635,0.9512543697431635,0.975565261283969,0.9755651235340195,0.2399464140102948,0.10297027926204387,0.21968658376676997,0.23751923325190855,0.014893186396590383,0.013394367123321375,0.045431872211116005,1.0795335716601295e-06,1.0795335718169596e-06,3.306324546927867e-11
10.9,0.9489145820282732,0.9489145820282732,0.9743222904582677,0.9743221527800323,0.24204657569224453,0.10354679744093173,0.22205576988542677,0.23631556126323258,0.01613879119159032,0.013643130495804469,0.04564828834177155,1.0845682727328443e-06,1.0845682728503572e-06,2.5023159734089014e-11
10.91,0.9465214181183453,0.9465214181183453,0.9730245142606291,0.9730243766618524,0.2441331223181324,0.10412064495291116,0.22441284649438384,0.2350973401960586,0.017675547096305404,0.01422009031340882,0.04586569068702497,1.0893965073921485e-06,1.089396507470229e-06,1.6796334777304998e-11
10.92,0.944075012628219,0.9440750126282197,0.9716720056906223,0.9716718681790436,0.24620593652026024,0.10469178506400334,0.2267576683716495,0.23386462404953975,0.019212303001020486,0.014797050131013172,0.04608403780809346,1.0940168317374876e-06,1.0940168317912412e-06,1.1683402159809535e-11
10.93,0.9415755031675586,0.9415755031675586,0.9702648408264973,0.9702647034098522,0.24826490170337678,0.1052601811582013,0.22909009084244553,0.23261746826797866,0.02074905890573557,0.015374009948617522,0.04630328797978381,1.0984278255576907e-06,1.0984278255664103e-06,1.9152430525794945e-12
10.940000000000001,0.9390230303331109,0.9390230303331102,0.9688030988209064,0.9688029615069246,0.2503099020512334,0.10582579673942569,0.23140996979368267,0.23135592974576877,0.022285814810450926,0.015950969766221977,0.04652339919527536,1.102628092761182e-06,1.1026280927420397e-06,4.249786585610571e-12
10.950000000000001,0.9364177377008003,0.9364177377008003,0.9672868618964532,0.9672867246928579,0.25234082253309814,0.10638859543348461,0.23371716168848616,0.23008006683193638,0.02382257071516601,0.016527929583826328,0.04674432917101598,1.1066162620837483e-06,1.1066162620289595e-06,1.2296651219248035e-11
10.96,0.9337597718176507,0.9337597718176507,0.9657162153410639,0.9657160782555734,0.254357548910231,0.10694854099003688,0.23601152358076122,0.22878993933428052,0.02564183752886576,0.017429841968573508,0.046966035351733604,1.110390987588139e-06,1.1103909874897663e-06,2.2323907116734523e-11
10.97,0.9310492821935421,0.9310492821935421,0.9640912475031933,0.9640911105435186,0.2563599677423044,0.10750559728455804,0.23829291312980105,0.2274856085231018,0.02746110434256551,0.01833175435332069,0.04718847491556701,1.1139509492677502e-06,1.1139509491418572e-06,2.889201985624341e-11
10.98,0.9282864212928011,0.9282864212928018,0.9624120497868544,0.9624119129606987,0.25834796639378665,0.10805972832031077,0.240561188614928,0.22616713713451606,0.029280371156265264,0.01923366673806787,0.04741160477931848,1.1172948537405136e-06,1.117294853575862e-06,3.8221131065487836e-11
10.99,0.9254713445256256,0.9254713445256256,0.9606787166464751,0.9606785799615355,0.26032143304027866,0.10861089823031804,0.24281620895016734,0.2248345893733507,0.031099637969965014,0.020135579122815054,0.04763538160383216,1.1204214347762531e-06,1.1204214345891473e-06,4.394080981083774e-11
11.0,0.9226042102393402,0.9226042102393402,0.9588913455815878,0.9588912090455529,0.2622802566748015,0.1091590712793392,0.2450578336989462,0.22348803091561437,0.032918904783664764,0.021037491507562234,0.04785976179950014,1.1233294540460848e-06,1.1233294538340614e-06,5.038375354138754e-11
11.01,0.9196851797094933,0.9196851797094933,0.957050037131344,0.9570499007518937,0.2642243271140422,0.1097042118658495,0.24728592308881667,0.2221275289105371,0.03501045392651769,0.022259285579931454,0.04808470153189974,1.1260177017330397e-06,1.1260177014804932e-06,6.073762260911201e-11
11.020000000000001,0.9167144171307822,0.9167144171307822,0.955154894868858,0.9551547586536633,0.2661535350045511,0.1102462845240219,0.24950033802619612,0.22075315198217926,0.03710200306937099,0.02348107965230089,0.048310156727565015,1.1284849971773814e-06,1.1284849968922955e-06,6.940434220562072e-11
11.030000000000001,0.9136920896078189,0.9136920896078189,0.9532060253953826,0.9532058893521062,0.26806777182889296,0.11078525392571247,0.2517009401111217,0.2193649702305989,0.03919355221222392,0.02470287372467011,0.04853608307989435,1.1307301896329447e-06,1.1307301893172168e-06,7.78223328687409e-11
11.040000000000001,0.9106183671457296,0.9106183671457296,0.951203538334312,0.951203402470606,0.2699669299117514,0.11132108488244771,0.253887591652014,0.21796305523258072,0.04128510135507685,0.02592466779703933,0.04876243605519788,1.1327521589263312e-06,1.13275215858974e-06,8.401585409814618e-11
11.05,0.9074934226405932,0.9074934226405924,0.9491475463250152,0.9491474106485219,0.27185090242598475,0.1118537423474149,0.25606015568044777,0.2165474800419162,0.043376650497929777,0.02714646186940855,0.04898917089888673,1.1345498162201872e-06,1.134549815846451e-06,9.448853993431863e-11
11.06,0.9043174318697125,0.9043174318697125,0.9470381650165012,0.9470380295348519,0.27371958339863556,0.1123831914174547,0.2582184959659184,0.21511831918923546,0.04572872251980011,0.028681268258666095,0.04921624264180569,1.1361221046585213e-06,1.1361221042533289e-06,1.0378142157760079e-10
11.07,0.9010905734817317,0.9010905734817317,0.9448755130609114,0.9448753777817273,0.2755728677168926,0.11290939733505562,0.26036247703060983,0.21367564868138558,0.04808079454167045,0.030216074647923644,0.04944360610671355,1.1374680001646764e-06,1.137467999744453e-06,1.0906201021539107e-10
11.08,0.8978130289865844,0.8978130289865844,0.9426597121068485,0.9426595770377392,0.2774106511340013,0.11343232549035133,0.262491964164152,0.2122195460003541,0.05043286656354079,0.03175088103718119,0.04967121591491212,1.138586512211548e-06,1.1385865117715e-06,1.1574968866606444e-10
11.09,0.8944849827452842,0.894484982745285,0.9403908867925326,0.9403907519410952,0.2792328302751286,0.1139519414231196,0.26460682343836384,0.21075009010173118,0.052784938585411126,0.03328568742643874,0.0498990264930256,1.139476684543228e-06,1.1394766840635374e-06,1.2790878534377475e-10
11.1,0.8911066219595547,0.8911066219595555,0.9380691647387881,0.9380690301126084,0.2810393026431789,0.11446821082478321,0.26670692172197985,0.2092673614127111,0.05513701060728146,0.03482049381569629,0.050126992079933104,1.140137595882773e-06,1.1401375953963663e-06,1.3150801504581055e-10
11.110000000000001,0.8876781366613,0.8876781366612992,0.9356946765418686,0.9356945421485194,0.28282996662455806,0.11498109954041241,0.26879212669535507,0.20777144182962998,0.05773638130363648,0.03665968328199701,0.050355066733856584,1.1405683609036488e-06,1.1405683603708314e-06,1.4609653866606837e-10
11.120000000000001,0.8841997197019127,0.8841997197019127,0.9332675557661105,0.9332674216131509,0.2846047214948879,0.11549057357072931,0.2708623068651407,0.20626241471503517,0.06033575199999109,0.03849887274829745,0.05058320433960421,1.1407681307432083e-06,1.1407681301994523e-06,1.5124160150536227e-10
11.13,0.8806715667414303,0.8806715667414303,0.9307879389364161,0.9307878050313926,0.28636346742467617,0.11599659907411304,0.27291733157893067,0.2047403648942867,0.0629351226963457,0.040338062214597896,0.05081135861597265,1.140736094057404e-06,1.1407360935006328e-06,1.5712594036878929e-10
11.14,0.8770938762375265,0.8770938762375265,0.9282559655305785,0.9282558318810233,0.28810610548492765,0.11649914236860759,0.27495707103987155,0.2032053786516885,0.0655344933927003,0.04217725168089834,0.05103948312330886,1.1404714776869218e-06,1.1404714770997526e-06,1.6816582187753087e-10
11.15,0.873466849434349,0.873466849434349,0.9256717779714345,0.9256716445848652,0.289832537652711,0.1169981699339289,0.27698139632122926,0.20165754372614736,0.0681338640890549,0.044016441147198784,0.05126753127123218,1.1399735474343364e-06,1.1399735468364383e-06,1.73822553763669e-10
11.16,0.869790690351199,0.869790690351199,0.9230355216188526,0.9230353885027722,0.29154266681667185,0.11749364841347454,0.2789901793809111,0.20009694930635824,0.07096591885225108,0.04614967309831022,0.051495456326518765,1.139241608986985e-06,1.1392416083772193e-06,1.7999021908121093e-10
11.17,0.8660656057710557,0.8660656057710566,0.9203473447615586,0.920347211923454,0.29323639678249536,0.11798554461633351,0.2809832930759397,0.19852368602551512,0.07379797361544725,0.04828290504942167,0.051723211421149384,1.138275008694123e-06,1.1382750080328102e-06,1.9824573859196893e-10
11.18,0.8622918052289453,0.8622918052289453,0.9176073986087901,0.9176072660561344,0.2949136322783183,0.11847382551929672,0.2829606111768678,0.19693784595554736,0.07663002837864342,0.050416137000533115,0.05195074956052037,1.1370731342330576e-06,1.137073133579223e-06,1.9910470221825435e-10
11.190000000000001,0.8584695010001516,0.8584695010001507,0.9148158372817962,0.9148157050220455,0.2965742789600862,0.11895845826886824,0.28492200838213516,0.1953395226008795,0.07946208314184011,0.05254936895164493,0.05217802363181957,1.1356354157332493e-06,1.1356354150819155e-06,2.015307550202056e-10
11.200000000000001,0.8545989080882805,0.8545989080882805,0.9119728178051673,0.9119726858457602,0.29821824341686004,0.11943941018327658,0.28686736033236027,0.19372881089171612,0.08229413790503629,0.054682600902756374,0.052404986412567314,1.133961326393873e-06,1.1339613257221077e-06,2.1124587718092302e-10
11.21,0.8506802442131627,0.8506802442131627,0.9090785000979971,0.9090783684463571,0.2998454331760737,0.11991664875448634,0.28879654362456386,0.19210580717684927,0.08534295389296319,0.05709788153263212,0.052631590579322804,1.132050383337302e-06,1.132050382624457e-06,2.2788166425138375e-10
11.22,0.8467137297986078,0.8467137297986078,0.9061330469648944,0.9061329156284269,0.3014557567087318,0.1203901416502102,0.29070943582631403,0.19047060921599177,0.08839176988089009,0.05951316216250787,0.05285778871655553,1.1299021484070804e-06,1.1299021476852217e-06,2.346510955602982e-10
11.23,0.8426995879600061,0.842699587960007,0.903136624086822,0.903136493072914,0.3030491234345599,0.12085985671591967,0.2926059154897988,0.1888233161716346,0.09144058586881698,0.06192844279238362,0.0530835333256837,1.1275162291185525e-06,1.1275162284000166e-06,2.375687599462005e-10
11.24,0.8386380444917783,0.8386380444917783,0.9000894000117754,0.9000892693277971,0.30462544372710065,0.12132576197685715,0.2944858621658082,0.18716402860042963,0.09448940185674388,0.06434372342225936,0.0533087768342764,1.1248922794360183e-06,1.1248922786902801e-06,2.508498244755287e-10
11.25,0.8345293278546716,0.8345293278546716,0.8969915461453057,0.8969914157986081,0.30618462891875264,0.12178782564004581,0.2963491564176318,0.1854928484440998,0.09753821784467079,0.06675900405213511,0.05353347160542188,1.1220300004943784e-06,1.1220299997275605e-06,2.6249699737686795e-10
11.26,0.8303736691629148,0.8303736691629148,0.8938432367408767,0.8938431067387913,0.3077265913057602,0.12224601609629993,0.29819567983486217,0.1838098790198763,0.10078665350475938,0.06944275377445375,0.05375756994726015,1.1189291415081293e-06,1.11892914075469e-06,2.6254583340027725e-10
11.270000000000001,0.8261713021712132,0.8261713021712132,0.8906446488900617,0.8906445192399008,0.3092512441531454,0.12270030192223366,0.30002531504710084,0.18211522501046734,0.10403508916484856,0.07212650349677284,0.05398102412267982,1.1155895006734196e-06,1.1155894999028845e-06,2.733986141620431e-10
11.280000000000001,0.8219224632616022,0.8219224632616022,0.8873959625125841,0.8873958332216412,0.3107585016995878,0.12315065188226942,0.3018379457375594,0.18040899245355604,0.10728352482493715,0.07481025321909147,0.05420378635917684,1.1120109257925503e-06,1.1120109250039326e-06,2.8499793336602547e-10
11.290000000000001,0.8176273914301502,0.8176273914301502,0.8840973603461961,0.8840972314217437,0.3122482791622476,0.12359703493064433,0.30363345665655656,0.17869128873083373,0.11053196048502575,0.0774940029414101,0.054425808858876296,1.1081933151968482e-06,1.1081933143963988e-06,2.947180618796891e-10
11.3,0.8132863282735162,0.8132863282735152,0.8807490279363999,0.8807488993856896,0.3137204927415356,0.12403942021341553,0.3054117336348993,0.17696222255656888,0.11378039614511434,0.08017775266372873,0.05464704380871371,1.10413661853076e-06,1.1041366177249614e-06,3.0236107531093746e-10
11.31,0.8088995179753562,0.8088995179753562,0.8773511536260113,0.8773510254562736,0.3151750596258255,0.12447777707046387,0.30717266359715184,0.17522190396571505,0.11721018759038186,0.08311488246126879,0.05486744339077647,1.0998408375290092e-06,1.0998408367318976e-06,3.0491309955912167e-10
11.32,0.8044672072925937,0.8044672072925937,0.8739039285445629,0.8739038007630079,0.31661189799611456,0.12491207503749586,0.3089161345747796,0.17347044430156053,0.12063997903564938,0.08605201225880885,0.05508695979280183,1.0953060268492631e-06,1.095306026039758e-06,3.157676343632038e-10
11.33,0.7999896455415358,0.7999896455415358,0.8704075465975571,0.870407419211373,0.31803092703062275,0.12534228384804322,0.3106420357191697,0.17170795620292276,0.12406977048091689,0.0889891420563489,0.05530554521883093,1.0905322947382667e-06,1.0905322939242215e-06,3.239093815510018e-10
11.34,0.7954670845838507,0.7954670845838518,0.866862204455558,0.8668620774719089,0.31943206690934084,0.1257683734354604,0.31235025731452004,0.1699345535908922,0.12749956192618442,0.09192627185388896,0.05552315190001624,1.0855198038853264e-06,1.0855198030762105e-06,3.285120010886252e-10
11.350000000000001,0.7908997788123997,0.7908997788123997,0.8632681015431228,0.8632679749691531,0.320815238818521,0.12619031393492075,0.3140406907905936,0.16815035165512693,0.13092935337145253,0.09486340165142954,0.05573973210557994,1.0802687721786497e-06,1.0802687713522268e-06,3.424912745970405e-10
11.360000000000001,0.7862879851369292,0.7862879851369281,0.8596254400275961,0.8596253138704248,0.3221803649551071,0.12660807568540702,0.3157132287353341,0.16635546683970714,0.13452121706671957,0.09803739791201325,0.05595523815392176,1.0747794733437233e-06,1.0747794725119244e-06,3.519784100437271e-10
11.370000000000001,0.7816319629696153,0.7816319629696153,0.8559344248077274,0.8559342990744501,0.3235273685311139,0.1270216292317031,0.3173677649073375,0.16455001682854642,0.1381130807619866,0.10121139417259697,0.0561696224238724,1.0690522377690415e-06,1.0690522369420055e-06,3.5745337723586344e-10
11.38,0.7769319742104783,0.7769319742104783,0.8521952635021476,0.8521951381998376,0.32485617377794607,0.1274309453263787,0.31900419424817594,0.1627341205303707,0.14170494445725362,0.10438539043318068,0.056382837366090455,1.063087453179179e-06,1.0630874523653692e-06,3.5938904873355933e-10
11.39,0.7721882832326468,0.7721882832326468,0.8484081664376953,0.8484080415734009,0.32616670595065844,0.12783599493177444,0.320622412894568,0.16090789806326775,0.14529680815252066,0.1075593866937644,0.056594835514599574,1.0568855653564357e-06,1.0568855645345834e-06,3.7096706079949467e-10
11.4,0.7674011568674872,0.7674011568674872,0.8445733466375819,0.8445732222183269,0.327458891332162,0.12823674922198045,0.3222223181903957,0.15907147073881125,0.1488886718477877,0.11073338295434812,0.056805569498463236,1.0504470787167652e-06,1.0504470779086731e-06,3.729561820045052e-10
11.41,0.7625708643895958,0.7625708643895958,0.8406910198094101,0.8406908958421927,0.3287326572373696,0.12863317958481296,0.3238038086985539,0.15722496104576586,0.15262241302872687,0.11412640031637591,0.057014992053591416,1.043772557121625e-06,1.0437725563123043e-06,3.8206042295716007e-10
11.42,0.7576976775016504,0.7576976775016515,0.8367614043330409,0.8367612808248334,0.3299879320172847,0.12902525762378697,0.32536678421264364,0.15536849263337948,0.156356154209666,0.11751941767840372,0.05722305603467972,1.0368626243914547e-06,1.0368626235763102e-06,3.9375204429736975e-10
11.43,0.7527818703191299,0.7527818703191299,0.8327847212483072,0.8327845982060578,0.3312246450630325,0.12941295516008336,0.3269111457684893,0.15350219029426676,0.16008989539060517,0.12091243504043153,0.05742971442727257,1.0297179649648713e-06,1.0297179641586819e-06,3.9862819834434645e-10
11.440000000000001,0.7478237193548898,0.7478237193548887,0.8287611942425838,0.8287610716732139,0.3324427268098303,0.12979624423451322,0.3284367956554848,0.15162617994689304,0.16382363657154497,0.12430545240245994,0.05763492035994941,1.022339324550925e-06,1.0223393237450033e-06,4.080710850049322e-10
11.450000000000001,0.7428235035036158,0.7428235035036158,0.8246910496382067,0.8246909275486094,0.33364210874090006,0.13017509710947722,0.3299436374277638,0.149740588617662,0.16755737775248414,0.12769846976448773,0.057838627116629016,1.014727510628699e-06,1.014727509827448e-06,4.1562049227947156e-10
11.46,0.737781504026131,0.737781504026131,0.820574516379734,0.8205743947767778,0.3348227233913253,0.13054948627091953,0.33143157591518785,0.147845544422615,0.17141200396793257,0.13129143145005367,0.058040788148987,1.006883393023239e-06,1.0068833922613433e-06,4.0502912425710023e-10
11.47,0.7326980045335765,0.7326980045335765,0.8164118260210769,0.816411704911602,0.33598450435184296,0.13091938443027692,0.3329005172341496,0.14594117654875038,0.175266630183381,0.1348843931356196,0.05824135708898253,9.98807904550869e-07,9.988079037984495e-07,4.1010415292401423e-10
11.48,0.7275732909714585,0.7275732909714597,0.8122032127124715,0.8122030921032894,0.33712738627258004,0.13128476452642407,0.3343503687981865,0.14402761523496785,0.17912125639882945,0.13847735482118553,0.058440287761488977,9.905020413453203e-07,9.905020405959703e-07,4.18935657549307e-10
11.49,0.7224076516035649,0.7224076516035649,0.8079489131873049,0.807948793085201,0.33825130486673044,0.13164559972761053,0.335781039328404,0.1421049917526452,0.18297588261427788,0.14207031650675145,0.05863753419702408,9.819668634544754e-07,9.819668627004674e-07,4.325702755904655e-10
11.5,0.7172013769957456,0.7172013769957456,0.8036491667488045,0.8036490471605341,0.3393561969141692,0.13200186343339507,0.33719243886370204,0.14017343838585833,0.18683050882972632,0.1456632781923174,0.05883305064457471,9.732034952428248e-07,9.732034945057488e-07,4.3411526419436077e-10
11.51,0.7119547599995757,0.7119547599995757,0.7993042152565737,0.7993040961888639,0.34044200026501015,0.13235352927657118,0.33858447877080017,0.13823308841124785,0.1907843479688818,0.14943598326379326,0.05902679158450941,9.642131259118836e-07,9.64213125183916e-07,4.403677809878704e-10
11.520000000000001,0.706668095735878,0.706668095735878,0.7949143031129883,0.7949141845725359,0.3415086538431009,0.13270057112508876,0.33995707175406265,0.1362840760775442,0.19473818710803797,0.1532086883352698,0.05921871174157563,9.549970098055027e-07,9.549970090886655e-07,4.455927543713605e-10
11.530000000000001,0.7013416815781233,0.7013416815781233,0.790479677249449,0.7904795592429227,0.34255609764945916,0.13304296308396793,0.34131013186511483,0.1343265365847566,0.19869202624719345,0.15698139340674563,0.0594087660979739,9.45556466819264e-07,9.455564661301132e-07,4.4040719782153566e-10
11.540000000000001,0.6959758171357034,0.6959758171357034,0.7860005871124913,0.7860004696465288,0.3435842727656468,0.13338067949720728,0.3426435745122499,0.13236060606303782,0.2026458653863489,0.1607540984782215,0.059596909906504306,9.358928828029356e-07,9.358928821202262e-07,4.4875809858615144e-10
11.55,0.69057080423708,0.6905708042370786,0.7814772846497543,0.781477167730963,0.3445931213570847,0.1337136949496836,0.34395731646962496,0.13038642155122873,0.20659970452550439,0.16452680354969737,0.0597830987037793,9.260077097408836e-07,9.260077090881596e-07,4.4153115027677704e-10
11.56,0.6851269469128006,0.6851269469128006,0.7769100242958102,0.7769099079307655,0.3455825866763054,0.1340419842690462,0.34525127588623794,0.12840412097509754,0.2106305266664162,0.16845804048675342,0.05996728832349604,9.159024662031001e-07,9.159024655647036e-07,4.4463368912285943e-10
11.57,0.6796445513784057,0.6796445513784057,0.7722990629578471,0.7722989471530958,0.346552613066146,0.1343655225276031,0.3465253722946882,0.12641384312527687,0.21466134880732807,0.17238927742380947,0.06014943490976298,9.055787374492863e-07,9.055787368351175e-07,4.406666862420801e-10
11.58,0.6741239260171987,0.6741239260171987,0.7676446600012259,0.767644544763282,0.3475031459628777,0.13468428504419905,0.347779526619711,0.12441572763491283,0.2186921709482399,0.17632051436086552,0.060329494930472655,8.950381757549808e-07,8.950381751596067e-07,4.4031122729351177e-10
11.59,0.6685653813629004,0.6685653813629018,0.7629470772348868,0.7629469625702312,0.34843413189927536,0.13499824738608635,0.3490136611864928,0.12240991495703303,0.22272299308915172,0.18025175129792156,0.06050742519071704,8.842825005295207e-07,8.842824999608177e-07,4.337562868155208e-10
11.600000000000001,0.662969230082182,0.662969230082182,0.7582065788966181,0.7582064648117024,0.3493455185076262,0.1353073853707882,0.35022769972875417,0.12039654634164353,0.22675381523006427,0.1841829882349783,0.06068318284623558,8.733134985242086e-07,8.733134979776149e-07,4.301945613358111e-10
11.610000000000001,0.6573357869570788,0.6573357869570774,0.7534234316382049,0.7534233181394457,0.3502372545226732,0.13561167506795216,0.35142156739660346,0.11837576381256601,0.2308389576243418,0.1882506541934665,0.06085672541689085,8.6213302390864e-07,8.621330233845602e-07,4.258870369349714e-10
11.620000000000001,0.6516653688672785,0.6516653688672785,0.7485979045104197,0.7485977916042,0.3511092897845007,0.13591109280119615,0.35259519076415974,0.11634771014402336,0.23492410001861938,0.1923183201519547,0.061028010800165275,8.50742998388665e-07,8.507429978764647e-07,4.3002845145451174e-10
11.63,0.645958294772305,0.645958294772305,0.7437302689478883,0.7437301566405606,0.3519615752413554,0.13620561514994467,0.3537484978369381,0.1143125288369849,0.23900924241289692,0.19638598611044294,0.0611969972846705,8.39145411199449e-07,8.39145410717455e-07,4.183411250471454e-10
11.64,0.6402148856935712,0.6402148856935712,0.7388207987538289,0.7388206870517103,0.352794062952405,0.13649521895125702,0.35488141805899653,0.11227036409528235,0.2430943848071745,0.20045365206893115,0.06136364356366272,8.273423191956786e-07,8.273423187539913e-07,3.965651032105751e-10
11.65,0.6344354646963236,0.6344354646963236,0.7338697700846457,0.7338696589940193,0.3536067060904352,0.13677988130164562,0.35599388231984636,0.11022136080150559,0.24717952720145203,0.20452131802741935,0.061527908748558215,8.153358468307448e-07,8.153358463913186e-07,4.0839781927357776e-10
11.66,0.6286203568714692,0.6286203568714692,0.7288774614343955,0.7288773509615103,0.3543994589444838,0.13705957955888493,0.3570858229611162,0.10816566449268995,0.25129602169247944,0.20870254310960326,0.06168975238243876,8.031281859277595e-07,8.031281855329209e-07,3.801111085420744e-10
11.67,0.62276988931729,0.6227698893172914,0.723844153619125,0.7238440437701937,0.35517227692241166,0.13733429134380934,0.3581571737829762,0.10610342133580554,0.2554125161835068,0.2128837681917872,0.061849134453542814,7.907215958599667e-07,7.907215954824479e-07,3.7672768396649426e-10
11.68,0.6168843911210448,0.6168843911210448,0.7187701297610692,0.7187700205422721,0.35592511655341147,0.13760399454210354,0.3592078700503135,0.10403477810305954,0.2595290106745342,0.2170649932739711,0.06200601540873239,7.78118403141348e-07,7.781184028077638e-07,3.453075796458026e-10
11.690000000000001,0.6109641933404523,0.6109641933404508,0.7136556752727323,0.7136555666902132,0.3566579354904527,0.1378686673060801,0.3602378484986587,0.10195988214702223,0.2636455051655623,0.22124621835615577,0.06216035616692839,7.653210014751943e-07,7.65321001166711e-07,3.3148784289162997e-10
11.700000000000001,0.6050096289850782,0.6050096289850782,0.7085010778408343,0.7085009699006993,0.3573706925126627,0.13812828805644736,0.36124704733986607,0.09987888137558967,0.2677619996565897,0.2254274434383397,0.0623121181325085,7.523318513516508e-07,7.523318510942441e-07,2.8735868056369907e-10
11.71,0.5990210329975972,0.5990210329975972,0.703306627410118,0.7033065201184401,0.3580633475276474,0.13838283548406688,0.36223540626754075,0.09779192422679087,0.2718867018148584,0.22969871927578,0.0624612632086578,7.39153479992205e-07,7.391534797506113e-07,2.804157619845401e-10
11.72,0.5929987422349551,0.5929987422349551,0.6980726161670516,0.6980725095298659,0.3587358615737447,0.13863228855169898,0.3632028664622131,0.09569915964345493,0.27601140397312707,0.23396999511322028,0.06260775381066509,7.257884808292703e-07,7.257884806303579e-07,2.402402530441194e-10
11.73,0.5869430954494189,0.5869430954494204,0.6927993385233889,0.6927992325466923,0.3593881968222168,0.1388766264957382,0.3641493705962599,0.09360073704774691,0.2801361061313958,0.23824127095066058,0.06275155287915739,7.122395133812853e-07,7.122395132318362e-07,1.879796298097069e-10
11.74,0.5808544332695252,0.5808544332695252,0.6874870910996044,0.6874869857893595,0.36002031657937816,0.13911582882793563,0.36507486283857016,0.0914968063155842,0.28426080828966444,0.24251254678810086,0.06289262389326422,6.985093028155642e-07,6.985093026870844e-07,1.6844725495513612e-10
11.75,0.5747330981809134,0.5747330981809134,0.6821361727082161,0.6821360680703469,0.360632185288659,0.13934987533711077,0.3659792888589529,0.08938751775094704,0.28838551044793315,0.24678382262554116,0.06303093088370336,6.846006394556348e-07,6.846006393518809e-07,1.4191724249871447e-10
11.76,0.5685794345070696,0.5685794345070696,0.6767468843369728,0.6767467803773648,0.3612237685326056,0.13957874609085028,0.3668625958322905,0.08727302206009216,0.29249522969744335,0.2511211345516936,0.0631664384457815,6.705163784342938e-07,6.705163783558585e-07,1.1203326379934282e-10
11.770000000000001,0.5623937883899529,0.5623937883899529,0.6713195291319244,0.6713194258564241,0.3617950330348168,0.13980242143719515,0.36772473244243115,0.08515347032568402,0.2966049489469542,0.2554584464778468,0.06329911175230027,6.562594391246179e-07,6.562594391125707e-07,1.798642956256391e-11
11.780000000000001,0.5561765077705264,0.5561765077705264,0.66585441238037,0.6658543097947879,0.3623459466618147,0.14002088200631538,0.3685656488858241,0.08302901398085248,0.3007146681964644,0.2597957584039992,0.06342891656636053,6.418328047652633e-07,6.418328047895087e-07,3.7775369070078114e-11
11.790000000000001,0.5499279423691856,0.5499279423691856,0.660351841493686,0.6603517396037925,0.36287647842485315,0.14023410871217099,0.3693852968748935,0.08089980478319224,0.30482438744597457,0.26413307033015165,0.06355581925405634,6.272395216971871e-07,6.272395217379925e-07,6.50555127719572e-11
11.8,0.5436484436660883,0.5436484436660869,0.6548121259900338,0.65481202480156,0.3633865984816603,0.14044208275416056,0.37018362964115326,0.07876599478871277,0.30893410669548477,0.2684703822563041,0.06367978679705114,6.124826987946586e-07,6.124826988830148e-07,1.4425914454517318e-10
11.81,0.5373383648813779,0.5373383648813779,0.6492355774769513,0.6492354769955878,0.3638762781381174,0.14064478561875704,0.37096060193806124,0.07662773632575315,0.31300573669959997,0.2728493443257118,0.06380078680502807,5.975655069240249e-07,5.975655070730858e-07,2.4944706843445556e-10
11.82,0.5309980609553236,0.5309980609553236,0.6436225096338192,0.6436224098652193,0.36434548984987314,0.14084219908112836,0.3717161700436113,0.07448518196887204,0.3170773667037151,0.2772283063951195,0.06391878752800563,5.82491178194311e-07,5.824911783901873e-07,3.362735373845392e-10
11.83,0.5246278885283496,0.5246278885283496,0.6379732381942249,0.6379731391440008,0.3647942072238923,0.14103430520674676,0.3724502917626646,0.07233848451272519,0.3211489967078303,0.2816072684645271,0.0640337578685117,5.672630051661853e-07,5.672630054199655e-07,4.473765681470602e-10
11.84,0.5182282059209752,0.5182282059209767,0.632288080928199,0.6322879826019205,0.3652224050199408,0.14122108635298142,0.3731629264290213,0.07018779694594372,0.32522062671194546,0.2859862305339348,0.06414566739360801,5.518843401997042e-07,5.518843404823969e-07,5.122317714195917e-10
11.850000000000001,0.5117993731136598,0.5117993731136598,0.6265673576243345,0.6265672600275342,0.3656300591520058,0.14140252517067836,0.3738540349072296,0.06803327242502356,0.3292922567160614,0.29036519260334326,0.06425448634675623,5.363585945244997e-07,5.363585948230817e-07,5.566834866174286e-10
11.860000000000001,0.5053417517265549,0.5053417517265534,0.6208113900718126,0.6208112932099804,0.3660171466896496,0.1415786046057258,0.3745235795941308,0.06587506424823762,0.3333029052897392,0.29476118469829266,0.06436018565951772,5.206892374071126e-07,5.206892377654761e-07,6.882484222166837e-10
11.870000000000001,0.49885570499915816,0.49885570499915816,0.6150205020422909,0.6150204059208735,0.3663836458593002,0.14174930790060436,0.37517152442015167,0.0637133258295855,0.337313553863417,0.299157176793242,0.06446273696308212,5.048797954015916e-07,5.048797958243522e-07,8.37349020692289e-10
11.88,0.49234159776988917,0.49234159776988917,0.6091950192716912,0.6091949238960969,0.3667295360454763,0.14191461859592283,0.375797834850328,0.06154821067278859,0.3413242024370948,0.3035531688881914,0.06456211259961214,4.889338513225372e-07,4.889338517808144e-07,9.37299026863559e-10
11.89,0.48579979645556204,0.48579979645556204,0.6033352694418848,0.6033351748174784,0.36705479779194583,0.14207452053193795,0.37640247788507386,0.05937987234534613,0.3453348510107726,0.30794916098314074,0.0646582856334012,4.7285504321814553e-07,4.7285504371926865e-07,1.0597816840878636e-09
11.9,0.4792306690307757,0.4792306690307757,0.5974415821622545,0.5974414882943586,0.3673594128028215,0.14222899785005905,0.37698542206068886,0.05720846445266132,0.34934549958445044,0.31234515307809013,0.06475122986183389,4.5664706346815187e-07,4.566470640267318e-07,1.2232202885250744e-09
11.91,0.4726345850072159,0.4726345850072159,0.5915142889511559,0.5915141958450506,0.3676433639435891,0.14237803499433782,0.3775466374496087,0.05503414061225089,0.3532726174024333,0.31673345933186847,0.06484091982614296,4.403136577429967e-07,4.4031365835498165e-07,1.3898841101300422e-09
11.92,0.46601191541286957,0.4660119154128711,0.5855537232172705,0.5855536308781916,0.36790663524207184,0.14252161671294078,0.3780860956603981,0.052857054428049034,0.3571997352204162,0.32112176558564687,0.06492733082195487,4.2385862387972484e-07,4.2385862454597957e-07,1.5718796083056701e-09
11.93,0.45936303277115687,0.45936303277115687,0.5795602202408464,0.5795601286739893,0.3681492118893287,0.14265972805960686,0.3786037698374868,0.050677359464817225,0.3611268530383991,0.3255100718394252,0.06501043890961698,4.072858108133959e-07,4.072858115211371e-07,1.7377016772846692e-09
11.940000000000001,0.4526883110799701,0.45268831107996854,0.573534117154846,0.5735340263653614,0.36837108024048737,0.14279235439508736,0.3790996346606493,0.04849520922267219,0.3650539708563827,0.3298983780932044,0.06509022092429817,3.9059911735583874e-07,3.905991181349726e-07,1.9947147781862074e-09
11.950000000000001,0.44598812579064606,0.44598812579064606,0.5674757529259828,0.5674756629189764,0.36857222781551124,0.14291948138857144,0.37957366634423295,0.04631075711174288,0.3689810886743656,0.3342866843469827,0.06516665448585818,3.7380249116869546e-07,3.738024919937577e-07,2.207214381292252e-09
11.96,0.4392628537868406,0.4392628537868406,0.5613854683356434,0.5613853791161793,0.3687526432999025,0.14304109501909223,0.3800258426361314,0.044124156426967424,0.37280259605169147,0.33864263210547296,0.06523971800847568,3.568999273478868e-07,3.5689992823977976e-07,2.4990001572989414e-09
11.97,0.4325128733633306,0.4325128733633306,0.5552636059607313,0.5552635175338279,0.36891231654533757,0.1431571815769179,0.3804561428165065,0.041935560323042576,0.37662410342901737,0.3429985798639632,0.06530939071003068,3.398954673827781e-07,3.398954683019181e-07,2.7041843764879778e-09
11.98,0.42573856420473527,0.4257385642047369,0.5491105101543925,0.5491104225250221,0.3690512385702387,0.14326772766492427,0.3808645476962633,0.03974512178953525,0.3804456108063433,0.34735452762245345,0.06537565262123372,3.2279319765737835e-07,3.227931986131914e-07,2.9610693525537462e-09
11.99,0.41894030736416005,0.41894030736416005,0.5429265270266407,0.5429264401997342,0.36916940156027844,0.14337272019995065,0.38125103961527257,0.0375529936261683,0.3842671181836692,0.3517104753809437,0.06543848459449461,3.055972482568503e-07,3.055972492960452e-07,3.4005375388957008e-09
12.0,0.4121184852417566,0.4121184852417566,0.536712004424898,0.5367119184053394,0.3692667988688198,0.14347214641413802,0.38161560244035175,0.03535932841829077,0.3880886255609951,0.35606642313943393,0.06549786831252616,2.883117917185096e-07,2.883117928161321e-07,3.807067501129517e-09
12.01,0.40527348156322207,0.40527348156322207,0.5304672919144219,0.5304672067070498,0.36934342501728995,0.14356599385624882,0.38195822156299836,0.033164278512543895,0.39178303659301766,0.3603655216797501,0.06555378629667456,2.7094104143587927e-07,2.709410426053875e-07,4.316467618881043e-09
12.020000000000001,0.3984056813582087,0.3984056813582087,0.5241927407586445,0.524192656368251,0.36939927569548814,0.14365425039296886,0.3822788838968816,0.030967995992732634,0.39547744762504083,0.3646646202200671,0.06560622191497162,2.53489250451322e-07,2.534892516552164e-07,4.749291860058023e-09
12.030000000000001,0.39151547093866707,0.39151547093866707,0.5178887038994143,0.5178886203307469,0.3694343477618285,0.14373690421019203,0.38257757787509494,0.028770632655914202,0.3991718586570634,0.3689637187603833,0.0656551593899031,2.359607098045835e-07,2.359607110806778e-07,5.408079609813101e-09
12.040000000000001,0.3846032378771166,0.3846032378771166,0.5115555359371421,0.5115554531949018,0.36944863924351645,0.14381394381428433,0.38285429344717037,0.026572339988712987,0.40286626968908595,0.37326281730069955,0.06570058380588685,2.1835974732542507e-07,2.1835974865651665e-07,6.09586512822156e-09
12.05,0.37766937098484604,0.3776693709848444,0.505193593110856,0.5051935111996968,0.3694421493366601,0.14388535803333133,0.38310902207585584,0.024373269143872476,0.4065606807211085,0.3775619158410157,0.06574248111645506,2.0069072594053328e-07,2.0069072732598415e-07,6.903412469546696e-09
12.06,0.3707142602900365,0.3707142602900365,0.498803233278164,0.4988031522026921,0.3694148784063148,0.1439511360183651,0.3833417567336608,0.022173570917054283,0.41010722408506883,0.3817799940672572,0.0657808381511361,1.8295804225798573e-07,1.8295804368337714e-07,7.790810299764243e-09
12.07,0.36373829701583243,0.36373829701583243,0.4923848158951187,0.492384735659896,0.36936682798646325,0.14401126724457353,0.3835524918991695,0.019973395723893374,0.4136537674490291,0.3859980722934987,0.06581564262202975,1.651661249296721e-07,1.6516612643126324e-07,9.091399000978394e-09
12.08,0.3567418735583286,0.3567418735583286,0.4859387019960071,0.4859386226055468,0.36929800077992897,0.14406574151248913,0.38374122355312845,0.01777289357731998,0.4172003108129894,0.3902161505197402,0.06584688313007228,1.4731943324963748e-07,1.4731943481337912e-07,1.0614632383385007e-08
12.09,0.3497253834644997,0.3497253834645014,0.4794652541730379,0.4794651756318042,0.36920840065822413,0.14411454894915895,0.3839079491743066,0.015572214065156888,0.4207468541769497,0.39443422874598166,0.06587454917098494,1.2942245540548125e-07,1.2942245702423117e-07,1.2507488723748955e-08
12.100000000000001,0.3426892214100635,0.3426892214100635,0.4729648365559396,0.4729647588683524,0.3690980326613319,0.14415768000929488,0.38405266773513297,0.01337150632800164,0.4242933975409106,0.39865230697222387,0.0658986311409023,1.1147970695180032e-07,1.1147970859641082e-07,1.4752554704000801e-08
12.110000000000001,0.33563378317728204,0.3356337831772804,0.466437814791494,0.4664377379619228,0.36896690299742313,0.14419512547640453,0.3841753796971155,0.011170919037402792,0.4276721332798709,0.402765649314169,0.06591912034167621,9.349572900607672e-08,9.349573076670293e-08,1.8831086642001055e-08
12.120000000000001,0.32855946563269217,0.32855946563269217,0.4598845560229541,0.4598844800557189,0.36881501904250674,0.14422687646390064,0.38427608700604227,0.008970600374338696,0.4310508690188312,0.40687899165611413,0.06593600898585057,7.547508702743233e-08,7.547508882205489e-08,2.3777680692876422e-08
12.13,0.3214666667047922,0.3214666667047922,0.4533054288693948,0.45330535376877024,0.36864238934001514,0.14425292441619172,0.38435479308697,0.006770698008007663,0.4344296047577915,0.4109923339980593,0.06594929020130362,5.7422368568427196e-08,5.7422370426505145e-08,2.571397181531927e-08
12.14,0.31435578536165165,0.31435578536165165,0.44670080340498525,0.4467007291751959,0.3684490236003237,0.14427326110975164,0.3844115028390014,0.004571359074937854,0.4378083404967518,0.4151056763400044,0.06595895803555374,3.934218199830308e-08,3.934218393018643e-08,2.752196279452874e-08
12.15,0.3072272215884711,0.3072272215884711,0.44007105113816636,0.4400709777833875,0.3682349327002041,0.14428787865416914,0.38444622262985517,0.002372730158424969,0.44118707623571213,0.41921901868194955,0.0659650074597252,2.123915467111548e-08,2.123915666152886e-08,2.8875142238784723e-08
12.16,0.30008137636508325,0.30008137636508325,0.43341654499075516,0.43341647251511295,0.36800012868221316,0.14429676949317652,0.3844589602902326,0.0001749572683057388,0.44437900786824625,0.42320449843261815,0.065967434372171,3.1179311493767514e-09,3.117933203819099e-09,3.000450396180899e-08
12.17,0.29291865164339775,0.2929186516433995,0.4267376592769694,0.426737587684539,0.36774462475401504,0.14429992640565645,0.3844497251079828,-0.0020218141789250603,0.4475709395007803,0.4271899781832867,0.0659662356017493,-1.5016828461278386e-08,-1.5016826342737584e-08,3.078761421408017e-08
12.18,0.28573945032479325,0.28573945032479325,0.4200347696823661,0.4200346989771763,0.3674684352876382,0.14429734250662943,0.3844185278220722,-0.004217439379646646,0.4507628711333144,0.4311754579339553,0.06596140891075114,-3.3160450288449717e-08,-3.316044811227182e-08,3.110980519147071e-08
12.190000000000001,0.2785441762374476,0.2785441762374459,0.4133082532427177,0.41330818342874603,0.36717157581866716,0.14428901124821913,0.3843653806163577,-0.006411774162286067,0.45395480276584904,0.43516093768462455,0.06595295299747614,-5.130824848320614e-08,-5.1308246236640807e-08,3.125010267488977e-08
12.200000000000001,0.27133323411363275,0.27133323411363275,0.4065584883228052,0.40655841940397663,0.3668540630453692,0.14427492642059553,0.3842902971131744,-0.008604675006126859,0.45714673439838316,0.43914641743529315,0.06594086749845537,-6.94555269131758e-08,-6.945552461976045e-08,3.073259035606082e-08
12.21,0.26410702956694176,0.26410702956694176,0.39978585459512084,0.39978578657531355,0.3665159148277537,0.14425508215289912,0.38419329236673333,-0.01079599905974576,0.4601339157237063,0.4429816267777069,0.06592515299031769,-8.759758109155857e-08,-8.75975787216792e-08,2.705416459313813e-08
12.22,0.2568659690694751,0.2568659690694751,0.39299073301852755,0.3929906659015677,0.366157150186569,0.1442294729141403,0.3840743828563369,-0.012985604159071037,0.4631210970490295,0.4468168361201207,0.06590581099129794,-1.0572969978694946e-07,-1.0572969735118014e-07,2.3037701991949076e-08
12.23,0.2496104599289765,0.24961045992897823,0.38617350581682397,0.3861734396064854,0.3657777893022315,0.14419809351407895,0.38393358647941844,-0.015173348845056106,0.46610827837435265,0.4506520454625345,0.06588284396238707,-1.2384716696622888e-07,-1.238471644656986e-07,2.019045198543257e-08
12.24,0.24234091026592378,0.24234091026592378,0.37933455645723946,0.379334491157248,0.3653778535136908,0.14416093910408212,0.3837709225444047,-0.017359092380962615,0.4690954596996758,0.4544872548049483,0.06585625530812086,-1.4194526354316395e-07,-1.4194526097733415e-07,1.807619170253288e-08
12.25,0.23505772899056523,0.23505772899056523,0.372474269628874,0.37247420524290265,0.3649573653172296,0.14411800517795892,0.38358641176340635,-0.019542694769247092,0.472082641024999,0.45832246414736205,0.06582604937700653,-1.6001926918252085e-07,-1.60019266563731e-07,1.6365465579639347e-08
12.26,0.22776132577992894,0.22776132577992894,0.3655930312210527,0.36559296775272315,0.3645163483651982,0.14406928757277293,0.3833800762447462,-0.02172401676804585,0.4748482770230365,0.4619858401394422,0.06579223146158814,-1.7806446417356625e-07,-1.780644614826016e-07,1.5112305862417413e-08
12.270000000000001,0.22045211105477167,0.22045211105477167,0.3586912283016215,0.3586911657545027,0.3640548274646837,0.14401478246963278,0.3831519394853196,-0.02390291990725283,0.47761391302107453,0.4656492161315231,0.06575480779814753,-1.9607613113703515e-07,-1.9607612838866306e-07,1.4016862104136077e-08
12.280000000000001,0.2131304959564945,0.2131304959564945,0.3517692490951751,0.3517691874727864,0.36357282857611517,0.14395448639446137,0.3829020263627982,-0.026079266504185617,0.48037954901911206,0.46931259212360327,0.06571378556604207,-2.140495569680212e-07,-2.1404955415176804e-07,1.315701463495835e-08
12.290000000000001,0.20579689232401618,0.20579689232401618,0.34482748296121846,0.34482742226702634,0.363070378811803,0.14388839621873942,0.38263036312768084,-0.028252919678834844,0.4831451850171496,0.4729759681156835,0.06566917288667953,-2.319800345290668e-07,-2.3198003167499002e-07,1.2303113845178449e-08
12.3,0.19845171267060913,0.19845171267060738,0.33786632037226644,0.33786626060968483,0.3625475064344139,0.1438165091602298,0.3823369773951899,-0.030423743368692642,0.4859108210151871,0.47663934410776365,0.06562097882212796,-2.4986286464856455e-07,-2.498628617114534e-07,1.1754892644299764e-08
12.31,0.19109537016068864,0.19109537016068864,0.33088615289188084,0.33088609406426966,0.3620042408553814,0.14373882278367678,0.38202189813702553,-0.032591602343155925,0.48843936227428714,0.48011028991703614,0.06556921337336388,-2.676933576889473e-07,-2.6769335467868073e-07,1.124520460868755e-08
12.32,0.183728278586583,0.183728278586583,0.32388737315263855,0.32388731526330855,0.36144061263325084,0.14365533500148273,0.38168515567297634,-0.034756362217500926,0.4909679035333871,0.4835812357263086,0.06551388747815735,-2.8546683553121177e-07,-2.8546683246924966e-07,1.0726157055696532e-08
12.33,0.17635085234525075,0.17635085234525075,0.31687037483405633,0.31687031788626374,0.3608566534719612,0.14356604407436271,0.3813267816623914,-0.03691788946642515,0.4934964447924871,0.48705218153558105,0.06545501300859496,-3.0317863339290874e-07,-3.0317863025654415e-07,1.0344939388093893e-08
12.34,0.16896350641497274,0.16896350641497448,0.30983555264044094,0.30983549663738746,0.3602523962190615,0.14347094861197462,0.3809468090955224,-0.039076051437153855,0.49602498605158707,0.49052312734485354,0.06539260276824348,-3.2082410147959983e-07,-3.208240982944198e-07,9.928119593220917e-09
12.350000000000001,0.16156665633200973,0.16156665633200973,0.302783302278681,0.30278324722351885,0.3596278748638624,0.14337004757352664,0.38054527228473184,-0.04123071636210724,0.4985535273106875,0.49399407315412663,0.06532667048895252,-3.383986069693812e-07,-3.3839860370956344e-07,9.633070779005649e-09
12.360000000000001,0.15416071816723032,0.15416071816722857,0.29571402043600487,0.2957139663318304,0.35898312453552594,0.1432633402683617,0.3801222068555815,-0.0433817533711263,0.50083075745207,0.49725307386060646,0.06525723082730125,-3.558975355949512e-07,-3.5589753228539113e-07,9.299193528792663e-09
12.370000000000001,0.1467461085027,0.1467461085027,0.28862810475765216,0.2886280516075071,0.3583181815010881,0.1431508263565175,0.3796776497377976,-0.0455290325032554,0.5031079875934523,0.5005120745670864,0.06518429936068809,-3.7331629361425644e-07,-3.733162902363123e-07,9.048477687593382e-09
12.38,0.1393232444082592,0.1393232444082592,0.2815259538245082,0.2815259016313839,0.35763308316341885,0.14303250584926364,0.37921163915612327,-0.04767242471807759,0.5053852177348347,0.5037710752735661,0.06510789258306753,-3.906503094341929e-07,-3.9065030597118925e-07,8.864714916722141e-09
12.39,0.13189254341805592,0.13189254341805592,0.2744079671306919,0.2744079158975241,0.35692786805911936,0.14290837910961546,0.3787242146210571,-0.049811801906602546,0.5076624478762172,0.5070300759800459,0.06502802790033467,-4.07895035359207e-07,-4.078950318448658e-07,8.615798008697148e-09
12.4,0.1244544235070617,0.1244544235070617,0.267274545061078,0.26727449479074866,0.3562025758563531,0.14277844685282284,0.3782154169194868,-0.051947036901704866,0.5099396780175995,0.5102890766865258,0.06494472362536127,-4.2504594947867513e-07,-4.250459458966229e-07,8.427447097211177e-09
12.41,0.11700930306756027,0.11700930306756027,0.2601260888687771,0.26012603956411384,0.35545724735261547,0.14264271014683683,0.3776852881052209,-0.05407800348811094,0.5119527936250087,0.513317809002696,0.06485799897268547,-4.420985572212155e-07,-4.420985535744668e-07,8.248723328770167e-09
12.42,0.1095576008856133,0.10955760088561506,0.2529630006525668,0.25296295231634136,0.3546919244724383,0.14250117041275095,0.3771338714894209,-0.056204576411934,0.5139659092324177,0.5163465413188661,0.06476787405285768,-4.5904839315880075e-07,-4.5904838944412966e-07,8.092112172259056e-09
12.43,0.10209973611750547,0.10209973611750547,0.24578568333426723,0.24578563596920022,0.35390665026503143,0.1423538294252185,0.37656121163094236,-0.058326631389756065,0.5159790248398268,0.5193752736350364,0.06467436986644673,-4.758910226720925e-07,-4.7589101888172005e-07,7.964790793600185e-09
12.440000000000001,0.09463612826616005,0.09463612826615829,0.23859454063608507,0.23859449424484114,0.35310146890186206,0.14220068931284774,0.37596735432658646,-0.06044404511725654,0.5179921404472362,0.5224040059512072,0.06457750829770931,-4.926220435880202e-07,-4.926220397489626e-07,7.793109674063619e-09
12.450000000000001,0.0871671971575525,0.0871671971575525,0.23138997705790604,0.23138993164309257,0.3522764256741701,0.14204175255857016,0.3753523466012682,-0.0625566952773869,0.5200052560546453,0.5254327382673774,0.06447731210792593,-5.092370879561381e-07,-5.092370840499806e-07,7.67060675356457e-09
12.46,0.07969336291708834,0.07969336291708834,0.22417239785452675,0.22417235341869998,0.35143156699041894,0.14187702199998706,0.37471623669810367,-0.06466446054809206,0.521742938659814,0.5282141735583777,0.06437380492840737,-5.257318235335484e-07,-5.257318195685999e-07,7.541770049136386e-09
12.47,0.07221504594597293,0.07221504594597293,0.21694220901287595,0.21694216555853546,0.3505669403736871,0.14170650082968977,0.374059074068425,-0.06676722060957724,0.5234806212649827,0.5309956088493781,0.06426701125317635,-5.421019555057471e-07,-5.421019514851874e-07,7.416611740222175e-09
12.48,0.06473266689756411,0.06473266689756589,0.20969981722917136,0.20969977475875973,0.3496825944589938,0.14153019259555707,0.3733809093617204,-0.0688648561511232,0.5252183038701513,0.5337770441403786,0.06415695643132659,-5.58343228054814e-07,-5.583432239720365e-07,7.31230767887076e-09
12.49,0.057246646653712235,0.057246646653712235,0.2024456298860378,0.20244558840194563,0.34877857899056336,0.14134810120102745,0.37268179441551585,-0.07095724887744846,0.52695598647532,0.536558479431379,0.06404366665906747,-5.74451425885969e-07,-5.744514217663454e-07,7.17140463627688e-09
12.5,0.04975740630107862,0.04975740630107862,0.1951800550296022,0.19518001453416303,0.34785494481902757,0.1411602309053474,0.3719617822451873,-0.0730442815146206,0.5286936690804888,0.5393399147223794,0.06392716897145372,-5.904223759206628e-07,-5.904223717198649e-07,7.114903048979144e-09
12.51,0.042265367107460164,0.042265367107460164,0.18790350134653463,0.18790346184202628,0.34691174389856516,0.14096658632379472,0.37122092703371784,-0.07512583781551788,0.5301461487996844,0.5418584147471857,0.06380749123380845,-6.062519486010887e-07,-6.062519443243111e-07,7.054455773733235e-09
12.520000000000001,0.03477095049808608,0.03477095049808608,0.18061637814106107,0.18061633962970433,0.34594902928397914,0.1407671724278773,0.37045928412141005,-0.07720180256484233,0.5315986285188802,0.5443769147719923,0.06368466213284561,-6.21936059541639e-07,-6.219360552116367e-07,6.9621341042781925e-09
12.530000000000001,0.027274578031914583,0.027274578031914583,0.17331909531194042,0.17331905779590287,0.3449668551277127,0.14056199454550833,0.36967690999554037,-0.07927206158368645,0.5330511082380758,0.5468954147967986,0.06355871116749216,-6.374706710138289e-07,-6.374706666283615e-07,6.879481127397579e-09
12.540000000000001,0.01977667137792032,0.01977667137792032,0.1660120633294078,0.16601202681079966,0.34396527667680327,0.14035105836115494,0.36887386227997404,-0.08133650173365613,0.5345035879572713,0.5494139148216048,0.06342966863941905,-6.52851793334075e-07,-6.52851788883075e-07,6.8177800840332516e-09
12.55,0.012277652291377367,0.01227765229137559,0.1586956932120855,0.15869565769296098,0.3429443502697745,0.1401343699159644,0.3680501997247427,-0.08339501092055038,0.5359560676764669,0.5519324148464111,0.06329756564328622,-6.680754862653515e-07,-6.68075481766337e-07,6.734290718522482e-09
12.56,0.0047779425901285115,0.0047779425901285115,0.15137039650386527,0.15137036198622061,0.34190413333346803,0.13991193560786383,0.3672059821955844,-0.08544747809760261,0.5371151781403312,0.5541738196817149,0.06316243405670538,-6.831378605159921e-07,-6.831378559422083e-07,6.695257433535425e-09
12.57,-0.0027220358691312308,-0.0027220358691312308,0.14403658525075203,0.14403655173653054,0.3408446843798115,0.13968376219163628,0.36634127066345806,-0.0874937932682842,0.5382742886041955,0.5564152245170187,0.06302430652992881,-6.980350789609346e-07,-6.980350743106499e-07,6.6118194515022455e-09
12.58,-0.010221861214591057,-0.010221861214591057,0.13669467197769672,0.1366946394687836,0.33976606300252965,0.1394498567789707,0.3654561271940243,-0.08953384748867547,0.5394333990680599,0.5586566293523225,0.06288321647526651,-7.127633580156223e-07,-7.127633533400766e-07,6.376314000961205e-09
12.59,-0.017721111583052777,-0.017721111583051,0.12934506966538692,0.12934503816360904,0.3386683298737908,0.13921022683849002,0.36455061493711205,-0.09156753286940458,0.5405925095319242,0.5608980341876263,0.0627391980562418,-7.273189690931714e-07,-7.273189643693957e-07,6.184578954136145e-09
12.600000000000001,-0.025219365143660497,-0.025219365143660497,0.12198819172700953,0.12198816123414107,0.3375515467407932,0.1389648801957504,0.3636247981161659,-0.09359474257716087,0.5417516199957887,0.5631394390229305,0.0625922861764893,-7.41698239672961e-07,-7.416982348788387e-07,6.030989222772149e-09
12.610000000000001,-0.03271620012162674,-0.032716200121628514,0.11462445198501403,0.11462442250276973,0.33641577642229425,0.13871382503321866,0.3626787420176775,-0.09561537083578395,0.5426108442636379,0.5650911466753795,0.06244251646840102,-7.558975545704505e-07,-7.558975497289801e-07,5.857043090658545e-09
12.620000000000001,-0.04021119482196424,-0.04021119482196424,0.10725426464781934,0.10725423617785579,0.33526108280507505,0.1384570698902237,0.3617125129806129,-0.09762931292693364,0.5434700685314873,0.5670428543278285,0.06228992528152904,-7.69913357283325e-07,-7.699133523673386e-07,5.7238092161439095e-09
12.63,-0.04770392765319554,-0.04770392765319554,0.09987804428651632,0.09987801683043673,0.33408753084034665,0.13819462366288301,0.36072617838582915,-0.09963646519034443,0.5443292927993365,0.5689945619802776,0.06213454967074874,-7.837421509837572e-07,-7.837421460019851e-07,5.586917824066284e-09
12.64,-0.05519397715107451,-0.05519397715107451,0.09249620581155714,0.09249617937090591,0.33289518654009775,0.13792649560400463,0.35971980664549735,-0.10163672502366913,0.5451885170671859,0.5709462696327267,0.06197642738419245,-7.973804997743472e-07,-7.973804947416342e-07,5.440447170371501e-09
12.65,-0.06268092200229182,-0.06268092200229182,0.08510916444940969,0.08510913902567405,0.33168411697338085,0.13765269532296384,0.358693467192524,-0.10362999088191596,0.5460477413350351,0.5728979772851757,0.06181559685095704,-8.108250297567121e-07,-8.108250247016754e-07,5.2713353039471635e-09
12.66,-0.07016434106817365,-0.07016434106817365,0.0777173357192028,0.07771731131381283,0.33045439026253987,0.13737323278555574,0.3576472304699836,-0.10561616227648345,0.5466022485354706,0.5745490145443641,0.06165209716859483,-8.240724302041591e-07,-8.240724250757269e-07,5.162440078153663e-09
12.67,-0.07764381340837072,-0.07764381340836896,0.07032113540935529,0.07032111202368209,0.32920607557937825,0.137088118313821,0.3565811679205585,-0.10759513977379921,0.547156755735906,0.5762000518035527,0.06148596809039233,-8.371194543527194e-07,-8.371194491722023e-07,5.0375392245816486e-09
12.680000000000001,-0.08511891830453426,-0.08511891830453604,0.06292097955417918,0.06292095718954036,0.3279392431412669,0.13679736258584943,0.35549535197599996,-0.10956682499356642,0.5477112629363418,0.5778510890627415,0.06131725001244697,-8.49962920657088e-07,-8.499629154155102e-07,4.926905050830057e-09
12.690000000000001,-0.09258923528398837,-0.09258923528399013,0.05551728441049539,0.055517263068148484,0.3266539642071974,0.13650097663555558,0.3543898560466053,-0.11153112060662407,0.5482657701367772,0.5795021263219301,0.0611459839605461,-8.625997136163521e-07,-8.625997083114987e-07,4.823204709621437e-09
12.700000000000001,-0.10005434414337087,-0.10005434414337087,0.04811046643420354,0.04811044611534735,0.3253503110737708,0.1361989718524321,0.35326475451071615,-0.11348793033242645,0.5488202773372127,0.5811531635811186,0.06097221157685597,-8.750267847315585e-07,-8.75026779376794e-07,4.7122457900712726e-09
12.71,-0.10751382497227678,-0.10751382497227678,0.04070094225685838,0.040700922962637574,0.3240283570711316,0.13589135998127633,0.35212012270425097,-0.1154371589361464,0.5490669498290374,0.5824942477149684,0.060795975106430464,-8.872411534285862e-07,-8.872411480316676e-07,4.599661613894225e-09
12.72,-0.11496725817687631,-0.11496725817687631,0.03328912866224296,0.03328911039374281,0.3226881765588441,0.13557815312189278,0.3509560369102587,-0.11737871222541033,0.549313622320862,0.5838353318488182,0.060617317383542244,-8.992399078977531e-07,-8.992399024562497e-07,4.494185712970264e-09
12.73,-0.12241422450351698,-0.12241422450351522,0.02587544256291938,0.02587542532116581,0.32132984492170913,0.1352593637287703,0.3497725743485161,-0.11931249704666874,0.5495602948126868,0.585176415982668,0.06043628181784901,-9.110202059126049e-07,-9.110202004096908e-07,4.406860422347498e-09
12.74,-0.1298543050623047,-0.1298543050623047,0.018460300976772558,0.018460284762737093,0.3199534385655225,0.13493500461073482,0.34856981316515784,-0.12123842128120939,0.5498069673045114,0.5865175001165178,0.06025291238039808,-9.225792755376827e-07,-9.225792700121406e-07,4.293004143186011e-09
12.75,-0.13728708135067327,-0.13728708135067327,0.011044121003563202,0.011044105818157922,0.31855903491277915,0.13460508893057646,0.3473478324223484,-0.12315639384082025,0.550053639796336,0.5878585842503676,0.06006725358947844,-9.339144160652735e-07,-9.339144104893239e-07,4.205269123269381e-09
12.76,-0.14471213527691454,-0.14471213527691454,0.0036273198014594404,0.0036273056455384737,0.3171467123983168,0.13426963020465266,0.34610671208800325,-0.12506632466310624,0.5499910906970674,0.5888821751960245,0.05987935049632884,-9.450229985219494e-07,-9.450229928795171e-07,4.132968671249369e-09
12.770000000000001,-0.15212904918370293,-0.15212904918370293,-0.0037896854364267234,-0.003789698562068446,0.3157165504649046,0.13392864230246493,0.34484653302555207,-0.1269681247064691,0.5499285415977989,0.5899057661416816,0.05968924867070635,-9.55902466369396e-07,-9.55902460702804e-07,4.033337720681832e-09
12.780000000000001,-0.15953740587158682,-0.15953740587158682,-0.011206477505506348,-0.011206489600129177,0.31426862955877416,0.13358213944621197,0.3435673769837586,-0.12886170594475563,0.5498659924985303,0.5909293570873384,0.059496994186326306,-9.66550336316263e-07,-9.665503305925618e-07,3.960833950944329e-09
12.790000000000001,-0.1669367886224559,-0.1669367886224559,-0.018622639213181115,-0.018622650276104723,0.31280303112509467,0.1332301362103181,0.34226932658659487,-0.13074698136158075,0.5498034433992618,0.5919529480329953,0.059302633606179586,-9.769641986512312e-07,-9.769641928889776e-07,3.878676055852426e-09
12.8,-0.17432678122297965,-0.1743267812229814,-0.026037753402310383,-0.026037763432912496,0.3113198376033916,0.1328726475209356,0.34095246532317275,-0.13262386494433342,0.5497408942999932,0.5929765389786521,0.059106213967734564,-9.871417179993514e-07,-9.871417121946574e-07,3.802427006962077e-09
12.81,-0.18170696798802632,-0.18170696798802632,-0.03345140297467443,-0.033451411972392577,0.30981913242290987,0.13250968865542329,0.3396168775377371,-0.13449227167787187,0.5493694752834214,0.5936768817354623,0.05890778276803191,-9.970806337314397e-07,-9.970806278922595e-07,3.7241531011510507e-09
12.82,-0.18907693378403462,-0.18907693378403462,-0.040863170914443074,-0.04086317887876938,0.3083009999979193,0.13214127524179903,0.33826264841972487,-0.13635211753791668,0.5489980562668495,0.5943772244922724,0.05870738794867998,-1.0067787605191891e-06,-1.006778754624196e-06,3.6622806656154826e-09
12.83,-0.19643626405237175,-0.19643626405237175,-0.04827264031162226,-0.0482726472421087,0.3067655257229691,0.13176742325816954,0.3368898639938898,-0.13820331948414563,0.5486266372502777,0.5950775672490826,0.05850507788075774,-1.0162339886751748e-06,-1.0162339827343559e-06,3.596673433157262e-09
12.84,-0.20378454483265052,-0.2037845448326488,-0.05567939438551026,-0.05567940028176877,0.30521279596808265,0.13138814903213275,0.33549861111049845,-0.14004579545300133,0.5482552182337058,0.5957779100058926,0.05830090134963287,-1.0254442846593936e-06,-1.0254442786720553e-06,3.5339781711713375e-09
12.850000000000001,-0.21112136278601462,-0.21112136278601462,-0.06308301650814863,-0.06308302136984535,0.3036428980738981,0.13100346924015782,0.33408897743560095,-0.14187946435021803,0.5478837992171339,0.5964782527627029,0.05809490753970393,-1.0344076913776368e-06,-1.0344076853581846e-06,3.4653479711328723e-09
12.860000000000001,-0.21844630521838868,-0.21844630521838868,-0.07048309022773987,-0.07048309405460175,0.3020559203467592,0.13061340090693918,0.3326610514413749,-0.1437042460430748,0.5472055985360831,0.59685140974892,0.05788714601907181,-1.0431223285770064e-06,-1.0431223225137472e-06,3.4059316971682946e-09
12.870000000000001,-0.2257589601036905,-0.2257589601036905,-0.07787919929208839,-0.07787920208390195,0.30045195205374475,0.13021796140472533,0.3312149223965527,-0.14552006135238163,0.5465273978550322,0.597224566735137,0.05767766672415055,-1.0515863930679603e-06,-1.051586386950889e-06,3.354201477511141e-09
12.88,-0.2330589161070144,-0.2330589161070144,-0.08527092767201301,-0.08527092942861947,0.2988310834176474,0.12981716845262414,0.3297506803569227,-0.14732683204421032,0.5458491971739813,0.5975977237213541,0.05746651994422191,-1.0597981589602345e-06,-1.0597981528266663e-06,3.2843271644015035e-09
12.89,-0.24034576260775825,-0.24034576260775825,-0.09265785958473961,-0.09265786030604015,0.29719340561190105,0.12941104011588314,0.32826841615592334,-0.14912448082137197,0.5451709964929304,0.5979708807075711,0.057253756305944994,-1.0677559780236656e-06,-1.067755971859661e-06,3.224420650258111e-09
12.9,-0.2476190897227277,-0.2476190897227277,-0.10003957951729575,-0.10003957920324982,0.2955390107554504,0.12899959480514475,0.3267682213953166,-0.15091293131465472,0.5444927958118796,0.5983440376937882,0.057039426757824585,-1.0754582797367629e-06,-1.0754582735097244e-06,3.183390692164657e-09
12.91,-0.25487848832919036,-0.25487848832919036,-0.10741567224988169,-0.10741567090050691,0.29386799190756996,0.12858285127567687,0.3252501884359553,-0.15269210807382616,0.5435116265572915,0.5983879108850901,0.05682358255464859,-1.0829035713769142e-06,-1.0829035651211343e-06,3.1265831715244306e-09
12.92,-0.2621235500878886,-0.2621235500878869,-0.11478572287922423,-0.11478572049459827,0.29218044306262964,0.12816082862658004,0.32371441038863735,-0.15446193655841,0.5425304573027033,0.5984317840763921,0.05660627524189918,-1.0900904383187582e-06,-1.0900904320293492e-06,3.0742237515807328e-09
12.930000000000001,-0.2693538674660072,-0.2693538674660089,-0.12214931684192398,-0.12214931342217882,0.2904764591448059,0.12773354629996866,0.32216098110505564,-0.15622234312824448,0.5415492880481151,0.598475657267694,0.05638755664014709,-1.0970175439578567e-06,-1.0970175376317341e-06,3.025198801459803e-09
12.940000000000001,-0.27656903376010344,-0.27656903376010517,-0.12950603993775694,-0.12950603548308534,0.288756136002746,0.12730102408012742,0.3205899951688433,-0.15797325503383064,0.540568118793527,0.598519530458996,0.05616747882943508,-1.1036836297662056e-06,-1.1036836234225364e-06,2.9689153951405074e-09
12.950000000000001,-0.283768643118974,-0.283768643118974,-0.13685547835298867,-0.13685547286364297,0.2870195704041731,0.12686328209264564,0.3190015478867158,-0.15971460040647917,0.5395869495389388,0.5985634036502979,0.055946094133658045,-1.1100875153755019e-06,-1.1100875089924975e-06,2.924627265959432e-09
12.96,-0.2909522905664908,-0.2909522905664908,-0.14419721868364968,-0.14419721215993686,0.2852668600304434,0.12642034080352407,0.31739573527971476,-0.16144630824826414,0.538308328201288,0.5982777463756433,0.0557234551049471,-1.1162280984106099e-06,-1.1162280919934101e-06,2.879539792946066e-09
12.97,-0.29811957202437905,-0.29811957202437905,-0.15153084795878038,-0.15153084040106746,0.2834981034710537,0.12597222101825978,0.31577265407454824,-0.16316830842179056,0.5370297068636374,0.5979920891009888,0.05549961450806298,-1.1221043545311948e-06,-1.122104348068087e-06,2.8411369570394723e-09
12.98,-0.3052700843349465,-0.3052700843349448,-0.15885595366366603,-0.15885594507237985,0.28171340021809443,0.12551894388090476,0.31413240169504,-0.16488053163978636,0.5357510855259866,0.5977064318263342,0.055274625304808624,-1.127715337216617e-06,-1.1277153307460676e-06,2.787426294658258e-09
12.99,-0.3124034252837594,-0.3124034252837594,-0.16617212376304563,-0.16617211413866764,0.2799128506606523,0.12506053087310157,0.3124750762536788,-0.16658290945452428,0.5344724641883359,0.5974207745516796,0.055048540638464385,-1.1330601778075655e-06,-1.133060171305528e-06,2.7457350073858855e-09
13.0,-0.31951919362227366,-0.31951919362227366,-0.1734789467242784,-0.17347893606735,0.27809655607916556,0.12459700381309378,0.3108007765432785,-0.1682753742470849,0.5331938428506852,0.5971351172770251,0.05482141381825552,-1.138138085138296e-06,-1.1381380786018595e-06,2.706636260997981e-09
13.01,-0.32661698909039466,-0.32661698909039466,-0.18077601154049927,-0.18077599985162002,0.2762646186397254,0.12412838485471248,0.30910960202874216,-0.16995785921646736,0.5316249583042634,0.5965215356055272,0.05459329830385636,-1.1429483454117317e-06,-1.1429483388633577e-06,2.659697178526013e-09
13.020000000000001,-0.33369641243899895,-0.33369641243899895,-0.18806290775373657,-0.18806289503356513,0.2744171413883298,0.12365469648633856,0.30740165283894094,-0.17163029836855567,0.5300560737578413,0.5959079539340293,0.054364247689939485,-1.1474903220537458e-06,-1.147490315454466e-06,2.6298610120979145e-09
13.030000000000001,-0.3407570654523897,-0.3407570654523897,-0.19533922547799948,-0.1953392117272501,0.27255422824508707,0.1231759615298405,0.30567702975869876,-0.1732926265049521,0.5284871892114195,0.5952943722625313,0.05413431569077466,-1.1517634552205003e-06,-1.1517634486072175e-06,2.586521602352525e-09
13.040000000000001,-0.3477985509706967,-0.3477985509706967,-0.2026045554223346,-0.20260454064178082,0.27067598399837034,0.12269220313948832,0.30393583422089093,-0.17494477921168144,0.5269183046649977,0.5946807905910335,0.05390355612488465,-1.1557672617498738e-06,-1.1557672551211923e-06,2.545140725936762e-09
13.05,-0.35482047291221436,-0.354820472912216,-0.20985848891384823,-0.20985847310432149,0.2687825142989232,0.12220344480084303,0.30217816829865823,-0.17658669284777836,0.5253494201185759,0.5940672089195357,0.05367202289976481,-1.1595013346896166e-06,-1.159501328032677e-06,2.509952412815167e-09
13.06,-0.36182243629568844,-0.36182243629568844,-0.21710061792069243,-0.21710060108308368,0.26687392565391743,0.1217097103296222,0.3004041346977348,-0.17821830453376425,0.523499093203025,0.5931291526305578,0.05343976999667169,-1.1629653429365283e-06,-1.162965336253517e-06,2.4750710825330178e-09
13.07,-0.3688040472625231,-0.3688040472625231,-0.2243305350750235,-0.2243305172102781,0.26495032542096025,0.12121102387054103,0.29861383674888964,-0.17983955214002348,0.5216487662874741,0.5921910963415797,0.05320685145548632,-1.1661590308756353e-06,-1.1661590241802503e-06,2.436306128879183e-09
13.08,-0.3757649130989423,-0.3757649130989423,-0.23154783369590617,-0.231547814805029,0.26301182180205795,0.12070740989613037,0.29680737840048843,-0.18145037427508381,0.5197984393719232,0.5912530400526017,0.05297332135965936,-1.1690822180054905e-06,-1.169082211274002e-06,2.407256570869161e-09
13.09,-0.3827046422580781,-0.3827046422580765,-0.2387521078121943,-0.23875208789624966,0.2610585238375284,0.12019889320552929,0.2949848642111686,-0.1830507102738151,0.5179481124563723,0.5903149837636238,0.05273923382124232,-1.171734798369184e-06,-1.1717347916119496e-06,2.3754579393971763e-09
13.100000000000001,-0.3896228443819952,-0.3896228443819952,-0.24594295218537343,-0.24594293124547953,0.2590905413998657,0.11968549892325508,0.2931463993426376,-0.18464050018554942,0.5160977855408211,0.5893769274746457,0.05250464296601237,-1.1741167401796426e-06,-1.1741167334107052e-06,2.339785927855175e-09
13.110000000000001,-0.3965191303236482,-0.3965191303236482,-0.25311996233233863,-0.25311994036967367,0.2571079851875645,0.11916725249794802,0.291292089552587,-0.18621968476213252,0.5139764194671639,0.5881196706618862,0.05226960291869429,-1.1762280852992135e-06,-1.1762280785223799e-06,2.303923129420245e-09
13.120000000000001,-0.4033931121687696,-0.4033931121687696,-0.2602827345481614,-0.2602827115639625,0.2551109667188891,0.11864417970109342,0.28942204118772674,-0.18778820544591665,0.5118550533935068,0.5868624138491267,0.052034167788286206,-1.1780689486984297e-06,-1.178068941903962e-06,2.2724197844504655e-09
13.13,-0.41024440325769634,-0.41024440325769634,-0.26743086592879656,-0.2674308419243549,0.25309959832560064,0.11811630662571906,0.28753636117694187,-0.18934600435769983,0.5097336873198496,0.5856051570363672,0.051798391653494535,-1.1796395178800823e-06,-1.1796395110605544e-06,2.244316063262304e-09
13.14,-0.41707261820710956,-0.41707261820710956,-0.2745639543937372,-0.27456392937040297,0.25107399314664147,0.11758365968506874,0.28563515702456693,-0.19089302428462238,0.5076123212461925,0.5843479002236077,0.05156232854828199,-1.180940052310231e-06,-1.1809400454632168e-06,2.217841044454895e-09
13.15,-0.42387737293171873,-0.42387737293171873,-0.2816815987086378,-0.2816815726678186,0.24903426512176885,0.11704626561125264,0.2837185368037838,-0.1924292086680275,0.5054909551725353,0.5830906434108483,0.051326032447535176,-1.1819708827937037e-06,-1.1819708759419775e-06,2.1848915447842622e-09
13.16,-0.43065828466586487,-0.43065828466586487,-0.2887833985078825,-0.2887833714510431,0.24698052898514639,0.11650415145387287,0.2817866091501411,-0.1939545015912929,0.5031104770325392,0.581521254829468,0.051089557252855855,-1.1827324109189852e-06,-1.1827324040547706e-06,2.15536586671472e-09
13.17,-0.43741497198505075,-0.43741497198504914,-0.29586895431710325,-0.2958689262457673,0.24491290025889062,0.11595734457862686,0.2798394832551936,-0.1954688477676454,0.5007299988925432,0.5799518662480877,0.05085295677848064,-1.1832251083018774e-06,-1.1832251014329048e-06,2.12432112917364e-09
13.180000000000001,-0.4441470548273947,-0.4441470548273963,-0.3029378675756592,-0.3029378384914037,0.24283149524657088,0.11540587266588559,0.277877268860267,-0.19697219252796172,0.49834952075254674,0.5783824776667071,0.05061628473733446,-1.1834495159887548e-06,-1.1834495091037623e-06,2.097618587689783e-09
13.190000000000001,-0.4508541545150151,-0.4508541545150167,-0.30998974065903845,-0.30998971056349967,0.2407364310266717,0.11484976370924876,0.27590007625033836,-0.19846448180856643,0.49596904261255065,0.5768130890853268,0.05037959472722041,-1.1834062437002246e-06,-1.1834062367914197e-06,2.074032556862426e-09
13.200000000000001,-0.45753589377532133,-0.45753589377532133,-0.31702417690123935,-0.3170241457961117,0.23862782544600308,0.11428904601407598,0.273908016248047,-0.1999456621390328,0.4935885644725546,0.5752437005039466,0.05014294021715328,-1.1830959691094822e-06,-1.1830959621958612e-06,2.0455083323228556e-09
13.21,-0.4641918967622419,-0.4641918967622419,-0.3240407806170814,-0.32404074850411313,0.23650579711307196,0.11372374819599576,0.2719012002078204,-0.20141568062999787,0.4909623581802825,0.5733710038274552,0.04990637453383826,-1.182519437183116e-06,-1.182519430251524e-06,2.021639761115448e-09
13.22,-0.4708217890773636,-0.4708217890773636,-0.33103915712445403,-0.3310391240054514,0.23437046539141307,0.11315389917938853,0.26987974001012505,-0.20287448496099472,0.4883361518880104,0.5714983071509638,0.04966995084830027,-1.181677459299868e-06,-1.1816774523658592e-06,1.9939805346336882e-09
13.23,-0.477425197790992,-0.4774251977909904,-0.3380189127665223,-0.3380188786433499,0.23222195039287313,0.11257952819584845,0.2678437480558382,-0.2043220233683128,0.48570994559573827,0.5696256104744725,0.04943372216266741,-1.1805709125914388e-06,-1.180570905638563e-06,1.9717690575349257e-09
13.24,-0.4840017514631264,-0.4840017514631264,-0.34497965493387506,-0.34497961980845065,0.2300603729708534,0.11200066478262033,0.2657933372607413,-0.2057582446328934,0.48308373930346615,0.5677529137979811,0.04919774129711281,-1.179200738998798e-06,-1.1792007320622817e-06,1.9403320709893584e-09
13.25,-0.49055108016436005,-0.49055108016436005,-0.35192099208659916,-0.3519209559608984,0.2278858547135144,0.11141733878101351,0.26372862105013267,-0.20718309806826646,0.48045753301119404,0.5658802171214897,0.04896206087695742,-1.1775679446615617e-06,-1.1775679377054052e-06,1.919701902808672e-09
13.26,-0.4970728154966787,-0.4970728154966787,-0.3588425337763097,-0.35884249665236495,0.2256985179369348,0.1108295803347927,0.26164971335356246,-0.20859653350853824,0.4776003640537707,0.5637147413318438,0.048726733319938806,-1.1756735988494027e-06,-1.1756735918777767e-06,1.898514147664951e-09
13.270000000000001,-0.5035665906141895,-0.5035665906141895,-0.36574389066811186,-0.36574385254801234,0.22349848567823138,0.11023741988854473,0.2595567285996879,-0.20999850129643463,0.4747431950963469,0.5615492655421976,0.048491810823648174,-1.1735188332612223e-06,-1.1735188262798728e-06,1.8763710915405415e-09
13.280000000000001,-0.5100320402437544,-0.5100320402437544,-0.3726246745625002,-0.372624635448389,0.22128588168863877,0.10964088818602265,0.25744978171124433,-0.21138895227141033,0.47188602613892355,0.5593837897525518,0.04825734535313875,-1.1711048411092162e-06,-1.1711048341364033e-06,1.8499929888763854e-09
13.290000000000001,-0.5164688007055364,-0.5164688007055364,-0.3794844984171948,-0.3794844583112721,0.21906083042654792,0.10904001626846584,0.25532898810013893,-0.21276783775782707,0.4690288571815002,0.557218313962906,0.04802338862870942,-1.168432876300085e-06,-1.1684328693147757e-06,1.8298370518302281e-09
13.3,-0.5228765099334552,-0.5228765099334568,-0.3863229763689127,-0.38632293527343436,0.21682345705050565,0.1084348354728978,0.2531944636626584,-0.21413510955321283,0.4661716882240769,0.5550528381732601,0.04778999211386581,-1.1655042524011394e-06,-1.1655042454293753e-06,1.8034953429363447e-09
13.31,-0.5292548074955594,-0.5292548074955594,-0.39313972375507045,-0.3931396816723499,0.214573887412175,0.10782537743039942,0.25104632477479816,-0.21549071991660512,0.4630996206447495,0.5526067583630965,0.0475572070034624,-1.1623203419186545e-06,-1.1623203349322556e-06,1.7850528838361222e-09
13.32,-0.5356033346142913,-0.5356033346142913,-0.39993435713542835,-0.399934314067831,0.21231224804925383,0.1072116740643603,0.24888468828770366,-0.21683462155698713,0.46002755306542215,0.5501606785529327,0.04732508421202735,-1.1588825751737697e-06,-1.1588825681909957e-06,1.7625027425087202e-09
13.33,-0.5419217341866744,-0.5419217341866744,-0.4067064943136486,-0.4067064502635969,0.21003866617836056,0.10659375758870619,0.24670967152322815,-0.21816676762182183,0.45695548548609477,0.5477145987427691,0.04709367436227277,-1.155192439532271e-06,-1.1551924325543632e-06,1.7402388649605122e-09
13.34,-0.5482096508043988,-0.5482096508043973,-0.413455754358799,-0.4134557093287724,0.20775326968787644,0.1059716605061034,0.2445213922696057,-0.21948711168569474,0.45388341790676745,0.5452685189326053,0.046863027773793864,-1.151251478384574e-06,-1.151251471406721e-06,1.7197447438380588e-09
13.350000000000001,-0.5544667307738126,-0.5544667307738126,-0.4201817576267863,-0.4201817116193158,0.20545618713074998,0.10534541560614016,0.24231996877723566,-0.22079560773906515,0.4508113503274395,0.5428224391224412,0.046633194451957294,-1.147061290188156e-06,-1.1470612832115393e-06,1.6995006291040355e-09
13.360000000000001,-0.5606926221358174,-0.5606926221358174,-0.42688412578169543,-0.42688407879936924,0.20314754771727084,0.10471505596348527,0.2401055197545801,-0.2220922101771399,0.44754165640768195,0.5401095080422764,0.04640422407698261,-1.1426235275169283e-06,-1.1426235205450533e-06,1.6789398957319306e-09
13.370000000000001,-0.5668869746856642,-0.5668869746856642,-0.4335624818170849,-0.43356243386254734,0.2008274813077973,0.10408061493602325,0.23787816436417059,-0.22337687378887075,0.4442719624879244,0.5373965769621115,0.04617616599321736,-1.137939896103668e-06,-1.1379398891205702e-06,1.662710540374763e-09
13.38,-0.5730494399926582,-0.5730494399926582,-0.44021645007719173,-0.4402164011531387,0.19849611840545214,0.10344212616296648,0.23563802221872618,-0.22464955374608456,0.4410022685681668,0.5346836458819467,0.04594906919860883,-1.1330121537783677e-06,-1.1330121468042167e-06,1.6421613493303355e-09
13.39,-0.5791796714197495,-0.5791796714197495,-0.4468456562780543,-0.44684560638723764,0.19615359014878436,0.10279962356294475,0.23338521337737841,-0.22591020559274863,0.43773257464840926,0.5319707148017818,0.045722982334372636,-1.1278421095869962e-06,-1.1278421026227461e-06,1.6219105446246803e-09
13.4,-0.5852773241430363,-0.5852773241430363,-0.4534497275285715,-0.4534496766737978,0.1938000283043909,0.10215314133207223,0.23111985834200194,-0.2271587852343845,0.4344628807286517,0.529257783721617,0.04549795367486121,-1.122431622722908e-06,-1.1224316157642017e-06,1.6031729495871511e-09
13.41,-0.5913420551711611,-0.5913420551711611,-0.460028292351477,-0.4600282405356067,0.19143556525950478,0.10150271394199016,0.2288420780536523,-0.22839524892762794,0.43101394387711595,0.5262932544568821,0.04527403111763248,-1.1167826015345828e-06,-1.1167825945720592e-06,1.5870415172855835e-09
13.42,-0.5973735233646026,-0.5973735233646011,-0.46658098070423254,-0.46658092793018185,0.18906033401454944,0.10084837613788844,0.22655199388910632,-0.2296195532699454,0.4275650070255802,0.5233287251921471,0.04505126217372027,-1.110897002470912e-06,-1.1108969955334843e-06,1.5648021909072048e-09
13.430000000000001,-0.6033713894548636,-0.6033713894548649,-0.4731074239998505,-0.4731073702705861,0.18667446817565447,0.10019016293650324,0.22424972765750356,-0.2308316551895142,0.4241160701740438,0.5203641959274117,0.044829693958107715,-1.1047768291930216e-06,-1.1047768222625071e-06,1.5471579264378459e-09
13.440000000000001,-0.6093353160635608,-0.6093353160635623,-0.4796072551276118,-0.47960720044615623,0.1842781019471459,0.09952810962409234,0.2219354015970903,-0.23203151193526722,0.42066713332250805,0.5173996666626767,0.044609373180404505,-1.0984241314085375e-06,-1.0984241244786558e-06,1.5313387037085795e-09
13.450000000000001,-0.6152649677213939,-0.6152649677213939,-0.4860801084737294,-0.48608005284316,0.18187137012399227,0.09886225175438786,0.21960913837206028,-0.23321908106711228,0.4172181964709723,0.5144351373979418,0.0443903461357287,-1.0918410039001403e-06,-1.0918409969817994e-06,1.513529800217709e-09
13.46,-0.6211600108870204,-0.6211600108870204,-0.4925256199419124,-0.49252556336535674,0.1794544080842228,0.09819262514652609,0.2172710610694938,-0.23439432044632966,0.41360940786527645,0.5112356776105862,0.044172658695794176,-1.0850295855263647e-06,-1.0850295786238058e-06,1.495234521046853e-09
13.47,-0.6270201139658166,-0.6270201139658166,-0.4989434269738383,-0.4989433694544791,0.17702735178131562,0.09751926588295437,0.21492129319639014,-0.2355571882261513,0.41000061925958053,0.5080362178232306,0.04395635630020335,-1.0779920581738267e-06,-1.0779920512776883e-06,1.4793850047717736e-09
13.48,-0.6328449473285295,-0.6328449473285281,-0.5053331685695528,-0.5053331101106269,0.17459033773654842,0.09684221030731617,0.21255995867679592,-0.23670764284253124,0.4063918306538847,0.504836758035875,0.04374148394794718,-1.0707306456886334e-06,-1.0707306388048767e-06,1.4626553125524285e-09
13.49,-0.6386341833298169,-0.6386341833298169,-0.5116944853077785,-0.5116944259125725,0.17214350303131737,0.09616149502231332,0.2101871818490214,-0.2378456430051083,0.40278304204818877,0.5016372982485194,0.043528086189111,-1.0632476128910606e-06,-1.0632476060212302e-06,1.4459998578114848e-09
13.5,-0.6443874963266829,-0.6443874963266829,-0.5180270193661248,-0.51802695903798,0.1696869852994301,0.09547715688754534,0.20780308746294981,-0.23897114768836852,0.3991742534424929,0.4984378384611638,0.043316207116787964,-1.0555452645277796e-06,-1.0555452576624533e-06,1.4317033117882394e-09
13.51,-0.6501045626967871,-0.6501045626967871,-0.5243304145412208,-0.5243303532835305,0.1672209227193614,0.09478923301732659,0.20540780067743064,-0.24008411612301025,0.3954259030049674,0.4950214366779976,0.04310589035919874,-1.0476259441893898e-06,-1.0476259373494863e-06,1.4134311155383914e-09
13.520000000000001,-0.6557850608566536,-0.6557850608566536,-0.5306043162687498,-0.5306042540849605,0.16474545400648105,0.09409776077848132,0.2030014470577608,-0.2411845077875186,0.3916775525674412,0.49160503489483076,0.04289717907201855,-1.0394920333806068e-06,-1.0394920265544803e-06,1.3979589926653664e-09
13.530000000000001,-0.6614286712797586,-0.6614286712797586,-0.5368483716433937,-0.5368483085370022,0.16226071840525158,0.09340277778811595,0.20058415257324785,-0.24227228239995294,0.38792920212991566,0.48818863311166455,0.04269011593091088,-1.031145950375345e-06,-1.0311459435680655e-06,1.3818188217671792e-09
13.540000000000001,-0.6670350765145039,-0.6670350765145039,-0.5430622294386843,-0.5430621654132405,0.1597668556813952,0.0927043219113692,0.19815604359485406,-0.2433473999099503,0.38418085169239014,0.48477223132849834,0.04248474312426706,-1.0225901492660894e-06,-1.0225901424682688e-06,1.3679367768624302e-09
13.55,-0.672603961202072,-0.6726039612020733,-0.5492455401267589,-0.5492454751858641,0.15726400611403285,0.09200243125914011,0.1957172468929204,-0.24440982049095306,0.3804325012548646,0.4813558295453321,0.04228110234615266,-1.0138271188814274e-06,-1.0138271120919306e-06,1.3546077350268049e-09
13.56,-0.6781350120941703,-0.6781350120941703,-0.5553979558980203,-0.5553978900453289,0.1547523104877931,0.09129714418579349,0.1932678896349653,-0.24545950453266135,0.3765656635752278,0.4777416940199838,0.04207923478945852,-1.0048593817729712e-06,-1.004859375008982e-06,1.3381930489575767e-09
13.57,-0.6836279180706429,-0.6836279180706429,-0.5615191306807064,-0.5615190639199212,0.15223191008489156,0.09058849928684364,0.19080809938355947,-0.24649641263371505,0.37269882589559106,0.47412755849463545,0.04187918113925687,-9.956894932508509e-07,-9.95689486500237e-07,1.3245206933814925e-09
13.58,-0.6890823701569774,-0.6890823701569774,-0.5676087201603481,-0.5676086524952245,0.14970294667718698,0.08987653539661555,0.1883380040942728,-0.2475205055946131,0.36883198821595425,0.4705134229692871,0.0416809815663621,-9.863200402665528e-07,-9.863200335392814e-07,1.3092217823712723e-09
13.59,-0.6944980615416817,-0.6944980615416805,-0.5736663817991416,-0.5736663132334872,0.14716556251820473,0.08916129158588439,0.18585773211368894,-0.24853174441086692,0.3649651505363175,0.46689928744393877,0.04148467572109346,-9.767536404831079e-07,-9.767536337788374e-07,1.2943247648443403e-09
13.600000000000001,-0.6998746875935437,-0.6998746875935437,-0.5796917748552214,-0.5796917053928909,0.14461990033513306,0.08844280715949306,0.18336741217748972,-0.2495300902663995,0.36109831285668004,0.4632851519185898,0.04129030272724127,-9.66992941234257e-07,-9.669929345423893e-07,1.281783601414638e-09
13.610000000000001,-0.7052119458787653,-0.7052119458787653,-0.585684560401812,-0.5856844900467133,0.14206610332080022,0.08772112165394745,0.18086717340860098,-0.25051550452718685,0.35713472870302776,0.459493602635717,0.04109790117623295,-9.570406184905567e-07,-9.570406118212943e-07,1.2675889919516253e-09
13.620000000000001,-0.7105095361779742,-0.7105095361779742,-0.5916444013463069,-0.5916443301023989,0.13950431512561492,0.08699627483499002,0.17835714531540506,-0.25148794873515223,0.3531711445493754,0.45570205335284414,0.0409075091215005,-9.468993759226274e-07,-9.468993692781508e-07,1.2532910016065893e-09
13.63,-0.7157671605031155,-0.7157671605031155,-0.5975709624492274,-0.5975708903205157,0.1369346798494866,0.08626830669515183,0.17583745779000953,-0.2524473846023094,0.34920756039572315,0.45191050406997124,0.04071916407304531,-9.365719438741982e-07,-9.365719372567041e-07,1.2388876465240292e-09
13.64,-0.7209845231142057,-0.7209845231142057,-0.6034639103430721,-0.6034638373336144,0.13435734203372238,0.08553725745128275,0.173308241106575,-0.25339377400516466,0.3452439762420708,0.4481189547870984,0.04053290299220121,-9.260610783906609e-07,-9.260610717989414e-07,1.225012650445324e-09
13.65,-0.7261613305359738,-0.7261613305359738,-0.6093229135510765,-0.6093228396649794,0.13177244665289503,0.0848031675420595,0.170769625919697,-0.2543270789793751,0.34128039208841854,0.44432740550422556,0.04034876228659269,-9.153695602476253e-07,-9.153695536696829e-07,1.2136438287949408e-09
13.66,-0.7312972915743672,-0.7312972915743672,-0.6151476425058546,-0.615147567747274,0.12918013910668805,0.08406607762547254,0.1682217432628394,-0.255247261714671,0.337242346172718,0.44037975993316986,0.04016677780528763,-9.045001939447794e-07,-9.045001873893143e-07,1.200934832225349e-09
13.67,-0.7363921173329316,-0.7363921173329304,-0.6209377695679371,-0.6209376939410799,0.126580565211718,0.08332602857629183,0.1656647245468193,-0.2561542845500433,0.3332043002570174,0.43643211436211415,0.03998698483414315,-8.934558068038334e-07,-8.93455800274972e-07,1.1877447247250728e-09
13.680000000000001,-0.7414455212290604,-0.7414455212290616,-0.6266929690442077,-0.6266928925533259,0.12397387119332931,0.08258306148351029,0.16309870155833633,-0.2570481099691971,0.3291662543413161,0.4324844687910578,0.03980941809134142,-8.822392479901353e-07,-8.822392414906233e-07,1.174331534962915e-09
13.690000000000001,-0.7464572190101192,-0.7464572190101204,-0.6324129172062091,-0.6324128398556058,0.12136020367737493,0.08183721764776647,0.1605238064585471,-0.25792870059627626,0.3251282084256155,0.4285368232200021,0.039634111723115026,-8.708533875828595e-07,-8.708533811065337e-07,1.1622971416029899e-09
13.700000000000001,-0.7514269287694282,-0.7514269287694282,-0.6380972923083656,-0.6380972141023931,0.11873970968196357,0.08108853857874578,0.1579401717816816,-0.25879601919186285,0.32109016250991496,0.4245891776489464,0.03946109929965972,-8.59301115617439e-07,-8.593011091685199e-07,1.149761442974445e-09
13.71,-0.7563543709621237,-0.7563543709621237,-0.6437457746060792,-0.6437456955491347,0.11611253660919021,0.0803370659925601,0.15534793043369755,-0.25965002864924847,0.3170003581952464,0.4205076308891651,0.039290413811231654,-8.475853411973877e-07,-8.475853347772677e-07,1.1372336978038789e-09
13.72,-0.7612392684208814,-0.7612392684208814,-0.6493580463737083,-0.6493579664702392,0.11347883223684814,0.0795828418091075,0.15274721569097055,-0.26049069199098684,0.31291055388057787,0.41642608412938376,0.03912208766442836,-8.357089915644877e-07,-8.357089851783518e-07,1.1240446937535839e-09
13.73,-0.7660813463715075,-0.7660813463715064,-0.6549337919224448,-0.654933711176947,0.11083874471011447,0.07882590814940968,0.15013816119901818,-0.2613179723657239,0.3088207495659093,0.41234453736960247,0.0389561526786502,-8.236750112244895e-07,-8.236750048630324e-07,1.1127397371305997e-09
13.74,-0.7708803324483928,-0.7708803324483928,-0.6604726976180744,-0.6604726160350883,0.10819242253321527,0.07806630733292835,0.14752090097125267,-0.2621318330453094,0.3047309452512408,0.40826299060982113,0.03879264008274037,-8.114863610103606e-07,-8.114863546803728e-07,1.1004842517976568e-09
13.75,-0.7756359567098382,-0.7756359567098382,-0.6659744518986106,-0.6659743694827254,0.1055400145610758,0.07730408187486232,0.14489556938776274,-0.2629322374221955,0.30064114093657224,0.40418144385003985,0.03863158051180208,-7.991460172704357e-07,-7.991460109610646e-07,1.0903427726809413e-09
13.76,-0.7803479516532316,-0.7803479516532316,-0.6714387452918259,-0.6714386620476773,0.10288166999094514,0.07653927448342221,0.1422623011941197,-0.2637191490071173,0.29652257259056386,0.3999889438421837,0.03847300400418893,-7.866569709316651e-07,-7.866569646531041e-07,1.0786607108626815e-09
13.770000000000001,-0.7850160522300998,-0.7850160522300998,-0.6768652704326578,-0.6768651863649293,0.1002175383540045,0.07577192805708508,0.1396212315002043,-0.26449253142706325,0.2924040042445547,0.3957964438343269,0.03831693999866752,-7.740222267155206e-07,-7.740222204698209e-07,1.0668541161998626e-09
13.780000000000001,-0.7896399958610165,-0.7896399958610165,-0.6822537220804977,-0.6822536371939172,0.09754776950695587,0.07500208568182905,0.13697249577905418,-0.265252348423533,0.2882854358985463,0.39160394382647074,0.03816341733174883,-7.612448022636942e-07,-7.612447960505024e-07,1.0553317852898959e-09
13.790000000000001,-0.7942195224503714,-0.7942195224503714,-0.6876037971363615,-0.6876037114357038,0.09487251362359309,0.0742297906283462,0.13431622986572447,-0.2659985638510852,0.28416686755253795,0.3874114438186146,0.03801246423518602,-7.483277273262479e-07,-7.483277211338554e-07,1.04600532755218e-09
13.8,-0.7987543744010004,-0.7987543744010015,-0.6929151946599378,-0.6929151081500236,0.0921919211863541,0.07345508634923695,0.13165256995616526,-0.26673114167618023,0.28004829920652957,0.3832189438107585,0.03786410833363727,-7.352740428942517e-07,-7.352740367447409e-07,1.033160303983267e-09
13.81,-0.803244296628679,-0.803244296628679,-0.6981876158865151,-0.6981875285722117,0.0895061429778574,0.07267801647618224,0.12898165260610567,-0.2674500459763109,0.2759241229186575,0.3789390623150008,0.03771837664248847,-7.220868005197723e-07,-7.220867943942458e-07,1.023699694586995e-09
13.82,-0.8076890365764648,-0.8076890365764648,-0.7034207642437922,-0.7034206761300097,0.08681533007241779,0.07189862481709736,0.126303614729948,-0.2681552409394299,0.2717999466307854,0.3746591808192431,0.0375752955658355,-7.087690613721831e-07,-7.087690552934949e-07,1.0106273486033877e-09
13.83,-0.8120883442289077,-0.8120883442289077,-0.7086143453685524,-0.7086142564602471,0.08411963382755229,0.07111695535326457,0.12361859359966343,-0.2688466908636716,0.2676757703429133,0.3703792993234854,0.0374348908946219,-6.953238956344809e-07,-6.953238895814285e-07,1.0012843037854519e-09
13.84,-0.8164419721261122,-0.8164419721261112,-0.7137680671232258,-0.7137679774254002,0.08141920587546458,0.07033305223644622,0.12092672684369103,-0.269524360157369,0.2635515940550412,0.36609941782772776,0.03729718780492984,-6.817543815873517e-07,-6.817543755666859e-07,9.910117584363262e-10
13.850000000000001,-0.820749675377657,-0.820749675377657,-0.7188816396123261,-0.7188815491300243,0.078714198114513,0.06954695978597879,0.11822815244583451,-0.2701882133393696,0.2594274177671684,0.3618195363319693,0.03716221085642153,-6.680636049569144e-07,-6.680635989840117e-07,9.784087350902605e-10
13.860000000000001,-0.8250112116763699,-0.8250112116763699,-0.7239547751987455,-0.7239546839370574,0.07600476270067281,0.06875872248584626,0.11552300874415385,-0.2708382150396424,0.2553208211567972,0.3574763363989954,0.03702998399092683,-6.542546582138931e-07,-6.542546522650489e-07,9.698780435109066e-10
13.870000000000001,-0.8292263413119569,-0.8292263413119569,-0.728987188519945,-0.7289870964840052,0.07329105203897164,0.06796838498173507,0.11281143442985037,-0.27147433000018645,0.25121422454642606,0.3531331364660215,0.036900530531176076,-6.403306397340103e-07,-6.403306338240329e-07,9.591109147247892e-10
13.88,-0.8333948271844893,-0.8333948271844893,-0.7339785965040044,-0.7339785036989888,0.0705732187749174,0.06717599207806886,0.11009356854614026,-0.272096523076239,0.24710762793605492,0.3487899365330477,0.036773873179674656,-6.262946532220592e-07,-6.262946473584746e-07,9.473126095365716e-10
13.89,-0.8375164348177351,-0.8375164348177351,-0.7389287183855398,-0.7389286248166683,0.06785141578591518,0.06638158873502464,0.10736955048711488,-0.2727047592377757,0.24300103132568376,0.3444467366000738,0.03665003401771471,-6.121498069902587e-07,-6.121498011648393e-07,9.37028573954415e-10
13.9,-0.8415909323723514,-0.8415909323723514,-0.7438372757215003,-0.7438371813940362,0.06512579617266548,0.06558522006552997,0.10463951999658468,-0.2732990035713141,0.2388944347153126,0.3401035366670999,0.03652903450452334,-5.978992132643635e-07,-5.978992074695628e-07,9.2812802233723e-10
13.91,-0.8456180906589251,-0.8456180906589251,-0.7487039924068298,-0.7487038973260794,0.062396513250552926,0.06478693133224069,0.10190361716690412,-0.2738792212820102,0.23482850656246584,0.3357214373468834,0.03641089547654206,-5.835459875314086e-07,-5.835459817754241e-07,9.180805244196734e-10
13.92,-0.8495976831508647,-0.8495976831508637,-0.7535285946899973,-0.7535284988613098,0.0596637205410228,0.06398676794450057,0.09916198243777251,-0.27444537769605754,0.23076257840961908,0.33133933802666693,0.036295637146836285,-5.690932479429645e-07,-5.69093242223457e-07,9.085721320439654e-10
13.930000000000001,-0.8535294859971406,-0.8535294859971415,-0.7583108111883997,-0.7583107146171639,0.05692757176294258,0.06318477545528225,0.09641475659501124,-0.2749974382633808,0.22669665025677158,0.3269572387064496,0.036183279104630484,-5.545441146628804e-07,-5.545441089704853e-07,9.00706128488711e-10
13.940000000000001,-0.8574132780348814,-0.8574132780348823,-0.7630503729036164,-0.7630502755952647,0.05418822082396152,0.06238099955810979,0.09366208076931117,-0.2755353685606265,0.22263072210392482,0.3225751393862331,0.03607384031496608,-5.399017092150293e-07,-5.399017035823232e-07,8.878507844237855e-10
13.950000000000001,-0.8612488408018082,-0.8612488408018082,-0.7677470132365508,-0.7677469151965579,0.051445821811847606,0.06157548608396256,0.09090409643494968,-0.27605913429445095,0.21856479395107806,0.3181930400660166,0.03596733911847933,-5.251691540461567e-07,-5.251691484428202e-07,8.799373694442115e-10
13.96,-0.8650359585485264,-0.8650359585485264,-0.7724004680024247,-0.7724003692363041,0.04870052898582096,0.06076828099816217,0.08814094540847268,-0.27656870130510425,0.21456239438291605,0.3137966791150362,0.03586379323129598,-5.10349571748725e-07,-5.103495661787208e-07,8.715452633056001e-10
13.97,-0.8687744182506616,-0.8687744182506616,-0.7770104754456333,-0.7770103759589405,0.04595249676787977,0.059959430397240686,0.08537276984733971,-0.277064035570309,0.21055999481475404,0.3094003181640558,0.03576321974503907,-4.954460846237629e-07,-4.95446079100495e-07,8.612058459936333e-10
13.98,-0.872464009620841,-0.8724640096208403,-0.7815767762544724,-0.7815766760528049,0.043201879734112394,0.05914898050579129,0.08259971224852838,-0.27754510320943176,0.20655759524659204,0.3050039572130754,0.03566563512694679,-4.804618141396322e-07,-4.80461808659019e-07,8.51654330644719e-10
13.99,-0.8761045251205223,-0.8761045251205223,-0.7860991135757276,-0.7860990126647207,0.04044883260600045,0.058336977673301905,0.07982191544709581,-0.27801187048795095,0.20255519567843003,0.30060759626209493,0.03557105522009811,-4.653998803491599e-07,-4.653998749183347e-07,8.411436706838171e-10
14.0,-0.87969575997167,-0.87969575997167,-0.7905772330291161,-0.790577131414446,0.03769351024171959,0.057523468370971186,0.07703952261469416,-0.2784643038222136,0.19855279611026802,0.29621123531111454,0.03547949524374153,-4.502634014386109e-07,-4.502633960443037e-07,8.328309373644072e-10
14.01,-0.8832375121682701,-0.8832375121682701,-0.7950108827215993,-0.7950107804089817,0.03493606762742635,0.05670849918850773,0.07425267725803696,-0.2789023697844826,0.19463642807313836,0.29182533066992566,0.035390969793724456,-4.3505549317257586e-07,-4.3505548780924736e-07,8.255035581671515e-10
14.020000000000001,-0.886729582487695,-0.886729582487695,-0.7993998132615511,-0.7993997102567416,0.03217665986854071,0.055892116830912164,0.07146152321731328,-0.2793260351082784,0.190720060036008,0.287439426028736,0.03530549284302122,-4.1977926842906577e-07,-4.1977926311264764e-07,8.158559918864466e-10
14.030000000000001,-0.8901717745019102,-0.8901717745019102,-0.8037437777727856,-0.8037436740815777,0.029415442181021517,0.05507436811524268,0.0686662046645474,-0.2797352666940019,0.18680369199887836,0.2830535213875471,0.035223077742353774,-4.04437836783178e-07,-4.0443783151766155e-07,8.057336986886405e-10
14.040000000000001,-0.8935638945885225,-0.8935638945885225,-0.8080425319084448,-0.808042427536671,0.026652569882635674,0.05425529996736452,0.0658668661019007,-0.2801300316148461,0.1828873239617487,0.2786676167463582,0.03514373722090415,-3.8903430403525174e-07,-3.8903429880353533e-07,7.983570693757135e-10
14.05,-0.8969057519416707,-0.8969057519416714,-0.8122958338647418,-0.8122957288182728,0.023888198384221404,0.053434959418682655,0.06306365235991293,-0.280510297122995,0.17897095592461904,0.27428171210516933,0.03506748338711549,-3.735717717182063e-07,-3.735717665339519e-07,7.890197598913494e-10
14.06,-0.9001971585827613,-0.9001971585827613,-0.816503444394562,-0.8165033386793079,0.021122483180947338,0.05261339360285892,0.06025670859568028,-0.28087603065610034,0.17516263866430573,0.26993092292514964,0.03499432772957661,-3.5805333679223006e-07,-3.580533316410034e-07,7.820002833266878e-10
14.07,-0.9034379293710378,-0.9034379293710378,-0.8206651268209246,-0.8206650204428307,0.01835557984356312,0.051790649752513435,0.05744618029096683,-0.28122719984404226,0.17135432140399243,0.26558013374513,0.03492428111798919,-3.4248209111048533e-07,-3.4248208602493393e-07,7.701494160155883e-10
14.08,-0.9066278820139979,-0.9066278820139979,-0.8247806470502895,-0.8247805400153396,0.015587644009652513,0.050966775195910516,0.05463221325024766,-0.28156377251596787,0.16754600414367912,0.2612293445651103,0.03485735380421301,-3.268611212178807e-07,-3.2686111616943986e-07,7.627475890363581e-10
14.09,-0.9097668370776466,-0.9097668370776458,-0.8288497735857278,-0.8288496658999436,0.012818831374877021,0.050141817353628826,0.051814953598679644,-0.28188571670760343,0.16373768688336582,0.25687855538509063,0.03479355542338629,-3.1119350778208155e-07,-3.111935027723542e-07,7.55214249363115e-10
14.100000000000001,-0.9128546179965892,-0.9128546179965892,-0.832872277539948,-0.8328721692093853,0.010049297684215336,0.04931582373521769,0.04899454777999803,-0.2821930006688452,0.15992936962305185,0.2525277662050702,0.03473289499511923,-2.954823253645267e-07,-2.9548232039183913e-07,7.480413332102281e-10
14.110000000000001,-0.915891051083963,-0.915891051083963,-0.8368479326481599,-0.836847823678913,0.0072791987232093125,0.048488841935837336,0.046171142554335506,-0.2824855928716174,0.15625051488456493,0.24823655420570057,0.034675380924755916,-2.7973064202491127e-07,-2.7973063710763916e-07,7.382148566637131e-10
14.120000000000001,-0.9188759655412069,-0.9188759655412069,-0.8407765152808123,-0.8407764056790115,0.004508690309195068,0.04766091963288586,0.04334488499596176,-0.28276346201800034,0.15257166014607798,0.2439453422063309,0.034621021004702664,-2.6394151907138674e-07,-2.639415141974133e-07,7.303172302111706e-10
14.13,-0.9218091934676712,-0.9218091934676712,-0.8446578044561701,-0.8446576942279794,0.0017379282825390752,0.04683210458261094,0.04051592249093985,-0.2830265770486258,0.14889280540759106,0.23965413020696122,0.034569822415819976,-2.48118010651166e-07,-2.481180058280297e-07,7.21395577239873e-10
14.14,-0.9246905698700576,-0.9246905698700576,-0.8484915818527391,-0.848491471004359,-0.0010329315021245788,0.046002444616708695,0.037684402734698044,-0.2832749071513342,0.1452139506691041,0.23536291820759156,0.034521791728874415,-2.3226316354929555e-07,-2.3226315876151982e-07,7.148895637215297e-10
14.15,-0.9275199326717032,-0.9275199326717032,-0.8522776318215519,-0.8522775203592176,-0.0038037331846635936,0.045171987638908166,0.03485047372951291,-0.28350842177009195,0.1415350959306172,0.2310717062082219,0.03447693490604778,-2.1638001681395513e-07,-2.1638001207552188e-07,7.063936565519563e-10
14.16,-0.9302971227216965,-0.9302971227216965,-0.8560157413982958,-0.856015629328277,-0.00657432090821386,0.04434078162154248,0.03201428378190261,-0.28372709061416795,0.1380063875735742,0.22686419814440117,0.03443525730250113,-2.004716015829855e-07,-2.0047159689816352e-07,6.973609239992337e-10
14.17,-0.9330219838038294,-0.9330219838038288,-0.8597057003152923,-0.8597055876438934,-0.009344538827945878,0.0435088746021074,0.029175981499927006,-0.28393088366756114,0.13447767921653123,0.22265669008058045,0.034396763667989896,-1.8454094078551586e-07,-1.845409361569253e-07,6.880363638520086e-10
14.180000000000001,-0.935694362645384,-0.9356943626453845,-0.8633473010133272,-0.8633471877468852,-0.012114231119833993,0.042676314679806815,0.02633571579039208,-0.28411977119868026,0.1309489708594876,0.21844918201675895,0.034361458148528035,-1.6859104892685828e-07,-1.6859104434144984e-07,6.807448700734752e-10
14.190000000000001,-0.9383141089257562,-0.9383141089257567,-0.8669403386533195,-0.866940224798206,-0.01488324198941518,0.04184315001208571,0.023493635855956374,-0.2842937237702715,0.12742026250244462,0.21424167395293822,0.034329344288098536,-1.5262493181789072e-07,-1.526249272800026e-07,6.72898364512184e-10
14.200000000000001,-0.9408810752849078,-0.9408810752849078,-0.870484611127849,-0.870484496690469,-0.017651415680558058,0.041009428811151126,0.020649891192136994,-0.2844527122495896,0.12389155414540162,0.2100341658891175,0.03430042503040705,-1.3664558642934033e-07,-1.366455819293136e-07,6.665699634589788e-10
14.21,-0.9433951173316582,-0.9433951173316582,-0.8739799190725254,-0.8739798040593149,-0.020418596484223756,0.04017519934048146,0.017804631584212742,-0.28459670781880725,0.12053283185184357,0.20593401790176888,0.03427470272067608,-1.2065600062116655e-07,-1.2065599617750722e-07,6.575851482415846e-10
14.22,-0.9458560936518049,-0.9458560936518049,-0.8774260658771973,-0.8774259502946259,-0.02318462874722102,0.03934050991132386,0.014958007104021839,-0.2847256819856614,0.11717410955828553,0.2018338699144203,0.03425217910747728,-1.0465915304541662e-07,-1.0465914865991355e-07,6.484207502922205e-10
14.23,-0.9482638658160788,-0.9482638658160782,-0.880822857697015,-0.8808227415515851,-0.025949356880963698,0.03850540887918066,0.012110168106651985,-0.2848396065943335,0.1138153872647275,0.19773372192707167,0.034232855344599765,-8.865801293111986e-08,-8.865800858746248e-08,6.417486611990945e-10
14.24,-0.9506182983879301,-0.9506182983879301,-0.8841701034633358,-0.8841699867615797,-0.028712625370224565,0.03766994464028511,0.009261265227020745,-0.2849384538365554,0.11045666497116945,0.19363357393972308,0.03421673199295097,-7.265553988305973e-08,-7.26555355872835e-08,6.342620047059983e-10
14.25,-0.9529192589311485,-0.9529192589311485,-0.8874676148944671,-0.8874674976429493,-0.031474278781879084,0.036834165628066455,0.006411449376343465,-0.2850221962629418,0.1070979426776114,0.18953342595237446,0.03420380902248867,-5.665468381238492e-08,-5.6654679555320776e-08,6.282038906590049e-10
14.260000000000002,-0.9551666180173095,-0.9551666180173095,-0.8907152065062605,-0.8907150887115768,-0.034234161773651,0.03599812030960458,0.0035608717384868803,-0.28509080679454013,0.10392809040609337,0.18556369056501615,0.03419408581418087,-4.0658384721503626e-08,-4.065838052052656e-08,6.196549327677194e-10
14.270000000000001,-0.9573602492330572,-0.9573602492330572,-0.8939126956225438,-0.8939125772913197,-0.03699211910284969,0.03516185718207559,0.0007096837662061682,-0.28514425873459676,0.10075823813457589,0.18159395517765856,0.03418756116199178,-2.4669572655511285e-08,-2.466956852034408e-08,6.097442154164234e-10
14.280000000000001,-0.959500029187214,-0.959500029187214,-0.8970599023853978,-0.8970597835242893,-0.03974799563510263,0.03432542476918711,-0.0021419628227367865,-0.2851825257805351,0.09758838586305842,0.17762421979030096,0.034184233274891986,-8.691167584229387e-09,-8.691163487202503e-09,6.039824726727628e-10
14.290000000000001,-0.9615858375177216,-0.9615858375177216,-0.9001566497652715,-0.9001565303809647,-0.042501636353081476,0.033488871617605054,-0.004993916049575896,-0.28520558203613927,0.09441853359154094,0.17365448440294334,0.03418409977889003,7.2739208059613425e-09,7.273924854429848e-09,5.967509944153186e-10
14.3,-0.9636175568984112,-0.9636175568984117,-0.9032027635709415,-0.9032026436701514,-0.045252886365221956,0.03265224629337142,-0.007846023678666226,-0.28521340202393725,0.09124868132002346,0.16968474901558575,0.034187157719083004,2.3222793084365367e-08,2.3222797080819924e-08,5.890744043924693e-10
14.31,-0.965595073045604,-0.965595073045604,-0.9061980724593086,-0.9061979520487803,-0.04800159091443562,0.03181559737831391,-0.010698133221734215,-0.28520596069778537,0.08828552113313208,0.16586774552465958,0.034193403561725906,3.915256021475022e-08,3.9152564151766215e-08,5.803652981930793e-10
14.32,-0.9675182747245379,-0.9675182747245379,-0.9091424079450392,-0.9091422870315452,-0.050747595386817654,0.030978973466447395,-0.013550091942254596,-0.28518323345563795,0.08532236094624071,0.1620507420337334,0.034202833196315,5.5060343576163184e-08,5.506034748408995e-08,5.761901542601824e-10
14.33,-0.9693870537556253,-0.9693870537556253,-0.9120356044100375,-0.9120354830003794,-0.053490745320339844,0.03014242316036805,-0.016401746859956125,-0.28514519615251094,0.08235920075934933,0.15823373854280723,0.034215441937686705,7.094327517109811e-08,7.094327901588926e-08,5.670529178417072e-10
14.34,-0.9712013050205386,-0.9712013050205381,-0.914877499112765,-0.9148773772137723,-0.0562308864135411,0.029305995067640027,-0.01925294475545767,-0.2850918251136203,0.07939604057245796,0.15441673505188105,0.034231224528126894,8.679849745896195e-08,8.679850126227241e-08,5.611647493771366e-10
14.350000000000001,-0.9729609264681224,-0.9729609264681224,-0.9176679321973954,-0.9176678098159243,-0.058967864534209366,0.028469737797175536,-0.022103532175036654,-0.28502309714770135,0.07643288038556605,0.15059973156095421,0.03425017513949168,1.0262316361281387e-07,1.026231673627337e-07,5.535728786556838e-10
14.360000000000001,-0.9746658191201344,-0.9746658191201344,-0.9204067467028021,-0.9204066238457368,-0.06170152572804509,0.027633699955608517,-0.02495335543553163,-0.28493898956049635,0.07369307224779653,0.146956920548618,0.03427228737533625,1.1841443742915958e-07,1.1841444112078437e-07,5.453070891846605e-10
14.370000000000001,-0.9763158870768119,-0.9763158870768119,-0.9230937885713909,-0.9230936652456426,-0.06443171622732688,0.02679793014366227,-0.02780226062938045,-0.2848394801684061,0.07095326411002703,0.1433141095362818,0.034297554273050646,1.341694933904014e-07,1.3416949703617955e-07,5.389286266260373e-10
14.38,-0.9779110375222684,-0.9779110375222684,-0.9257289066577667,-0.9257287828702717,-0.06715828245956033,0.025962476952511613,-0.030650093629795646,-0.2847245473123052,0.06821345597225752,0.13967129852394555,0.034325968306002264,1.4988551674116612e-07,1.4988552033014385e-07,5.30977329941384e-10
14.39,-0.9794511807297114,-0.9794511807297114,-0.9283119527372313,-0.9283118284949525,-0.06988107105611317,0.02512738896013978,-0.033496700096079086,-0.2845941698715073,0.06547364783448802,0.13602848751160934,0.03435752138568192,1.655597034258549e-07,1.655597069641343e-07,5.239724265022934e-10
14.4,-0.9809362300664916,-0.9809362300664916,-0.9308427815141236,-0.9308426568240499,-0.07259992886084472,0.024292714727690786,-0.036341925479076734,-0.2844483272778801,0.0627338396967185,0.13238567649927313,0.03439220486385327,1.8118926015803227e-07,1.8118926365259526e-07,5.180447760667792e-10
14.41,-0.9823661019989752,-0.9823661019989752,-0.9333212506299923,-0.9333211254991375,-0.07531470293872036,0.023458502795817213,-0.039185615026775304,-0.2842869995300995,0.060232787806096914,0.1289375391742042,0.0344300095347039,1.9677140442736496e-07,1.9677140787010274e-07,5.109561612119296e-10
14.42,-0.9837407160972433,-0.9837407160972431,-0.9357472206716027,-0.9357470951070056,-0.07802524058441339,0.022624801681024514,-0.04202761379004218,-0.2841101672080445,0.05773173591547533,0.12548940184913526,0.03447092563699816,2.1230336446492748e-07,2.1230336785338784e-07,5.035408002419862e-10
14.430000000000001,-0.9850599950396149,-0.9850599950396153,-0.9381205551787811,-0.9381204291875044,-0.08073138933089785,0.02179165987201155,-0.044867766628510074,-0.283917811487317,0.05523068402485329,0.1220412645240657,0.03451494285622903,2.2778237927095768e-07,2.2778238259877072e-07,4.952120165748981e-10
14.440000000000001,-0.9863238646169981,-0.9863238646169984,-0.9404411206520857,-0.9404409942412164,-0.0834329969580184,0.020959125826008423,-0.047705918216607336,-0.2837099141538883,0.0527296321342317,0.11859312719899676,0.03456205032676969,2.432056985732234e-07,2.4320570185544233e-07,4.891560073836579e-10
14.450000000000001,-0.9875322537370618,-0.9875322537370618,-0.9427087865603204,-0.9427086597369697,-0.08612991150105827,0.0201272479651116,-0.05054191304973528,-0.2834864576188602,0.05022858024361011,0.11514498987392782,0.03461223663402287,2.5857058288947243e-07,2.585705861151255e-07,4.81496166463238e-10
14.46,-0.9886850944282368,-0.9886850944282368,-0.9449234253478771,-0.9449232981191781,-0.08882198125928686,0.019296074672617194,-0.05337559545059378,-0.2832474249333376,0.04798034642368696,0.11191091291851563,0.03466548981656805,2.738743034233493e-07,2.7387430659854827e-07,4.747766648310826e-10
14.47,-0.9897823218435382,-0.9897823218435382,-0.9470849124419073,-0.9470847848150165,-0.09150905480448941,0.01846565428935234,-0.0562068095756562,-0.2829927998034064,0.04573211260376381,0.10867683596310343,0.03472179736830598,2.8911414211296727e-07,2.891141452392748e-07,4.683186349610788e-10
14.48,-0.9908238742642131,-0.9908238742642129,-0.9491931262593313,-0.9491929982414281,-0.09419098098948692,0.017636035110005673,-0.05903539942179442,-0.2827225666052067,0.04348387878384065,0.10544275900769125,0.03478114624059925,3.042873916100919e-07,3.042873946654423e-07,4.5857496776258177e-10
14.49,-0.9918096931032124,-0.9918096931032124,-0.9512479482136786,-0.9512478198119636,-0.09686760895663986,0.016807265379457075,-0.06186120883305514,-0.2824367104000964,0.041235644963917496,0.10220868205227905,0.03484352284440905,3.1939135516217965e-07,3.193913581798477e-07,4.538462932700806e-10
14.5,-0.9927397229084867,-0.9927397229084867,-0.9532492627217559,-0.9532491339434516,-0.09953878814633019,0.015979393289107153,-0.06468408150758828,-0.2821352169499002,0.038987411143994344,0.09897460509686686,0.03490891305242837,3.344233467789115e-07,3.344233497389049e-07,4.461333635034077e-10
14.510000000000002,-0.9936139113661043,-0.9936139113661043,-0.9551969572101495,-0.9551968280625001,-0.10220436830543284,0.015152466973206963,-0.06750386100472795,-0.2818180727322339,0.03700463578315752,0.09597277166823265,0.03497730220121029,3.49380691024026e-07,3.493806939310576e-07,4.391462418327502e-10
14.520000000000001,-0.9944322093031953,-0.9944322093031953,-0.9570909221215582,-0.9570907926118281,-0.10486419949576666,0.014326534505188797,-0.07032039075222789,-0.2814852649558978,0.03502186042232104,0.09297093823959897,0.0350486750932922,3.6426072308470836e-07,3.6426072595511646e-07,4.3464786020290484e-10
14.530000000000001,-0.9951945706907163,-0.9951945706907163,-0.9589310509209552,-0.9589309210564289,-0.10751813210252854,0.013501643893997734,-0.07313351405364966,-0.28113678157633454,0.03303908506148457,0.08996910481096529,0.03512301599931592,3.790607887993458e-07,3.7906079159902437e-07,4.2499691741238606e-10
14.540000000000001,-0.9959009526460402,-0.9959009526460402,-0.9607172401015803,-0.9607171098895628,-0.1101660168427091,0.01267784308042527,-0.07594307409590749,-0.2807726113111398,0.031056309700648092,0.08696727138233161,0.03520030866014326,3.937782444701776e-07,3.937782472196616e-07,4.184677094588645e-10
14.55,-0.9965513154353681,-0.9965513154353682,-0.9624493891907635,-0.9624492586385792,-0.11280770477348989,0.011855179933445044,-0.07874891395696695,-0.2803927436556226,0.029073534339811618,0.08396543795369793,0.03528053628896803,4.084104570228897e-07,4.0841045972414007e-07,4.1224786452433827e-10
14.56,-0.997145622475965,-0.997145622475965,-0.9641274007555746,-0.9641272698705675,-0.11544304730062072,0.011033702246551324,-0.08155087661370024,-0.27999716889840587,0.027367365322425827,0.08121272545137216,0.03536368157342444,4.2295480390253104e-07,4.2295480655314134e-07,4.056693196713798e-10
14.57,-0.9976838403382166,-0.9976838403382166,-0.9657511804083064,-0.9657510491978383,-0.11807189618678052,0.010213457734100687,-0.0843488049498975,-0.2795858781370583,0.025661196305040032,0.07846001294904639,0.035449726677692084,4.3740867307351383e-07,4.3740867566691574e-07,3.980878688536949e-10
14.58,-0.9981659387475096,-0.9981659387475096,-0.9673206368117813,-0.9673205052832325,-0.120694103559912,0.00939449402765735,-0.0871425417644346,-0.2791588632937547,0.023955027287654238,0.07570730044672064,0.03553865324459905,4.5176946299185783e-07,4.5176946553426163e-07,3.914595112925821e-10
14.59,-0.9985918905859359,-0.9985918905859358,-0.9688356816844897,-0.9688355498452593,-0.12330952192154121,0.008576858672342912,-0.08993192977959749,-0.2787161171309505,0.022248858270268446,0.07295458794439487,0.035630442397722416,4.6603458264682374e-07,4.6603458512530646e-07,3.828353529305537e-10
14.600000000000001,-0.9989616718938169,-0.9989616718938169,-0.9702962298055585,-0.9702960976630619,-0.12591800415507673,0.0077605991231906235,-0.09271681164956322,-0.27825763326707015,0.02054268925288235,0.07020187544206861,0.0357250747434885,4.802014514707076e-07,4.802014539083355e-07,3.777706819185885e-10
14.610000000000001,-0.9992752618710514,-0.9992752618710514,-0.9717021990195397,-0.9717020665812097,-0.12851940353407892,0.006945762741505067,-0.09549702996903855,-0.277783406192196,0.01912271928182546,0.06771376061710835,0.035822530373272654,4.942674994637408e-07,4.942675018514045e-07,3.7129560641007485e-10
14.620000000000001,-0.9995326428782859,-0.9995326428782859,-0.9730535102410358,-0.9730533775143225,-0.13111357373051857,0.006132396791227468,-0.09827242728205468,-0.2772934312837497,0.01770274931076857,0.06522564579214808,0.03592278886549925,5.082301671038847e-07,5.082301694292024e-07,3.6288263304610023e-10
14.63,-0.9997338004379068,-0.9997338004379068,-0.9743500874591475,-0.9743499544515165,-0.1337003688230074,0.005320548435307403,-0.10104284609091899,-0.27678770482216414,0.01628277933971168,0.06273753096718783,0.036025829287744705,5.220869053537691e-07,5.220869076356147e-07,3.5740369263650216e-10
14.64,-0.9998787232348542,-0.9998787232348542,-0.9755918577417478,-0.9755917244606809,-0.13627964330500286,0.004510264732081213,-0.10380812886532334,-0.276266224006531,0.01486280936865479,0.06024941614222756,0.03613163019884286,5.358351757855928e-07,5.358351780026221e-07,3.485660587294219e-10
14.65,-0.9999674031172591,-0.9999674031172591,-0.976778751239586,-0.97677861769258,-0.1388512520929955,0.003701592631657797,-0.10656811805160908,-0.2757289869702198,0.0134428393975979,0.0577613013172673,0.03624016965099501,5.494724504631621e-07,5.494724526259973e-07,3.413738199615323e-10
14.66,-0.9999998350969013,-0.9999998350969013,-0.9779107011902153,-0.9779105673847823,-0.14141505053466902,0.0028945789723122278,-0.10932265608218755,-0.2751759927964606,0.012317052060597706,0.05555177325633406,0.03635142519188621,5.629962120737297e-07,5.629962141982665e-07,3.3667952023674406e-10
14.67,-0.9999760173494907,-0.9999760173494907,-0.9789876439217495,-0.9789875098654164,-0.14397089441703642,0.002089270476887739,-0.11207158538511637,-0.27460724153387867,0.011191264723597511,0.053342245195400824,0.036465373866808176,5.764039539765675e-07,5.76403956049594e-07,3.298798998359818e-10
14.680000000000001,-0.9998959512147693,-0.9998959512147693,-0.9800095188564446,-0.9800093845567518,-0.1465186399745551,0.0012857137492066164,-0.11481474839383095,-0.2740227342119776,0.010065477386597117,0.05113271713446719,0.03658199222079198,5.896931801752103e-07,5.896931821968987e-07,3.2308509364066467e-10
14.690000000000001,-0.9997596411964359,-0.9997596411964359,-0.9809762685141044,-0.9809761339786057,-0.14905814389720737,0.0004839552704905102,-0.11755198755703035,-0.27342247285655774,0.008939690049596922,0.048923189073533956,0.03670125630075068,6.028614054354176e-07,6.028614074018863e-07,3.156421207144892e-10
14.700000000000001,-0.9995670949618933,-0.9995670949618933,-0.9818878385153154,-0.981887703751579,-0.1515892633385672,-0.000315958604209287,-0.12028314534871719,-0.2728064605050666,0.007813902712596727,0.046713661012600716,0.036823141657635075,6.159061553198675e-07,6.159061572383502e-07,3.093319867486952e-10
14.71,-0.9993183233418163,-0.9993183233418163,-0.9827441775845058,-0.9827440426001119,-0.15411185592383456,-0.0011139816495710792,-0.12300806427839037,-0.2721747012218698,0.00698862759559571,0.04479514248622528,0.03694762334860378,6.288249663061185e-07,6.288249681692802e-07,3.0180795787705934e-10
14.72,-0.9990133403295429,-0.9990133403295429,-0.9835452375528286,-0.9835451023553701,-0.15662577975784112,-0.0019100677735509777,-0.12572658690139063,-0.2715272001134345,0.006163352478594692,0.04287662395984985,0.03707467593920958,6.416153858213036e-07,6.416153876342569e-07,2.9507638660265975e-10
14.73,-0.9986521630802873,-0.9986521630802874,-0.9842909733608715,-0.9842908379579535,-0.1591308934330334,-0.002704171020919552,-0.12843855582939628,-0.27086396334341845,0.005338077361593674,0.04095810543347441,0.03720427350560459,6.542749723809083e-07,6.542749741475895e-07,2.889539323891433e-10
14.74,-0.9982348119101745,-0.9982348119101745,-0.9849813430611926,-0.984981207460431,-0.161627056037429,-0.0034962455767864136,-0.13114381374107098,-0.2701849981476528,0.004512802244592657,0.03903958690709898,0.03733638963676573,6.668012956928537e-07,6.668012974076994e-07,2.8188581488765085e-10
14.75,-0.9977613102950975,-0.9977613102950975,-0.9856163078206776,-0.9856161720297003,-0.16411412716253884,-0.0042862457701121365,-0.13384220339285977,-0.2694903128490148,0.003687527127591639,0.03712106838072354,0.03747099743674363,6.791919367615806e-07,6.791919384181042e-07,2.737027797459214e-10
14.760000000000002,-0.9972316848693976,-0.9972316848693976,-0.9861958319227269,-0.9861956959491719,-0.16659196691126807,-0.005074126077207045,-0.1365335676299329,-0.26877991687217945,0.003167404227512464,0.03550434599797123,0.0376080695269369,6.914444880198878e-07,6.914444896205005e-07,2.6586258436408245e-10
14.770000000000001,-0.9966459654243652,-0.9966459654243652,-0.9867198827692618,-0.9867197466207778,-0.169060435905784,-0.005859841125216306,-0.1392177493972775,-0.26805382075824064,0.002647281327433382,0.03388762361521921,0.03774757804839407,7.035565534885269e-07,7.035565550404008e-07,2.5916307661369916e-10
14.780000000000001,-0.9960041849065647,-0.9960041849065647,-0.9871884308825607,-0.987188294566806,-0.17151939529535667,-0.006643345695590782,-0.14189459175093377,-0.26731203617919697,0.002127158427354299,0.03227090123246719,0.037889494664146435,7.155257489357969e-07,7.155257504456392e-07,2.535424976808485e-10
14.790000000000001,-0.9953063794159811,-0.9953063794159811,-0.9876014499069161,-0.9876013134315581,-0.17396870676416873,-0.007424594727543123,-0.1445639378693768,-0.2665545759522855,0.0016070355272752171,0.030654178849715163,0.03803379056157276,7.273497020648945e-07,7.273497035183416e-07,2.454585124738586e-10
14.8,-0.9945525882039892,-0.9945525882039891,-0.9879589166101164,-0.9879587799828318,-0.17640823253909585,-0.008203543321488567,-0.14722563106503897,-0.26578145405416875,0.0010869126271961346,0.02903745646696314,0.03818043645480136,7.390260526249359e-07,7.390260540404558e-07,2.404429721727749e-10
14.81,-0.9937428536711458,-0.9937428536711458,-0.9882608108847536,-0.988260674113228,-0.17883783539745587,-0.008980146742469903,-0.14987951479597522,-0.264992685634952,0.000874866264191265,0.02773162002919443,0.03832940258714952,7.505524527301466e-07,7.505524540935005e-07,2.329592847562236e-10
14.82,-0.9928772213648048,-0.9928772213648048,-0.9885071157493548,-0.9885069788412812,-0.1812573786747298,-0.009754360423566059,-0.1525254326776664,-0.26418828703203223,0.0006628199011863953,0.02642578359142572,0.0384806587336049,7.619265669639441e-07,7.619265682727257e-07,2.2499471976165378e-10
14.83,-0.9919557399765555,-0.9919557399765555,-0.9886978173493361,-0.9886976803124157,-0.18366672627224567,-0.01052613996928384,-0.1551632284949607,-0.26336827578376365,0.0004507735381815255,0.025119947153657007,0.03863417420335065,7.731460726495554e-07,7.731460739161339e-07,2.1909369956353314e-10
14.84,-0.9909784613394828,-0.990978461339483,-0.9888329049577826,-0.988832767799724,-0.18606574266483578,-0.011295441158932171,-0.15779274621415088,-0.26253267064293817,0.00023872717517665583,0.023814110715888296,0.0387899178423387,7.842086601275722e-07,7.842086613485691e-07,2.1255157458120263e-10
14.850000000000001,-0.9899454404252523,-0.9899454404252523,-0.9889123709760526,-0.9889122337045703,-0.18845429290846233,-0.012062219949978477,-0.16041382999518553,-0.2616814915900649,2.66808121717485e-05,0.022508274278119352,0.038947858035912664,7.95112032971057e-07,7.951120341413473e-07,2.0504781777268156e-10
14.860000000000001,-0.9888567353410184,-0.9888567353410184,-0.9889362109342029,-0.9889360735570188,-0.19083224264780227,-0.012826432481386528,-0.16302632420401098,-0.2608147598464467,0.0001239031880311664,0.02152066567281847,0.03910796271148469,8.058539082700378e-07,8.058539093875724e-07,1.9710364322010722e-10
14.870000000000001,-0.9877124073261548,-0.9877124073261548,-0.9889044234912423,-0.9889042860160836,-0.19319945812380968,-0.01358803507693528,-0.16563007342504468,-0.25993249788704037,0.00022112556389058429,0.020533057067517586,0.03927019934126871,8.164320169229411e-07,8.164320179935361e-07,1.9010422935611208e-10
14.88,-0.9865125207488105,-0.9865125207488105,-0.9888170104352061,-0.9888168728698059,-0.19555580618123936,-0.01434698424851821,-0.16822492247377432,-0.25903472945309647,0.0003183479397500022,0.019545448462216702,0.03943453494507395,8.268441039557817e-07,8.26844104986399e-07,1.842714974594094e-10
14.89,-0.9852571431022892,-0.9852571431022892,-0.9886739766830559,-0.988673839035152,-0.1979011542761338,-0.01510323669942262,-0.17081071640948403,-0.25812147956456516,0.00041557031560942003,0.01855783985691582,0.039600936093161135,8.37087928862168e-07,8.370879298384308e-07,1.7578567919360394e-10
14.9,-0.9839463450012523,-0.9839463450012523,-0.9884753302804019,-0.9884751925577374,-0.2002353704832811,-0.015856749327588383,-0.17338730054810092,-0.25719277453226597,0.0005127926914688379,0.017570231251614936,0.03976936890916559,8.471612658739192e-07,8.471612668080206e-07,1.6940611435310756e-10
14.91,-0.9825802001777478,-0.9825802001777478,-0.9882210824010526,-0.9882209446113741,-0.20255832350363506,-0.016607479228845562,-0.1759545204751646,-0.2562486419698083,0.0009187371866283282,0.016906403173628848,0.03993979907309027,8.57061904419032e-07,8.570619052976459e-07,1.6051449709994707e-10
14.92,-0.9811587854770615,-0.9811587854770618,-0.9879112473463837,-0.9879111094974419,-0.2048698826717002,-0.017355383700130497,-0.1785122220589141,-0.25528911080525574,0.0013246816817878188,0.01624257509564276,0.0401121918243718,8.667876493922977e-07,8.667876502290604e-07,1.5401500186874303e-10
14.930000000000001,-0.9796821808533959,-0.9796821808533955,-0.9875458425445356,-0.9875457046440841,-0.20716991796288448,-0.018100420242679854,-0.1810602514634882,-0.2543142112925294,0.0017306261769473813,0.015578747017656552,0.04028651196502381,8.763363216479636e-07,8.763363224357266e-07,1.4610490805044469e-10
14.940000000000001,-0.9781504693653712,-0.9781504693653708,-0.9871248885494318,-0.9871247506052279,-0.20945830000080756,-0.018842546565201852,-0.18359845516224096,-0.25332397502253484,0.002136570672106872,0.014914918939670462,0.04046272386285979,8.85705758325861e-07,8.85705759072833e-07,1.3961966567086952e-10
14.950000000000001,-0.9765637371713549,-0.9765637371713549,-0.9866484090396239,-0.9866482710594268,-0.21173490006458326,-0.01958172058702477,-0.1861266799511655,-0.2523184349340122,0.002542515167266362,0.014251090861684374,0.040640791454800235,8.948938133510054e-07,8.948938140448338e-07,1.3071712953455863e-10
14.96,-0.9749220735246146,-0.9749220735246146,-0.9861164308169582,-0.9861162928085294,-0.21399959009605926,-0.020317900441221493,-0.18864477296242615,-0.2512976253240982,0.0032548994141014705,0.013914775593951918,0.0408206782502672,9.038983577874804e-07,9.038983584506825e-07,1.259592890792994e-10
14.97,-0.9732255707682976,-0.9732255707682976,-0.9855289838050698,-0.9855288457761723,-0.21625224270701793,-0.021051044477710154,-0.19115258167799318,-0.2502615818585908,0.003967283660936578,0.013578460326219462,0.04100234733466912,9.127172804351824e-07,9.127172810469278e-07,1.171453866542122e-10
14.98,-0.9714743243302367,-0.9714743243302371,-0.9848861010476985,-0.9848859630060959,-0.21849273118634333,-0.02178111126633027,-0.19364995394337983,-0.24921034158191202,0.004679667907771686,0.013242145058487007,0.04118576137298062,9.213484881559486e-07,9.213484887285337e-07,1.1056855065071777e-10
14.99,-0.9696684327175825,-0.9696684327175825,-0.9841878187068293,-0.9841876806602864,-0.22072092950715033,-0.02250805959989357,-0.19613673798147713,-0.24814394292675707,0.005392052154606794,0.012905829790754551,0.04137088261341975,9.297899065049964e-07,9.297899070276644e-07,1.0179401840087004e-10
15.0,-0.9678079975112615,-0.9678079975112615,-0.9834341760606599,-0.9834340380169422,-0.22293671233387033,-0.023231848497209558,-0.19861278240648342,-0.24706242572342788,0.006104436401441903,0.012569514523022095,0.04155767289122737,9.380394801541958e-07,9.380394806302567e-07,9.352587532737736e-11
15.010000000000002,-0.9658931233602636,-0.9658931233602636,-0.9826252155013905,-0.9826250774682628,-0.2251399550293036,-0.02395243720608493,-0.2010779362379253,-0.24596583120883622,0.00711925511656911,0.012562602952321781,0.04174609363255083,9.460951734679979e-07,9.460951739105419e-07,8.771373541504358e-11
15.020000000000001,-0.963923917975755,-0.963923917975755,-0.9817609825328393,-0.9817608445180662,-0.22733053366162942,-0.024669785206296556,-0.20353204891476823,-0.24485420203517702,0.008134073831696138,0.01255569138162147,0.04193610585843738,9.539549710863016e-07,9.539549714832722e-07,7.939278197600608e-11
15.030000000000001,-0.9619004921250196,-0.9619004921250196,-0.9808415257678831,-0.9808413877792275,-0.22950832501137727,-0.025383852212537472,-0.20597497030961076,-0.24372758227825753,0.009148892546823165,0.012548779810921158,0.042127670188938884,9.616168784032375e-07,9.616168787738127e-07,7.479640470095471e-11
15.040000000000001,-0.9598229596252277,-0.9598229596252277,-0.9798668969257219,-0.9798667589709461,-0.23167320657835808,-0.02609459817733552,-0.20840655074296138,-0.24258601744548064,0.010163711261950191,0.012541868240220844,0.04232074684733317,9.69078922288813e-07,9.6907892260579e-07,6.4578058767057e-11
15.05,-0.9576914373370348,-0.9576914373370348,-0.9788371508289718,-0.9788370129158352,-0.23382505658855443,-0.02680198329394416,-0.21082664099759224,-0.24142955448346978,0.011178529977077219,0.012534956669520533,0.042515295664463604,9.763391515260622e-07,9.763391518063742e-07,5.7653184870027966e-11
15.06,-0.9555060451580079,-0.9555060451580079,-0.9777523454005791,-0.9777522075368392,-0.23596375400097014,-0.02750596799920493,-0.2132350923329679,-0.24025824178533486,0.01249007748051338,0.012857487655217078,0.04271127608320251,9.833956375951414e-07,9.833956378288856e-07,4.8542209530450095e-11
15.07,-0.95326690601588,-0.95326690601588,-0.9766125416605627,-0.9766124038539744,-0.2380891785144407,-0.028206512976381146,-0.21563175649974575,-0.23907212919756687,0.01380162498394954,0.01318001864091362,0.04290864716304027,9.902464752006845e-07,9.902464753926762e-07,4.026532805363009e-11
15.08,-0.9509741458616379,-0.9509741458616379,-0.9754178037225826,-0.9754176659808976,-0.24020121057439708,-0.02890357915796258,-0.21801648575434218,-0.23787126802655761,0.015113172487385702,0.013502549626610166,0.04310736758480428,9.968897829865098e-07,9.968897831400474e-07,3.2524305730705224e-11
15.09,-0.9486278936624357,-0.9486278936624364,-0.9741681987903332,-0.9741680611212993,-0.2422997313795924,-0.0295971277284403,-0.22038913287356257,-0.23665571104473784,0.016424719990821863,0.013825080612306709,0.04330739565551105,1.003323704187875e-06,1.0033237043099372e-06,2.6121204493754573e-11
15.100000000000001,-0.9462282813943411,-0.9462282813943411,-0.9728637971537616,-0.9728636595651228,-0.24438462288878607,-0.030287120127051773,-0.2227495511692912,-0.23542551249632485,0.017736267494258256,0.014147611598003311,0.043508689313354464,1.0095464073392457e-06,1.0095464074282517e-06,1.9245381015720594e-11
15.110000000000001,-0.9437754440349114,-0.9437754440349114,-0.9715046721851166,-0.9715045346846123,-0.246455767827379,-0.03097351805049543,-0.22509759450323594,-0.234180728102678,0.01933716978883037,0.01479777175356625,0.04371120613283418,1.0155560869612446e-06,1.015556087014416e-06,1.1618683429138835e-11
15.120000000000001,-0.9412695195556018,-0.9412695195556018,-0.9700909003348195,-0.9700907629301837,-0.24851304969401447,-0.03165628345561417,-0.22743311730172477,-0.23292141506725123,0.020938072083402485,0.01544793190912919,0.04391490333002651,1.021350964289236e-06,1.0213509643039562e-06,3.2511715295101347e-12
15.13,-0.9387106489140026,-0.9387106489140026,-0.9686225611271636,-0.9686224238261255,-0.25055635276713095,-0.032335378562048066,-0.22975597457054975,-0.23164763208013917,0.0225389743779746,0.016098092064692128,0.0441197377680015,1.0269292880088488e-06,1.0269292879867471e-06,4.934903123494051e-12
15.14,-0.936098976045913,-0.936098976045913,-0.9670997371558422,-0.9670995999661252,-0.2525855621114688,-0.03301076585485501,-0.23206602190985423,-0.23035943932221195,0.024139876672546717,0.01674825222025507,0.04432566596238942,1.032289335026193e-06,1.0322893349605497e-06,1.4820106148279243e-11
15.15,-0.9334346478572433,-0.9334346478572433,-0.9655225140793023,-0.9655223770086231,-0.2546005635845374,-0.03368240808709968,-0.23436311552906003,-0.22905689846883098,0.025740778967118832,0.017398412375818007,0.04453264408709926,1.0374294111964444e-06,1.0374294110994797e-06,2.2139133999147492e-11
15.16,-0.9307178142157516,-0.9307178142157516,-0.963890980615926,-0.9638908436719948,-0.2566012438430354,-0.03435026828240987,-0.23664711226182888,-0.22774007269314164,0.027622035197757525,0.018372546264340327,0.044740627980192516,1.0423478521703888e-06,1.0423478520370157e-06,3.0802267197961074e-11
15.17,-0.927948627942614,-0.9279486279426147,-0.9622052285390412,-0.9622050917295606,-0.258587490349225,-0.03501430973750035,-0.23891786958105526,-0.2264090266689379,0.02950329142839622,0.019346680152862648,0.04494957314991495,1.0470430241299455e-06,1.0470430239630637e-06,3.899173671889682e-11
15.180000000000001,-0.9251272448038288,-0.9251272448038281,-0.9604653526717561,-0.9604652160044221,-0.2605591913772657,-0.03567449602466349,-0.24117524561388454,-0.22506382657309243,0.03138454765903525,0.020320814041385138,0.04515943478088895,1.051513324627773e-06,1.0515133244346677e-06,4.565520125742709e-11
15.190000000000001,-0.9222538235014522,-0.9222538235014516,-0.9586714508816307,-0.958671314364131,-0.2625162360194928,-0.03633079099422596,-0.24341909915675553,-0.22370454008754953,0.03326580388967394,0.021294947929907458,0.04537016774046981,1.0557571834268753e-06,1.0557571831998417e-06,5.4325380200454604e-11
15.200000000000001,-0.9193285256646757,-0.9193285256646757,-0.9568236240751682,-0.956823487715181,-0.2644585141926614,-0.03698315877697263,-0.24564928969045774,-0.22233123640087407,0.035147060120312636,0.02226908181842978,0.04558172658526744,1.0597730632846969e-06,1.059773063034028e-06,6.071758955855961e-11
15.21,-0.9163515158407312,-0.9163515158407312,-0.9549219761921378,-0.9549218399973342,-0.2663859166441373,-0.03763156378653526,-0.2478656773952045,-0.2209439862093551,0.03729809318013432,0.023561712504824153,0.045794065567837286,1.0635594608759957e-06,1.0635594605886034e-06,7.048184305439321e-11
15.22,-0.9133229614856362,-0.9133229614856362,-0.9529666141997323,-0.9529664781777729,-0.2682983349580403,-0.038275970721747515,-0.2500681231657139,-0.21954286171765575,0.03944912623995601,0.024854343191218528,0.046007138643541674,1.0671149075422437e-06,1.0671149072509643e-06,7.234140350795889e-11
15.23,-0.9102430329547747,-0.9102430329547755,-0.9509576480865484,-0.9509575122450842,-0.270195661561344,-0.03891634456896479,-0.2522564886262928,-0.21812793663900878,0.041600159299777686,0.026146973877612903,0.04622089947758413,1.0704379703602163e-06,1.0704379700154878e-06,8.671971891299213e-11
15.24,-0.9071119034933154,-0.9071119034933154,-0.9488951908563995,-0.9488950552030719,-0.27207778972992824,-0.03955265060434896,-0.2544306361459234,-0.2166992861949531,0.04375119235959937,0.027439604564007274,0.04643530145221954,1.0735272527317985e-06,1.0735272523648005e-06,9.353143899194756e-11
15.25,-0.9039297492264633,-0.9039297492264633,-0.9467793585219615,-0.9467792230644008,-0.2739446135945793,-0.04018485439611796,-0.2565904288533403,-0.21525698711460733,0.04590222541942106,0.02873223525040165,0.04665029767414069,1.0763813955774748e-06,1.0763813951607255e-06,1.0762491060329128e-10
15.260000000000002,-0.9006967491495577,-0.9006967491495577,-0.9446102700982453,-0.9446101348440706,-0.275796028146947,-0.04081292180675951,-0.25873573065210426,-0.21380111763347773,0.04831094141807049,0.030336095094721908,0.04686584098204503,1.0789990779677683e-06,1.07899907754423e-06,1.1085788411201818e-10
15.270000000000001,-0.8974130851180002,-0.8974130851180002,-0.9423880475959027,-0.9423879125527226,-0.2776319292454509,-0.04143681899520882,-0.2608664062356554,-0.21233175749179656,0.0507196574167195,0.03193995493904188,0.04708188395438116,1.0813790182959138e-06,1.0813790178436583e-06,1.2000159432118842e-10
15.280000000000001,-0.8940789418370271,-0.8940789418370271,-0.9401128160143636,-0.9401126811897742,-0.2794522136211384,-0.04205651241899029,-0.2629823211023505,-0.21084898793239026,0.0531283734153685,0.03354381478336185,0.04729837891727842,1.0835199749648083e-06,1.0835199744905995e-06,1.2758415282706817e-10
15.290000000000001,-0.8906945068513186,-0.8906945068513186,-0.9377847033348045,-0.9377845687363896,-0.2812567788834932,-0.04267196883632238,-0.26508334157047825,-0.20935289169807,0.05553708941401751,0.03514767462768183,0.04751527795266025,1.0854207474347843e-06,1.08542074694259e-06,1.3430230439409583e-10
15.3,-0.8872599705344504,-0.8872599705344504,-0.9354038405129499,-0.9354037061482806,-0.2830455235261953,-0.043283155308186314,-0.26716933479324195,-0.2078435530285483,0.057945805412666515,0.0367515344720018,0.047732532906542405,1.0870801771326044e-06,1.0870801766119369e-06,1.441200601080825e-10
15.31,-0.8837755260781855,-0.8837755260781855,-0.9329703614717062,-0.9329702273483399,-0.28481834693282954,-0.04389003920035711,-0.2692401687737118,-0.20632105765687606,0.06059866167256622,0.038657605990757564,0.047950095397517795,1.0884971483535177e-06,1.0884971477998405e-06,1.5550213655261047e-10
15.32,-0.8802413694816043,-0.8802413694816043,-0.9304844030936267,-0.9304842692191083,-0.2865751493825477,-0.04449258818539798,-0.27129571237973915,-0.20478549280539846,0.06325151793246593,0.04056367750951333,0.048167916825428744,1.0896705892049496e-06,1.089670588635064e-06,1.6243636667128133e-10
15.33,-0.8766576995400841,-0.8766576995400841,-0.9279461052132153,-0.9279459715950754,-0.28831583205567474,-0.04509077024461676,-0.2733358353588259,-0.2032369471812288,0.06590437419236563,0.04246974902826909,0.04838594838022681,1.0905994726126411e-06,1.0905994720162994e-06,1.725473009908294e-10
15.34,-0.8730247178341143,-0.8730247178341152,-0.925355610609059,-0.9253554772548133,-0.29004029703926887,-0.045684553669985146,-0.27536040835294845,-0.20167551097123765,0.06855723045226533,0.04437582054702485,0.04860414105102183,1.0912828171741329e-06,1.091282816557386e-06,1.8119265784402938e-10
15.350000000000001,-0.869342628717958,-0.869342628717958,-0.9227130649957946,-0.9227129319129447,-0.29174844733263067,-0.046273907066019956,-0.277369302913328,-0.2001012758365599,0.07121008671216551,0.046281892065780955,0.04882244563532028,1.091719688164905e-06,1.091719687534539e-06,1.880839119139317e-10
15.360000000000001,-0.8656116393081571,-0.8656116393081571,-0.9200186170159179,-0.9200184842119493,-0.29344018685275536,-0.04685879935162627,-0.2793623915151449,-0.1985143349066133,0.0740921679103786,0.04847945863151186,0.04904081274845319,1.091909198489005e-06,1.0919091978347055e-06,1.9832027256915071e-10
15.370000000000001,-0.861831959471883,-0.861831959471883,-0.9172724182314171,-0.9172722857137996,-0.2951154204397409,-0.04743919976190236,-0.2813395475721862,-0.1969147827726324,0.07697424910859171,0.05067702519724276,0.049259192833192855,1.0918505095880437e-06,1.0918505089041354e-06,2.1063379062526193e-10
15.38,-0.8580038018151281,-0.8580038018151281,-0.9144746231152489,-0.9144744908914372,-0.2967740538621407,-0.048015077849906336,-0.28330064545143324,-0.1953027154807162,0.0798563303068048,0.05287459176297366,0.04947753616956094,1.0915428323848841e-06,1.0915428316962726e-06,2.1555280908898712e-10
15.39,-0.8541273816707522,-0.8541273816707522,-0.911625389042651,-0.9116252571200827,-0.29841599382226147,-0.04858640348838402,-0.28524556048757094,-0.19367823052438854,0.08273841150501791,0.05507215832870456,0.04969579288482435,1.090985428310598e-06,1.0909854276180492e-06,2.2038928202714594e-10
15.4,-0.8502029170863663,-0.8502029170863663,-0.908724876282289,-0.9087247446683846,-0.30004114796141357,-0.04915314687145855,-0.28717416899742465,-0.19204142683667288,0.08562049270323101,0.057269724894435464,0.04991391296368136,1.090177610206522e-06,1.0901776094735924e-06,2.3717905843566875e-10
15.41,-0.8462306288120683,-0.8462306288120683,-0.9057732479872409,-0.9057731166894037,-0.30164942486510504,-0.049715278516280804,-0.2890863482943126,-0.1903924047816813,0.08871559473083021,0.05974643098848775,0.0501318462586353,1.0891187431361082e-06,1.0891187424044691e-06,2.4082419560608555e-10
15.42,-0.8422107402880267,-0.8422107402880276,-0.9027706701858207,-0.9027705392114355,-0.3032407340681838,-0.05027276926464088,-0.29098197670231096,-0.18873126614571806,0.0918106967584294,0.06222313708254004,0.050349542500555705,1.0878082455714755e-06,1.0878082448254167e-06,2.4985175825503944e-10
15.430000000000001,-0.8381434776319114,-0.8381434776319105,-0.8997173117722359,-0.8997171811286709,-0.3048149860599279,-0.05082559028454075,-0.2928609335704327,-0.1870581141279012,0.09490579878602914,0.06469984317659278,0.05056695130942758,1.0862455901081147e-06,1.0862455893546092e-06,2.568153396347362e-10
15.440000000000001,-0.8340290696261731,-0.8340290696261721,-0.8966133444970944,-0.8966132141916979,-0.30637209228907675,-0.05137371307172738,-0.29472309928670515,-0.18537305333029952,0.09800090081362833,0.06717654927064506,0.05078402220528451,1.0844303044987846e-06,1.084430303737493e-06,2.6413859189061513e-10
15.450000000000001,-0.8298677477051777,-0.8298677477051777,-0.8934589429577369,-0.8934588129978379,-0.30791196516881547,-0.05191710945118701,-0.296568355292148,-0.18367618974758967,0.10109600284122754,0.06965325536469735,0.05100070461932624,1.0823619725555678e-06,1.0823619717631684e-06,2.799589516107631e-10
15.46,-0.8256597459421864,-0.8256597459421864,-0.8902542845884169,-0.8902541549813264,-0.30943451808170147,-0.05245575157859957,-0.2983965840946454,-0.1819676307562348,0.10438672390869132,0.07239517604444523,0.05121694790521884,1.080040234961721e-06,1.080040234172272e-06,2.8409867808709313e-10
15.47,-0.8214053010361886,-0.8214053010361886,-0.8869995496503233,-0.8869994204033317,-0.3109396653845343,-0.05298961194175417,-0.3002076692827082,-0.18024748510318556,0.1076774449761551,0.07513709672419311,0.05143270135057554,1.0774647903472045e-06,1.0774647895554375e-06,2.903119401941743e-10
15.48,-0.8171046522985886,-0.8171046522985896,-0.8836949212214391,-0.8836947923418157,-0.3124273224131749,-0.05351866336192483,-0.3020014955391209,-0.17851586289410756,0.1109681660436189,0.07787901740394099,0.05164791418861628,1.0746353960588984e-06,1.0746353952411935e-06,3.05574010999862e-10
15.49,-0.812758041639745,-0.812758041639745,-0.8803405851862405,-0.8803404566812355,-0.3138974054873082,-0.05404287899520665,-0.3037779486544668,-0.1767728755811371,0.11425888711108267,0.08062093808368886,0.051862535610003244,1.071551869000209e-06,1.0715518681723525e-06,3.1539847304916163e-10
15.5,-0.808365713555359,-0.808365713555359,-0.8769367302252455,-0.8769366021020876,-0.3153498319151486,-0.054562232333812466,-0.305536915540531,-0.17501863595016828,0.11754960817854646,0.08336285876343674,0.05207651477485122,1.0682140866094536e-06,1.0682140857698233e-06,3.2622110523486134e-10
15.510000000000002,-0.8039279151127287,-0.8039279151127287,-0.873483547804399,-0.8734834200702936,-0.31678451999809254,-0.055076697207330015,-0.3072782842435705,-0.17325325810767586,0.1210174466549501,0.08635457795337526,0.052289800824908333,1.0646219875953822e-06,1.0646219867828108e-06,3.2206407491171277e-10
15.520000000000001,-0.7994448959368459,-0.7994448959368459,-0.8699812321643007,-0.869981104826434,-0.3182013890353135,-0.05558624778393912,-0.30900194395745373,-0.17147685746707442,0.12448528513135311,0.08934629714331323,0.052502342895906245,1.0607755729502566e-06,1.0607755721243885e-06,3.340321216625534e-10
15.530000000000001,-0.7949169081963573,-0.7949169081963573,-0.8664299803092822,-0.866429853374817,-0.3196003593283019,-0.05609085857158971,-0.31070778503666013,-0.16968955073462266,0.12795312360775613,0.0923380163332512,0.052714090130075816,1.0566749065188397e-06,1.0566749056913408e-06,3.416523638398733e-10
15.540000000000001,-0.7903442065893796,-0.7903442065893796,-0.8628299919963244,-0.8628298654724005,-0.3209813521853475,-0.05659050441913984,-0.3123956990091348,-0.16789145589487225,0.13142096208415915,0.09532973552318919,0.05292499168882444,1.052320115997596e-06,1.0523201151673393e-06,3.500373456650727e-10
15.55,-0.7857270483291724,-0.7857270483291724,-0.8591814697238203,-0.8591813436175545,-0.3223442899259663,-0.0570851605174542,-0.3140655785889972,-0.1660826921956676,0.13488880056056218,0.09832145471312716,0.053134996765572706,1.0477113936424587e-06,1.0477113928083117e-06,3.5923457729902404e-10
15.56,-0.7810656931296716,-0.7810656931296716,-0.8554846187201866,-0.8554844930386718,-0.3236890958852694,-0.057574802400463046,-0.3157173176890987,-0.1642633801327023,0.13851425899647496,0.10154615187965506,0.05334405459874663,1.0428489970251698e-06,1.0428489962090234e-06,3.591604511442961e-10
15.57,-0.7763604031908757,-0.7763604031908757,-0.8517396469323159,-0.8517395216826225,-0.3250156944182768,-0.05805940594618174,-0.3173508114334193,-0.16243364143363476,0.14213971743238774,0.10477084904618295,0.05355211448492009,1.0377332498728853e-06,1.0377332490498517e-06,3.702351018758766e-10
15.58,-0.7716114431841044,-0.7716114431841044,-0.8479467650138846,-0.8479466402030579,-0.32632401090417057,-0.058538947377690505,-0.31896595616930856,-0.16059359904177126,0.1457651758683005,0.10799554621271085,0.05375912579210598,1.032364542651043e-06,1.0323645418226863e-06,3.8104378587198456e-10
15.590000000000002,-0.7668190802371058,-0.7668190802371058,-0.8441061863135005,-0.8441060619485603,-0.3276139717504933,-0.05901340326407465,-0.320562649479558,-0.15874337709931813,0.14939063430421393,0.1112202433792393,0.05396503797318932,1.026743333368274e-06,1.0267433325349639e-06,3.921234403846873e-10
15.600000000000001,-0.7619835839190321,-0.7619835839190321,-0.8402181268627029,-0.8402180029506455,-0.32888550439728736,-0.0594827505213259,-0.3221407901943035,-0.15688310093021393,0.1530160927401267,0.1144449405457672,0.054169800579499106,1.0208701482217197e-06,1.02087014739086e-06,4.0009871188811625e-10
15.610000000000001,-0.7571052262252762,-0.7571052262252762,-0.8362828053638108,-0.836282681911606,-0.33013853732117693,-0.05994696641320394,-0.32370027840275695,-0.15501289702254148,0.15677878748936952,0.11788448526834881,0.05437336327451445,1.0147455822631657e-06,1.0147455814485612e-06,4.015853916466168e-10
15.620000000000001,-0.7521842815621733,-0.7521842815621733,-0.8323004431776218,-0.832300320192213,-0.33137300003938985,-0.06040602855205897,-0.32524101546475603,-0.15313289301053276,0.16054148223861237,0.12132402999093042,0.05457567584769901,1.0083703000651756e-06,1.0083702992526973e-06,4.1021027270019533e-10
15.63,-0.7472210267315609,-0.7472210267315609,-0.8282712643109569,-0.828271141799263,-0.33258882311372445,-0.06085991489961495,-0.3267629040221356,-0.15124321765616613,0.16430417698785518,0.12476357471351204,0.054776688228459866,1.0017450362623248e-06,1.0017450354409375e-06,4.2489579242945367e-10
15.64,-0.7422157409152156,-0.7422157409152156,-0.824195495404066,-0.8241953733729782,-0.3337859381544531,-0.06130860376771408,-0.3282658480099106,-0.14934400083036983,0.16806687173709803,0.12820311943609364,0.054976350500224785,9.94870596113251e-07,9.948705953237696e-07,4.185967854280393e-10
15.65,-0.7371687056591448,-0.7371687056591448,-0.8200733657178751,-0.8200732441742578,-0.3349642778241703,-0.061752073819022264,-0.32974975266726986,-0.1474353734938341,0.17182956648634085,0.13164266415867526,0.05517461291463274,9.877478562292374e-07,9.877478554365167e-07,4.3100079184215114e-10
15.66,-0.7320802048577512,-0.7320802048577512,-0.8159051071210929,-0.8159049860717824,-0.3361237758415805,-0.062190304067695705,-0.3312145245483769,-0.14551746767743937,0.17570834231025675,0.1352777180656576,0.05537142590583201,9.80377764837892e-07,9.803777640627135e-07,4.323663298278082e-10
15.67,-0.7269505247378627,-0.7269505247378639,-0.8116909540771666,-0.8116908335289714,-0.33726436698522544,-0.06262327388000899,-0.3326600715329716,-0.14359041646231127,0.17958711813417266,0.13891277197263993,0.05556674010487981,9.72761342504791e-07,9.727613417278354e-07,4.447661279432336e-10
15.680000000000001,-0.721779953842635,-0.7217799538426337,-0.8074311436310913,-0.807431023590793,-0.33838598709715495,-0.06305096297494492,-0.33408630283677304,-0.14165435395950715,0.1834658939580893,0.14254782587962292,0.055760506354238196,9.648996824179745e-07,9.648996816625528e-07,4.440256858379884e-10
15.690000000000001,-0.7165687830153152,-0.7165687830153139,-0.8031259153960841,-0.803125795870435,-0.3394885730865327,-0.0634733514247452,-0.3354931290216736,-0.13970941528934372,0.1873446697820052,0.14618287978660524,0.05595267572235846,9.567939509777523e-07,9.567939502345976e-07,4.4872855390675745e-10
15.700000000000001,-0.7113173053828894,-0.7113173053828894,-0.7987755115400983,-0.7987753925358205,-0.34057206293318754,-0.0638904196554243,-0.3368804620057281,-0.13775573656037318,0.1912234456059211,0.1498179336935876,0.05614319951834955,9.484453880673205e-07,9.484453873484192e-07,4.461360475384488e-10
15.71,-0.7060258163395899,-0.7060258163395899,-0.7943801767722016,-0.7943800582959902,-0.3416363956911017,-0.06430214844724418,-0.33824821507292824,-0.13579345484801808,0.19519649461582436,0.15362805918956202,0.05633202930672258,9.398553075107285e-07,9.398553068117297e-07,4.460475128469984e-10
15.72,-0.7006946135302801,-0.7006946135302801,-0.7899401583288167,-0.7899400403873359,-0.34268151149183806,-0.0647085189351516,-0.3395963028827645,-0.13382270817287098,0.1991695436257276,0.15743818468553641,0.05651911692220572,9.310250973504353e-07,9.310250966682321e-07,4.478614863428737e-10
15.73,-0.6953239968337123,-0.6953239968337136,-0.7854557059598117,-0.7854555885596944,-0.343707351547908,-0.06510951260917819,-0.34092464147956897,-0.13184363547867034,0.20314259263563086,0.16124831018151084,0.056704414484622365,9.219562201734366e-07,9.219562194956229e-07,4.580258051595854e-10
15.74,-0.6899142683456609,-0.6899142683456609,-0.7809270719144474,-0.7809269550622988,-0.3447138581560794,-0.06550511131480283,-0.3422331483016315,-0.12985637660996044,0.20711564164553412,0.16505843567748524,0.05688787441382369,9.126502133333103e-07,9.126502126682003e-07,4.628637306764613e-10
15.75,-0.6844657323619244,-0.6844657323619244,-0.776354510927196,-0.7763543946295888,-0.34570097470062067,-0.06589529725327649,-0.343521742190099,-0.12786107228944446,0.21108869065543737,0.16886856117345966,0.05706944944467259,9.031086892277718e-07,9.031086885832932e-07,4.6215209510347205e-10
15.760000000000002,-0.6789786953612167,-0.6789786953612167,-0.7717382802034075,-0.7717381644668826,-0.3466686456564866,-0.06628005298191093,-0.3447903433976394,-0.12585786409504288,0.2151336749244967,0.17283233634685763,0.05724909264206708,8.933333354582684e-07,8.933333348508235e-07,4.4910027994997815e-10
15.770000000000001,-0.6734534659879221,-0.6734534659879221,-0.7670786394048428,-0.767078524235911,-0.34761681659244087,-0.06665936141433024,-0.3460388735968805,-0.12384689443666207,0.21917865919355528,0.1767961115202549,0.057426757415999466,8.833259150381467e-07,8.833259144453206e-07,4.521408881288917e-10
15.780000000000001,-0.667890355034736,-0.667890355034736,-0.7623758506350682,-0.7623757360402079,-0.34854543417411843,-0.0670332058206859,-0.34726725588861035,-0.12182830653268889,0.2232236434626139,0.18075988669365217,0.057602397536640676,8.730882663995909e-07,8.730882658197069e-07,4.5651487251745144e-10
15.790000000000001,-0.6622896754251829,-0.6622896754251829,-0.7576301784247121,-0.7576300644103693,-0.34945444616702515,-0.06740156982783567,-0.3484754148097445,-0.11980224438621602,0.22726862773167247,0.18472366186704944,0.057775967149444475,8.626223035185232e-07,8.626223029803187e-07,4.3761590243643296e-10
15.8,-0.656651742196014,-0.656651742196014,-0.7528418897165852,-0.7528417762891728,-0.3503438014394761,-0.06776443741948672,-0.3496632763410535,-0.11776885276101214,0.23131361200073108,0.18868743704044671,0.0579474207902625,8.519300160395038e-07,8.519300155224646e-07,4.3448392139608434e-10
15.81,-0.650976872479488,-0.650976872479488,-0.7480112538506655,-0.7480111410165631,-0.35121344996547155,-0.06812179293630291,-0.35083076791464674,-0.11572827715724626,0.23540778915591767,0.19278257610531746,0.058116713400461754,8.410134691369531e-07,8.410134686260497e-07,4.43991063794376e-10
15.82,-0.6452653854855278,-0.6452653854855278,-0.743138542548945,-0.7431384303145002,-0.3520633428275115,-0.06847362107597631,-0.35197781842121667,-0.11368066378697596,0.23950196631110426,0.19687771517018818,0.058283800342038464,8.298748034943348e-07,8.298748030107083e-07,4.349307174235758e-10
15.83,-0.639517602483772,-0.639517602483772,-0.7382240299001501,-0.7382239182716764,-0.3528934322193465,-0.06881990689326431,-0.35310435821703157,-0.1116261595494111,0.24359614346629083,0.20097285423505892,0.05844863741271731,8.185162352972175e-07,8.185162348499778e-07,4.1650765716001946e-10
15.840000000000002,-0.6337338467854989,-0.6337338467854989,-0.733267992344322,-0.7332678813280976,-0.35370367144866705,-0.06916063579999138,-0.35421031913068474,-0.10956491200596483,0.24769032062147814,0.20506799329993036,0.0586111808610308,8.069400560667406e-07,8.069400556440221e-07,4.079567470045632e-10
15.850000000000001,-0.6279144437254418,-0.6279144437254418,-0.7282707086572665,-0.7282705982595366,-0.3544940149397301,-0.0694957935650165,-0.3552956344695898,-0.10749706935510105,0.25178449777666473,0.2091631323648011,0.05877138740136795,7.95148632444509e-07,7.951486320505625e-07,3.942737613249626e-10
15.860000000000001,-0.622059720643488,-0.622059720643488,-0.7232324599348731,-0.7232323501618477,-0.35526441823592275,-0.06982536631416601,-0.3563602390262235,-0.10542278040699117,0.2559048488646514,0.21336661095961112,0.05892921422898488,7.831444060121817e-07,7.831444056735498e-07,3.517338484956481e-10
15.870000000000001,-0.6161700068662689,-0.6161700068662689,-0.7181535295773052,-0.7181534204351578,-0.3560148380022625,-0.07014934053013319,-0.3574040690841178,-0.10334219455799078,0.26002519995263806,0.21757008955442114,0.059084619034970115,7.709298931179998e-07,7.709298928093005e-07,3.330320996664977e-10
15.88,-0.6102456336886285,-0.6102456336886285,-0.7130342032730539,-0.7130340947679251,-0.35674523202783576,-0.07046770305234377,-0.3584270624235919,-0.10125546176494776,0.26414555104062476,0.22177356814923116,0.05923756002115334,7.585076844396355e-07,7.58507684149757e-07,3.250729168064652e-10
15.89,-0.6042869343549974,-0.6042869343549974,-0.7078747689828752,-0.7078746611208684,-0.35745555922817096,-0.07078044107678777,-0.35942915832722816,-0.0991627325193538,0.2682659021286114,0.22597704674404118,0.059387995914951294,7.458804446996981e-07,7.458804444426329e-07,2.999054038575307e-10
15.9,-0.598294244040642,-0.598294244040642,-0.7026755169235874,-0.70267540971077,-0.35814577964755034,-0.07108754215581975,-0.36041029758508913,-0.09706415782135006,0.2723862532165981,0.2301805253388512,0.059535885984141154,7.330509123257278e-07,7.330509121081792e-07,2.642702180490297e-10
15.91,-0.5922678998328124,-0.5922678998328124,-0.6974367395517483,-0.6974366329941506,-0.3588158544612573,-0.07138899419792477,-0.36137042249967327,-0.09495988915360033,0.2765096121246849,0.23446870997781732,0.05968119005155286,7.200218990061069e-07,7.200218988124425e-07,2.4517727483407495e-10
15.92,-0.5862082407117813,-0.5862082407117828,-0.6921587315472048,-0.6921586256508194,-0.35946574597776026,-0.07168478546745323,-0.3623094768906077,-0.09285007845504184,0.2806329710327716,0.23875689461678345,0.05982386850967128,7.067962891418866e-07,7.067962889968019e-07,1.915985645285347e-10
15.930000000000001,-0.5801156075317779,-0.5801156075317765,-0.6868417897965116,-0.6868416845672968,-0.36009541764083297,-0.07197490458432339,-0.3632274060990818,-0.09073487809452699,0.28475632994085914,0.24304507925575036,0.05996388233514113,6.933770394790262e-07,6.933770393637235e-07,1.5898861978958435e-10
15.940000000000001,-0.5739903430018094,-0.573990343001808,-0.681486213376244,-0.6814861088201188,-0.3607048340316102,-0.07225934052369265,-0.36412415699201206,-0.08861444084436677,0.2888796888489459,0.2473332638947165,0.06010119310316326,6.797671783867476e-07,6.797671783186483e-07,9.814252634147869e-11
15.950000000000001,-0.5678327916663918,-0.5678327916663918,-0.6760923035361638,-0.6760921996590078,-0.36129396087058047,-0.07253808261559744,-0.36499967796594635,-0.08648891985378958,0.2930030477570327,0.2516214485336826,0.06023576300177607,6.659698054134466e-07,6.659698053680004e-07,6.824075486019173e-11
15.96,-0.5616432998861642,-0.5616432998861642,-0.6706603636822747,-0.6706602604899322,-0.3618627650195148,-0.07281112054456146,-0.3658539189506963,-0.08435846862232545,0.2971062314614612,0.255970229482828,0.06036755484601039,6.519880904679032e-07,6.519880904732994e-07,8.276585458490554e-12
15.97,-0.5554222158184072,-0.5554222158184072,-0.6651906993597623,-0.6651905968580382,-0.36241121448332964,-0.07307844434917538,-0.36668683141271086,-0.08222324097313043,0.3012094151658898,0.26031901043197336,0.06049653209191322,6.378252733058032e-07,6.378252733615007e-07,8.732406946829475e-11
15.98,-0.5491698893974595,-0.549169889397461,-0.659683618235804,-0.6596835164304625,-0.3629392784118871,-0.07334004442164493,-0.3674983683581774,-0.08008339102626064,0.3053125988703183,0.2646677913811188,0.06062265885042725,6.234846626970714e-07,6.234846627915798e-07,1.515810217697688e-10
15.99,-0.542886672315035,-0.542886672315035,-0.6541394300822582,-0.6541393289790272,-0.3634469271017308,-0.07359591150730942,-0.3682884843358554,-0.07793907317191005,0.3094157825747469,0.26901657233026416,0.06074589990111948,6.08969635655654e-07,6.089696357775639e-07,2.0019053648174607e-10
16.0,-0.5365729180004349,-0.5365729180004349,-0.6485584467582483,-0.6485583463628146,-0.36393413199775554,-0.0738460367041319,-0.369057135439647,-0.07579044204362406,0.3135189662791754,0.27336535327940953,0.060866220705751366,5.942836366137905e-07,5.942836367681675e-07,2.5976998026152906e-10
16.01,-0.5302289816006763,-0.5302289816006763,-0.6429409821926144,-0.6429408825106245,-0.36440086569481445,-0.0740904114621595,-0.3698042793108937,-0.07363765249149955,0.317578905188522,0.27775028011025826,0.060983587421678996,5.794301765754684e-07,5.794301767832594e-07,3.5861275517190936e-10
16.02,-0.5238552199605089,-0.5238552199605089,-0.6372873523662573,-0.6372872534033202,-0.36484710193926007,-0.07432902758295576,-0.3705298751404104,-0.07148085955538674,0.32163884409786714,0.28213520694110544,0.061097966915077545,5.644128322629394e-07,5.644128325074324e-07,4.331811320524865e-10
16.03,-0.5174519916023442,-0.5174519916023442,-0.6315978752943642,-0.6315977770560444,-0.36527281563042135,-0.07456187721900447,-0.3712338836702458,-0.06932021843810161,0.32569878300721367,0.2865201337719542,0.061209326773978646,5.492352450342519e-07,5.492352453409625e-07,5.584321705544911e-10
16.04,-0.5110196567060893,-0.5110196567060908,-0.6258728710085214,-0.6258727735003455,-0.36567798282201536,-0.07478895287308615,-0.37191626719518084,-0.06715588447866391,0.3297587219165588,0.29090506060280136,0.061317635321115435,5.339011200644617e-07,5.339011204085528e-07,6.444847817735877e-10
16.05,-0.5045585770888859,-0.5045585770888859,-0.6201126615387063,-0.6201125647661601,-0.3660625807234945,-0.07501024739762724,-0.3725769895639572,-0.06498801312557059,0.3338186608259054,0.2952899874336501,0.061422861626564275,5.18414225138264e-07,5.184142255261886e-07,7.48290960159078e-10
16.060000000000002,-0.49806911618476035,-0.4980691161847588,-0.6143175708951869,-0.6143174748637122,-0.3664265877013282,-0.07522575399402243,-0.3732160161802367,-0.06281675991011981,0.33781252848671406,0.2996864064924291,0.06152497552017516,5.027783896785487e-07,5.027783901265831e-07,8.911170020020503e-10
16.07,-0.49155163902417454,-0.49155163902417454,-0.6084879250502842,-0.6084878297652836,-0.36676998328021976,-0.07543546621193008,-0.3738333140032978,-0.060642280419794324,0.3418063961475213,0.3040828255512066,0.0616239476037841,4.86997503656994e-07,4.869975041436618e-07,9.993228959546349e-10
16.080000000000002,-0.48500651221350166,-0.4850065122135001,-0.6026240519200354,-0.6026239573868691,-0.36709274814425874,-0.07563937794854203,-0.37442885154846345,-0.058464730271719216,0.34580026380833,0.30847924460998566,0.06171974926319748,4.710755163173097e-07,4.7107551685660447e-07,1.1448159390833758e-09
16.09,-0.4784341039143991,-0.47843410391440067,-0.596726281345765,-0.5967261875697485,-0.36739486413800626,-0.07583748344782788,-0.3750025988872667,-0.056284265086203746,0.34979413146913724,0.3128756636687631,0.061812352679942104,4.55016435085831e-07,4.550164356939799e-07,1.3365427182731237e-09
16.1,-0.4718347838231008,-0.4718347838231008,-0.5907949450755043,-0.5907948520619146,-0.3676763142675177,-0.07602977729975396,-0.3755545276473493,-0.05410104046038138,0.3537879991299459,0.31727208272754215,0.06190173084277117,4.388243243572121e-07,4.388243249985966e-07,1.4615974579576903e-09
16.11,-0.4652089231496217,-0.4652089231496233,-0.5848303767453616,-0.5848302844994303,-0.36793708270129716,-0.07621625443947705,-0.376084611012098,-0.051915211941957785,0.3576933405653549,0.3216552757469916,0.061987857558919446,4.225033040511361e-07,4.225033047536521e-07,1.6627467514168875e-09
16.12,-0.4585568945968793,-0.4585568945968793,-0.5788329118607287,-0.5788328203876435,-0.3681771547711893,-0.0763969101465146,-0.3765928237200225,-0.049726935003080425,0.3615986820007653,0.3260384687664426,0.06207070746510124,4.0605754853678677e-07,4.060575492708768e-07,1.8078473158338963e-09
16.13,-0.45187907233972263,-0.45187907233972263,-0.5728028877774253,-0.5728027970823337,-0.36839651697320325,-0.07657174004389046,-0.3770791420638665,-0.047536365014340394,0.3655040234361743,0.3304216617858921,0.06215025603823998,3.8949128502996366e-07,3.8949128584136903e-07,2.0832439506610997e-09
16.14,-0.44517583200389443,-0.44517583200389443,-0.5667406436827161,-0.5667405537707177,-0.36859515696827316,-0.0767407400972571,-0.37754354388946393,-0.04534365721891843,0.36940936487158466,0.3348048548053431,0.062226479605925825,3.7280879250367605e-07,3.7280879334985603e-07,2.2697425601824048e-09
16.150000000000002,-0.4384475506448961,-0.4384475506448961,-0.5606465205762331,-0.5606464314523854,-0.3687730635829515,-0.07690390661399553,-0.3779860085943372,-0.04314896670688657,0.37331470630699504,0.3391880478247941,0.062299355356592465,3.560143999672971e-07,3.5601440085314974e-07,2.4882494189077554e-09
16.16,-0.43169460672678006,-0.43169460672678006,-0.554520861250794,-0.5545207729201123,-0.36893022681003823,-0.07706123624229136,-0.3784065171260368,-0.0409524483896773,0.37710956426678804,0.34353337089926184,0.06236886134940523,3.3911248515511305e-07,3.39112486123637e-07,2.8560550888033497e-09
16.17,-0.42491738010086116,-0.42491738010086116,-0.548364010273121,-0.5483639227405716,-0.3690666378091433,-0.07721272597018972,-0.3788050519802292,-0.03875425697473028,0.38090442222658244,0.3478786939737311,0.06243497652385529,3.2210747314548316e-07,3.221074741586027e-07,3.145284165712924e-09
16.18,-0.41811625198435176,-0.41811625198435176,-0.5421763139644594,-0.5421762272349666,-0.36918228890718385,-0.07735837312462847,-0.3791815971985288,-0.03655454694032962,0.38469928018637545,0.3522240170481988,0.062497680709051436,3.05003834584483e-07,3.0500383565630297e-07,3.51411967609659e-09
16.19,-0.4112916049389119,-0.4112916049389103,-0.5359581203810908,-0.5359580344595339,-0.3692771735988162,-0.07749817537044895,-0.3795361383660852,-0.03435347251064067,0.38849413814616984,0.35656934012266805,0.06255695463270557,2.8780608433975896e-07,2.8780608545967617e-07,3.8912214418213635e-09
16.2,-0.4044438228491401,-0.4044438228491417,-0.5297097792947719,-0.529709694185982,-0.3693512865468014,-0.0776321307093872,-0.3798686626089146,-0.03215118763095895,0.39228899610596285,0.3609146631971358,0.06261277992980144,2.7051877976580485e-07,2.7051878096864426e-07,4.4464173715257695e-09
16.21,-0.39757329090097326,-0.39757329090097326,-0.5234316421730326,-0.5234315578817992,-0.36940462358230575,-0.07776023747904423,-0.38017915859099044,-0.029947845943180902,0.39595203451821465,0.3651976853395757,0.06266513915094472,2.5314651928842746e-07,2.531465205219641e-07,4.872816816292177e-09
16.220000000000002,-0.39068039556002193,-0.3906803955600203,-0.517124062159435,-0.5171239786904996,-0.36943718170513495,-0.07788249435183597,-0.3804676165110849,-0.027743600761507173,0.3996150729304664,0.3694807074820156,0.06271401577038463,2.3569394043410075e-07,2.3569394174965229e-07,5.58160948240488e-09
16.23,-0.3837655245498316,-0.38376552454983326,-0.5107873940536962,-0.5107873114117515,-0.36944895908390335,-0.07799890033392425,-0.380734028099375,-0.02553860504838926,0.40327811134271685,0.373763729624454,0.06275939419370545,2.1816571850463706e-07,2.18165719896984e-07,6.3820610130801525e-09
16.240000000000002,-0.376829066830075,-0.37682906683007333,-0.5044219942917174,-0.5044219124814141,-0.36943995505613636,-0.07810945476412855,-0.3809783866138037,-0.023333011390729064,0.40694114975496865,0.3780467517668939,0.06280125976517813,2.0056656470368583e-07,2.005665661211444e-07,7.06727249929113e-09
16.25,-0.36987141257466655,-0.36987141257466655,-0.4980282209255644,-0.4980281399515037,-0.3694101701283082,-0.07821415731281839,-0.3812006868362073,-0.02112697197634203,0.4106041881672191,0.38232977390933226,0.06283959877476945,1.8290122427710997e-07,1.8290122576160814e-07,8.116392649226123e-09
16.26,-0.3628929531498253,-0.3628929531498253,-0.4916064336032986,-0.4916063534700345,-0.3693596059758132,-0.07831300798078865,-0.3814009250682075,-0.018920638570693326,0.4141148120974505,0.3865264144111994,0.06287439846480244,1.6517447504194038e-07,1.651744765853553e-07,9.344148982867844e-09
16.27,-0.35589408109205384,-0.35589408109205384,-0.4851569935487652,-0.4851569142608074,-0.3692882654428716,-0.07840600709811636,-0.381579099126873,-0.016714162493916575,0.41762543602768065,0.390723054913065,0.06290564703626354,1.4739112540185229e-07,1.4739112700805521e-07,1.0897555105702621e-08
16.28,-0.34887519008606005,-0.34887519008606005,-0.4786802635412666,-0.4786801851030728,-0.36919615254236965,-0.07849315532299987,-0.38173520834015284,-0.01450769459812521,0.42113605995791203,0.3949196954149322,0.06293333365475182,1.2955601265407513e-07,1.2955601429237007e-07,1.2645456494928898e-08
16.29,-0.34183667494261233,-0.341836674942614,-0.47217660789515964,-0.4721765303111428,-0.3690832724556336,-0.07857445364058181,-0.3818692535420831,-0.012301385245025062,0.42464668388814214,0.39911633591679785,0.06295744845606502,1.116740010048689e-07,1.1167400272456635e-07,1.539926393259348e-08
16.3,-0.33477893157633165,-0.33477893157633165,-0.465646392439355,-0.4656463157138799,-0.3689496315321386,-0.07864990336175517,-0.38198123706777354,-0.010095384283837517,0.4281573078183735,0.403312976418665,0.06297798255141991,9.374997997357859e-08,9.374998177060965e-08,1.9168335041975655e-08
16.310000000000002,-0.32770235698342304,-0.3277023569834214,-0.45908998449675475,-0.4590899086341357,-0.3687952372891514,-0.0787195061219535,-0.38207116274817227,-0.007889841029541999,0.4314957792617694,0.40739964024042247,0.06299492803230082,7.578886233872151e-08,7.57888642129734e-08,2.472991132515002e-08
16.32,-0.3206073492193382,-0.3206073492193382,-0.45250775286357703,-0.452507677868082,-0.36862009841130744,-0.07878326387992494,-0.38213903590461734,-0.005684904241446463,0.4348342507051641,0.4114863040621785,0.06300827797493451,5.779558234775273e-08,5.779558426938824e-08,3.324882920299363e-08
16.330000000000002,-0.3134943073763948,-0.3134943073763931,-0.445900067788611,-0.44589999366445915,-0.36842422475012243,-0.078841178916492,-0.38218486334317225,-0.003480722102094085,0.43817272214855996,0.415572967883936,0.06301802644438613,3.977509371866361e-08,3.9775095694779176e-08,4.0382333456018e-08
16.34,-0.3063636315613209,-0.30636363156132257,-0.4392673009524077,-0.43926722770376614,-0.36820762732343815,-0.0788932538332954,-0.38220865334875687,-0.001277442196514493,0.4415111935919547,0.41965963170569204,0.06302416849827544,2.1732367808113828e-08,2.17323698676532e-08,4.279543074856931e-08
16.35,-0.299215722872751,-0.299215722872751,-0.43260982544634313,-0.4326097530773347,-0.3679703183148027,-0.07893949155152477,-0.38221041567906766,0.0009247885081727147,0.44484966503535056,0.4237462955274495,0.06302670019010731,3.6723917656855676e-09,3.672393862219376e-09,4.357251004248351e-08
16.36,-0.29205098337866414,-0.29205098337866586,-0.42592801575166744,-0.42592794426636177,-0.36771231107278535,-0.07897989531063422,-0.3821901615582996,0.0031258236827943955,0.4479972138910008,0.4277000059584615,0.06302561857221635,-1.4399833672684714e-08,-1.4399831492478959e-08,4.4579348785083495e-08
16.37,-0.28486981609376943,-0.28486981609376943,-0.419222247718409,-0.4192221771208265,-0.36743362011022535,-0.07901446866704556,-0.3821479036706673,0.0053255176557929,0.45114476274665216,0.4316537163894749,0.06302092169832171,-3.2479295794529683e-08,-3.247929356511415e-08,4.4151752450017975e-08
16.380000000000003,-0.27767262495682976,-0.27767262495682804,-0.4124928985442517,-0.41249282883836513,-0.3671342611034158,-0.07904321549283734,-0.3820836561537324,0.007523725432520474,0.4542923116023035,0.4356074268204883,0.06301260862569047,-5.056097218680833e-08,-5.0560969884999186e-08,4.352980893150949e-08
16.39,-0.27045981480795056,-0.27045981480795056,-0.4057403467533171,-0.40574027794304646,-0.36681425089122205,-0.07906613997442187,-0.3819974345915401,0.009720302714152185,0.45743986045795376,0.4395611372515003,0.06300067941690765,-6.863983248450722e-08,-6.863983011407247e-08,3.453439011564512e-08
16.400000000000002,-0.26323179136580094,-0.26323179136580094,-0.39896497217485816,-0.3989649042640733,-0.3664736074741341,-0.07908324661120986,-0.381889256007566,0.011915105916210703,0.4605874093136051,0.4435148476825137,0.06298513514125018,-8.671084046618649e-08,-8.671083802661765e-08,2.813453113102851e-08
16.41,-0.2559889612047937,-0.2559889612047937,-0.39216715592191004,-0.39216708891443314,-0.36611235001325426,-0.07909454021426303,-0.38175913885748464,0.014107992186696427,0.46352633891684303,0.4473133755244754,0.06296597787566592,-1.0476895599687008e-07,-1.0476895349539067e-07,2.387615104573814e-08
16.42,-0.24873173173221566,-0.24873173173221566,-0.38534728036984445,-0.3853472142694424,-0.3657304988292196,-0.0791000259049352,-0.3816071030217526,0.01629881942381704,0.46646526852008197,0.45111190336643847,0.06294321070535296,-1.2280913704032503e-07,-1.2280913448282245e-07,2.082501880017915e-08
16.43,-0.24146051116531284,-0.24146051116531284,-0.37850572913486485,-0.37850566394525653,-0.3653280754010585,-0.07909970911350289,-0.38143316979802233,0.018487446293310363,0.4694041981233199,0.45491043120840013,0.06291683772394202,-1.4082634165746288e-07,-1.408263390359612e-07,1.8615137196293558e-08
16.44,-0.23417570850832145,-0.23417570850831973,-0.37164288705241927,-0.3716428227772724,-0.36490510236498247,-0.07909359557778424,-0.38123736189337987,0.020673732245355243,0.47234312772655884,0.4587089590503632,0.06288686403327824,-1.5881552997698556e-07,-1.5881552728382077e-07,1.6957817587608646e-08
16.45,-0.2268777335294719,-0.22687773352947363,-0.3647591401555734,-0.36475907679850106,-0.36446160351311374,-0.0790816913417485,-0.38101970341641805,0.022857537531064658,0.4752820573297968,0.4625074868923249,0.06285329574280418,-1.7677166617990903e-07,-1.767716634357965e-07,1.552348620957413e-08
16.46,-0.2195669967379325,-0.2195669967379325,-0.35785487565326557,-0.35785481321783397,-0.3639976037921452,-0.07906400275411536,-0.38078021986914773,0.025038723218556606,0.4779958439492832,0.46612947543989797,0.06281613996854309,-1.9468972062286483e-07,-1.9468971777981676e-07,1.4602969547870706e-08
16.470000000000002,-0.2122439093607201,-0.21224390936071838,-0.3509304819085582,-0.35093042039827943,-0.363513129301939,-0.07904053646694459,-0.3805189381387477,0.027217151208597475,0.48070963056876953,0.46975146398747103,0.06277540483168235,-2.1256467155894576e-07,-2.1256466867890364e-07,1.3549015923056182e-08
16.48,-0.20490888331956883,-0.20490888331957058,-0.3439863484167787,-0.34398628783511015,-0.363008207294058,-0.07901129943421686,-0.3802358864891624,0.029392684249813616,0.48342341718825493,0.4733734525350428,0.06273109945675792,-2.303915075246854e-07,-2.3039150456480646e-07,1.2847170354401557e-08
16.490000000000002,-0.19756233120776118,-0.19756233120775943,-0.3370228657835953,-0.3370228061339472,-0.3624828661702313,-0.07897629891040579,-0.3799310945525486,0.03156518595346689,0.48613720380774134,0.4769954410826159,0.06268323396944067,-2.4816522894988147e-07,-2.4816522592739665e-07,1.217932435939731e-08
16.5,-0.19020466626691288,-0.19020466626691288,-0.3300404257030781,-0.3300403669888048,-0.36193713548075906,-0.07893554244904133,-0.379604593320578,0.03373452080779022,0.48885099042722674,0.48061742963018766,0.06263181949392543,-2.6588085040579745e-07,-2.6588084729850637e-07,1.1686780283462749e-08
16.51,-0.18283630236373857,-0.18283630236373857,-0.32303942093563565,-0.32303936316003895,-0.36137104592284836,-0.07888903790126531,-0.37925641513559594,0.035900554191879756,0.49132437616737634,0.48404251474616555,0.06257686814992337,-2.835334023676417e-07,-2.835333992289093e-07,1.1070062062281799e-08
16.52,-0.17545765396676502,-0.17545765396676502,-0.31602024528594186,-0.3160201884522742,-0.36078462933888766,-0.07883679341437932,-0.37888659368164856,0.038063152389139314,0.49379776190752506,0.48746759986214216,0.06251839304926114,-3.011179334766467e-07,-3.011179302571384e-07,1.069185185117952e-08
16.53,-0.16806913612301902,-0.16806913612301902,-0.30898329358077625,-0.3089832376922319,-0.3601779187146553,-0.07877881743038563,-0.3784951639753692,0.040222182600275616,0.49627114764767466,0.49089268497812005,0.06245640829208467,-3.186295121290761e-07,-3.186295088688664e-07,1.0231976552217804e-08
16.54,-0.1606711644346811,-0.16067116443468285,-0.3019289616468184,-0.30192890670654193,-0.35955094817746397,-0.07871511868452052,-0.3780821623567462,0.04237751295583985,0.4987445333878234,0.49431777009409666,0.06239092896267491,-3.360632287868759e-07,-3.360632254455762e-07,9.942473385148026e-09
16.55,-0.15326415503570812,-0.15326415503570812,-0.2948576462883745,-0.2948575922994573,-0.35890375299424065,-0.0786457062037818,-0.3776476264797639,0.04452901252831413,0.501217919127973,0.49774285521007455,0.06232197112487402,-3.5341419761525383e-07,-3.534141942012498e-07,9.660064770603365e-09
16.560000000000002,-0.1458485245684275,-0.14584852456842573,-0.2877697452650742,-0.28776969223055143,-0.3582363695695442,-0.0785705893054493,-0.3771915953029217,0.04667655134374027,0.5034369977143972,0.5009517798199729,0.06224955181712411,-3.7067755857822515e-07,-3.7067755510584477e-07,9.367657430321202e-09
16.57,-0.13842469016009423,-0.13842469016009423,-0.280665657269481,-0.28066560519233663,-0.3575488354435163,-0.07848977759560027,-0.3767141090796457,0.048820000392888724,0.5056560763008207,0.5041607044298699,0.06217368904712534,-3.8784847932599176e-07,-3.878484757943191e-07,9.105805043697124e-09
16.580000000000002,-0.13099306939943808,-0.13099306939943633,-0.2735457819046666,-0.27354573078783084,-0.35684118928976977,-0.0784032809676187,-0.37621520934858477,0.05095923164196619,0.507875154887245,0.5073696290397681,0.062094401786111246,-4.049221570615047e-07,-4.049221534599981e-07,8.894318390345749e-09
16.59,-0.12355408031316736,-0.12355408031316913,-0.2664105196617513,-0.26641046950809677,-0.356113470913215,-0.07831110960069944,-0.3756949389238057,0.05309411804286046,0.5100942334736684,0.5105785536496652,0.06201170996274866,-4.2189382038620993e-07,-4.2189381673107636e-07,8.663633812517755e-09
16.6,-0.11610814134245669,-0.11610814134245669,-0.25926027189734474,-0.25926022270969534,-0.35536572124781773,-0.07821327395834765,-0.37515334188488725,0.05522453354292159,0.5123133120600927,0.5137874782595635,0.061925634456663665,-4.3875873124293863e-07,-4.38758727529108e-07,8.464402773190737e-09
16.61,-0.1086556713194099,-0.10865567131941166,-0.25209544081100693,-0.25209539259212843,-0.3545979823543005,-0.07810978478687364,-0.37459046356691855,0.05735035309427808,0.5142656070257315,0.5167622006218958,0.06183619709159781,-4.555121866992029e-07,-4.555121829082894e-07,8.322309674963853e-09
16.62,-0.10119708944350254,-0.10119708944350254,-0.2449164294225921,-0.24491638217519593,-0.3538102974177729,-0.07800065311388313,-0.37400635055040643,0.059471452662687746,0.5162179019913711,0.5197369229842291,0.06174342062819822,-4.7214952073049155e-07,-4.7214951687442636e-07,8.167042470200444e-09
16.630000000000003,-0.093732815257995,-0.09373281525799322,-0.23772364154959796,-0.23772359527634354,-0.35300271074530515,-0.07788589024676389,-0.37340105065109686,0.06158770923592327,0.5181701969570107,0.5227116453465626,0.0616473287564464,-4.88666106114588e-07,-4.886661021824678e-07,8.046640082507839e-09
16.64,-0.08626326862634386,-0.08626326862634386,-0.23051748178445106,-0.23051743648794032,-0.352175267763435,-0.07776550777116882,-0.37277461290971425,0.06369900083169205,0.5201224919226496,0.5256863677088949,0.06154794608772939,-5.050573560899663e-07,-5.050573521115148e-07,7.87722710769337e-09
16.650000000000002,-0.07878886970857764,-0.07878886970857764,-0.2232983554717329,-0.22329831115451299,-0.35132801501561145,-0.07763951754949526,-0.37212708758162566,0.06580520650509054,0.5220747868882891,0.5286610900712282,0.061445298146558906,-5.213187262639862e-07,-5.213187222162209e-07,7.764473369456968e-09
16.66,-0.07131003893766467,-0.07131003893766467,-0.21606666868539684,-0.21606662534996307,-0.35046100015957843,-0.07750793171936156,-0.3714585261264307,0.0679062063555939,0.5237493217206494,0.5313848852147435,0.06133941136194199,-5.374457161602675e-07,-5.374457120535862e-07,7.641108952281966e-09
16.67,-0.0638271969958639,-0.0638271969958639,-0.20882282820591785,-0.20882278585470526,-0.349574271964693,-0.0773707626920806,-0.3707689811974854,0.07000188153358189,0.5254238565530102,0.5341086803582598,0.0612303130584094,-5.53433871057496e-07,-5.534338668840768e-07,7.540953723731595e-09
16.68,-0.056340764791063265,-0.056340764791063265,-0.20156724149741453,-0.20156720013280627,-0.34866788030918244,-0.07722802315113128,-0.37005850663136114,0.07209211424640126,0.5270983913853705,0.536832475501775,0.061118031446705676,-5.692787835714919e-07,-5.692787793461104e-07,7.422341439148465e-09
16.69,-0.04885116343309682,-0.04885116343309504,-0.19430031668472114,-0.19430027630904473,-0.34774187617733787,-0.07707972605062721,-0.36932715743724803,0.07417678776396694,0.5287729262177313,0.5395562706452913,0.0610025956141481,-5.849760953968719e-07,-5.849760911029385e-07,7.340356979111226e-09
16.7,-0.041358814210067915,-0.04135881421006969,-0.18702246253045082,-0.18702242314597486,-0.3467963116566485,-0.07692588461378412,-0.36857498978630193,0.07625578642390288,0.5304474610500916,0.5422800657888066,0.06088403551465818,-6.00521498840545e-07,-6.005214944609896e-07,7.29292020477422e-09
16.71,-0.033864138564644826,-0.033864138564644826,-0.17973408841197042,-0.17973405002091286,-0.34583123993486803,-0.0767665123313849,-0.3678020610009456,0.07832899563622539,0.5318348209051912,0.5447376195463585,0.060762381958473534,-6.159107383829632e-07,-6.159107339587586e-07,7.1831912009573584e-09
16.720000000000002,-0.026367558070356484,-0.026367558070354707,-0.17243560429840762,-0.17243556690292805,-0.3448467152970271,-0.0766016229602437,-0.36700842954412044,0.08039630188756879,0.5332221807602909,0.5471951733039102,0.0606376666015433,-6.311396124059065e-07,-6.311396079253799e-07,7.0991054718416454e-09
16.73,-0.018869494407879054,-0.01886949440788083,-0.16512742072757453,-0.1651273843297738,-0.3438427931223776,-0.0764312305216686,-0.3661941550085032,0.08245759274495947,0.5346095406153901,0.5496527270614612,0.06050992193461683,-6.462039745386283e-07,-6.462039700080268e-07,7.011101367702496e-09
16.740000000000002,-0.011370369341318302,-0.011370369341316525,-0.1578099487828597,-0.15780991338478775,-0.34281952988127573,-0.0762553492999237,-0.3653592981056843,0.0845127568591363,0.5359969004704898,0.5521102808190129,0.06037918127202884,-6.610997352676784e-07,-6.610997306672997e-07,6.958675697740266e-09
16.75,-0.003870604694478365,-0.003870604694478365,-0.15048360007013925,-0.15048356567378637,-0.34177698313201027,-0.07607399384069018,-0.36450392065531606,0.08656168396742484,0.537384260325589,0.5545678345765639,0.06024547874018938,-6.758228632899876e-07,-6.758228586398622e-07,6.8806867724778944e-09
16.76,0.003629377672855068,0.003629377672855068,-0.14314878669459136,-0.14314875330189142,-0.3407152115175601,-0.07588717894952678,-0.3636280855742346,0.08860426489616487,0.5384766449616344,0.5567453296869284,0.06010884926578434,-6.903693870810579e-07,-6.903693823675196e-07,6.755891843879237e-09
16.77,0.011129155888651366,0.011129155888651366,-0.13580592123753615,-0.13580588885037007,-0.339634274762299,-0.07569491969033078,-0.3627318568655584,0.0906403915626963,0.5395690295976794,0.558922824797292,0.05996932856369348,-7.047353961578406e-07,-7.047353913920463e-07,6.547833739477574e-09
16.78,0.018628308092363367,0.018628308092363367,-0.12845541673321942,-0.12845538535340636,-0.33853423366863433,-0.07549723138379817,-0.3618152996077714,0.09266995697690691,0.5406614142337249,0.5611003199076565,0.05982695312463353,-7.189170425497826e-07,-7.189170377150444e-07,6.373436432995656e-09
16.79,0.026126412458656923,0.02612641245865515,-0.12109768664558324,-0.1210976562748892,-0.33741515011358786,-0.07529412960588483,-0.3608784799437911,0.09469285524234472,0.5417537988697699,0.5632778150180202,0.05968176020253233,-7.329105420131321e-07,-7.329105371222137e-07,6.191936633643212e-09
16.8,0.03362304722113847,0.03362304722113847,-0.11373314484499977,-0.11373311548513394,-0.33627708704531367,-0.07508563018626728,-0.359921465070028,0.09670898155690005,0.5428461835058154,0.5654553101283847,0.059533787801641994,-7.467121754117789e-07,-7.467121704713479e-07,6.0120064991137735e-09
16.810000000000002,0.04111779069607749,0.04111779069607926,-0.10636220558500868,-0.10636217723762083,-0.33512010847956014,-0.07487174920680464,-0.3589443232254408,0.09871823221306095,0.5436374511389999,0.5673405039219318,0.059383074663398094,-7.603182899454386e-07,-7.60318284943507e-07,5.855725834216622e-09
16.82,0.04861022130613321,0.04861022130613321,-0.0989852834789998,-0.09898525614568539,-0.3339442794960665,-0.07465250300000159,-0.35794712368059095,0.10072050459774629,0.544428718772184,0.5692256977154784,0.0592296602530325,-7.737253003153866e-07,-7.737252952567865e-07,5.701892183320287e-09
16.830000000000002,0.05609991760405758,0.05609991760405936,-0.09160279347689136,-0.0916027671591887,-0.3327496662349021,-0.07442790814747222,-0.35692993672670076,0.10271569719172141,0.5452199864053686,0.5711108915090255,0.05907358474594705,-7.869296899526423e-07,-7.869296848421565e-07,5.550623645099964e-09
16.84,0.06358645829640867,0.0635864582964069,-0.08421515084180813,-0.08421512554119497,-0.33153633589274945,-0.07419798147840434,-0.3558928336647199,0.10470370956860137,0.5460112540385528,0.5729960853025721,0.058914889013856206,-7.999280121351315e-07,-7.999280069808634e-07,5.398478552448186e-09
16.85,0.07106942226724652,0.07106942226724652,-0.07682277112668992,-0.07682274684459205,-0.3303043567191187,-0.07396274006802675,-0.3548358867944027,0.1066844423934456,0.5468025216717373,0.5748812790961192,0.05875361461070558,-8.127168911256644e-07,-8.127168859029697e-07,5.2789401357058786e-09
16.86,0.07854838860182081,0.07854838860181904,-0.06942607015095528,-0.0694260468887377,-0.3290537980125148,-0.07372220123607665,-0.353759169403404,0.10865779742095055,0.5472882235075831,0.5764635723275536,0.05858980375837555,-8.252930231225641e-07,-8.252930178465453e-07,5.150136476110064e-09
16.87,0.08602293661024543,0.08602293661024543,-0.0620254639770786,-0.062025441736048875,-0.3277847301165345,-0.07347638254526964,-0.35266275575639106,0.11062367749324588,0.5477739253434291,0.5780458655589886,0.058423499332175916,-8.376531774045848e-07,-8.376531720771772e-07,5.025638923839892e-09
16.880000000000003,0.09349264585116929,0.09349264585117105,-0.05462136888720576,-0.05462134766861674,-0.3264972244159122,-0.0732253017997714,-0.3515467210841845,0.11258198653729772,0.548259627179275,0.5796281587904237,0.05825474484614195,-8.497941972399059e-07,-8.497941918673858e-07,4.901280752800532e-09
16.89,0.10095709615541534,0.10095709615541534,-0.047214201359738625,-0.047214181164782945,-0.32519135333250515,-0.07296897704367157,-0.3504111415729234,0.11453262956192702,0.5487453290151209,0.5812104520218582,0.058083584438137686,-8.617130008645169e-07,-8.617129954356564e-07,4.792703562369418e-09
16.900000000000002,0.10841586764962216,0.10841586764962216,-0.03980437804589229,-0.03980435887570504,-0.3238671903212165,-0.07270742655945983,-0.3492560943532626,0.11647551265444794,0.5492310308509668,0.5827927452532932,0.0579100628547756,-8.73406582314884e-07,-8.734065768447549e-07,4.676117474462209e-09
16.91,0.11586854077985985,0.11586854077985985,-0.03239231574627616,-0.032392297601938264,-0.3225248098658668,-0.07244066886650416,-0.34808165748960695,0.11841054297693183,0.5494084360970666,0.5840632416944689,0.057734225436161024,-8.848720123993958e-07,-8.84872006859127e-07,4.5888299598857606e-09
16.92,0.12331469633522989,0.12331469633522989,-0.024978431387440214,-0.02497841426996967,-0.32116428747500275,-0.07216872271953195,-0.34688790996938446,0.12033762876210466,0.5495858413431665,0.585333738135645,0.05755611810046944,-8.961064393228635e-07,-8.961064337610872e-07,4.466089389590648e-09
16.93,0.13075391547144385,0.13075391547144385,-0.017563141998426585,-0.017563125908787117,-0.3197856996776503,-0.0718916071071138,-0.34567493169235947,0.12225667930888226,0.5497632465892661,0.5866042345768208,0.05737578732836343,-9.071070897481714e-07,-9.071070841256357e-07,4.379664538287175e-09
16.94,0.1381857797343904,0.13818577973439217,-0.01014686468730289,-0.010146849626400467,-0.31838912401900865,-0.07160934125014996,-0.3444428034599978,0.12416760497755168,0.549940651835366,0.5878747310179969,0.05719328014726094,-9.178712692126112e-07,-9.178712635537507e-07,4.278357635907059e-09
16.95,0.1456098710836625,0.14560987108366075,-0.002730016617721285,-0.002730002586400402,-0.31697463905609213,-0.07132194460035958,-0.34319160696487555,0.1260703171846041,0.5501180570814658,0.5891452274591726,0.05700864411545878,-9.283963630715708e-07,-9.283963573640091e-07,4.1905985299889975e-09
16.96,0.15302577191607933,0.15302577191607933,0.004686985014580534,0.004686998015527958,-0.3155423243533048,-0.0710294368387737,-0.3419214247801464,0.1279647283972276,0.5499861683009902,0.590096783916922,0.05682192730612389,-9.386798369911964e-07,-9.386798312424368e-07,4.101173956986034e-09
16.970000000000002,0.16043306508917435,0.16043306508917612,0.012103723005211077,0.012103734975053765,-0.31409226047797206,-0.07073183787423029,-0.34063234034906303,0.12985075212746466,0.5498542795205147,0.5910483403746714,0.056633178291157764,-9.487192376492204e-07,-9.487192318505641e-07,4.0215636640805e-09
16.98,0.16783133394465974,0.167831333944658,0.01951978016460872,0.019519791102675994,-0.3126245289958056,-0.07042916784187361,-0.33932443797455886,0.13172830292604296,0.5497223907400393,0.5919998968324203,0.05644244612494369,-9.585121932415008e-07,-9.58512187391582e-07,3.94611589610326e-09
16.990000000000002,0.17522016233186305,0.17522016233186305,0.026934739341524162,0.026934749247198145,-0.3111392124663122,-0.07012144710165648,-0.3379978028088932,0.1335972963758873,0.5495905019595637,0.5929514532901696,0.056249780327985006,-9.68056414023255e-07,-9.680564081346729e-07,3.865415540643818e-09
17.0,0.182599134631134,0.182599134631134,0.03434818344645009,0.034348192319174436,-0.3096363944381569,-0.06980869623684648,-0.33665252084336394,0.13545764908531807,0.5494586131790882,0.5939030097479187,0.056055230870442986,-9.773496928433545e-07,-9.773496868974985e-07,3.7999052410057266e-09
17.01,0.18996783577722987,0.18996783577722987,0.04175969547511554,0.04175970331439205,-0.3081161594444562,-0.06949093605253484,-0.33528867889808783,0.1373092786809445,0.549018171898739,0.5945302762256827,0.055858848155581745,-9.863899054843306e-07,-9.863898994869087e-07,3.7333441272786596e-09
17.02,0.19732585128265234,0.19732585128265234,0.04916885853192136,0.049168865337306425,-0.3065785929980282,-0.06916818757414989,-0.3339063646118549,0.1391521038002623,0.54857773061839,0.5951575427034465,0.05566068300312996,-9.951750111064639e-07,-9.9517500509801e-07,3.6447535186532414e-09
17.03,0.20467276726096933,0.20467276726096933,0.056575255853399134,0.05657526162451264,-0.30502378158658017,-0.06884047204597392,-0.33250566643205737,0.14098604408395896,0.5481372893380407,0.5957848091812106,0.05546078663256624,-1.0037030527265678e-06,-1.003703046671611e-06,3.580803713448918e-09
17.04,0.21200817045009426,0.21200817045009251,0.0639784708316507,0.06397847556816713,-0.3034518126678442,-0.0685078109296639,-0.33108667360469807,0.14281102016793878,0.5476968480576917,0.5964120756589744,0.055259210646337924,-1.0119721573012552e-06,-1.0119721512103377e-06,3.513204973862823e-09
17.05,0.21933164823553183,0.21933164823553183,0.07137808703779079,0.07137809073944283,-0.3018627746646565,-0.0681702259027762,-0.3296494761644795,0.14462695367507283,0.5472564067773426,0.5970393421367384,0.05505600701302033,-1.0199805361918446e-06,-1.0199805300534495e-06,3.4546940881732593e-09
17.060000000000002,0.22664278867358592,0.22664278867358767,0.07877368824535362,0.07877369091193481,-0.3002567569599868,-0.06782773885729503,-0.3281941649249745,0.14643376720668297,0.5465098893182195,0.5973387919141949,0.05485122805042468,-1.0277264852892598e-06,-1.0277264791106667e-06,3.3943502392210666e-09
17.07,0.23394118051453808,0.23394118051453808,0.08616485845372124,0.0861648600850807,-0.29863384989190767,-0.06748037189816553,-0.3267208314688888,0.14823138433376845,0.5457633718590968,0.5976382416916514,0.054644926408665126,-1.0352083852638305e-06,-1.0352083790552128e-06,3.3307982836215666e-09
17.080000000000002,0.24122641322576988,0.2412264132257716,0.09355118191152356,0.09355118250756865,-0.2969941447485126,-0.06712814734183033,-0.3252295681384057,0.15001972958797974,0.5450168543999739,0.597937691469108,0.05443715505318872,-1.0424247017248867e-06,-1.0424246954762912e-06,3.27485575317013e-09
17.09,0.2484980770148622,0.24849807701486049,0.10093224314000487,0.1009322427007047,-0.2953377337627854,-0.06677108771477047,-0.32372046802562826,0.15179872845235226,0.5442703369408513,0.5982371412465645,0.054227967247781186,-1.0493739852762696e-06,-1.0493739789913188e-06,3.219096939229532e-09
17.1,0.2557557628526443,0.2557557628526443,0.10830762695642776,0.10830762548180439,-0.2936647101074049,-0.066409215752051,-0.3221936249631112,0.15356830735180624,0.5435238194817282,0.598536591024021,0.05401741653755293,-1.0560548716412321e-06,-1.0560548653182915e-06,3.166182663448568e-09
17.11,0.2629990624962014,0.2629990624961997,0.11567691849738848,0.11567691598752572,-0.2919751678895127,-0.0660425543958697,-0.3206491335144911,0.15532839364342002,0.542475423036552,0.5985065404855887,0.0538055567319151,-1.0624660816693776e-06,-1.0624660753084765e-06,3.115148979128889e-09
17.12,0.2702275685118367,0.2702275685118367,0.12303970324218615,0.12303969969722607,-0.2902692021454118,-0.06567112679411181,-0.3190870889652145,0.15707891560648551,0.5414270265913754,0.5984764899471564,0.05359244188755288,-1.068606421315843e-06,-1.0686064149398978e-06,3.054943549084929e-09
17.130000000000003,0.27744087429799624,0.2774408742979979,0.1303955670361202,0.1303955624562605,-0.2885469088352255,-0.06529495629890737,-0.3175075873133665,0.15881980243235683,0.5403786301461989,0.5984464394087242,0.05337812629140431,-1.0744747816898714e-06,-1.0744747752720076e-06,3.009534052807294e-09
17.14,0.2846385741081297,0.2846385741081297,0.13774409611378666,0.1377440904992858,-0.28680838483749965,-0.06491406646519396,-0.3159107252606,0.16055098421409497,0.5393302337010227,0.5984163888702919,0.053162664443651045,-1.0800701388119505e-06,-1.0800701323618655e-06,2.961234459333409e-09
17.150000000000002,0.2918202630735206,0.2918202630735206,0.14508487712236753,0.1450848704735422,-0.2850537279437494,-0.06452848104928381,-0.3142966002031745,0.16227239193592394,0.5382818372558461,0.5983863383318596,0.052946111040731596,-1.0853915536276904e-06,-1.0853915471423517e-06,2.9159756855345678e-09
17.16,0.2989855372260583,0.2989855372260583,0.15241749714486508,0.15241748946208664,-0.28328303685296274,-0.06413822400743516,-0.3126653102230948,0.16398395746249947,0.536937456290812,0.5980269564325973,0.052728520958380494,-1.0904381717510847e-06,-1.090438165262822e-06,2.8580232996306463e-09
17.17,0.30613399352096093,0.30613399352096093,0.1597415437233363,0.15974153500703958,-0.2814964111660468,-0.06374331949442759,-0.3110169540793631,0.165685613528005,0.5355930753257775,0.5976675745333349,0.052509949234704804,-1.095209223429816e-06,-1.0952092168926722e-06,2.821959455950482e-09
17.18,0.3132652298594451,0.3132652298594451,0.16705660488209065,0.16705659513276502,-0.2796939513802258,-0.06334379186214245,-0.3093516311993371,0.16737729372507978,0.5342486943607434,0.5973081926340726,0.05229045105330243,-1.0997040230456556e-06,-1.0997040164883297e-06,2.7749253708457846e-09
17.19,0.3203788451113505,0.3203788451113522,0.1743622691508719,0.17436225836906488,-0.277875758883386,-0.06293966565814789,-0.30766944167020427,0.1690589324935876,0.5329043133957089,0.5969488107348102,0.05207008172643167,-1.103921969121402e-06,-1.1039219625241598e-06,2.7376784909145256e-09
17.2,0.32747443913769303,0.32747443913769136,0.18165812558798253,0.18165811377430321,-0.2760419359483782,-0.06253096562428768,-0.3059704862305624,0.17073046510923873,0.5315599324306748,0.5965894288355479,0.05184889667823705,-1.107862543814342e-06,-1.1078625371878911e-06,2.697289021614145e-09
17.21,0.33455161281317974,0.33455161281317974,0.1889437638034321,0.18894375095854238,-0.2741925857272564,-0.06211771669527501,-0.30425486626212306,0.17239182767206654,0.5299271255446207,0.5959027361512274,0.05162695142804094,-1.1115253126803282e-06,-1.1115253060409616e-06,2.6517224703248604e-09
17.220000000000002,0.3416099680486574,0.34160996804865906,0.19621877398198675,0.19621876010660916,-0.27232781224548425,-0.061699943997290604,-0.30252268378152336,0.17404295709477452,0.5282943186585666,0.5952160434669068,0.05140430157370523,-1.1149099243060179e-06,-1.1149099176445726e-06,2.6112637267201662e-09
17.23,0.3486491078135051,0.34864910781350344,0.2034827469062371,0.20348273200115466,-0.2704477203960795,-0.061277672846585494,-0.30077404143225894,0.17568379109095672,0.5266615117725131,0.5945293507825865,0.051181002775071906,-1.1180161098439667e-06,-1.11801610315181e-06,2.5754477435221012e-09
17.240000000000002,0.35566863615796707,0.35566863615796707,0.21073527397963165,0.21073525804568025,-0.26855241593371054,-0.06085092874808814,-0.2990090424767351,0.17731426816320472,0.525028704886459,0.593842658098266,0.050957110737488834,-1.1208436825893564e-06,-1.120843675866623e-06,2.5407273786370707e-09
17.25,0.36266815823542314,0.36266815823542314,0.21797594724942632,0.21797593028750306,-0.2666420054687558,-0.06041973739401567,-0.29722779078843586,0.17893432759110445,0.5233958980004055,0.5931559654139457,0.05073268119542616,-1.1233925375220277e-06,-1.1233925307701346e-06,2.5065836187879726e-09
17.26,0.3696472803246053,0.3696472803246053,0.22520435942966388,0.2252043414407238,-0.2647165964612989,-0.05998412466249039,-0.29543039084421446,0.18054390941913617,0.5214838454276206,0.5921458227806402,0.05050776989619132,-1.1256626507652467e-06,-1.1256626440150165e-06,2.46227411927464e-09
17.27,0.3766056098517347,0.3766056098517347,0.23242010392406354,0.23242008490911584,-0.2627762972150892,-0.05954411661615992,-0.2936169477167066,0.18214295444448406,0.5195717928548363,0.5911356801473352,0.05028243258374851,-1.1276540791693712e-06,-1.1276540723885548e-06,2.430947470710376e-09
17.28,0.38354275541260996,0.38354275541260996,0.2396227748488999,0.23962275480901687,-0.2608212168714477,-0.0590997395008221,-0.29178756706686243,0.18373140420476214,0.5176597402820513,0.5901255375140297,0.050056724982647655,-1.1293669595346945e-06,-1.1293669527449677e-06,2.3929531630624957e-09
17.29,0.39045832679462256,0.39045832679462095,0.2468119670558311,0.246811945992139,-0.2588514654031288,-0.05865101974405421,-0.2899423551366062,0.1853092009656687,0.515747687709267,0.5891153948807247,0.04983070278207127,-1.1308015082159284e-06,-1.1308015014078592e-06,2.359417068818242e-09
17.3,0.39735193499870564,0.39735193499870564,0.25398727615469596,0.2539872540683788,-0.2568671536081317,-0.05819798395384675,-0.28808141874161597,0.18687628770857345,0.5138356351364821,0.5881052522474193,0.04960442162000263,-1.131958020372803e-06,-1.1319580135432378e-06,2.327990822742911e-09
17.310000000000002,0.4042231922612137,0.4042231922612154,0.26114829853624466,0.2611482754285465,-0.25486839310347315,-0.05774065891724104,-0.28620486526423,0.18843260811804918,0.5116550871320887,0.5867773390544787,0.049377937067522894,-1.1328368693525048e-06,-1.132836862503997e-06,2.2966686435730114e-09
17.32,0.4110717120757409,0.4110717120757409,0.26829463139485626,0.2682946072670761,-0.2528552963189046,-0.05727907159897161,-0.2843128026464772,0.18997810656935457,0.509474539127696,0.5854494258615386,0.049151304613242096,-1.1334385059957874e-06,-1.133438499146466e-06,2.2603152126614316e-09
17.330000000000002,0.41789710921485157,0.4178971092148532,0.27542587275119695,0.2754258476046911,-0.25082797649058775,-0.056813249140112564,-0.28240533938323203,0.1915127281158757,0.5072939911233026,0.5841215126685981,0.04892457964786899,-1.1337634580124711e-06,-1.1337634511197678e-06,2.238892563444702e-09
17.34,0.42469899975175646,0.42469899975175485,0.2825416214748122,0.28254159531099754,-0.24878654765473088,-0.05634321885672835,-0.2804825845154974,0.19303641847653638,0.5051134431189099,0.582793599475658,0.048697817448926595,-1.1338123290238755e-06,-1.1338123221286845e-06,2.20502541008012e-09
17.35,0.4314770010819063,0.4314770010819063,0.28964147730672274,0.28964145012706854,-0.24673112464116492,-0.055869008238528445,-0.27854464762381115,0.1945491240231839,0.5029328951145166,0.5814656862827174,0.04847107316561697,-1.1335857980632191e-06,-1.1335857911708544e-06,2.1704956526004753e-09
17.36,0.4382307319445134,0.4382307319445118,0.29672504088190155,0.2967250126879375,-0.24466182306689485,-0.05539064494752632,-0.27659163882178167,0.19605079176795775,0.5004961115126262,0.5798274685411754,0.04824440180384168,-1.1330846186805021e-06,-1.133084611748883e-06,2.1500416435258355e-09
17.37,0.4449598124439959,0.4449598124439959,0.30379191375177034,0.30379188454508316,-0.24257875932958706,-0.05490815681670242,-0.2746236687497464,0.19754136935065275,0.498059327910735,0.5781892507996328,0.04801785821138191,-1.1323096179780001e-06,-1.132309611058276e-06,2.1145551718675087e-09
17.380000000000003,0.4516638640713532,0.4516638640713548,0.3108416984065935,0.31084166818882447,-0.24048205060102756,-0.05442157184867126,-0.2726408485685604,0.1990208050260791,0.4956225443088438,0.5765510330580902,0.04779149706324358,-1.131261696089847e-06,-1.1312616891518318e-06,2.0891931082073337e-09
17.39,0.4583425097254473,0.4583425097254473,0.317873998297838,0.3178739670706877,-0.238371814820531,-0.053930918214352246,-0.27064328995350584,0.20048904765143238,0.4931857607069534,0.5749128153165481,0.047565372847171175,-1.1299418250371174e-06,-1.1299418180813218e-06,2.0644140368098304e-09
17.400000000000002,0.46499537373422123,0.46499537373422123,0.3248884178604942,0.3248883856257199,-0.23624817068830206,-0.053436224251644716,-0.2686311050883361,0.20194604667367838,0.4907489771050622,0.5732745975750055,0.04733953984933714,-1.1283510479784264e-06,-1.1283510410171626e-06,2.0367458602460277e-09
17.41,0.4716220818758285,0.4716220818758285,0.33188456253530957,0.331884529294722,-0.2341112376587638,-0.05293751846410668,-0.2666044066594372,0.20339175211696156,0.4880696583895263,0.571335285940948,0.04711405214020756,-1.1264904783148122e-06,-1.1264904713469506e-06,2.010192863384463e-09
17.42,0.47822226139968355,0.47822226139968355,0.33886203879099075,0.33886200454646215,-0.23196113593383572,-0.05243482951963717,-0.2645633078501199,0.20482611457004357,0.4853903396739895,0.5693959743068897,0.046888963560591135,-1.1243612987321683e-06,-1.1243612917534723e-06,1.985597877534558e-09
17.43,0.4847955410474268,0.4847955410474268,0.34582045414633644,0.3458204188997923,-0.22979798645617333,-0.051928186249162636,-0.2625079223350378,0.2062490851737815,0.4827110209584536,0.5674566626728322,0.046664327707874986,-1.1219647602506155e-06,-1.1219647532731137e-06,1.9583206901585373e-09
17.44,0.4913415510738144,0.49134155107381594,0.35275941719232273,0.3527593809457448,-0.22762191090236294,-0.05141761764532679,-0.26043836427472644,0.20766061560865165,0.48003170224291675,0.565517351038774,0.04644019792244952,-1.1193021813224457e-06,-1.1193021743353654e-06,1.9347869537468283e-09
17.45,0.49785992326750683,0.4978599232675053,0.35967853761409957,0.35967850036952925,-0.2254330316760832,-0.050903152861184124,-0.25835474831026967,0.20906065808232738,0.47735238352738085,0.5635780394047164,0.04621662727432804,-1.1163749467774098e-06,-1.116374939784233e-06,1.9109572405754103e-09
17.46,0.5043502909717869,0.5043502909717869,0.3665774262129775,0.36657738797250733,-0.22323147190121037,-0.05038482120889676,-0.2562571895580916,0.21044916531731678,0.4744455938026879,0.5613485373936237,0.04599366854996406,-1.113184506879028e-06,-1.1131844998823061e-06,1.8870976662682628e-09
17.470000000000002,0.5108122891051824,0.510812289105184,0.3734556949282868,0.3734556556940679,-0.2210173554149029,-0.04986265215843515,-0.25414580360486727,0.2118260905386694,0.471538804077995,0.559119035382531,0.045771374239268484,-1.1097323762837563e-06,-1.1097323692982705e-06,1.8599564040011822e-09
17.48,0.5172455541820025,0.5172455541820009,0.3803129568592212,0.38031291663346267,-0.21879080676063078,-0.049336675336281596,-0.2520207065025607,0.21319138746175775,0.46863201435330304,0.5568895333714391,0.045549796522832,-1.1060201330764796e-06,-1.106020126078712e-06,1.8397295098176308e-09
17.490000000000002,0.5236497243327826,0.5236497243327826,0.3871488262866148,0.3871487850715769,-0.2165519511811657,-0.04880692052413774,-0.24988201476357963,0.21454501028014164,0.4657252246286101,0.5546600313603465,0.04532898725935357,-1.102049417597839e-06,-1.102049410604875e-06,1.8156196358384608e-09
17.5,0.5300244393246389,0.5300244393246389,0.39396291869460653,0.39396287649260847,-0.2143009146115463,-0.0482734176576345,-0.24772984535605633,0.21588691365352128,0.4628184349039182,0.5524305293492545,0.04510899797327995,-1.0978219315352367e-06,-1.0978219245352382e-06,1.7951896887421382e-09
17.51,0.5363693405815371,0.5363693405815371,0.40075485079230005,0.40075480760571647,-0.21203782367198448,-0.0477361968250459,-0.2455643156992453,0.21721705269578645,0.45970051719932054,0.549923372032472,0.044889879842657444,-1.0933394367293459e-06,-1.093339429734655e-06,1.7721823480398951e-09
17.52,0.5426840712044526,0.5426840712044526,0.40752424053530406,0.40752419636656184,-0.20976280566074942,-0.04719528826600534,-0.24338554365904003,0.21853538296317018,0.45658259949472396,0.5474162147156904,0.0446716836871994,-1.0886037541887883e-06,-1.0886037471908784e-06,1.7519161307926295e-09
17.53,0.5489682759914533,0.5489682759914533,0.4142707071472305,0.41427066199881646,-0.2074759885470044,-0.04665072237022527,-0.24119364754360956,0.2198418604425098,0.4534646817901263,0.5449090573989077,0.044454459956571546,-1.0836167629035831e-06,-1.083616755919109e-06,1.7280661805592278e-09
17.54,0.5552216014576766,0.5552216014576752,0.42099387114110964,0.42099382501556265,-0.2051775009636096,-0.0461025296762195,-0.23898874609914963,0.22113644153962586,0.4503467640855297,0.5424019000821261,0.044238258718897375,-1.078380398852885e-06,-1.0783803918555698e-06,1.711257760081635e-09
17.55,0.561443695855214,0.561443695855214,0.42769335434074435,0.4276933072406582,-0.20286747219988394,-0.04555074087002844,-0.23677095850575086,0.22241908306782365,0.447228846380932,0.5398947427653435,0.04402312964948622,-1.072896653728228e-06,-1.0728966467406238e-06,1.6894458923819403e-09
17.560000000000002,0.5676342091928948,0.5676342091928962,0.4343687799019662,0.43436873182999186,-0.20054603219433798,-0.04499538678394715,-0.23454040437338083,0.22368974223652308,0.44391733076398737,0.5371240262933487,0.043809122019785346,-1.0671675739759579e-06,-1.0671675669923506e-06,1.6695581117842274e-09
17.57,0.5737927932559788,0.5737927932559788,0.4410197723338477,0.44101972329268824,-0.19821331152735985,-0.04443649839525559,-0.23229720373797963,0.2249483766400245,0.4406058151470439,0.5343533098213549,0.04359628468655844,-1.061195259548231e-06,-1.0611952525713113e-06,1.64954451010064e-09
17.580000000000002,0.5799191016257348,0.5799191016257362,0.4476459575198228,0.4476459075122361,-0.19586944141387036,-0.04387410682495201,-0.23004147705766526,0.22619494424641584,0.4372942995300992,0.53158259334936,0.043384666081291684,-1.0549818628066698e-06,-1.0549818558372186e-06,1.62985674184795e-09
17.59,0.5860127896989326,0.5860127896989311,0.45424696273871423,0.4542469117675154,-0.19351455369594822,-0.04330824333648846,-0.2277733452090526,0.22742940338662765,0.4339827839131557,0.5288118768773662,0.04317431419982981,-1.048529587363567e-06,-1.04852958039827e-06,1.6114325169786959e-09
17.6,0.5920735147072245,0.5920735147072245,0.46082241668572815,0.460822364753782,-0.19114878083540326,-0.04273893933450867,-0.22549292948367733,0.22865171274364104,0.43067126829621105,0.5260411604053713,0.042965276592242245,-1.0418406869092123e-06,-1.0418406799539698e-06,1.592123158608616e-09
17.61,0.5981009357364269,0.5981009357364254,0.46737194949330596,0.4673718966035346,-0.1887722559063379,-0.04216622636358813,-0.22320035158452983,0.2298618313418556,0.4271847733123675,0.5230224627540899,0.04275760035292185,-1.0349174640739145e-06,-1.034917457132012e-06,1.5725492094172902e-09
17.62,0.6040947137456949,0.6040947137456949,0.47389519275195907,0.4738951389073382,-0.18638511258765103,-0.04159013610697669,-0.22089573362269294,0.2310597185366226,0.4236982783285227,0.5200037651028074,0.042551332110916634,-1.027762269248389e-06,-1.027762262320125e-06,1.5533887838898219e-09
17.630000000000003,0.6100545115865986,0.6100545115866,0.48039177953097395,0.4803917247345308,-0.183987485155525,-0.04101070038534273,-0.21857919811408433,0.2322453340039475,0.4202117833446779,0.5169850674515248,0.04234651802049537,-1.0203774994180237e-06,-1.0203774924934559e-06,1.5369024071981295e-09
17.64,0.6159799940220795,0.6159799940220795,0.4868613443990528,0.48686128865387035,-0.18157950847587234,-0.040427951155519844,-0.21625086797630033,0.23341863773037003,0.41672528836083433,0.5139663698002435,0.04214320375194834,-1.0127655969555116e-06,-1.0127655900383255e-06,1.5200157718793571e-09
17.650000000000002,0.6218708277453129,0.6218708277453129,0.493303523444882,0.49330346675409686,-0.17916131799674465,-0.03984192050925487,-0.21391086652556082,0.234579590003025,0.41323879337698954,0.510947672148961,0.04194143448262355,-1.0049290484689943e-06,-1.004929041572962e-06,1.5005460624140571e-09
17.66,0.6277266813984551,0.6277266813984551,0.4997179542975876,0.49971789666438615,-0.17673304974071932,-0.039252640671958196,-0.21155931747375237,0.23572815139989098,0.4095969213693467,0.5076979655347158,0.041741254888199214,-9.968703836571446e-07,-9.968703767660473e-07,1.4850309930771984e-09
17.67,0.6335472255912823,0.6335472255912823,0.5061042761471252,0.5061042175747517,-0.17429484029724557,-0.038660144001455475,-0.2091963449255669,0.2368642827802293,0.40595504936170257,0.5044482589204694,0.0415427091341923,-9.88592174025471e-07,-9.885921671535902e-07,1.4668470676844069e-09
17.68,0.6393321329197169,0.6393321329197169,0.5124621297645732,0.5124620702563213,-0.17184682681496222,-0.038064462986741064,-0.2068220733757366,0.2379879452752213,0.40231317735405975,0.5011985523062241,0.04134584086770417,-9.800970318177282e-07,-9.800970249549485e-07,1.4512280417668625e-09
17.69,0.6450810779842496,0.645081077984251,0.5187911575223465,0.5187910970815629,-0.1693891469939805,-0.03746563024673281,-0.20443662770636079,0.23909910027880632,0.3986713053464156,0.4979488456919778,0.041150693209402955,-9.713876087322215e-07,-9.713876018886173e-07,1.4338724507915619e-09
17.7,0.6507937374082352,0.6507937374082339,0.5250910034142952,0.5250909420443818,-0.16692193907814512,-0.03686367852902833,-0.2020401331843227,0.24019770943872779,0.3950294333387728,0.49469913907773255,0.04095730874574262,-9.62466594811584e-07,-9.624665879884704e-07,1.4166458120917872e-09
17.71,0.6564697898560873,0.6564697898560873,0.5313613130757577,0.5313612507801645,-0.1644453418472474,-0.0362586407086627,-0.1996327154587955,0.2412837346477898,0.39125266023658056,0.4912366945332719,0.040765729521418895,-9.53336717235409e-07,-9.533367104211086e-07,1.4022174850565837e-09
17.720000000000002,0.6621089160513522,0.6621089160513536,0.5376017338034644,0.5376016705856956,-0.16195949460923037,-0.03565054978686705,-0.19721450055883527,0.242357138035328,0.3874758871343883,0.48777424998881125,0.040575997032061266,-9.440007391128824e-07,-9.440007323048609e-07,1.3886481148333714e-09
17.73,0.6677107987946684,0.6677107987946671,0.5438119145753906,0.5438118504390042,-0.15946453719234732,-0.03503943888982837,-0.19478561489105625,0.24341788195890465,0.3836991140321974,0.4843118054443519,0.040388152217161376,-9.344614583101096e-07,-9.34461451531346e-07,1.3707559653035995e-09
17.740000000000002,0.6732751229816087,0.6732751229816087,0.5499915060705138,0.5499914410191155,-0.15696060993729172,-0.03442534126745077,-0.19234618523738947,0.2444659289962237,0.37992234093000515,0.4808493608998912,0.040202235453236194,-9.247217063537705e-07,-9.24721699589852e-07,1.3561476735234206e-09
17.75,0.6788015756204033,0.6788015756204033,0.5561401606884347,0.5561400947256842,-0.15444785368931435,-0.033808290292116606,-0.18989633875292158,0.24550124193727813,0.3761455678278143,0.4773869163554318,0.04001828654722671,-9.14784347133546e-07,-9.147843403954554e-07,1.3396904299400695e-09
17.76,0.6842898458495511,0.6842898458495511,0.5622575325689566,0.5622574656985648,-0.15192640979028982,-0.03318831945744931,-0.1874362029638095,0.24652378377672804,0.37225512802335226,0.4737312010035384,0.039836344730129966,-9.046522758543452e-07,-9.046522691213144e-07,1.327690021999854e-09
17.77,0.6897396249552976,0.6897396249552976,0.5683432776115227,0.5683432098372492,-0.14939642007077325,-0.03256546237707667,-0.18496590576527097,0.2475335177065165,0.3683646882188916,0.4700754856516463,0.039656448650864484,-8.943284177387323e-07,-8.943284110358142e-07,1.3110746715547052e-09
17.78,0.6951506063890048,0.6951506063890048,0.574397053494579,0.574396984820238,-0.14685802684201926,-0.03193975278339443,-0.1824855754196477,0.24853040710872587,0.36447424841442955,0.4664197702997529,0.03947863637036767,-8.838157270277258e-07,-8.838157203450749e-07,1.296725790848304e-09
17.79,0.7005224857843941,0.7005224857843928,0.5804185196948268,0.5804184501242807,-0.14431137288797824,-0.03131122452633057,-0.17999534055453947,0.24951441554867684,0.3605838086099689,0.4627640549478608,0.03930294535592399,-8.731171857040421e-07,-8.731171790414758e-07,1.2827283623897247e-09
17.8,0.7058549609746657,0.7058549609746657,0.5864073375063846,0.5864072670435458,-0.14175660145726188,-0.030679911572109888,-0.17749533016100347,0.25048550676827863,0.3566933688055069,0.4591083395959674,0.03912941247572301,-8.62235802388811e-07,-8.622357957587209e-07,1.2666709296563796e-09
17.810000000000002,0.711147732009495,0.7111477320094961,0.5923631700598248,0.5923630987086584,-0.1391938562550913,-0.03004584800201901,-0.17498567359182218,0.25144364467962566,0.35271113576660296,0.45527990719820965,0.03895807399364536,-8.511746112452312e-07,-8.511746046339086e-07,1.2535477423653721e-09
17.82,0.7164005011719092,0.7164005011719092,0.5982856823411371,0.598285610105656,-0.1366232814352084,-0.029409068011171387,-0.17246650055983176,0.25238879335885467,0.34872890272770046,0.4514514748004532,0.03878896556427629,-8.399366707712019e-07,-8.399366641773696e-07,1.2409522880529912e-09
17.830000000000002,0.7216129729950269,0.7216129729950281,0.6041745412105712,0.6041744680948379,-0.1340450215917672,-0.028769605907272417,-0.16993794113631158,0.25332091704025383,0.3447466696887965,0.44762304240269546,0.03862212222814341,-8.285250627029783e-07,-8.285250561505066e-07,1.2241736242041648e-09
17.84,0.7267848542786822,0.726784854278681,0.6100294154213616,0.6100293414294907,-0.13145922175120714,-0.028127496109384528,-0.1674001257494304,0.2542399801106368,0.34076443664989403,0.443794610004939,0.03845757840717879,-8.169428909951537e-07,-8.169428844523625e-07,1.213604536302344e-09
17.85,0.7319158541059169,0.7319158541059169,0.6158499756383862,0.6158499007745375,-0.12886602736408376,-0.027482773146692143,-0.1648531851827495,0.2551459471039774,0.3367822036109901,0.43996617760718126,0.0382953679004024,-8.051932805369644e-07,-8.051932740153562e-07,1.2011583381299155e-09
17.86,0.7370056838593432,0.7370056838593421,0.6216358944566602,0.6216358187250455,-0.12626558429690068,-0.026835471657266307,-0.1622972505737755,0.2560387826963152,0.33273056690042946,0.43598655300319095,0.03813552387982594,-7.932793762155388e-07,-7.932793697106893e-07,1.1897863311009039e-09
17.87,0.7420540572373786,0.7420540572373786,0.62738684641978,0.6273867698246602,-0.12365803882389291,-0.026185626386829176,-0.15973245341256445,0.2569184517009251,0.32867893018986744,0.43200692839919924,0.03797807888657376,-7.812043417293468e-07,-7.812043352637944e-07,1.1745671992019224e-09
17.880000000000003,0.747060690270354,0.7470606902703552,0.633102508038214,0.6331024305838961,-0.12104353761880576,-0.025533272187517754,-0.15715892554037278,0.2577849190637645,0.32462729347930536,0.42802730379520754,0.037823064827220754,-7.689713586236935e-07,-7.689713521805052e-07,1.1626995495433955e-09
17.89,0.7520253013364803,0.7520253013364803,0.6387825578074993,0.6387824794983407,-0.11842222774664447,-0.024878444016647405,-0.15457679914835168,0.2586381498591884,0.3205756567687448,0.4240476791912172,0.03767051297034253,-7.56583625104168e-07,-7.565836186841098e-07,1.1509425593978042e-09
17.900000000000002,0.7569476111776938,0.7569476111776938,0.6444266762263378,0.6444265970667439,-0.11579425665539643,-0.0242211769354744,-0.15198620677628402,0.2594781092859471,0.3165240200581827,0.4200680545872255,0.03752045394327831,-7.440443550513209e-07,-7.440443486640122e-07,1.137715790643604e-09
17.91,0.7618273429153641,0.7618273429153641,0.6500345458145554,0.6500344658089772,-0.1131597721677431,-0.023561506107957944,-0.14938728131135834,0.2603047626634605,0.31242575945143714,0.415959612674215,0.03737291772910233,-7.313567769937079e-07,-7.313567706363045e-07,1.1252516838276981e-09
17.92,0.7666642220658675,0.7666642220658675,0.6556058511309666,0.6556057702839063,-0.11051892247274235,-0.022899466799521217,-0.14678015598698038,0.26111807542837256,0.3083274988446901,0.411851170761203,0.03722793366380186,-7.185241330393e-07,-7.185241267165591e-07,1.1121971345461712e-09
17.93,0.7714579765560259,0.7714579765560259,0.6611402787911147,0.6611401971071192,-0.10787185611749382,-0.022235094375811507,-0.14416496438161652,0.26191801313138846,0.3042292382379445,0.40774272884819246,0.03708553043365916,-7.055496778970993e-07,-7.055496716053898e-07,1.1000278387843678e-09
17.94,0.7762083367384155,0.7762083367384166,0.6666375174849072,0.6666374349685709,-0.10521872199878014,-0.02156842430145926,-0.1415418404176679,0.2627045414344005,0.30013097763119745,0.40363428693518044,0.036945736072836036,-6.924366778571223e-07,-6.924366715871794e-07,1.0897052063230876e-09
17.95,0.7809150354065276,0.7809150354065265,0.6720972579941107,0.6720971746500766,-0.10255966935469907,-0.020899492138835914,-0.13891091836037192,0.26347762610789427,0.2960327170244519,0.3995258450221699,0.03680857796115586,-6.791884097703815e-07,-6.791884035421601e-07,1.0761464973446416e-09
17.96,0.7855778078098029,0.7855778078098029,0.6775191932097685,0.6775191090427228,-0.09989484775625695,-0.02022833354681071,-0.13627233281672743,0.2642372330286495,0.2919108744334981,0.3953116849551239,0.03667408282208308,-6.658081601676469e-07,-6.658081539724734e-07,1.0643241278528404e-09
17.970000000000002,0.7901963916685234,0.7901963916685245,0.6829030181494509,0.682902933164128,-0.09722440709896794,-0.019554984279505756,-0.13362621873444264,0.2649833281777238,0.28778903184254434,0.3910975248880779,0.03654227672089493,-6.522992242047332e-07,-6.522992180422384e-07,1.0527880783591576e-09
17.98,0.7947705271885647,0.7947705271885636,0.6882484299744203,0.6882483441756029,-0.09454849759441687,-0.018879480185049972,-0.1309727114009013,0.2657158776387354,0.28366718925159207,0.38688336482103347,0.03641318506304521,-6.386649047673831e-07,-6.386648986323795e-07,1.0423504274752742e-09
17.990000000000002,0.7992999570760099,0.7992999570760099,0.693555128006679,0.6935550413991911,-0.09186726976180393,-0.018201857204331335,-0.12831194644214453,0.26643484759642894,0.2795453466606383,0.38266920475398747,0.03628683259271371,-6.249085114998221e-07,-6.249085054100226e-07,1.0291217344915381e-09
18.0,0.803784426551621,0.803784426551621,0.6988228137458554,0.6988227263345692,-0.08918087441949088,-0.0175221513697474,-0.1256440598218642,0.2671402043355418,0.275423504069686,0.37845504468694297,0.036163243391541616,-6.110333599790296e-07,-6.110333539132193e-07,1.0196883126910933e-09
18.01,0.8082236833651745,0.8082236833651745,0.7040511908860194,0.7040511026758525,-0.08648946267650559,-0.01684039880395425,-0.12296918784040967,0.2678319142399624,0.27130125399299776,0.3741588600067682,0.03604244087754835,-5.970427706808445e-07,-5.970427646510609e-07,1.008428144834115e-09
18.02,0.8126174778096442,0.8126174778096442,0.7092399653323342,0.7092398763282464,-0.08379318592404951,-0.016156635718613355,-0.12028746713379729,0.26850994379218207,0.267179003916311,0.36986267532659495,0.035924447804226,-5.829400682236252e-07,-5.829400622194684e-07,9.991009767319176e-10
18.03,0.8169655627352511,0.8169655627352511,0.7143888452176054,0.714388755424605,-0.08109219582697907,-0.015470898413136784,-0.11759903467272691,0.2691742595730441,0.26305675383962274,0.3655664906464202,0.03580928625980956,-5.687285804037434e-07,-5.687285744329474e-07,9.886736832161609e-10
18.04,0.8212676935633646,0.8212676935633636,0.7194975409186958,0.7194974503418332,-0.07838664431527571,-0.014783223273430136,-0.11490402776159801,0.26982482826179094,0.258934503762936,0.361270305966247,0.03569697766671946,-5.544116374045505e-07,-5.544116314726983e-07,9.775150827895834e-10
18.05,0.8255236283002599,0.8255236283002599,0.7245657650728228,0.7245656737171922,-0.07567668357549666,-0.01409364677063331,-0.11220258403752457,0.2704616166364055,0.2548122536862477,0.3569741212860722,0.03558754278117219,-5.399925709428932e-07,-5.399925650510312e-07,9.663777222211995e-10
18.060000000000002,0.8297331275507294,0.8297331275507304,0.7295932325937106,0.7295931404644517,-0.07296246604222083,-0.013402205459859233,-0.10949484146934432,0.2710845915742503,0.25071277291333016,0.3526200667058877,0.03548100169295644,-5.254747134433857e-07,-5.254747075925354e-07,9.552633294255444e-10
18.07,0.833895954531552,0.833895954531552,0.7345796606876366,0.7345795677899313,-0.07024414438946894,-0.0127089359789302,-0.10678093835662074,0.27169372005300674,0.24661329214041405,0.3482660121257048,0.03537737382537191,-5.108613972543141e-07,-5.108613914321824e-07,9.463336292456169e-10
18.080000000000002,0.8380118750848066,0.8380118750848076,0.7395247688693388,0.739524675208412,-0.06752187152211525,-0.012013875047111638,-0.1040610133286337,0.27228896915191064,0.24251381136749647,0.3439119575455203,0.03527667793532639,-4.961559538010918e-07,-4.961559480305058e-07,9.338743713388857e-10
18.09,0.8420806576910475,0.8420806576910465,0.7444282789777803,0.7444281845589021,-0.0647958005672939,-0.011317059463843582,-0.10133520534335694,0.2728703060532835,0.23841433059458036,0.3395579029653374,0.035178932113587656,-4.81361712940942e-07,-4.813617072059719e-07,9.24174416260237e-10
18.1,0.8461020734823258,0.8461020734823258,0.7492899151918171,0.749289820020297,-0.06206608486577356,-0.010618526107469384,-0.0986036536864181,0.27343769804436574,0.2343148498216628,0.3352038483851529,0.03508415378518807,-4.6648200208859736e-07,-4.6648199638495564e-07,9.153286171534751e-10
18.11,0.8500758962550636,0.8500758962550626,0.7541094040456884,0.7541093081268802,-0.05933287796334584,-0.009918311933961792,-0.09586649797003866,0.27399111251944364,0.23026118712471358,0.3308164039837088,0.034992359709976516,-4.515201455224105e-07,-4.515201398691604e-07,9.035924843190702e-10
18.12,0.8540019024827769,0.8540019024827769,0.7588864744444203,0.75888637778372,-0.05659633360217642,-0.009216453975646242,-0.0931238781319524,0.274530516982276,0.22620752442776293,0.3264289595822632,0.03490356598331577,-4.364794637459757e-07,-4.3647945812088017e-07,8.955737137034165e-10
18.130000000000003,0.8578798713286522,0.8578798713286532,0.7636208576790625,0.7636207602819062,-0.05385660571216404,-0.008512989339921307,-0.09037593443429677,0.2750558790488162,0.22215386173081225,0.3220415151808176,0.034817788036920636,-4.213632726485228e-07,-4.2136326706607233e-07,8.854021925776016e-10
18.14,0.8617095846579638,0.8617095846579638,0.768312287441803,0.7683121893136696,-0.051113848402282114,-0.007807955207976049,-0.0876228074624762,0.27556716645022966,0.21810019903386305,0.3176540707793735,0.03473504063983353,-4.0617488295674464e-07,-4.0617487741540783e-07,8.756320196728277e-10
18.150000000000002,0.8654908270503464,0.8654908270503464,0.7729604998409579,0.7729604009873678,-0.04836821595190417,-0.007101388833504492,-0.08486463812399402,0.2760643470362087,0.21404653633691237,0.3132666263779279,0.034655337899534504,-3.909175994923353e-07,-3.909175940034024e-07,8.642379289049823e-10
18.16,0.8692233858119126,0.8692233858119126,0.7775652334158044,0.7775651338423164,-0.04561986280213226,-0.006393327541416846,-0.0821015676472487,0.27654738877858037,0.21006148288223567,0.3088704599636925,0.03457869326318122,-3.755947206030008e-07,-3.755947151457433e-07,8.562586342553788e-10
18.17,0.8729070509872162,0.8729070509872162,0.7821262291512929,0.7821261288635096,-0.04286894354710635,-0.005683808726547561,-0.0793337375802939,0.27701625977520944,0.20607642942755755,0.30447429354945554,0.03450511951897606,-3.602095374338754e-07,-3.602095320147984e-07,8.473983536313237e-10
18.18,0.8765416153710616,0.8765416153710616,0.7866432304926149,0.786643129496177,-0.04011561292530989,-0.004972869852360026,-0.07656128978955692,0.27747092825419084,0.20209137597288085,0.3000781271352202,0.034434628797655444,-3.4476533340710436e-07,-3.4476532803338626e-07,8.37559156787408e-10
18.19,0.8801268745201621,0.8801268745201629,0.7911159833596391,0.7911158816602268,-0.037360025810862424,-0.0042605484496478965,-0.07378436645851458,0.2779113625783384,0.19810632251820273,0.29568196072098324,0.03436723257409979,-3.2926538362509916e-07,-3.2926537828696994e-07,8.293816504680487e-10
18.2,0.8836626267646351,0.8836626267646344,0.7955442361611909,0.7955441337645265,-0.034602337204815814,-0.0035468821152329637,-0.07100311008632193,0.2783375312499595,0.19412126906352603,0.29128579430674784,0.034302941669058215,-3.137129542390982e-07,-3.137129489541105e-07,8.186162275932686e-10
18.21,0.8871486732193492,0.8871486732193492,0.7999277398092239,0.7999276367210657,-0.03184270222642313,-0.002831908510659424,-0.06821766348639278,0.27874940291591943,0.19022723027130783,0.28690562272651887,0.034241766250985434,-2.981113019911996e-07,-2.981112967553143e-07,8.086185754503128e-10
18.220000000000002,0.8905848177951105,0.8905848177951112,0.8042662477328106,0.8042661439589573,-0.029081276104426235,-0.002115665360884521,-0.06542816978492719,0.2791469463729947,0.1863331914790896,0.28252545114628996,0.03418371583798762,-2.824636736314945e-07,-2.8246366842027553e-07,8.025206607516495e-10
18.23,0.8939708672096923,0.8939708672096915,0.8085595158920214,0.8085594114383118,-0.026318214168318282,-0.0013981904529654827,-0.06263477241938432,0.27953013057350934,0.1824391526868728,0.27814527956606255,0.03412879929987223,-2.667733053282606e-07,-2.667733001734549e-07,7.916596506013279e-10
18.240000000000002,0.8973066309987083,0.8973066309987083,0.8128073027916604,0.8128071976639685,-0.023553671839600776,-0.0006795216347426291,-0.059837615136898156,0.27989892463125626,0.1785451138946546,0.27376510798583364,0.0340770248602993,-2.510434223557123e-07,-2.5104341723798387e-07,7.838963880241293e-10
18.25,0.9005919215263238,0.9005919215263238,0.8170093694948292,0.8170092636990689,-0.020787804623054046,4.030318648139378e-05,-0.057036841992631454,0.28025329782770114,0.17465107510243777,0.26938493640560623,0.03402840009903019,-2.3527723843480564e-07,-2.3527723335787787e-07,7.756815401005656e-10
18.26,0.9038265539958146,0.9038265539958146,0.821165479636387,0.8211653731785096,-0.018020768097977757,0.000761246045266337,-0.054232597348067145,0.2805932196184643,0.17086994467532568,0.26504538657740856,0.033982931954269734,-2.1947795536547687e-07,-2.1947795033843978e-07,7.661986156403005e-10
18.27,0.9070103464599564,0.9070103464599564,0.8252753994362331,0.8252752923222252,-0.015252717909447544,0.0014832689193631163,-0.05142502586923299,0.28091865964008217,0.16708881424821495,0.2607058367492124,0.03394062672509878,-2.0364876258949227e-07,-2.0364875760489205e-07,7.579701324615633e-10
18.28,0.9101431198312623,0.9101431198312623,0.8293388977124623,0.8293387899483508,-0.012483809759556597,0.002206333731046685,-0.048614272524857845,0.2812295877170425,0.16330768382110286,0.2563662869210147,0.03390149007399295,-1.8779283671166436e-07,-1.8779283177900036e-07,7.484131466721669e-10
18.29,0.9132246978920565,0.9132246978920558,0.8333557458943672,0.8333556374862131,-0.009714199398658946,0.0029304023484531096,-0.04580048258445536,0.28152597386909284,0.15952655339399213,0.25202673709281853,0.033865527029424136,-1.7191334116678503e-07,-1.7191333627375738e-07,7.40834552701662e-10
18.3,0.9162549073043855,0.9162549073043855,0.8373257180352995,0.8373256089892004,-0.006944042616605167,0.003655436586920893,-0.042983801616334055,0.2818077883188231,0.15574542296688004,0.24768718726462086,0.0338327419885422,-1.5601342575471966e-07,-1.560134209059469e-07,7.326635758810833e-10
18.310000000000002,0.9192335776197681,0.9192335776197688,0.8412485908253702,0.8412484811474606,-0.00417349523398583,0.004381398210336665,-0.04016437548552972,0.28207500149950915,0.15209845979561837,0.24341265771621087,0.033803138719930736,-1.4009622632815688e-07,-1.400962215263632e-07,7.241873850443002e-10
18.32,0.9221605412887859,0.9221605412887859,0.8451241436040192,0.8451240333004683,-0.0014027130933606524,0.005108248932485227,-0.03734235035165834,0.28232758406323005,0.148451496624358,0.23913812816780242,0.03377672036643684,-1.241648644179083e-07,-1.241648596677872e-07,7.151090606094691e-10
18.330000000000002,0.9250356336705035,0.9250356336705041,0.8489521583724273,0.848952047449439,0.0013681479495074589,0.005835950418404128,-0.034517872666686135,0.28256550688924026,0.14480453345309635,0.23486359861939246,0.03375348944806792,-1.082224469206583e-07,-1.082224422102901e-07,7.079262375426672e-10
18.34,0.9278586930417325,0.9278586930417319,0.8527324198057689,0.8527323082695837,0.004138932034412235,0.0065644642857428,-0.03169108917261515,0.28278874109260627,0.14115757028183598,0.230589069070984,0.033733447864954816,-9.227206571732482e-08,-9.227206106391245e-08,6.982575504461712e-10
18.35,0.9306295606061278,0.9306295606061278,0.8564647152653401,0.8564646031222308,0.006909483305483313,0.007293752106126256,-0.028862146899080777,0.28299725803309767,0.1375106071105743,0.22631453952257402,0.033716596900376115,-7.63167974787704e-08,-7.631679286849019e-08,6.907609031168827e-10
18.36,0.9333480805031193,0.9333480805031187,0.860148834810501,0.8601487220667762,0.009679645919938987,0.008023775406523524,-0.02603119316085912,0.2831910293243325,0.13401831574878917,0.2221290632140439,0.03370293722384107,-6.035970328416296e-08,-6.035969871034802e-08,6.843538387549112e-10
18.37,0.9360140998166792,0.9360140998166792,0.8637845712105013,0.8637844578725032,0.012449264056864598,0.0087544956706208,-0.023198375555281887,0.2833700268431715,0.13052602438700275,0.2179435869055123,0.033692468894227355,-4.4403828371175624e-08,-4.4403823855779236e-08,6.747533593280281e-10
18.380000000000003,0.938627468583925,0.9386274685839257,0.8673717199561274,0.8673716060302302,0.015218181925970159,0.00948587434019949,-0.02036384195955585,0.28353422273935763,0.12703373302521637,0.2137581105969807,0.03368519136296997,-2.8452201962514412e-08,-2.8452197500948575e-08,6.659304895866951e-10
18.39,0.9411880398035523,0.9411880398035523,0.8709100792712051,0.8709099647638178,0.017986243776353675,0.010217872816519076,-0.017527740527984885,0.2836835894454039,0.12354144166343121,0.20957263428845055,0.03368110347729984,-1.2507836953667972e-08,-1.2507832538255493e-08,6.583406402491527e-10
18.400000000000002,0.9436956694441048,0.9436956694441048,0.8743994501239587,0.8743993350415227,0.020753293905267867,0.010950452461704898,-0.014690219689091774,0.2838180996867151,0.12004915030164483,0.20538715797991894,0.03368020348352638,3.426270281381427e-09,3.4262746614249775e-09,6.524406180864377e-10
18.41,0.9461502164520768,0.9461502164520768,0.877839636238197,0.8778395205871845,0.023519176666871963,0.011683574600141106,-0.011851428142637765,0.28393772649194604,0.11673116568178107,0.20131426718164752,0.03368248903036195,1.9347140126080298e-08,1.9347144450676536e-08,6.436306402636502e-10
18.42,0.948551542759846,0.948551542759846,0.8812304441043582,0.8812303278912756,0.02628373648098989,0.012417200519868507,-0.00901151485653724,0.28404244320359495,0.11341318106191613,0.19724137638337466,0.033687957172286224,3.525180981844844e-08,3.5251814091849524e-08,6.355340358755967e-10
18.43,0.9508995132934402,0.9508995132934402,0.8845716829903928,0.8845715662217767,0.02904681784186032,0.013151291473987654,-0.006170629063665394,0.28413222348882045,0.11009519644205237,0.19316848558510324,0.033696604372945055,5.1137333707818033e-08,5.1137337928280905e-08,6.272558494975859e-10
18.44,0.9531939959801373,0.9531939959801379,0.8878631649524971,0.8878630476349151,0.03180826532688731,0.013885808682067112,-0.0033289202585566283,0.2842070413504841,0.10677721182218743,0.18909559478683038,0.03370842650858273,6.700078335197812e-08,6.70007875404527e-08,6.221648880611448e-10
18.45,0.9554348617558905,0.95543486175589,0.8911047048456745,0.8911045869857273,0.03456792360537461,0.01462071333155693,-0.0004865381939913761,0.28426687113841426,0.10345922720232367,0.18502270398855897,0.03372341887150433,8.283924776697482e-08,8.283925188750097e-08,6.118047051257817e-10
18.46,0.9576219845725908,0.9576219845725908,0.8942961203341656,0.8942960019384811,0.037325637447275684,0.015355966579207547,0.00235636712253077,0.2843116875608802,0.10033420424091488,0.18108529797423148,0.03374157617356375,9.864983336466127e-08,9.864983743448907e-08,6.040769882745747e-10
18.470000000000002,0.9597552414051563,0.9597552414051569,0.8974372319016881,0.8974371129769263,0.040081251731912015,0.016091529552493877,0.0051996454324337365,0.2843414656962815,0.09720918127950609,0.177147891959904,0.03376289254967696,1.1442966423719225e-07,1.1442966826558377e-07,5.977914490793475e-10
18.48,0.9618345122584528,0.9618345122584524,0.9005278628615425,0.900527743414394,0.04283461145670474,0.016827363351045083,0.008043146229825576,0.2843561810050413,0.09408415831809841,0.17321048594557792,0.03378736156135601,1.301758822194743e-07,1.3017588618357694e-07,5.881801987469761e-10
18.490000000000002,0.963859680174043,0.963859680174043,0.9035678393665564,0.903567719403739,0.04558556174589924,0.01756342904807953,0.010886718765378998,0.2843558093417006,0.09095913535668962,0.16927307993125043,0.03381497620026137,1.4588564686141003e-07,1.4588565079615286e-07,5.838148272971268e-10
18.5,0.9658306312367652,0.9658306312367652,0.9065569904188495,0.9065568699471117,0.04833394785926386,0.018299687691845444,0.013730212050333826,0.28434032696721123,0.08783411239528194,0.16533567391692433,0.03384572889177079,1.615561357123929e-07,1.6155613958911964e-07,5.752585367789633e-10
18.51,0.9677472545811426,0.9677472545811426,0.9094951478794655,0.9094950269055839,0.05107961520080635,0.01903610030706722,0.016573474860623428,0.28430971056141957,0.08491962110822548,0.16155589021548666,0.03387961149856135,1.771845441617126e-07,1.7718454798709567e-07,5.677509434122628e-10
18.52,0.9696094423976171,0.9696094423976171,0.9123821464778211,0.9123820250085993,0.05382240932746199,0.01977262789639711,0.019416355741126805,0.28426393723573423,0.08200512982117007,0.15777610651405033,0.03391661532420166,1.9276808562590508e-07,1.9276808940205255e-07,5.606127150728285e-10
18.53,0.971417089938615,0.971417089938615,0.9152178238210062,0.9152177018632782,0.05656217595778437,0.02050923144187293,0.022258703010048324,0.2842029845459807,0.07909063853411362,0.15399632281261266,0.03395673111675388,2.083039915418139e-07,2.0830399526996085e-07,5.537123323953777e-10
18.54,0.9731700955244388,0.9731700955244383,0.9180020204029177,0.9180018979635431,0.05929876098062235,0.021245871906381164,0.025100364763426943,0.2841268305054284,0.0761761472470582,0.15021653911117633,0.03399994907238099,2.2378951139434555e-07,2.237895150760741e-07,5.470995035047628e-10
18.55,0.9748683605489863,0.9748683605489863,0.9207345796132336,0.9207344566990991,0.06203201046379182,0.021982510235126075,0.027941188879776462,0.2840354535979895,0.07326165596000175,0.14643675540973866,0.034046258838958114,2.392219127442252e-07,2.3922191636926995e-07,5.390109882084304e-10
18.560000000000002,0.9765117894852975,0.9765117894852979,0.923415347746217,0.9234152243642371,0.06476177066272816,0.02271910735710459,0.030781023024858547,0.2839288327915853,0.07057408267753437,0.14283584534015337,0.03409564951968619,2.545984812002411e-07,2.545984847657626e-07,5.305464602986295e-10
18.57,0.9781002898909288,0.9781002898909288,0.9260441740093671,0.9260440501664818,0.06748788802913985,0.02345562418658705,0.033619714656590464,0.28380694755166924,0.06788650939506795,0.13923493527056935,0.03414810967670442,2.699165204192444e-07,2.6991652394274535e-07,5.247318196101234e-10
18.580000000000002,0.9796337724131506,0.9796337724131511,0.928620910531902,0.928620786235077,0.07021020921964585,0.0241920216246037,0.0364571110300887,0.2836697778549078,0.06519893611260057,0.13563402520098405,0.03420362733470141,2.8517335215472173e-07,2.8517335562232575e-07,5.168943794988142e-10
18.59,0.9811121507939757,0.9811121507939754,0.9311454123730681,0.9311452876292964,0.07292858110439371,0.024928260560437482,0.039293059202849874,0.28351730420300864,0.06251136283013414,0.13203311513140004,0.034262189984521726,3.003663161318948e-07,3.0036631954621224e-07,5.094860479682519e-10
18.6,0.9825353418750099,0.9825353418750099,0.9336175375303066,0.9336174123466037,0.07564285077568558,0.025664301873122578,0.04212740604007122,0.283349507636691,0.059823789547666754,0.12843220506181474,0.03432378458676637,3.1549277007547616e-07,3.1549277344166683e-07,5.028866589437226e-10
18.61,0.9839032656021299,0.9839032656021296,0.9360371469472261,0.9360370213306339,0.07835286555656487,0.026400106432948968,0.044959998220110736,0.2831663697497945,0.05737824478445673,0.1250304142504174,0.03438839757538604,3.305500896680358e-07,3.3055009297911775e-07,4.952806872580096e-10
18.62,0.9852158450299867,0.9852158450299867,0.9384041045214365,0.9384039784790212,0.08105847300941665,0.027135635102973205,0.047790682240089866,0.2829678727035162,0.05493270002124584,0.12162862343901884,0.0344560148612644,3.4553566845979544e-07,3.4553567172202484e-07,4.886447298090198e-10
18.630000000000003,0.9864730063263342,0.9864730063263344,0.9407182771121985,0.9407181506510492,0.08375952094453509,0.02787084874053521,0.05061930442163846,0.28275399924077554,0.05248715525803494,0.11822683262762029,0.034526621835791436,3.604469178616898e-07,3.60446921069299e-07,4.811769211069363e-10
18.64,0.9876746787761803,0.9876746787761803,0.9429795345479123,0.942979407675143,0.08645585742868414,0.028605708198781266,0.053445710916784656,0.28252473270069534,0.05004161049482492,0.11482504181622294,0.03460020337442401,3.752812670274053e-07,3.7528127019095803e-07,4.753248743551284e-10
18.650000000000002,0.988820794785767,0.988820794785767,0.9451877496334452,0.9451876223561924,0.08914733079364939,0.02934017432819314,0.05626974771398947,0.2822800570331954,0.047596065731614026,0.11142325100482439,0.03467674384023301,3.9003616285337994e-07,3.900361659574192e-07,4.671780899451421e-10
18.66,0.9899112898863707,0.9899112898863707,0.94734279815728,0.9473426704827023,0.09183378964476309,0.03007420797812344,0.05909126064432837,0.2820199568136932,0.0454062992299486,0.10823970555704364,0.03475622708743615,4.047090698053313e-07,4.047090728629077e-07,4.6102048920379646e-10
18.67,0.9909461027379295,0.9909461027379295,0.9494445588985057,0.9494444308337855,0.09451508286942323,0.030807769998337318,0.06191009538782004,0.28174441725790095,0.043216532728282395,0.10505616010926175,0.0348386364649143,4.192974699529506e-07,4.1929747294360417e-07,4.517983904282595e-10
18.68,0.9919251751324931,0.9919251751324931,0.9514929136336341,0.951492785185975,0.09719105964559223,0.03154082124056022,0.06472609747990375,0.2814534242367163,0.04102676622661697,0.10187261466148098,0.03492395481971113,4.337988627409195e-07,4.337988656909625e-07,4.465712767512242e-10
18.69,0.9928484519974982,0.9928484519974984,0.953487747143253,0.9534876183198798,0.09986156945028393,0.032273322560032104,0.0675391123180662,0.2811469642911995,0.03883699972495076,0.09868906921369909,0.03501216450051533,4.482107650721767e-07,4.4821076796071614e-07,4.3820063074154427e-10
18.7,0.993715881398864,0.9937158813988638,0.9554289472185012,0.9554288180266608,0.10252646206802282,0.03300523481706813,0.07034898516861803,0.2808250246476292,0.036647233223285336,0.09550552376591834,0.03510324736112404,4.6253071103036225e-07,4.6253071387813705e-07,4.3299331495554246e-10
18.71,0.9945274145439157,0.9945274145439157,0.9573164046673892,0.9573162751143478,0.10518558759930555,0.03373651887862546,0.07315556117362187,0.28048759323262884,0.0347255566470198,0.09255812273235704,0.03519718476388681,4.7675625195614524e-07,4.767562547401072e-07,4.242955620219967e-10
18.720000000000002,0.9952830057841275,0.9952830057841278,0.9591500133209313,0.9591498834139764,0.10783879646902025,0.03446713561987641,0.07595868535797154,0.2801346586883581,0.03280388007075426,0.08961072169879575,0.03529395758312961,4.90884956183546e-07,4.908849589144962e-07,4.172512071024563e-10
18.73,0.9959826126176918,0.9959826126176916,0.9609296700391233,0.9609295397855628,0.11048593943486568,0.03519704592578837,0.07875820263662377,0.2797662103877657,0.030882203494489405,0.08666332066523551,0.035393546208559425,5.049144090538138e-07,5.049144117373089e-07,4.1106688513407495e-10
18.740000000000002,0.9966261956919084,0.9966261956919084,0.9626552747167466,0.9626551441239064,0.11312686759575176,0.03592621069270977,0.08155395782198217,0.2793822384498892,0.028960526918223865,0.08371591963167421,0.03549593054864703,5.18842212776649e-07,5.188422154083606e-07,4.042288027521299e-10
18.75,0.997213718805399,0.997213718805399,0.9643267302889909,0.9643265993642172,0.11576143240016266,0.03665459082996272,0.08434579563143535,0.27898273375519617,0.02703885034195901,0.08076851859811397,0.03560109003398866,5.326659863053029e-07,5.326659888858818e-07,3.97496259958538e-10
18.76,0.9977451489101437,0.9977451489101437,0.9659439427369222,0.9659438114875797,0.11838948565452466,0.037382147261442136,0.08713356069504781,0.27856768796096903,0.025396068055864984,0.07807383333957628,0.03570900362064788,5.463833652463723e-07,5.463833677805202e-07,3.914936456573692e-10
18.77,0.9982204561133389,0.9982204561133389,0.9675068210927662,0.9675066895262369,0.12101087953153447,0.038108840927221214,0.089917097563405,0.27813709351671206,0.023753285769771544,0.07537914808103956,0.03581964979347503,5.599920017765325e-07,5.599920042494947e-07,3.832103386681509e-10
18.78,0.9986396136790799,0.9986396136790799,0.9690152774450277,0.9690151455687129,0.12362546657847777,0.03883463278516343,0.09269625071561285,0.2776909436795831,0.02211050348367752,0.07268446282250186,0.03593300656940614,5.734895644621263e-07,5.734895668913124e-07,3.7762254359785157e-10
18.79,0.9990025980298642,0.9990025980298641,0.9704692269434341,0.9704690947647516,0.1262330997255219,0.03955948381254131,0.09547086456745162,0.277229232529835,0.02046772119758408,0.06998977756396514,0.03604905150074019,5.868737382799805e-07,5.868737406416927e-07,3.683427431136463e-10
18.8,0.9993093887479177,0.9993093887479177,0.9718685878037107,0.9718684553300954,0.12883363229399178,0.04028335500766136,0.0982407834796838,0.2767519549862693,0.018824938911490053,0.06729509230542745,0.03616776167839684,6.00142224353728e-07,6.001422266711132e-07,3.6266220183738744e-10
18.810000000000002,0.9995599685763434,0.9995599685763434,0.9732132813121767,0.9732131485510805,0.1314269180046142,0.0410062073914958,0.10100585176651702,0.2762591068216833,0.017470287235184106,0.06486827332269758,0.036289113735152985,6.132927400231969e-07,6.13292742284699e-07,3.551658349221213e-10
18.82,0.9997543234200921,0.9997543234200921,0.9745032318301772,0.9745030987890679,0.1340128109857518,0.041728002009320905,0.10376591370422139,0.2757506846783099,0.01611563555887864,0.062441454339968575,0.03641308384885986,6.263230186084878e-07,6.263230208249135e-07,3.493565670237203e-10
18.830000000000002,0.999892442346755,0.999892442346755,0.9757383667983365,0.9757382334846972,0.13659116578160801,0.042448699932361625,0.10652081353990042,0.27522668608323975,0.014760983882572696,0.0600146353572387,0.036539647745641,6.39230809416913e-07,6.392308115776083e-07,3.418554826703833e-10
18.84,0.9999743175871789,0.9999743175871788,0.9769186167406367,0.976918483161967,0.13916183736040236,0.043168262259443146,0.10927039550041737,0.27468710946382,0.01340633220626723,0.057587816374509694,0.03666878070307198,6.520138775556461e-07,6.520138796819772e-07,3.3772657024779043e-10
18.85,0.9999999445359031,0.9999999445359031,0.9780439152683319,0.9780437814321448,0.14172468112254002,0.04388665011864854,0.11201450380147407,0.274131954163017,0.012051680529961284,0.05516099739177983,0.036800457553342034,6.646700039872333e-07,6.646700060450553e-07,3.2815558381245367e-10
18.86,0.9999693217514185,0.9999693217514185,0.9791141990836745,0.9791140649974988,0.14427955290873204,0.044603824668983744,0.11475298265684411,0.2735612204547427,0.010992775807957106,0.05301568914399695,0.03693465268639997,6.771969852520376e-07,6.771969872611063e-07,3.217044468092322e-10
18.87,0.9998824509562487,0.9998824509562487,0.9801294079834834,0.9801292736548611,0.14682630900811594,0.04531974710204842,0.11748567628775844,0.2729749095591268,0.00993387108595255,0.05087038089621331,0.03707134005308335,6.895926335792613e-07,6.895926355367032e-07,3.1477077279411903e-10
18.880000000000003,0.999739337036853,0.999739337036853,0.9810894848625257,0.9810893502990127,0.14936480616633266,0.04603437864371365,0.12021242893244388,0.2723730236577376,0.008874966363947995,0.04872507264842968,0.03721049316823447,7.018547767134731e-07,7.018547786217758e-07,3.082118322976685e-10
18.89,0.9995399880433518,0.9995399880433518,0.9819943757167291,0.9819942409258946,0.1518949015935845,0.046747680555806304,0.12293308485581347,0.2717555659087344,0.007816061641943817,0.0465797644006468,0.037352085113802544,7.139812578868532e-07,7.139812597473407e-07,3.018414678178407e-10
18.900000000000002,0.999284415189073,0.999284415189073,0.9828440296462224,0.9828438946356487,0.1544164529726727,0.04745961413780011,0.12564748835930745,0.2711225404619458,0.006757156919939261,0.044434456152863164,0.03749608854193376,7.259699357706206e-07,7.259699375704087e-07,2.9334423964003184e-10
18.91,0.9989726328499225,0.9989726328499225,0.983638398858196,0.9836382636354768,0.15692931846699631,0.04817014072851279,0.12835548379088518,0.27047395247387124,0.005999952699787139,0.042582720343406086,0.03764247567805226,7.3781868437095e-07,7.37818686126461e-07,2.87486920388583e-10
18.92,0.9986046585635748,0.9986046585635748,0.9843774386695913,0.9843773032423331,0.15943335672853398,0.04887922170781047,0.13105691555516683,0.26980980812258937,0.005242748479634749,0.04073098453394835,0.03779121832393153,7.495253930983603e-07,7.495253947901862e-07,2.784089403653535e-10
18.93,0.9981805130284864,0.9981805130284865,0.9850611075096133,0.9850609718854337,0.16192842690579307,0.049586818498317906,0.1337516281237231,0.2691301146225679,0.004485544259482627,0.03887924872449128,0.03794228786075859,7.610879665873038e-07,7.610879682448953e-07,2.7414037107164256e-10
18.94,0.9977002201027318,0.9977002201027317,0.9856893669220705,0.9856892311085984,0.1644143886517358,0.05029289256713609,0.13643946604551194,0.2684348802393723,0.0037283400393302362,0.03702751291503354,0.03809565525219404,7.725043248557606e-07,7.725043264610634e-07,2.6685528183779014e-10
18.95,0.9971638068026614,0.9971638068026615,0.9862621815675361,0.9862620455724113,0.16689110213166644,0.05099740542756574,0.13912027395746396,0.2677241143042554,0.0029711358191781144,0.03517577710557646,0.03825129104742796,7.837724031248272e-07,7.837724046845851e-07,2.6064846022074627e-10
18.96,0.9965713033013819,0.9965713033013819,0.986779519225338,0.9867793830562098,0.16935842803110837,0.05170031864083738,0.14179389659521072,0.26699782722862553,0.0025198893784560117,0.03362802486678192,0.038409165384234265,7.94890151936678e-07,7.94890153435221e-07,2.517690985070586e-10
18.970000000000002,0.995922742927059,0.9959227429270587,0.987241350795369,0.987241214459897,0.17181622756362852,0.05240159381784851,0.14446017880395845,0.2662560305183855,0.0020686429377339086,0.03208027262798738,0.03856924799202663,8.058555370574205e-07,8.058555385155618e-07,2.4633416193163443e-10
18.98,0.9952181621610426,0.9952181621610429,0.9876476502997248,0.987647513805578,0.1742643624786495,0.05310119262090656,0.14711896554950435,0.2654987367881317,0.0016173964970119662,0.030532520389193386,0.03873150819491695,8.166665396228123e-07,8.166665410311539e-07,2.392664467329823e-10
18.990000000000002,0.9944576006358153,0.9944576006358153,0.9879983948841657,0.987998258239022,0.17670269506923125,0.053799076765478904,0.14977010192939366,0.26472595977520347,0.0011661500562898635,0.028984768150398847,0.038895914914778486,8.273211560619331e-07,8.273211574221549e-07,2.3242864218740076e-10
19.0,0.9936411011327626,0.9936411011327626,0.9882935648194014,0.9882934280309467,0.17913108817980572,0.05449520802194878,0.15241343318421627,0.2639377143535796,0.0007149036155679211,0.027437015911604853,0.0390624366743172,8.378173981943293e-07,8.378173995069003e-07,2.256143151628163e-10
19.01,0.9927687095797655,0.9927687095797655,0.9885331435022006,0.9885330065781295,0.1815494052139024,0.055189548217378176,0.15504880470904245,0.2631340165476101,0.0005721520259183169,0.026201949269594363,0.03923104160015299,8.481532932716473e-07,8.481532945378831e-07,2.1896798459540258e-10
19.02,0.9918404750486194,0.9918404750486194,0.988717117456326,0.9887169804043401,0.18395751014182515,0.0558820592372767,0.15767606206499513,0.2623148835455735,0.0004294004362687634,0.024966882627584314,0.03940169742591303,8.583268840470226e-07,8.583268852705779e-07,2.1289745910596677e-10
19.03,0.9908564497522716,0.9908564497522716,0.9888454763332906,0.9888453391610994,0.18635526750830672,0.05657270302737738,0.1602950509909545,0.26148033371305485,0.00028664884661915913,0.023731815985573824,0.039574371495340224,8.68336228879163e-07,8.683362300453954e-07,2.042076370214348e-10
19.04,0.9898166890418858,0.989816689041886,0.9889182129129417,0.9889180756282611,0.18874254244012698,0.05726144159541787,0.16290561741539883,0.2606303866061349,0.00014389725696960568,0.022496749343563775,0.0397490307654198,8.781794017601041e-07,8.781794028832717e-07,1.9793883628484057e-10
19.05,0.9887212514037277,0.9887212514037277,0.988935323103866,0.9889351857144179,0.1911192006537021,0.05794823701292919,0.16550760746837329,0.25976506298438173,1.1456673200014236e-06,0.021261682701553285,0.03992564180952614,8.878544925164378e-07,8.878544935951548e-07,1.9136109157185828e-10
19.060000000000002,0.9875701984558759,0.9875701984558757,0.9888968059436196,0.9888966684571323,0.19348510846263253,0.05863305141702971,0.1681008674935905,0.25888438482363657,0.00016769153010943387,0.020346245650275326,0.040104170820593185,8.973596068717615e-07,8.973596079058344e-07,1.8467899184344993e-10
19.07,0.9863635949447548,0.9863635949447548,0.9888026635987827,0.9888025260229898,0.1958401327852279,0.0593158470122263,0.17068524406065422,0.25798837532858393,0.0003342373928988071,0.019430808598997693,0.040284583614310185,9.066928666132124e-07,9.066928675924278e-07,1.760864356320033e-10
19.080000000000002,0.9851015087414937,0.9851015087414935,0.9886529013648372,0.9886527637074773,0.19818414115199265,0.05999658607222061,0.17326058397741145,0.2570770589451051,0.0005007832556882395,0.018515371547719733,0.04046684563234827,9.1585240969555e-07,9.158524106377312e-07,1.7061804050114534e-10
19.09,0.9837840108381091,0.9837840108381094,0.9884475276658695,0.988447389934686,0.2005170017130714,0.060675230941722544,0.17582673430242415,0.25615046137239544,0.0006673291184776127,0.017599934496442097,0.04065092194561769,9.24836390511774e-07,9.248363913989408e-07,1.6180830357188467e-10
19.1,0.9824111753435105,0.9824111753435105,0.9881865540540958,0.9881864162568358,0.20283858324567605,0.06135174403826949,0.1783835423575634,0.2552086095748455,0.0008338749812670452,0.016684497445164138,0.04083677725756085,9.336429799555734e-07,9.336429807918837e-07,1.5364930590741355e-10
19.11,0.9809830794793326,0.9809830794793329,0.9878699952092134,0.9878698573536276,0.20514875516145475,0.062026087854051504,0.1809308557407178,0.254251531793679,0.001308781915069411,0.016093836904734843,0.041024375907484305,9.422703656988829e-07,9.422703664910104e-07,1.466186126356036e-10
19.12,0.9794998035755914,0.9794998035755914,0.9874978689375733,0.9874977310314164,0.20744738751384806,0.0626982249577427,0.18346852233862002,0.2532792575583324,0.0017836888488719457,0.015503176364305338,0.04121368187393161,9.507167524000493e-07,9.507167531455072e-07,1.390310140956205e-10
19.130000000000003,0.9779614310661648,0.9779614310661645,0.9870701961711802,0.9870700582222095,0.20973435100539217,0.06336811799633851,0.18599639033978496,0.2522918176975752,0.0022585957826744803,0.014912515823875833,0.04140465877810166,9.589803618981207e-07,9.589803626116638e-07,1.3411199961232385e-10
19.14,0.9763680484841013,0.9763680484841013,0.9865870009665151,0.9865868629824899,0.2120095169949921,0.06403572969699928,0.1885143082475566,0.25128924435035754,0.002733502716476846,0.014321855283446538,0.04159726988731446,9.670594335389748e-07,9.670594342017614e-07,1.2555814449008225e-10
19.150000000000002,0.9747197454567508,0.9747197454567508,0.9860483105031799,0.9860481724918622,0.21427275750516242,0.06470102286889895,0.19102212489326434,0.2502715709763823,0.0032084096502793804,0.013731194743017034,0.041791478118529006,9.74952224334913e-07,9.74952224949613e-07,1.173880071286553e-10
19.16,0.973016614700724,0.973016614700724,0.9854541550823718,0.9854540170515244,0.2165239452292207,0.06536396040508094,0.19351968944948061,0.24923883236639002,0.0039890075555533994,0.01346863162186227,0.041987246041915366,9.82657009311605e-07,9.826570098929844e-07,1.11937485528738e-10
19.17,0.971258752016677,0.971258752016677,0.9848045681251765,0.9848044300825634,0.218762953538451,0.06602450528431796,0.19600685144338262,0.24819106465215351,0.004769605460827695,0.013206068500707414,0.042184535884485806,9.901720818342175e-07,9.901720823729497e-07,1.0459499525135732e-10
19.18,0.9694462562839221,0.9694462562839226,0.9840995861706889,0.984099448124075,0.2209896564892257,0.06668262057297929,0.19848346077021048,0.24712830531616828,0.005550203366101713,0.012943505379552652,0.04238330953378655,9.97495753843336e-07,9.974957543504229e-07,9.929097811105769e-11
19.19,0.967579229454867,0.9675792294548665,0.9833392488739577,0.9833391108311087,0.22320392883009266,0.06733826942690276,0.20094936770682276,0.2460505932010363,0.006330801271376009,0.012680942258397795,0.0425835285416552,1.0046263562851765e-06,1.0046263567398788e-06,8.980739672054273e-11
19.2,0.9656577765492774,0.965657776549278,0.9825235990037567,0.9825234609724365,0.22540564600881383,0.06799141509327233,0.20340442292534217,0.2449579685185348,0.007111399176650028,0.012418379137243033,0.04278515412804634,1.0115622393544466e-06,1.0115622397603517e-06,8.087899163836664e-11
19.21,0.9636820056483735,0.9636820056483735,0.9816526824401743,0.9816525444281478,0.22759468417938156,0.06864202091250199,0.20584847750689167,0.2438504728583609,0.008193299248010008,0.01248538966074387,0.04298814718492912,1.0183017729453736e-06,1.0183017733038085e-06,7.206377698692976e-11
19.220000000000002,0.961652027888747,0.9616520278887465,0.9807265481720381,0.9807264101870685,0.22977092020897438,0.06929005032012388,0.20828138295541607,0.2427281491965484,0.009275199319370094,0.012552400184244826,0.04319246828026055,1.0248433469917106e-06,1.0248433473208473e-06,6.67803453069831e-11
19.23,0.959567957456112,0.9595679574561125,0.9797452482941577,0.979745110344006,0.23193423168488797,0.06993546684868295,0.21070299121158556,0.24159104190354494,0.010357099390729797,0.012619410707745759,0.04339807766203715,1.031185371938581e-06,1.0311853722238446e-06,5.841913446722287e-11
19.240000000000002,0.9574299115788806,0.9574299115788806,0.9787088380043906,0.9787087000968173,0.23408449692142524,0.07057823412963643,0.2131131546667797,0.24043919675194736,0.011438999462089885,0.012686421231246714,0.04360493526242949,1.037326279040851e-06,1.0373262793074102e-06,5.5107464978686756e-11
19.25,0.9552380105215703,0.9552380105215703,0.977617375600544,0.9776172377433059,0.236221594966731,0.07121831589525805,0.21551172617714603,0.23927266092388533,0.012520899533449587,0.012753431754747645,0.04381300070200239,1.0432645209668134e-06,1.043264521186177e-06,4.578904077914609e-11
19.26,0.9529923775780367,0.9529923775780367,0.9764709224770893,0.9764707846779406,0.23834540560960532,0.07185567598054833,0.21789855907772976,0.23809148301804792,0.013898018935125501,0.01314963916536452,0.04402223329402409,1.0489985720757433e-06,1.0489985722498478e-06,3.66995128173379e-11
19.27,0.950693139064541,0.950693139064541,0.9752695431217125,0.975269405388405,0.24045580938625888,0.07249027832514976,0.2202735071966738,0.23689571305634602,0.015275138336800926,0.013545846575981253,0.044232592048868646,1.0545269289938264e-06,1.054526929135402e-06,3.0141585803673784e-11
19.28,0.9483404243126435,0.9483404243126435,0.974013305111686,0.9740131674519666,0.24255268758703585,0.07312208697526601,0.22263642486948287,0.23568540249020437,0.016652257738476842,0.013942053986598127,0.04444403567851424,1.059848111120698e-06,1.059848111216316e-06,2.056453217113855e-11
19.290000000000003,0.9459343656619287,0.9459343656619287,0.9727022791100663,0.9727021415316784,0.24463592226309022,0.07375106608558768,0.22498716695334872,0.23446060420647777,0.018029377140152757,0.014338261397215002,0.044656522601141196,1.0649606610318996e-06,1.0649606611087138e-06,1.669161770973227e-11
19.3,0.9434750984525612,0.9434750984525612,0.9713365388617204,0.9713364013724032,0.24670539623302082,0.07437717992122098,0.227325588841531,0.23322137253298286,0.019406496541828182,0.014734468807831734,0.0448700109458324,1.069863145172767e-06,1.0698631451942263e-06,4.712237769232291e-12
19.310000000000002,0.9409627610176737,0.9409627610176732,0.9699161611891772,0.9699160237966638,0.24876099308946242,0.07500039285962269,0.22965154647779487,0.2319677632436433,0.021071092607581186,0.015457645483371443,0.04508445855738078,1.0745541541637427e-06,1.0745541541593586e-06,9.730040050942664e-13
19.32,0.9383974946755834,0.9383974946755834,0.9684412259883066,0.9684410887003255,0.2508025972056334,0.07562066939253914,0.2319648963708948,0.23069983356323845,0.0227356886733336,0.016180822158910892,0.045299823001205566,1.0790323035914096e-06,1.0790323035511946e-06,9.022730949692175e-12
19.330000000000002,0.9357794437218461,0.9357794437218454,0.9669118162238236,0.9669116790480975,0.25283009374184207,0.07623797412794929,0.23426549560910534,0.22941764217175334,0.024400284739086606,0.0169039988344506,0.04551606156838164,1.0832962344178854e-06,1.0832962343491486e-06,1.5592885422127285e-11
19.34,0.9331087554211377,0.9331087554211384,0.9653280179246262,0.9653278808688706,0.2548433686519403,0.07685227179201322,0.23655320187479423,0.22812124920832252,0.02606488080483902,0.017627175509990052,0.04573313128078496,1.0873446136608345e-06,1.0873446135524712e-06,2.4859214321951642e-11
19.35,0.9303855799989709,0.9303855799989709,0.9636899201789487,0.9636897832508735,0.2568423086897482,0.07746352723102362,0.2388278734590307,0.22681071627476254,0.027729476870592025,0.01835035218552976,0.04595098889635663,1.0911761349208238e-06,1.0911761347832893e-06,3.191283280097326e-11
19.36,0.9276100706332453,0.927610070633246,0.9619976151293594,0.9619974783366667,0.25882680141541337,0.0780717054133632,0.241089369276229,0.2254861064386895,0.02967219063580042,0.019396432163648024,0.04616959091448958,1.0947895190752122e-06,1.094789518904745e-06,4.001518287166115e-11
19.37,0.9247823834456314,0.9247823834456314,0.9602511979675699,0.9602510613179538,0.2607967352017446,0.07867677143146438,0.2433375488788195,0.22414748423621478,0.0316149044010095,0.02044251214176666,0.046388893581539956,1.0981835148610175e-06,1.098183514653961e-06,4.9179773721426595e-11
19.380000000000003,0.9219026774927866,0.921902677492786,0.9584507669290852,0.9584506304302326,0.2627519992404858,0.07927869050377419,0.24557227247194627,0.22279491567421475,0.03355761816621859,0.0214885921198853,0.04660885289646684,1.1013568995271728e-06,1.1013568992894282e-06,5.714854776866601e-11
19.39,0.9189711147574123,0.9189711147574123,0.9565964232876774,0.9565962869472666,0.264692483548549,0.07987742797672233,0.24779340092818394,0.22142846823217163,0.03550033193142699,0.022534672098003566,0.04682942461660286,1.1043084795214764e-06,1.1043084792523916e-06,6.547352529366094e-11
19.400000000000002,0.9159878601391392,0.9159878601391392,0.9546882713496865,0.9546881351753862,0.26661807897420486,0.08047294932669394,0.2500007958022702,0.22004821086357693,0.03744304569663607,0.023580752076122202,0.04705056426355782,1.1070370911359095e-06,1.107037090841851e-06,7.24399738023941e-11
19.41,0.9129530814452531,0.9129530814452531,0.952726418448156,0.9527262824476267,0.26852867720321805,0.08106522016200511,0.2521943193458528,0.21865421399690144,0.039652954517800716,0.024943853914643977,0.0472722271292602,1.109541601228281e-06,1.109541600902593e-06,8.124588087216014e-11
19.42,0.9098669493812553,0.9098669493812553,0.9507109749367946,0.9507108391176854,0.2704241707649418,0.081654206224882,0.2543738345222409,0.21724654953611508,0.04186286333896615,0.026306955753166234,0.04749436828213547,1.1118209078744834e-06,1.1118209075260179e-06,8.804460878840207e-11
19.43,0.9067296375412607,0.9067296375412615,0.9486420541837687,0.9486419185537197,0.2723044530383627,0.0822398733934437,0.2565392050211615,0.21582529086076677,0.044072772160130794,0.02767005759168801,0.047716942573427505,1.1138739411456489e-06,1.1138739407629579e-06,9.795437670344385e-11
19.44,0.9035413223982337,0.903541322398233,0.9465197725653237,0.9465196371319644,0.27416941825810004,0.0828221876836882,0.25869029527351384,0.21439051282561106,0.04628268098129623,0.029033159430210266,0.04793990464366295,1.1156996637395888e-06,1.1156996633481597e-06,1.0152012011259952e-10
19.45,0.9003021832940592,0.90030218329406,0.9443442494592438,0.9443441142301914,0.27601896152034966,0.08340111525148132,0.2608269704661174,0.2129422917597816,0.04849258980246088,0.030396261268732037,0.04816320892926165,1.1172970718759112e-06,1.117297071435805e-06,1.1568354652654763e-10
19.46,0.8970124024294582,0.8970124024294582,0.9421156072381266,0.9421154722209886,0.27785297878879334,0.08397662239454903,0.26294909655644966,0.2114807054655092,0.05095726876827894,0.03206872111325852,0.04838680966929533,1.1186651958094984e-06,1.1186651953454864e-06,1.2363787639407894e-10
19.470000000000002,0.893672164853737,0.8936721648537362,0.9398339712625111,0.9398338364648823,0.279671366900442,0.0845486755544722,0.26505654028736925,0.21000583321638064,0.05342194773409709,0.03374118095778511,0.04861066091239674,1.1198031008019527e-06,1.1198031003180078e-06,1.3074369121561465e-10
19.48,0.8902816584543787,0.8902816584543795,0.9374994698738213,0.9374993353032829,0.2814740235714426,0.08511724131868426,0.26714916920181714,0.20851775575513432,0.05588662669991437,0.03541364080231111,0.04883471652382006,1.1207098877946686e-06,1.1207098872804688e-06,1.4088186041164894e-10
19.490000000000002,0.886841073946474,0.886841073946474,0.9351122343871411,0.9351121000512634,0.2832608474028352,0.08568228642247148,0.2692268516574984,0.20701655529099328,0.058351305665732524,0.0370861006468377,0.049058930192656586,1.121384694151295e-06,1.1213846936198626e-06,1.4769528748195975e-10
19.5,0.8833506048619953,0.8833506048619953,0.9326723990838401,0.9326722649901793,0.2850317378862483,0.0862437777509755,0.27128945684152805,0.20550231549653059,0.0608159846315498,0.0387585604913637,0.04928325543920428,1.121826694497341e-06,1.1218266939645964e-06,1.5022126109588207e-10
19.51,0.8798104475389066,0.8798104475389066,0.930180101204009,0.9301799673601076,0.2867865954095605,0.0868016823411981,0.2733368547850506,0.20397512150406719,0.06352157642028494,0.04073097516424847,0.04950764562249603,1.122035101552843e-06,1.12203510097321e-06,1.658666989555775e-10
19.52,0.8762208011101247,0.8762208011101247,0.9276354809387473,0.9276353473521346,0.2885253212624983,0.08735596738400864,0.2753689163778135,0.2024350599015994,0.06622716820901912,0.042703389837132545,0.04973205394798451,1.122009166715232e-06,1.1220091661295742e-06,1.701160649663221e-10
19.53,0.8725818674923146,0.8725818674923146,0.9250386814222734,0.9250385481004632,0.29024781764219093,0.08790660022615282,0.27738551338270595,0.2008822187282554,0.06893275999775426,0.04467580451001732,0.049956433475388765,1.1217481811418017e-06,1.1217481805438052e-06,1.763592255822936e-10
19.540000000000003,0.8688938513745329,0.8688938513745329,0.9223898487238757,0.922389715674367,0.29195398765867125,0.08845354837226364,0.2793865184502426,0.1993166874692784,0.0716383517864894,0.046648219182902094,0.05018073712669964,1.1212514763880854e-06,1.121251475758224e-06,1.8864576217857685e-10
19.55,0.865156960206714,0.865156960206714,0.9196891318396955,0.9196889990699731,0.29364373534032573,0.08899677948687368,0.28137180513299853,0.19773855705053742,0.07434394357522359,0.04862063385578617,0.0504049176943478,1.1205184251988909e-06,1.1205184245574485e-06,1.951499801795645e-10
19.560000000000002,0.8613714041880013,0.8613714041880004,0.9169366826843446,0.9169365502018761,0.29531696563929266,0.0895362613964293,0.2833412478999853,0.1961479198325627,0.077275236365611,0.05088191372422194,0.05062892784953365,1.119548442438112e-06,1.1195484417819417e-06,2.028354551631508e-10
19.57,0.8575373962549212,0.8575373962549212,0.9141326560823635,0.9141325238946011,0.29697358443680866,0.09007196209130561,0.28529472215096746,0.19454486960410766,0.08020652915599735,0.05314319359265691,0.05085272015072094,1.1183409858173121e-06,1.1183409851441284e-06,2.114886109650724e-10
19.580000000000002,0.8536551520694098,0.8536551520694089,0.911277209759507,0.9112770778738868,0.2986134985485044,0.09060384972782332,0.2872321042307093,0.19292950157523606,0.08313782194638476,0.055404473461092674,0.0510762470522931,1.1168955567353311e-06,1.116895556046272e-06,2.2006309401709948e-10
19.59,0.849724890006679,0.8497248900066798,0.9083705043338813,0.9083703727578207,0.30023661572964133,0.0911318926302656,0.2891532714431504,0.19130191236993357,0.08606911473677112,0.05766575332952764,0.051299460913373035,1.1152117011178908e-06,1.1152117003992657e-06,2.3336912831320274e-10
19.6,0.8457468311429334,0.8457468311429334,0.9054127033068962,0.9054125720477973,0.3018428446803085,0.09165605929289701,0.2910581020655091,0.18966220001824674,0.08900040752715853,0.059927033197963414,0.051522314006808116,1.1132890101739346e-06,1.1132890094414823e-06,2.4192772282714114e-10
19.61,0.8417211992429352,0.8417211992429361,0.9024039730540826,0.9024038421193287,0.3034320950505489,0.09217631838198224,0.2929464753622995,0.1880104639479476,0.09214092052479693,0.062464464523930535,0.0517447585283173,1.1111271212907448e-06,1.111127120556761e-06,2.466464516870716e-10
19.62,0.8376482207474184,0.8376482207474184,0.8993444828157223,0.8993443522126779,0.3050042774454495,0.09269263873780499,0.29481827159926505,0.18634680497572523,0.09528143352243645,0.06500189584989856,0.051966746605802146,1.1087257188319155e-06,1.1087257180906994e-06,2.53474508063113e-10
19.630000000000003,0.8335281247603473,0.8335281247603464,0.8962344046873344,0.8962342744233465,0.306559303430165,0.0932049893766879,0.2966733720572227,0.1846713252979079,0.09842194652007598,0.06753932717586657,0.052188230308821526,1.1060845349214476e-06,1.106084534164282e-06,2.6357382759740433e-10
19.64,0.8293611430360361,0.8293611430360361,0.8930739136099953,0.8930737836923909,0.3080970855348928,0.09371333949301297,0.29851165904581,0.1829841284807121,0.10156245951771438,0.07007675850183369,0.05240916165822761,1.1032033502625382e-06,1.1032033494839996e-06,2.7595383636769334e-10
19.650000000000002,0.825147509966108,0.825147509966108,0.8898631873604933,0.8898630577965797,0.309617537259796,0.0942176584612396,0.3003330159171343,0.1812853194500269,0.1047029725153539,0.07261418982780171,0.05262949263596447,1.1000819949216756e-06,1.1000819941474546e-06,2.7950606084845024e-10
19.66,0.820887462566312,0.820887462566312,0.8866024065413336,0.8866022773384,0.3111205730798655,0.09471791583792526,0.3021373270793149,0.1795750044807298,0.1080350486137298,0.07541350624933087,0.052849175195026465,1.0967203492237565e-06,1.0967203484435549e-06,2.869661567799775e-10
19.67,0.8165812404631911,0.8165812404631911,0.8832917545705776,0.8832916257358905,0.312606108449733,0.09521408136374376,0.30392447800991934,0.1778532911855391,0.11136712471210687,0.07821282267086102,0.05306816126957665,1.093118344432098e-06,1.0931183436463877e-06,2.9451915466132614e-10
19.68,0.8122290858806033,0.8122290858806044,0.8799314176715267,0.8799312892123334,0.3140740598084251,0.0957061249655038,0.3056943552692836,0.17612028850340625,0.11469920081048277,0.08101213909239018,0.0532864027852231,1.0892759636019211e-06,1.089275962801712e-06,3.057834949861654e-10
19.69,0.8078312436260973,0.8078312436260963,0.8765215848622427,0.8765214567857693,0.315524344584066,0.09619401675816566,0.3074468465137142,0.17437610668744702,0.11803127690885985,0.08381145551392033,0.05350385166945123,1.085193242308935e-06,1.0851932415052297e-06,3.131853126297159e-10
19.7,0.8033879610771383,0.8033879610771394,0.8730624479449264,0.8730623202583759,0.3169568811985177,0.09667772704685827,0.30918184050856645,0.17262085729242074,0.12136335300723575,0.08661077193544948,0.05372045986221127,1.0808702694889427e-06,1.0808702686715678e-06,3.2490551893646444e-10
19.71,0.7988994881671991,0.7988994881671991,0.8695542014951123,0.8695540742056684,0.31837158907197555,0.09715722632889343,0.3108992271411989,0.1708546531617542,0.1248682580623971,0.089656234677297,0.053936179326658854,1.0763071880970365e-06,1.0763071872930769e-06,3.2609268706739425e-10
19.720000000000002,0.7943660773716974,0.7943660773716964,0.8659970428507406,0.8659969159655634,0.31976838862749357,0.09763248529577971,0.3125988974337917,0.16907760841411917,0.1283731631175585,0.0927016974191446,0.054150962060045646,1.071504195995776e-06,1.0715041951874036e-06,3.3468167451686623e-10
19.73,0.7897879836937952,0.7897879836937963,0.8623911721010497,0.862391045627275,0.32114720129546404,0.09810347483523411,0.31428074355603,0.16728983842956502,0.13187806817271866,0.09574716016099111,0.054364760104758415,1.0664615465449945e-06,1.0664615457329313e-06,3.4329639610040774e-10
19.740000000000002,0.7851654646500547,0.7851654646500547,0.8587367920753134,0.8587366660200567,0.3225079495180399,0.09857016603319205,0.31594465883764705,0.16549145983521038,0.1353829732278801,0.0987926229028387,0.05457752555950425,1.0611795494136489e-06,1.0611795485910552e-06,3.55199309633733e-10
19.75,0.7804987802559544,0.7804987802559544,0.855034108331449,0.8550339827018005,0.32385055675349095,0.09903253017581513,0.31759053778082186,0.16368259049049955,0.13888787828304025,0.10183808564468522,0.05478921059063848,1.0556585712320765e-06,1.0556585704143249e-06,3.6080022864020004e-10
19.76,0.7757881930112588,0.7757881930112588,0.8512833291444382,0.851283203947464,0.32517494748051495,0.09949053875149662,0.31921827607242564,0.1618633494720275,0.14254590644376716,0.10511257200745028,0.054999767443632636,1.049899036355273e-06,1.049899035539499e-06,3.6789871388101106e-10
19.77,0.7710339678852595,0.7710339678852595,0.847484665494622,0.8474845407373658,0.3264810472024826,0.09994416345286412,0.3208277705961169,0.1600338570579387,0.14620393460449277,0.10838705837021416,0.055209148454679814,1.0439014274873926e-06,1.04390142666453e-06,3.7945187538167886e-10
19.78,0.766236372301866,0.766236372301866,0.843638331055829,0.843638206745307,0.32776878245162877,0.10039337617878033,0.32241891944427686,0.15819423471190522,0.14986196276521968,0.11166154473297922,0.05541730606243352,1.0376662863270658e-06,1.0376662855084692e-06,3.8612793376207364e-10
19.790000000000003,0.7613956761245654,0.7613956761245654,0.8397445421833575,0.8397444183265621,0.32903808079318525,0.10083814903633971,0.3239916219297828,0.15634460506668904,0.1535199909259466,0.11493603109574427,0.05562419281987667,1.0311942142612884e-06,1.0311942134534197e-06,3.8994073593072415e-10
19.8,0.756512151641241,0.756512151641241,0.8358035179018048,0.8358033945057044,0.3302888708294551,0.1012784543428626,0.32554577859761474,0.1544850919072951,0.1571780190866722,0.11821051745850816,0.05582976140631702,1.0244858729691053e-06,1.0244858721674716e-06,3.960942353088925e-10
19.810000000000002,0.7515860735488584,0.7515860735488572,0.8318154798927476,0.8318153569642815,0.3315210822038284,0.10171426462788626,0.3270812912362925,0.15261582015372077,0.1609686035879434,0.12169561708868118,0.05603396463950555,1.0175419850044776e-06,1.0175419842077292e-06,4.031628173945892e-10
19.82,0.7466177189380093,0.7466177189380093,0.8277806524822734,0.827780530028357,0.3327346456047402,0.10214555263515077,0.32859806288913695,0.15073691584330673,0.16475918808921328,0.12518071671885295,0.05623675548787277,1.0103633343860885e-06,1.0103633336024928e-06,4.062223870211128e-10
19.830000000000002,0.7416073672773317,0.7416073672773306,0.8236992626283571,0.8236991406558788,0.33392949276956985,0.10257229132458347,0.3300959978653553,0.14884850611269906,0.16854977259048448,0.12866581634902596,0.056438087082880256,1.0029507671940885e-06,1.0029507664116266e-06,4.157454396802387e-10
19.84,0.7365553003977854,0.7365553003977866,0.8195715399081069,0.8195714184239261,0.335105556488478,0.10299445387427637,0.33157500175093957,0.14695071917942545,0.17234035709175435,0.13215091597919773,0.05663791273148051,9.953051920419398e-07,9.953051912641963e-07,4.237183332782849e-10
19.85,0.7314618024768003,0.7314618024768003,0.8153977165048314,0.8153975955157833,0.33626277060819226,0.10341201368246167,0.3330349814193842,0.14504368432309528,0.17613094159302556,0.13563601560937075,0.056836185928683614,9.874275806454058e-07,9.874275798725283e-07,4.319331961040622e-10
19.86,0.7263271600222914,0.7263271600222926,0.8111780271950015,0.811177906707891,0.3374010700357222,0.1038249443694817,0.3344758450422103,0.1431275318662298,0.1800327703898516,0.13931213400903542,0.05703286037022323,9.793189682735792e-07,9.793189675216924e-07,4.312374062534908e-10
19.87,0.7211516618565441,0.7211516618565441,0.8069127093350255,0.8069125893566292,0.33852039074202583,0.1042332197797538,0.3358975020992975,0.14120239315472974,0.18393459918667904,0.14298825240870142,0.05722788996531816,9.70980454269299e-07,9.709804535336088e-07,4.33226279162898e-10
19.880000000000003,0.7159355990999632,0.715935599099962,0.802602002847908,0.8026018833849761,0.3396206697656086,0.10463681398373059,0.3372998633890192,0.13926840053798878,0.1878364279835065,0.1466643708083674,0.057421228849524476,9.624132024307896e-07,9.624132017048767e-07,4.390993810541975e-10
19.89,0.7106792651547047,0.7106792651547047,0.7982461502097555,0.7982460312690072,0.3407018452160649,0.10503570127985455,0.33868284103817486,0.13732568734865966,0.19173825678033254,0.15034048920803209,0.057612831397671496,9.53618441407178e-07,9.536184407174887e-07,4.287439710273173e-10
19.900000000000002,0.705382955688167,0.705382955688167,0.7938453964361274,0.7938452780242524,0.3417638562775613,0.10542985619650781,0.3400463485117223,0.13537438788208261,0.19564008557715998,0.15401660760769806,0.057802652236878624,9.445974652119715e-07,9.445974645216044e-07,4.4126963731086867e-10
19.91,0.7000469686163612,0.7000469686163612,0.789399989068264,0.7893998711919246,0.34280664321225546,0.10581925349395502,0.3413903006222979,0.1334146373753835,0.1996312211686566,0.15786307630193067,0.0579906462596443,9.353516333757139e-07,9.353516326895345e-07,4.5119023441924113e-10
19.92,0.694671604087153,0.694671604087153,0.7849101781591579,0.7849100608249828,0.3438301473636572,0.10620386816628122,0.34271461353953125,0.13144657198625,0.2036223567601546,0.16170954499616463,0.058176768637004196,9.258823713900743e-07,9.258823707402312e-07,4.397978692092795e-10
19.93,0.6892571644633799,0.6892571644633811,0.7803762162594896,0.7803760994740795,0.3448343111599277,0.106583675443323,0.34401920479914133,0.12947032877139586,0.2076134923516512,0.16555601369039724,0.05836097483175022,9.161911710825477e-07,9.161911704334159e-07,4.524082237451665e-10
19.94,0.6838039543058445,0.6838039543058432,0.7757983584034175,0.775798242173342,0.3458190781171188,0.10695865079259313,0.3453039933118196,0.12748604566472174,0.21160462794314921,0.1694024823846312,0.05854322061170605,9.062795906511489e-07,9.062795900326596e-07,4.4413988413907867e-10
19.95,0.6783122803561775,0.6783122803561789,0.7711768620942442,0.7711767464260398,0.34678439284234774,0.10732876992119848,0.34656889937188795,0.12549386145518013,0.21559576353464582,0.17324895107886382,0.05872346206305064,8.961492551362582e-07,8.961492545366906e-07,4.438732724160708e-10
19.96,0.6727824515195922,0.6727824515195922,0.7665119872899121,0.7665118721900867,0.34773020103691715,0.10769400877775097,0.3478138446657421,0.12349391576435688,0.21965376630464103,0.1772441438214155,0.05890165560368716,8.85801856455315e-07,8.858018558782141e-07,4.407132402742555e-10
19.970000000000002,0.6672147788475022,0.6672147788475009,0.7618039963884023,0.7618038818634302,0.3486564494993647,0.10805434355427108,0.34903875228006154,0.12148634902377738,0.22371176907463627,0.18123933656396723,0.0590777579966462,8.752391536318016e-07,8.752391530895635e-07,4.274009771577246e-10
19.98,0.6616095755200276,0.661609575520029,0.7570531542129649,0.7570530402692865,0.34956308612845793,0.10840975068808406,0.35024354670979463,0.11947130245194579,0.22776977184463007,0.18523452930651757,0.0592517263635195,8.644629729687159e-07,8.644629724346008e-07,4.347968274299036e-10
19.990000000000002,0.6559671568283775,0.6559671568283775,0.7522597279972129,0.752259614641239,0.35045005992612693,0.1087602068637082,0.35142815386591447,0.11744891803112945,0.2318277746146253,0.1892297220490693,0.05942351819791716,8.534752079999985e-07,8.534752075061645e-07,4.154430911970221e-10
20.0,0.6502878401571168,0.6502878401571168,0.7474239873701125,0.747423874608219,0.35131732100032836,0.10910568901473562,0.3525925010829368,0.1154193384838978,0.2358857773846191,0.19322491479161963,0.059593091378939686,8.422778197680891e-07,8.422778192885386e-07,4.171813833802318e-10
20.01,0.6445719449663083,0.6445719449663083,0.7425462043407959,0.7425460921793248,0.3521648205678559,0.10944617432570354,0.3537365171262057,0.11338270724942626,0.23998783176533653,0.1973463691555365,0.05976040418465967,8.308728366226981e-07,8.308728361843608e-07,3.9459231170630536e-10
20.02,0.6388197927735507,0.6388197927735507,0.7376266532832734,0.7376265417285354,0.3529925109570824,0.10978164023395835,0.3548601321989413,0.11133916845957427,0.24408988614605248,0.20146782351945186,0.059925415305605655,8.192623544359123e-07,8.192623540054574e-07,4.012513267330278e-10
20.03,0.633031707135888,0.633031707135888,0.7326656109209945,0.7326654999792631,0.3538003456106416,0.11011206443151036,0.35596327794904453,0.10928886691475027,0.24819194052676988,0.20558927788336873,0.06008808385823933,8.074485363246398e-07,8.07448535927071e-07,3.8402349949134013e-10
20.040000000000003,0.6272080136316112,0.6272080136316112,0.7276633563112843,0.7276632459888,0.3545882790880472,0.11043742486687931,0.3570458874756632,0.10723194805957227,0.2522939949074873,0.20971073224728556,0.06024836939842132,7.954336127893868e-07,7.954336124050939e-07,3.849309342799168e-10
20.05,0.6213490398419445,0.6213490398419445,0.7226201708296456,0.7226200611326158,0.3553562670682488,0.11075769974693069,0.35810789533550824,0.10516855795833632,0.25639604928820325,0.21383218661120096,0.06040623193485475,7.832198813881308e-07,7.832198810557844e-07,3.4547363543850644e-10
20.060000000000002,0.61545511533262,0.6154551153326185,0.717536338153932,0.7175362290885253,0.35610426635212516,0.11107286753870275,0.3591492375489305,0.10309884327030287,0.260519092037687,0.21805673028076475,0.0605616319425031,7.708097068265252e-07,7.708097064976366e-07,3.5507147791639405e-10
20.07,0.6095265716353345,0.6095265716353345,0.7124121442483924,0.7124120358207441,0.3568322348649135,0.1113829069712238,0.36016985160574383,0.10102295122481268,0.2646421347871692,0.22228127395032704,0.06071453037597087,7.582055204305438e-07,7.582055201550101e-07,3.0919732356523274e-10
20.080000000000002,0.6035637422291094,0.6035637422291079,0.707247877347579,0.7072477695637887,0.35754013165857756,0.1116877970373185,0.3611696764708024,0.09894102959624365,0.2687651775366529,0.2265058176198908,0.06086488868284238,7.454098202852588e-07,7.454098200232038e-07,3.0592203680028424e-10
20.09,0.5975669625215262,0.5975669625215276,0.7020438279401495,0.7020437208062784,0.3582279169141084,0.1119875169954051,0.3621486525893235,0.09685322667881863,0.27288822028613513,0.2307303612894531,0.06101266881696837,7.324251706034013e-07,7.324251703946621e-07,2.5372031204743917e-10
20.1,0.5915365698298625,0.5915365698298625,0.6968002887525034,0.6968001822745797,0.35889555194376765,0.11228204637128127,0.3631067218919604,0.09475969126127785,0.27701126303561885,0.23495490495901689,0.061157833251695104,7.192542017184222e-07,7.192542015461066e-07,2.1827200373262796e-10
20.11,0.5854729033621172,0.5854729033621187,0.691517554732344,0.6915174489163561,0.3595429991932604,0.11257136495989956,0.3640438277996221,0.09266057260142514,0.2811321129076676,0.23925878601292994,0.06130034499302691,7.058996095293812e-07,7.058996093863004e-07,1.8905151394391464e-10
20.12,0.5793763041979316,0.5793763041979316,0.6861959230320628,0.6861958178839624,0.3601702222438498,0.11285545282713115,0.3649599152280319,0.09055602040056082,0.2852529627797178,0.2435626670668445,0.061440167592712605,6.923641551609405e-07,6.923641550643243e-07,1.332883012225818e-10
20.130000000000003,0.5732471152693984,0.573247115269397,0.68083569299204,0.6808355885177428,0.36077718581440466,0.11313429031151863,0.36585493059203894,0.08844618477781324,0.28937381265176804,0.24786654812075912,0.061577265161252365,6.786506646094814e-07,6.786506645381895e-07,1.0279201084854935e-10
20.14,0.5670856813417802,0.5670856813417802,0.675437166123806,0.675437062329188,0.3613638557633838,0.11340785802601779,0.3667288218096643,0.08633121624437844,0.2934946625238168,0.25217042917467214,0.06171160238081168,6.647620281394206e-07,6.647620281036885e-07,5.3751852913516514e-11
20.150000000000002,0.5608923489941108,0.5608923489941108,0.6700006460930698,0.6700005429839687,0.3619301990907578,0.11367613685972602,0.3675815383058935,0.08421126567768378,0.297615512395867,0.25647431022858674,0.061843144518038594,6.507011998738155e-07,6.507011998834135e-07,1.475031545110626e-11
20.16,0.5546674665997017,0.5546674665997017,0.6645264387026506,0.6645263362848685,0.3624761839398635,0.11393910797960011,0.36841303101621026,0.08208648429548245,0.30171100047343724,0.26083333068191866,0.06197185743677462,6.364711972392523e-07,6.364711972758975e-07,5.7575561241269876e-11
20.17,0.5484113843065462,0.5484113843065462,0.6590148518752711,0.6590147501545669,0.36300177959919716,0.11419675283216087,0.3692232523898693,0.0799570236298951,0.305806488551009,0.26519235113525214,0.06209770761065106,6.220751002719571e-07,6.220751003649273e-07,1.4945177898452222e-10
20.18,0.542124454017624,0.5421244540176255,0.6534661956362382,0.6534660946183344,0.3635069565041415,0.11444905314518528,0.3700121563929094,0.07782303550140696,0.3099019766285793,0.269551371588584,0.062220662135563064,6.075160511598288e-07,6.075160512890193e-07,2.1265367990244086e-10
20.19,0.5358070293711075,0.5358070293711059,0.6478807820959985,0.647880681786578,0.3639916862386291,0.11469599092938573,0.37077969851090836,0.07568467199283517,0.31399746470615103,0.27391039204191747,0.06234068874201439,5.927972534097714e-07,5.927972535711751e-07,2.7227473695895563e-10
20.2,0.5294594657204643,0.5294594657204658,0.6422589254325975,0.6422588258373007,0.36445594153673955,0.1149375484800762,0.37152583575147496,0.0735420854232764,0.31809295278372135,0.2782694124952494,0.06245775580732329,5.779219711954386e-07,5.779219714090451e-07,3.6961125077782565e-10
20.21,0.5230821201144776,0.5230821201144776,0.6366009418739823,0.6366008429984132,0.3648996962842355,0.11517370837882479,0.37225052664648134,0.07139542832204689,0.32214005274300367,0.2826590643493081,0.06257183236768268,5.628935286772219e-07,5.628935289256447e-07,4.413317729259625e-10
20.220000000000002,0.5166753512771562,0.5166753512771548,0.6309071496802401,0.6309070515299605,0.3653229255200291,0.11540445349509318,0.3729537312540363,0.06924485340262886,0.326187152702286,0.2870487162033668,0.06268288813006716,5.477153090932552e-07,5.477153093808254e-07,5.250359479941608e-10
20.23,0.5102395195875581,0.5102395195875596,0.6251778691256845,0.6251777717062134,0.3657256054375871,0.11562976698786172,0.37363541116019505,0.06709051353663119,0.3302342526615668,0.29143836805742396,0.06279089348397719,5.323907539822592e-07,5.323907543437744e-07,6.790409886839548e-10
20.240000000000002,0.5037749870595187,0.5037749870595187,0.6194134224808281,0.6194133257976473,0.36610771338627085,0.11584963230724013,0.3742955294804111,0.06493256172778157,0.3342813526208491,0.29582801991148266,0.06289581951301498,5.169233624202629e-07,5.16923362826768e-07,7.863933353834443e-10
20.25,0.4972821173212898,0.4972821173212898,0.6136141339942814,0.6136140380528285,0.3664692278726086,0.1160640331960647,0.37493405086072806,0.06277115108595577,0.33832845258013,0.3002176717655398,0.06299763800628275,5.01316689938136e-07,5.013166903805355e-07,8.824750771086348e-10
20.26,0.4907612755950791,0.4907612755950791,0.6077803298744887,0.60778023468016,0.3668101285615061,0.11627295369147982,0.37555094147871,0.06060643480126162,0.3423044101529158,0.30461327480075157,0.06309632146959593,4.855743476611663e-07,4.855743481515802e-07,1.009966801166155e-09
20.27,0.4842128286765159,0.4842128286765159,0.6019123382713949,0.6019122438295468,0.3671303962773893,0.11647637812650552,0.37614616904411674,0.05843856611818677,0.3462803677257002,0.30900887783596176,0.06319184313650522,4.697000013653696e-07,4.6970000190184475e-07,1.1421655187873682e-09
20.28,0.47763714491401266,0.47763714491401266,0.5960104892579804,0.5960103955739232,0.3674300130052836,0.11667429113158916,0.37671970279931727,0.05626769830982121,0.35025632529848605,0.31340448087117356,0.06328417697911748,4.536973704089009e-07,4.536973709911469e-07,1.283335629094916e-09
20.290000000000003,0.4710345941880473,0.4710345941880473,0.5900751148116959,0.5900750218906995,0.3677089618918272,0.11686667763614225,0.3772715135194469,0.05409398465216803,0.35423228287127184,0.3178000839063853,0.06337329771870985,4.375702266773418e-07,4.375702273228843e-07,1.4752888941197397e-09
20.3,0.46440554789035715,0.46440554789035715,0.5841065487957893,0.5841064566430823,0.3679672272462188,0.1170535228700614,0.37780157351230886,0.05191757839855316,0.35820824044405625,0.3221956869415955,0.06345918083612975,4.213223935706223e-07,4.2132239425346743e-07,1.6207188339932185e-09
20.310000000000002,0.4577503789030502,0.4577503789030486,0.578105126940525,0.578105035561289,0.3682047945411001,0.11723481236523348,0.37830985661802047,0.04973863275414569,0.3620907013505148,0.32657252747868354,0.06354180258197277,4.0495774471238644e-07,4.049577454660553e-07,1.861104905290639e-09
20.32,0.45106946157762406,0.45106946157762406,0.5720711868243016,0.5720710962236772,0.36842165041337355,0.11741053195702453,0.37879633820840347,0.047557300850599914,0.3659731622569719,0.33094936801576996,0.06362113998653182,3.884802030063028e-07,3.884802038091593e-07,2.0666599363715513e-09
20.330000000000002,0.4443631717139183,0.4443631717139167,0.5660050678546552,0.5660049780377396,0.36861778266495354,0.1175806677857532,0.37926099518612444,0.045373735720831566,0.36985562316343046,0.335326208552858,0.06369717086951085,3.718937392482857e-07,3.718937401007293e-07,2.29216975185502e-09
20.34,0.4376318865389695,0.43763188653897106,0.5599071112491856,0.5599070222210288,0.3687931802634525,0.11774520629814574,0.37970380598358033,0.04318809027393807,0.37373808406988757,0.3397030490899444,0.06376987384949541,3.552023709885166e-07,3.55202371898356e-07,2.56146778969691e-09
20.35,0.43087598468579386,0.43087598468579386,0.5537776600163354,0.5537775717819474,0.36894783334280196,0.11790413424877635,0.38012475056153544,0.04100051727027498,0.3776205449763461,0.34407988962703245,0.06383922835317409,3.3841016129632084e-07,3.384101622363013e-07,2.7776366418292027e-09
20.36,0.4240958461720893,0.4240958461720909,0.5476170589361276,0.547616971500471,0.36908173320380677,0.11805743870148926,0.3805238104075125,0.03881116929669894,0.3813876806089156,0.34841335947630797,0.06390521462430497,3.215212173307558e-07,3.215212183300259e-07,3.1079445739691565e-09
20.37,0.41729185237886113,0.41729185237886113,0.5414256545407441,0.5414255679087361,0.36919487231463516,0.11820510703080404,0.38090096853393124,0.0366201987419889,0.3851548162414864,0.35274682932558504,0.06396781373241796,3.045396891748764e-07,3.045396902489957e-07,3.527025666708375e-09
20.380000000000003,0.4104643860289629,0.4104643860289613,0.5352037950950496,0.5352037092715647,0.36928724431124205,0.1183471269233026,0.38125620947600714,0.03442775777245564,0.3889219518740572,0.35708029917486206,0.06402700758125004,2.874697684340788e-07,2.874697695585264e-07,3.911533449976849e-09
20.39,0.4036138311655783,0.4036138311655783,0.5289518305770018,0.528951745566867,0.36935884399772684,0.11848348637900007,0.3815895192894065,0.03223399830775032,0.3926890875066267,0.3614137690241376,0.06408277891690584,2.703156867234213e-07,2.703156879314777e-07,4.469057634311044e-09
20.400000000000002,0.39674057313061206,0.39674057313061206,0.5226701126579522,0.5226700284659483,0.3694096673466261,0.11861417371269602,0.38190088554765816,0.030039071996883156,0.3964562231391975,0.36574723887341465,0.06413511133573649,2.5308171450189043e-07,2.5308171573063804e-07,4.85514174832137e-09
20.41,0.38984499854301635,0.38984499854301635,0.5163589946828786,0.5163589113137439,0.36943971149914,0.11873917755530881,0.3821902973393289,0.02784313019446181,0.4000868532909613,0.3700129736909761,0.06418398929193307,2.3577215929604378e-07,2.3577216056265458e-07,5.372181321422234e-09
20.42,0.38292749527704356,0.38292749527704356,0.5100188316505033,0.5100187491089248,0.36944897476529265,0.11885848685519099,0.3824577452649612,0.0256463239371603,0.40371748344272634,0.37427870850853906,0.06422939810482761,2.1839136443713159e-07,2.1839136580442763e-07,6.260760523992559e-09
20.43,0.37598845244042844,0.37598845244043005,0.5036499801933264,0.5036498984839478,0.3694374566240279,0.11897209087942602,0.38270322143377733,0.023448803920427915,0.40734811359449014,0.37854444332610054,0.06427132396589692,2.009437077010734e-07,2.0094370910285895e-07,6.976011152992673e-09
20.44,0.3690282603525026,0.3690282603525009,0.4972527985575588,0.497252717684977,0.3694051577232381,0.11907997921510699,0.3829267194601527,0.021250720475448365,0.41097874374625526,0.38281017814366347,0.06430975394546377,1.834335993655678e-07,1.8343360084892464e-07,8.086614630493932e-09
20.45,0.3620473105222325,0.3620473105222341,0.4908276465829881,0.4908275665517501,0.36935207987972796,0.11918214177059512,0.38312823445985755,0.019052223546358837,0.41460937389801905,0.38707591296122495,0.06434467599909001,1.6586548109986943e-07,1.6586548262703783e-07,9.207270721720497e-09
20.46,0.355045995626207,0.355045995626207,0.48437488568270987,0.4843748064973195,0.3692782260791122,0.11927856877676075,0.3833077630460745,0.016853462667738243,0.4180830858455303,0.3912499292341596,0.06437607897365753,1.4824382406353198e-07,1.48243825640697e-07,1.0638993008694235e-08
20.470000000000002,0.34802470948654296,0.3480247094865413,0.4778948788228277,0.4778948004877392,0.3691836004756475,0.11936925078820265,0.38346530332519146,0.014654586942374091,0.4215567977930414,0.39542394550709414,0.06440395261313192,1.3057312746311833e-07,1.3057312911543522e-07,1.2654340872518426e-08
20.48,0.3409838470487345,0.3409838470487362,0.4713879905020237,0.47138791302164096,0.3690682083919993,0.11945417868445009,0.3836008548923733,0.012455745019316927,0.42503050974055134,0.3995979617800272,0.0644282875640045,1.1285791695625491e-07,1.128579186801243e-07,1.5274687006398327e-08
20.490000000000002,0.33392380435943725,0.33392380435943725,0.4648545867310407,0.4648545101097245,0.36893205631894166,0.11953334367114349,0.3837144188269168,0.010257085072231597,0.42850422168806246,0.4037719780529618,0.06444907538040877,9.510274294466381e-08,9.51027447276775e-08,1.8748288387187905e-08
20.5,0.3268449785441926,0.3268449785441926,0.4582950350121261,0.4582949592541855,0.368775151914993,0.1196067372811959,0.38380599768738893,0.008058754778053668,0.4319779336355724,0.4079459943258949,0.06446630852890649,7.731217893658382e-08,7.731218075624408e-08,2.3536527398771375e-08
20.51,0.3197477677850828,0.3197477677850828,0.4517097043183297,0.45170962942802534,0.3685975040059845,0.11967435137593417,0.3838755955065554,0.005860901295959679,0.4352751969066093,0.4120048242163089,0.06447998039294099,5.949081981204696e-08,5.9490821691990275e-08,3.16005606257178e-08
20.52,0.31263257129834343,0.31263257129834343,0.4450989650727684,0.44509889105431505,0.3683991225845643,0.11973617814621881,0.38392321778609767,0.003663671246659362,0.43857246017764506,0.4160636541067215,0.0644900852769521,4.1643280240810654e-08,4.1643282194582574e-08,4.1741144670562853e-08
20.53,0.3054997893119008,0.3054997893119008,0.4384631891277816,0.4384631159853405,0.3681800188096351,0.11979221011354514,0.3839488714911277,0.001467210692018055,0.44186972344868203,0.42012248399713553,0.06449661841015185,2.3774192933756488e-08,2.3774194946502773e-08,4.3841332330309566e-08
20.540000000000003,0.29834982304286095,0.29834982304286095,0.4318027497440166,0.4318026774817019,0.3679402050057263,0.11984244013112201,0.3839525650444972,-0.0007283348849830699,0.44516698671971894,0.4241813138875496,0.06449957594995515,5.888206852655564e-09,5.8882089273482875e-09,4.528565403700646e-08
20.55,0.2911830746749412,0.2911830746749412,0.42511802156943246,0.4251179501913113,0.3676796946623012,0.11988686138493053,0.38393430832091224,-0.0029228205999412412,0.4484642499907547,0.42824014377796216,0.06449895498506528,-1.2010014469043817e-08,-1.2010012325733847e-08,4.607603497668674e-08
20.560000000000002,0.2839999473358494,0.28399994733584766,0.41840938061822647,0.4184093101283115,0.36739850243299804,0.11992546739476131,0.38389411264084905,-0.005116102186373521,0.4515665261717435,0.43216096706770873,0.06449475353820923,-2.991579467481742e-08,-2.991579247029972e-08,4.5909742687827675e-08
20.57,0.27680084507460084,0.27680084507460084,0.41167720424968496,0.4116771346519419,0.3670966441348055,0.1199582520152305,0.38383199076427904,-0.007308036014698284,0.45466880235273116,0.4360817903574539,0.06448697056852129,-4.782444638917749e-08,-4.782444412236939e-08,4.505046064336781e-08
20.580000000000002,0.2695861728388013,0.2695861728387996,0.40492187114694866,0.40492180244529336,0.3667741367471732,0.1199852094367747,0.3837479568842076,-0.009498479110849868,0.45777107853372,0.44000261364720056,0.06447560597357373,-6.573127295239622e-08,-6.5731270630504e-08,3.532401118124095e-08
20.59,0.2623563364518618,0.2623563364518635,0.39814376129573154,0.39814369349402595,0.36643099841105686,0.1200063341866238,0.383642026620027,-0.0116872891745199,0.4608733547147077,0.44392343693694575,0.06446066059105104,-8.363157023849599e-08,-8.363156785899998e-08,2.845212638928154e-08
20.6,0.25511174259017266,0.25511174259017266,0.3913432559629157,0.3913431890649763,0.36606724842789706,0.12002162112975244,0.3835142170106902,-0.01387432459701873,0.4639756308956965,0.4478442602266923,0.0644421362000673,-1.0152062844548393e-07,-1.0152062597899306e-07,2.4295464944241803e-08
20.61,0.24785279876022853,0.24785279876023025,0.3845207376751413,0.38452067168473003,0.36568290725853475,0.12003106546980917,0.38336454650770485,-0.016059444478750996,0.4668654778614145,0.45160503262093543,0.06442003552212341,-1.193937337884421e-07,-1.1939373126626112e-07,2.1124902368494875e-08
20.62,0.24057991327570755,0.24057991327570755,0.3776765901972581,0.37767652511808614,0.3652779965220593,0.12003466275002371,0.3831930349679574,-0.01824250864629958,0.46975532482713356,0.45536580501517987,0.06439436222170541,-1.3724617049792887e-07,-1.3724616790451017e-07,1.88961096770667e-08
20.630000000000003,0.23329349523449713,0.2332934952344954,0.3708111985107572,0.3708111343464869,0.36485253899459263,0.12003240885409242,0.3829997036463692,-0.02042337766911196,0.4726451717928526,0.4591265774094243,0.06436512090652179,-1.5507322247143573e-07,-1.550732197929214e-07,1.7272578102567673e-08
20.64,0.22599395449569257,0.22599395449569257,0.3639249487921156,0.36392488554635527,0.3644065586080089,0.12002430000704056,0.3827845751883839,-0.0226019128757842,0.47553501875857057,0.4628873498036674,0.0643323171273777,-1.728701750774997e-07,-1.7287017235674336e-07,1.5738726061917878e-08
20.650000000000002,0.21868170165653578,0.21868170165653578,0.3570182283910595,0.35701816606736597,0.363940080448587,0.12001033277606249,0.3825476736222973,-0.024777976369936932,0.4784248657242896,0.46664812219791185,0.06429595737768803,-1.9063231715410467e-07,-1.9063231435970295e-07,1.465859386810966e-08
20.66,0.2113571480293209,0.2113571480293209,0.3500914258087918,0.3500913644106732,0.36345313075560043,0.11999050407133924,0.3822890243514299,-0.026951431045679104,0.48108603570384095,0.47022769926617525,0.06425604909262765,-2.0835494254911602e-07,-2.0835493971701697e-07,1.359266554618702e-08
20.67,0.20402070561825822,0.20402070561825822,0.34314493067613144,0.3431448702070388,0.36294573691984106,0.11996481114683291,0.3820086541461442,-0.02912214060265433,0.4837472056833932,0.4738072763344399,0.06421260064791807,-2.2603335220194865e-07,-2.2603334930778913e-07,1.2804125956148084e-08
20.68,0.1966727870962989,0.19667278709630065,0.33617913373159974,0.3361790741949353,0.36241792748207846,0.119933251601059,0.38170659113571914,-0.031289969560666195,0.48640837566294454,0.47738685340270326,0.064165621358254,-2.436628557672682e-07,-2.436628527855708e-07,1.2236979737630847e-08
20.69,0.18931380578192417,0.18931380578192245,0.32919442679943317,0.3291943681985467,0.36186973213145396,0.11989582337783432,0.3813828648000746,-0.03345478327387811,0.4890695456424968,0.48096643047096793,0.06411512147536566,-2.612387734191035e-07,-2.612387703858804e-07,1.1610922419877156e-08
20.7,0.1819441756158891,0.18194417561589085,0.32219120276756325,0.32219114510574853,0.3613011817038121,0.11985252476700248,0.3810375059613598,-0.03561644794458434,0.4917307156220481,0.4845460075392313,0.06406111218572166,-2.787564378353702e-07,-2.787564347294768e-07,1.1141961040071094e-08
20.71,0.1745643111379491,0.1745643111379491,0.3151698555654852,0.3151697988459884,0.3607123081799639,0.11980335440513667,0.38067054677540463,-0.03777483063654812,0.4941482465497399,0.487924263597076,0.06400360560787087,-2.9621119580769406e-07,-2.962111926201856e-07,1.0760931661878795e-08
20.720000000000002,0.1671746274635352,0.16717462746353345,0.3081307801421329,0.30813072436814437,0.36010314468389,0.11974831127621734,0.38028202072303907,-0.03992979928790484,0.4965657774774316,0.4913025196549206,0.06394261478942559,-3.1359841007327915e-07,-3.135984068360901e-07,1.032272145369738e-08
20.73,0.15977554026040564,0.15977554026040738,0.30107437244364793,0.30107431761830233,0.35947372548087697,0.11968739471228744,0.37987196260129,-0.04208122272362602,0.4989833084051224,0.494680775712764,0.06387815370368811,-3.309134612161646e-07,-3.30913457912916e-07,9.982212852658167e-09
20.740000000000002,0.15236746572526466,0.15236746572526466,0.2940010293910926,0.29400097551747645,0.3588240859755882,0.11962060439408448,0.379440408514448,-0.04422897066754246,0.5014008393328141,0.49805903177060856,0.06381023724591946,-3.4815174929092585e-07,-3.4815174591842293e-07,9.686876272425257e-09
20.75,0.14495082056035336,0.14495082056035336,0.2869111488581571,0.2869110959392999,0.3581542627100752,0.11954794035164737,0.3789873958650233,-0.04637291375392421,0.5038183702605049,0.501437287828452,0.06373888122925644,-3.653086956406648e-07,-3.6530869221666505e-07,9.372894241514607e-09
20.76,0.13752602195000313,0.13752602195000313,0.2798051296487468,0.2798050776876244,0.3574642933617196,0.11946940296490012,0.37851296334458495,-0.04851292353861438,0.505978669898022,0.5045952290913918,0.06366410238027574,-3.823797447288779e-07,-3.823797412209581e-07,9.17391643268099e-09
20.77,0.1300934875371799,0.1300934875371799,0.27268337147457045,0.27268332047410815,0.35675421674111546,0.1193849929642115,0.37801715092449106,-0.05064887250971611,0.5081389695355382,0.5077531703543304,0.06358591833420893,-3.9936036567989053e-07,-3.9936036213443783e-07,8.877828160494718e-09
20.78,0.12265363539998464,0.12265363539998464,0.2655462749326475,0.2655462248957115,0.3560240727898856,0.11929471143093077,0.37749999984651345,-0.05278063409783053,0.5102992691730552,0.5109111116172702,0.06350434762981032,-4.1624605430501393e-07,-4.162460506770758e-07,8.715849935221506e-09
20.790000000000003,0.11520688402813838,0.11520688402813838,0.25839424148277645,0.2583941924121813,0.35527390257843466,0.11919855979789844,0.3769615526133655,-0.054908082685844475,0.5124595688105722,0.51406905288021,0.06341940970388199,-4.330323344903242e-07,-4.330323307980791e-07,8.526488219199823e-09
20.8,0.1077536522994423,0.1077536522994423,0.25122767342495317,0.2512276253234617,0.35450374830363923,0.1190965398499339,0.3764018529791318,-0.05703109361826757,0.5146198684480885,0.5172269941431487,0.06333112488545692,-4.4971476012567457e-07,-4.4971475637256243e-07,8.345539167874743e-09
20.810000000000002,0.10029435945621769,0.10029435945621593,0.24404697387674132,0.24404692674705666,0.35371365328647425,0.11898865372429726,0.3758209459396051,-0.059149543210117075,0.5165107908050042,0.5201468655166217,0.06323951438964406,-4.662889167006412e-07,-4.6628891288144445e-07,8.190623063907009e-09
20.82,0.09282942508171665,0.09282942508171665,0.2368525467505988,0.2368525005953728,0.35290366196957623,0.11887490391112791,0.37521887772254076,-0.06126330875535093,0.5184017131619192,0.5230667368900936,0.06314460031114058,-4.82750422942102e-07,-4.827504190735188e-07,8.013629789910714e-09
20.830000000000002,0.08535926907653124,0.08535926907652946,0.22964479673114935,0.22964475155297917,0.3520738199147426,0.11875529325385774,0.37459569577782637,-0.06337226853484801,0.5202926355188349,0.5259866082635667,0.06304640561741245,-4.990949325489602e-07,-4.990949286086734e-07,7.894864447095889e-09
20.84,0.07788431163496706,0.07788431163496884,0.2224241292524397,0.22242408505386393,0.3512241738003712,0.1186298249496002,0.3739514487675745,-0.06547630182393666,0.5221835578757499,0.5289064796370386,0.0629449541415489,-5.153181356909453e-07,-5.153181316812431e-07,7.78102296389961e-09
20.85,0.07040497322140929,0.07040497322140929,0.21519095047510137,0.2151909072586088,0.35035477141883065,0.11849850254951415,0.37328618655614304,-0.06757528889947087,0.5240744802326656,0.5318263510105117,0.06284027057479416,-5.314157606739478e-07,-5.314157566225402e-07,7.623800249377432e-09
20.86,0.06292167454667158,0.06292167454667334,0.20794566726354188,0.20794562503156253,0.34946566167377674,0.11836132995914338,0.3725999602000849,-0.0696691110464558,0.5256853938556176,0.5344917359154774,0.06273238045876046,-5.473835755914758e-07,-5.473835714815657e-07,7.508281651294817e-09
20.87,0.05543483654433126,0.05543483654433304,0.20068868716302646,0.20068864591793503,0.3485568945773976,0.11821831143873077,0.3718928219380369,-0.07175765056422208,0.5272963074785703,0.5371571208204441,0.06262131017732796,-5.632173897818227e-07,-5.632173855829768e-07,7.455106936495522e-09
20.880000000000003,0.04794488034705369,0.04794488034705191,0.1934204183767722,0.19342037812089052,0.3476285212476027,0.11806945160350797,0.3711648251805469,-0.07384079077215189,0.5289072211015229,0.5398225057254108,0.0625070869482349,-5.789130553129906e-07,-5.789130510614109e-07,7.3440729421710345e-09
20.89,0.040452227262896504,0.040452227262896504,0.18614126974298717,0.18614123047857867,0.3466805939051477,0.11791475542395963,0.37041602449984645,-0.07591841601495629,0.530518134724475,0.5424878906303765,0.06238973881436338,-5.944664686965972e-07,-5.944664643712479e-07,7.2760191208773045e-09
20.900000000000002,0.03295729875162188,0.03295729875162188,0.17885165071185752,0.17885161244112993,0.34571316587069517,0.11775422822606296,0.36964647561957353,-0.07799041166750727,0.5321290483474276,0.5451532755353432,0.06226929463472601,-6.098735721229986e-07,-6.098735677709765e-07,7.135941516007883e-09
20.91,0.02546051640098237,0.02546051640098237,0.17155197132253336,0.17155193404764202,0.344726291561817,0.11758787569150166,0.3688562354044473,-0.08005666413922469,0.5334508960940174,0.547549188208265,0.06214578407515761,-6.251303552098908e-07,-6.251303507812829e-07,7.0842950760518165e-09
20.92,0.01796230190300852,0.01796230190300852,0.16424264218005566,0.16424260590309467,0.343720026489933,0.11741570385785545,0.3680453618499033,-0.08211706087802195,0.5347727438406077,0.5499451008811876,0.062019237598718885,-6.40232856084777e-07,-6.402328516161183e-07,6.9797397041942e-09
20.93,0.010463077030288766,0.010463077030290542,0.15692407443226314,0.1569240391552739,0.34269442725718824,0.11723771911876354,0.3672139140716909,-0.0841714903738113,0.5360945915871975,0.5523410135541095,0.06188968645581621,-6.551771631543857e-07,-6.551771585858774e-07,6.972935814490414e-09
20.94,0.0029632636122466495,0.002963263612244873,0.14959667974665672,0.1495966454716245,0.3416495515532686,0.11705392822406283,0.36636195229543866,-0.08621984216157255,0.5374164393337879,0.5547369262270322,0.06175716267404416,-6.699594160830546e-07,-6.699594114719929e-07,6.882598629207433e-09
20.95,-0.004536716488594103,-0.004536716488592327,0.14226087028726414,0.14226083701611425,0.3405854581521579,0.11686433827990177,0.36548953784618665,-0.08826200682398684,0.5387382870803777,0.5571328388999539,0.06162169904775442,-6.845758075413322e-07,-6.845758028721824e-07,6.7308775436975975e-09
20.96,-0.012036441400328576,-0.012036441400328576,0.1349170586914228,0.13491702642602935,0.33950220690882815,0.11666895674882759,0.3645967331379016,-0.09029787599364025,0.5397636370417184,0.5592458086482112,0.06148332912736104,-6.990225842329334e-07,-6.990225795156722e-07,6.516604805524069e-09
20.970000000000002,-0.019535489265407945,-0.019535489265409718,0.12756565804660386,0.12756562678878183,0.3383998587558767,0.1164677914498492,0.36368360166296737,-0.09232734235479861,0.540788987003059,0.5613587783964683,0.06134208720838411,-7.132960483102746e-07,-7.13296043547681e-07,6.310876879607065e-09
20.98,-0.027033438264367084,-0.027033438264365307,0.1202070818671604,0.12020705161866535,0.33727847570009745,0.11626085055847327,0.3627502079816603,-0.09435029964475898,0.5418143369643992,0.5634717481447246,0.06119800832023978,-7.27392558637352e-07,-7.273925537825998e-07,6.176324400163466e-09
20.990000000000002,-0.03452986663955179,-0.03452986663955179,0.11284174407105184,0.11284171483358788,0.33613812081898986,0.11604814260671636,0.3617966177116149,-0.09636664265477976,0.5428396869257398,0.5655847178929817,0.061051128214783625,-7.413085318166979e-07,-7.413085269251587e-07,5.9801667180357284e-09
21.0,-0.04202435271884079,-0.04202435271884079,0.10547005895659592,0.10547003073180673,0.3349788582572168,0.11582967648309046,0.3608228975172811,-0.09837626723059471,0.54386503688708,0.5676976876412381,0.06090148335461233,-7.550404437159375e-07,-7.550404387590651e-07,5.828469667678358e-09
21.01,-0.04951647493937175,-0.04951647493937175,0.09809244117913142,0.09809241396860374,0.33380075322299085,0.1156054614325634,0.3598291150993779,-0.10037907027251454,0.544588124172691,0.5695158345802578,0.06074911090113115,-7.68584830307395e-07,-7.685848253025376e-07,5.664726996152606e-09
21.02,-0.05700581187124345,-0.05700581187124345,0.09070930572771471,0.09070927953298182,0.3326038719844098,0.11537550705649322,0.35881533918435027,-0.10237494973512042,0.5453112114583017,0.571333981519277,0.06059404870239393,-7.819382889864834e-07,-7.81938283930214e-07,5.5132427786189776e-09
21.03,-0.06449194224122819,-0.06449194224122819,0.0833210679017683,0.08332104272430099,0.3313882818657278,0.11513982331253811,0.3577816395138284,-0.10436380462655426,0.5460342987439126,0.5731521284582967,0.06043633528072181,-7.950974795709054e-07,-7.950974744609252e-07,5.371842097359414e-09
21.040000000000003,-0.07197444495646654,-0.07197444495646654,0.07592814328772177,0.07592811912893628,0.33015405124356834,0.11489842051453886,0.3567280868340973,-0.10634553500741042,0.5467573860295236,0.5749702753973164,0.0602760098201077,-8.080591253761815e-07,-8.080591202109288e-07,5.239008399235839e-09
21.05,-0.07945289912815369,-0.07945289912815369,0.0685309477356354,0.06853092459689326,0.3289012495430787,0.11465130933237734,0.3556547528855809,-0.10832004198923331,0.5474804733151344,0.5767884223363355,0.06011311215341452,-8.208200142079125e-07,-8.208200090120833e-07,5.088404807553869e-09
21.060000000000002,-0.08692688409521257,-0.08692688409521433,0.06112989733580856,0.06112987521840868,0.32762994723402405,0.1143985007918084,0.3545617103923395,-0.11028722773262743,0.5478972324652546,0.5783015241826294,0.05994768274937186,-8.333769994720019e-07,-8.333769941946508e-07,4.9936459288899905e-09
21.07,-0.09439597944796299,-0.09439597944796299,0.05372540839537651,0.05372538730056391,0.3263402158268245,0.1141400062742666,0.3534490330515926,-0.1122469954449834,0.5483139916153745,0.5798146260289226,0.059779762699381456,-8.45727000854668e-07,-8.457269955342958e-07,4.867599162409727e-09
21.080000000000002,-0.10185976505175898,-0.10185976505176075,0.04631789741488458,0.04631787734384668,0.3250321278685306,0.11387583751664658,0.3523167955232612,-0.11419924937782674,0.5487307507654947,0.5813277278752166,0.05960939370413495,-8.578670055367499e-07,-8.578670001629846e-07,4.7567398752966735e-09
21.09,-0.10931782107062832,-0.10931782107062656,0.038907781064881033,0.038907762018744206,0.32370575693874665,0.1136060066110581,0.3511650734195439,-0.11614389482379534,0.5491475099156147,0.5828408297215099,0.059436618060055055,-8.697940688459638e-07,-8.697940634434424e-07,4.629810882612669e-09
21.1,-0.11676972799088642,-0.11676972799088642,0.0314954761624462,0.03149545814228442,0.322361177645486,0.11333052600455569,0.3499939432945216,-0.11808083811324943,0.5495642690657349,0.5843539315678037,0.059261478645564206,-8.815053152838592e-07,-8.815053098069371e-07,4.546834252519809e-09
21.11,-0.12421506664473385,-0.12421506664473209,0.024081399647785176,0.024081382654611207,0.3209984656209808,0.11304940849884204,0.3488034826337982,-0.12000998661052316,0.5496723569088153,0.5855534811123618,0.05908401890718976,-8.929979390601139e-07,-8.929979335540963e-07,4.4307547816636794e-09
21.12,-0.13165341823383447,-0.13165341823383273,0.016665968560741803,0.016665952595510618,0.3196176975174222,0.11276266724994596,0.34759376984418006,-0.12193124870982129,0.5497804447518959,0.5867530306569205,0.05890428284551233,-9.042692051819401e-07,-9.042691996185758e-07,4.342094757958714e-09
21.130000000000003,-0.13908436435287094,-0.1390843643528727,0.009249600017359468,0.009249585080970853,0.31821895100265196,0.11247031576787435,0.34636488424340245,-0.12384453383076839,0.5498885325949765,0.5879525802014791,0.05872231500096652,-9.153164498981736e-07,-9.153164442933751e-07,4.245123112838098e-09
21.14,-0.14650748701308688,-0.14650748701308688,0.0018327111864185125,0.0018326972797117638,0.31680230475579374,0.11217236791623865,0.34511690604989553,-0.12574975241361758,0.549996620438057,0.5891521297460374,0.05853816043949822,-9.261370815943915e-07,-9.261370759196742e-07,4.173330840628656e-09
21.150000000000002,-0.15392236866578815,-0.15392236866578815,-0.005584280734045209,-0.005584293610288709,0.3153678384628243,0.11186883791185583,0.3438499163726059,-0.12764681591412408,0.5501047082811376,0.590351679290596,0.058351864738089634,-9.367285812439397e-07,-9.367285755380369e-07,4.076658876324114e-09
21.16,-0.16132859222583693,-0.16132859222583693,-0.013000958540190049,-0.013000970385243402,0.31391563281209484,0.11155974032432284,0.3425639972008676,-0.1295356367980919,0.549903517108005,0.5912309322295127,0.05816347397015671,-9.470885032544785e-07,-9.470884975018916e-07,3.994949659271488e-09
21.17,-0.16872574109511068,-0.16872574109511068,-0.020416905045844962,-0.020416915859044545,0.3124457694897903,0.1112450900755662,0.34125923139433073,-0.131416128535599,0.5497023259348724,0.5921101851684297,0.057973034690828415,-9.572144758496215e-07,-9.572144700532772e-07,3.914632264462762e-09
21.18,-0.17611339918593602,-0.17611339918593427,-0.02783170310597266,-0.027831712886709336,0.3109583311753353,0.1109249024393651,0.3399357026729475,-0.13328820559490803,0.5495011347617399,0.5929894381073464,0.05778059392211371,-9.67104201700375e-07,-9.6710419586071e-07,3.8373203904363994e-09
21.19,-0.18349115094449145,-0.1834911509444932,-0.03524493564014259,-0.03524494438786531,0.3094534015367417,0.11059919304084961,0.3385934956070238,-0.1351517834360719,0.5492999435886072,0.5938686910462635,0.05758619913796599,-9.767554584039218e-07,-9.767554525192912e-07,3.764191190728496e-09
21.2,-0.19085858137418937,-0.19085858137418762,-0.042656185655970555,-0.0426561933701899,0.3079310652259069,0.11026797785597298,0.3372326956073334,-0.13700677850423948,0.5490987524154748,0.5947479439851802,0.057389898249250414,-9.861660989415877e-07,-9.861660930130027e-07,3.6933413271635405e-09
21.21,-0.19821527605900896,-0.19821527605900896,-0.05006503627260791,-0.050065042952887266,0.30639140787384456,0.1099312732109571,0.3358533889153025,-0.13885310822266705,0.548589413396093,0.5953019568385824,0.05719173958862286,-9.953340521021148e-07,-9.953340461392305e-07,3.6194207784067625e-09
21.220000000000002,-0.2055608211868139,-0.20556082118681562,-0.05747107074415558,-0.05747107639011925,0.304834516085876,0.10958909578171397,0.33445566259326387,-0.1406906909854477,0.5480800743767111,0.5958559696919846,0.05699177189532761,-1.0042573229049334e-06,-1.004257316895643e-06,3.555605381608855e-09
21.23,-0.21289480357262758,-0.21289480357262586,-0.06487387248312214,-0.06487387709445512,0.3032604774367548,0.10924146259324086,0.33303960451478676,-0.1425194461499622,0.5475707353573294,0.5964099825453865,0.05679004429992178,-1.0129339928707792e-06,-1.0129339868295384e-06,3.485882359685112e-09
21.240000000000002,-0.22021681068187457,-0.22021681068187457,-0.07227302508387214,-0.07227302866031245,0.3016693804657379,0.10888839101898945,0.3316053033550828,-0.14433929402906015,0.5470613963379475,0.5969639953987886,0.056586606308933377,-1.0213622204449657e-06,-1.0213622143497143e-06,3.4312974412724715e-09
21.25,-0.22752643065358386,-0.22752643065358386,-0.07966811234601402,-0.07966811488736135,0.300061314671612,0.10852989878020977,0.33015284858149097,-0.14615015588297964,0.5465520573185658,0.5975180082521906,0.05638150778946065,-1.0295402411292232e-06,-1.0295402350010982e-06,3.3670844386583385e-09
21.26,-0.23482325232356283,-0.23482325232356283,-0.08705871829784438,-0.08705871980395666,0.29843637050765304,0.1081660039452683,0.3286823304440459,-0.1479519539110125,0.5457374341421867,0.5977436661582796,0.05617479895372052,-1.0374663678633378e-06,-1.0374663617022912e-06,3.30533704444567e-09
21.27,-0.24210686524751474,-0.24210686524751474,-0.09444442721972539,-0.09444442769051525,0.2967946393765422,0.10779672492894057,0.32719383996613005,-0.14974461124292365,0.5449228109658079,0.5979693240643685,0.05596653034355316,-1.0451389911569908e-06,-1.0451389849462526e-06,3.254696046738091e-09
21.28,-0.24937685972413315,-0.24937685972413315,-0.10182482366747758,-0.1018248231029212,0.2951362136252227,0.10742208049167853,0.32568746893521205,-0.15152805193013066,0.5441081877894288,0.5981949819704576,0.05575675281488965,-1.0525565792007807e-06,-1.0525565729642893e-06,3.1936007505351975e-09
21.290000000000003,-0.2566328268181456,-0.2566328268181456,-0.10919949249574672,-0.1091994908958759,0.29346118653970577,0.107042089738852,0.3241633098936752,-0.15330220093665622,0.5432935646130497,0.5984206398765466,0.055545517522191064,-1.0597176781229622e-06,-1.0597176718537961e-06,3.138242191493596e-09
21.3,-0.2638743583833163,-0.2638743583833163,-0.11656801888135584,-0.11656801624625787,0.2917696523398232,0.10665677211996419,0.3226214561297388,-0.15506698412985426,0.5424789414366709,0.5986462977826356,0.05533287590286567,-1.0666209119755687e-06,-1.066620905669766e-06,3.086832559209542e-09
21.310000000000002,-0.2711010470854023,-0.271101047085404,-0.12392998834663849,-0.12392998467646427,0.29006170617392785,0.1062661474278428,0.32106200166847126,-0.15682232827092393,0.541363614211132,0.5985423320105746,0.055118879661670866,-1.0732649828315566e-06,-1.0732649764805885e-06,3.0413380309953322e-09
21.32,-0.27831248642507306,-0.27831248642507306,-0.1312849867827517,-0.13128498207770678,0.2883374441135416,0.10587023579780484,0.31948504126289984,-0.15856816100521837,0.5402482869855936,0.5984383662385137,0.054903580755108136,-1.0796486707639885e-06,-1.0796486643883993e-06,2.9877882098188406e-09
21.330000000000002,-0.28550827076076546,-0.2855082707607671,-0.1386326004729779,-0.1386325947333261,0.2865969631479495,0.10546905770679613,0.31789067038521873,-0.16030441085235383,0.5391329597600548,0.5983344004664526,0.05468703137581704,-1.0857708339223615e-06,-1.0857708275143023e-06,2.9397476584154063e-09
21.34,-0.2926879953315062,-0.2926879953315062,-0.1459724161159758,-0.14597240934204245,0.284840361178749,0.1050626339725054,0.31627898521809633,-0.16203100719612903,0.5380176325345164,0.5982304346943916,0.054469283936975754,-1.0916304083938289e-06,-1.0916304019488572e-06,2.895374563344512e-09
21.35,-0.2998512562796847,-0.2998512562796881,-0.15330402084906286,-0.15330401304122468,0.2830677370143348,0.10465098575245349,0.3146500826460855,-0.16374788027426557,0.5369023053089775,0.5981264689223307,0.05425039105671545,-1.0972264081338112e-06,-1.0972264016682578e-06,2.845330557473953e-09
21.36,-0.30699765067375967,-0.30699765067375967,-0.16062700227139207,-0.16062699343009268,0.281279190364352,0.10423413454305647,0.31300406024713556,-0.16545496116797234,0.5354925448096705,0.5976934640055106,0.05403040554255403,-1.1025579249104855e-06,-1.1025579184165884e-06,2.8003724171838553e-09
21.37,-0.31412677653093074,-0.31412677653093074,-0.16794094846719976,-0.16794093859293555,0.2794748218340757,0.10381210217866357,0.31134101628420985,-0.16715218179134622,0.5340827843103629,0.5972604590886904,0.053809380375857176,-1.1076241280896792e-06,-1.1076241215545594e-06,2.7623870711693637e-09
21.380000000000003,-0.3212382328397482,-0.3212382328397515,-0.1752454480289408,-0.17524543712226376,0.27765473291875986,0.10338491083057041,0.30966104969701136,-0.16883947488061757,0.5326730238110554,0.5968274541718702,0.05358736869633328,-1.1124242644336424e-06,-1.1124242578752583e-06,2.718208995121229e-09
21.39,-0.3283316195826697,-0.3283316195826697,-0.1825400900804306,-0.18254007814195852,0.2758190259979286,0.10295258300600642,0.3079642600938153,-0.17051677398324513,0.5312632633117483,0.5963944492550501,0.053364423786567944,-1.1169576579622698e-06,-1.1169576513872909e-06,2.6728041845510225e-09
21.400000000000002,-0.33540653775856133,-0.33540653775856133,-0.1898244642999873,-0.18982445133039094,0.27396780432960977,0.10251514154709668,0.30625074774341204,-0.17218401344687315,0.5298535028124408,0.59596144433823,0.05314059905660554,-1.1212237096686062e-06,-1.121223703065878e-06,2.6333714694033233e-09
21.41,-0.3424625894051412,-0.3424625894051412,-0.19709816094347848,-0.19709814694348476,0.2721011720445349,0.10207260962979949,0.30452061356716187,-0.17384112840815596,0.5281572352257284,0.5952018347878097,0.05291594802858364,-1.1252218971857797e-06,-1.1252218905723713e-06,2.588550386974286e-09
21.42,-0.34949937762136457,-0.34949937762136457,-0.20436077086738574,-0.20436075583778468,0.27021923414027776,0.10162501076281819,0.30277395913115923,-0.17548805478146054,0.5264609676390155,0.5944422252373893,0.05269052432142621,-1.1289517745996513e-06,-1.1289517679427358e-06,2.55782666685295e-09
21.43,-0.3565165065897497,-0.3565165065897464,-0.21161188555181232,-0.2116118694934503,0.2683220964753502,0.10117236878648796,0.3010108866385156,-0.17712472924745237,0.5247647000523032,0.5936826156869691,0.052464381635603186,-1.132412971935337e-06,-1.1324129652455018e-06,2.524074202048269e-09
21.44,-0.3635135815986424,-0.3635135815986424,-0.21885109712347953,-0.21885108003725545,0.26640986576324294,0.10071470787163697,0.2992314989217503,-0.17875108924157732,0.5230684324655903,0.5929230061365486,0.05223757373795998,-1.1356051949074075e-06,-1.1356051882097319e-06,2.4820984646956902e-09
21.45,-0.37049020906441826,-0.370490209064415,-0.22607799837863143,-0.22607798026551068,0.26448264956643297,0.10025205251842384,0.2974358994353041,-0.18036707294244353,0.5213721648788779,0.5921633965861284,0.052010154446626,-1.1385282245451878e-06,-1.1385282178237054e-06,2.4472904810953242e-09
21.46,-0.377445996553622,-0.37744599655361866,-0.23329218280598826,-0.23329216366698885,0.2625405562903205,0.09978442755514834,0.2956241922481637,-0.18197261926011538,0.5193989272381931,0.5910814532033276,0.05178217761600526,-1.1411819166515236e-06,-1.1411819099046802e-06,2.4141367766758434e-09
21.470000000000002,-0.3843805528050379,-0.3843805528050412,-0.24049324460957813,-0.2404932244457732,0.2605836951771402,0.09931185813703855,0.29379648203660724,-0.18356766782432324,0.5174256895975082,0.5899995098205267,0.05155369712185601,-1.1435662014072645e-06,-1.1435661946404583e-06,2.380120360602886e-09
21.48,-0.391293487751712,-0.391293487751712,-0.24768077873156308,-0.24768075754409105,0.25861217629981653,0.09883436974501199,0.291952874077068,-0.1851521589726032,0.515452451956824,0.5889175664377263,0.051324766846465746,-1.1456810828786024e-06,-1.1456810761033796e-06,2.3431701725251967e-09
21.490000000000002,-0.398184412542873,-0.398184412542873,-0.25485438087505413,-0.254854358665106,0.25662611055576373,0.09835198818441258,0.2900934742391119,-0.18672603373836916,0.5134792143161391,0.5878356230549254,0.051095440663924165,-1.1475266385382876e-06,-1.147526631737272e-06,2.3132804055564594e-09
21.5,-0.4050529395658183,-0.4050529395658183,-0.2620136475268187,-0.26201362429564123,0.25462560966065706,0.09786473958372216,0.28821838897854296,-0.18828923383892993,0.5115059766754548,0.5867536796721249,0.05086577242550379,-1.14910301863419e-06,-1.1491030118180659e-06,2.2807283261316035e-09
21.51,-0.41189868246771383,-0.41189868246771383,-0.2691581759799954,-0.269158151728898,0.2526107861421445,0.09737265039324745,0.28632772533062273,-0.1898417016634568,0.5092668632406294,0.5853554855362263,0.05063581594514957,-1.1504104457382702e-06,-1.1504104388886557e-06,2.255221584131804e-09
21.52,-0.4187212561773265,-0.4187212561773265,-0.2762875643567427,-0.2762875390870867,0.2505817533335177,0.0968757473837822,0.28442159090341196,-0.1913833802609099,0.5070277498058048,0.5839572914003283,0.050405624985084205,-1.1514492140318744e-06,-1.151449207168663e-06,2.224032677368739e-09
21.53,-0.425520276926684,-0.425520276926684,-0.28340141163084387,-0.28340138534405346,0.248538625367337,0.09637405764524432,0.282500093871232,-0.19291421332793374,0.5047886363709794,0.5825590972644298,0.05017525324153402,-1.1522196887991942e-06,-1.1522196819398058e-06,2.1882243849463136e-09
21.540000000000003,-0.43229536227266185,-0.43229536227266185,-0.2904993176502657,-0.29049929034781935,0.246481517169012,0.09586760858528835,0.2805633429682514,-0.19443414519672725,0.502549522936154,0.5811609031285312,0.04994475433058092,-1.1527223057888891e-06,-1.1527222989074736e-06,2.1616092154414674e-09
21.55,-0.4390461311184958,-0.4390461311184958,-0.2975808831596661,-0.297580854843097,0.24441054445033633,0.09535642792789348,0.2786114474821888,-0.1959431208228975,0.5003104095013293,0.5797627089926332,0.049714181774143294,-1.152957570429991e-06,-1.1529575635392357e-06,2.131855807955415e-09
21.560000000000002,-0.4457722037352182,-0.4457722037352182,-0.3046457098228523,-0.30464568049375584,0.24232582370297942,0.09484054371192638,0.2766445172481406,-0.19744108577330496,0.4978180093826288,0.5780561252596979,0.04948358898609212,-1.1529260572906708e-06,-1.152926050380848e-06,2.1059427909755566e-09
21.57,-0.4524732017830179,-0.4524732017830179,-0.3116934002451873,-0.31169336990521074,0.24022747219193363,0.09431998428967991,0.27466266264252964,-0.1989279862139075,0.4953256092639292,0.5763495415267631,0.049253029258505956,-1.1526284092663874e-06,-1.152628402350682e-06,2.0768272155545608e-09
21.580000000000002,-0.4591487483325215,-0.4591487483325215,-0.31872355799594315,-0.3187235266467956,0.2381156079489181,0.09379477832538705,0.272665994577173,-0.20040376889761272,0.4928332091452287,0.5746429577938278,0.04902255574806873,-1.1520653369345712e-06,-1.1520653300129712e-06,2.048559704035262e-09
21.59,-0.4657984678859927,-0.4657984678859927,-0.3257357876305967,-0.32573575527404236,0.23599034976574074,0.09326495479370996,0.2706546244934757,-0.20186838115214345,0.4903408090265291,0.572936374060893,0.04879222146261582,-1.1512376177774675e-06,-1.1512376108307694e-06,2.026709000874031e-09
21.6,-0.47242198639846616,-0.4724219863984693,-0.33272969471308983,-0.3327296613509446,0.23385181718761094,0.09273054297820503,0.26862866435674104,-0.20332177086792708,0.4878484089078286,0.5712297903279577,0.048562079247830556,-1.1501460953425302e-06,-1.1501460883992667e-06,1.9972786570453772e-09
21.61,-0.4790189312987688,-0.4790189312987688,-0.33970488583798,-0.3397048514721248,0.2317001305064264,0.09219157246976317,0.26658822665060483,-0.20476388648601432,0.4851167352853959,0.5692244120325465,0.04833218177409671,-1.148791678610983e-06,-1.1487916716601481e-06,1.971804456341414e-09
21.62,-0.48558893151048954,-0.48558893151048954,-0.3466609686526156,-0.34666093328498243,0.22953541075399256,0.09164807316502552,0.264533424371591,-0.20619467698603533,0.4823850616629622,0.5672190337371344,0.04810258152350991,-1.1471753410680074e-06,-1.1471753340977206e-06,1.9503738374953533e-09
21.630000000000003,-0.4921316174728487,-0.49213161747285183,-0.3535975518791724,-0.35359751551174734,0.2273577796952247,0.09110007526477519,0.26246437102378245,-0.20761409187420182,0.47965338804052854,0.5652136554417224,0.04787333077705079,-1.145298119883953e-06,-1.1452981129175268e-06,1.923112905173718e-09
21.64,-0.49864662116148606,-0.49864662116148606,-0.36051424533666293,-0.36051420797149597,0.2251673598212988,0.09054760927230426,0.26038118061361726,-0.20902208117135979,0.47692171441809583,0.5632082771463112,0.04764448160192504,-1.1431611151788146e-06,-1.1431611082081087e-06,1.8988251871170804e-09
21.650000000000002,-0.5051335761091619,-0.5051335761091619,-0.3674106599629138,-0.36741062160210586,0.22296427434275204,0.08999070599175651,0.25828396764480266,-0.21041859540110383,0.4741900407956621,0.5612028988508991,0.04741608583907268,-1.1407654890716046e-06,-1.1407654820867134e-06,1.877872283529301e-09
21.66,-0.5115921174263709,-0.5115921174263709,-0.3742864078364175,-0.3742863684821238,0.22074864718256282,0.08942939652644603,0.2561728471133437,-0.21180358557795673,0.47123445213231735,0.5589100009592957,0.0471881950908488,-1.1381124648129903e-06,-1.1381124578295681e-06,1.8533456077091768e-09
21.67,-0.5180218818218668,-0.5180218818218668,-0.38114110219816894,-0.38114106185260577,0.21852060296917472,0.08886371227715133,0.25404793450269536,-0.21317700319562416,0.4682788634689716,0.5566171030676913,0.046960860708880954,-1.135203325973444e-06,-1.1352033189875224e-06,1.8305259432972304e-09
21.68,-0.5244225076230978,-0.5244225076230947,-0.38797435747341447,-0.387974316138852,0.2162802670294883,0.08829368494038589,0.2519093457790285,-0.21453880021532967,0.4653232748056268,0.5543242051760878,0.04673413378210421,-1.132039415485675e-06,-1.132039408487713e-06,1.810794062624881e-09
21.69,-0.5307936347965502,-0.5307936347965502,-0.39478578929335645,-0.39478574697211555,0.21402776538180623,0.08771934650664352,0.2497571973866121,-0.21588892905423737,0.462367686142281,0.5520313072844836,0.04650806512497708,-1.1286221347078795e-06,-1.128622127721908e-06,1.7854584193853622e-09
21.7,-0.5371349049680003,-0.5371349049679973,-0.4015750145167379,-0.40157497121120317,0.21176322472875656,0.0871407292586204,0.24759160624331195,-0.21722734257397036,0.45941209747893624,0.54973840939288,0.04628270526588148,-1.124952942604951e-06,-1.1249529356224996e-06,1.7629311651625544e-09
21.71,-0.5434459614426732,-0.5434459614426702,-0.4083416512514399,-0.4083416069640464,0.20948677245015074,0.08655786576941282,0.24541268973620264,-0.21855399406922962,0.45624921116931494,0.5471708834111303,0.04605810443570835,-1.1210333547215234e-06,-1.1210333477264829e-06,1.7450192458888956e-09
21.720000000000002,-0.549726449225303,-0.549726449225306,-0.4150853188759301,-0.415085273609166,0.20719853659582915,0.08597078890069089,0.24322056571729328,-0.21986883725652137,0.4530863248596936,0.5446033574293805,0.04583431255663176,-1.116864942217466e-06,-1.1168649352284118e-06,1.7230106272818346e-09
21.73,-0.5559760150401141,-0.5559760150401141,-0.4218056380606732,-0.4218055918170887,0.20489864587845855,0.0853795318008483,0.24101535249936584,-0.22117182626299953,0.4499234385500734,0.5420358314476317,0.04561137923107356,-1.112449331007459e-06,-1.112449324022944e-06,1.701928907480816e-09
21.740000000000002,-0.5621943073506741,-0.5621943073506741,-0.42850223078949684,-0.4285021835716921,0.20258722966628218,0.08478412790312809,0.23879716885192265,-0.2224629156154284,0.446760552240452,0.5394683054658819,0.04538935373086009,-1.1077882007201612e-06,-1.1077881937376425e-06,1.6820075418657204e-09
21.75,-0.5683809763796801,-0.5683809763796801,-0.4351747203808222,-0.4351746721914512,0.20026441797585348,0.08418461092372466,0.23656613399724707,-0.22374206022927395,0.4435976659308318,0.536900779484133,0.045168284986574096,-1.1028832837337021e-06,-1.102883276756814e-06,1.6617375123582946e-09
21.76,-0.5745356741286307,-0.5745356741286307,-0.4418227315088694,-0.4418226823506448,0.1979303414647176,0.08358101485986134,0.2343223676065682,-0.22500921539792795,0.4402452648723483,0.5340730609773106,0.044948221577101655,-1.097736364211177e-06,-1.097736357236999e-06,1.6426754084359758e-09
21.77,-0.5806580543974,-0.5806580543974,-0.4484458902247651,-0.44844584010045,0.1955851314240629,0.08297337398784552,0.23206598979633625,-0.22626433678207195,0.436892863813866,0.5312453424704892,0.04472921171937756,-1.0923492770875676e-06,-1.0923492701148493e-06,1.6243935230874413e-09
21.78,-0.5867477728037125,-0.5867477728037125,-0.45504382397757803,-0.45504377288999415,0.19322891977133583,0.08236172286109805,0.22979712112460238,-0.22750738039918775,0.4335404627553825,0.5284176239636669,0.04451130325832965,-1.0867239070774803e-06,-1.0867239001080776e-06,1.6061518221036457e-09
21.790000000000003,-0.5928044868025133,-0.5928044868025133,-0.4616161616352743,-0.4616161095872952,0.19086183904282059,0.08174609630816101,0.22751588258750163,-0.22873830261321987,0.430188061696899,0.5255899054568445,0.04429454365702344,-1.0808621876690072e-06,-1.080862180710153e-06,1.586723743219125e-09
21.8,-0.5988278557052371,-0.5988278557052371,-0.46816253350559356,-0.4681624805001446,0.18848402238618392,0.0811265294306803,0.22522239561583982,-0.22995706012439424,0.4268356606384167,0.5227621869500231,0.04407897998700839,-1.0747661001314635e-06,-1.0747660931794162e-06,1.5686233585213375e-09
21.810000000000002,-0.6048175406989712,-0.6048175406989712,-0.47468257135684416,-0.47468251739690925,0.18609560355298593,0.0805030576013652,0.22291678207178123,-0.231163609959202,0.42331259324934356,0.5196901743802282,0.04386465891886718,-1.0684376724606759e-06,-1.068437665523215e-06,1.5492372419200972e-09
21.82,-0.610773204865514,-0.610773204865514,-0.4811759084386161,-0.48117585352722825,0.18369671689115613,0.0798757164619246,0.2205991642456345,-0.2323579094605518,0.4197895258602717,0.5166181618104345,0.043651626712968176,-1.0618789784075378e-06,-1.0618789714779684e-06,1.5318043496127001e-09
21.830000000000002,-0.6166945132003266,-0.6166945132003266,-0.48764217950241073,-0.48764212364266085,0.1812874973374368,0.079244541920979,0.21826966485273736,-0.23353991627809462,0.41626645847119853,0.5135461492406397,0.04343992921042231,-1.0550921364024801e-06,-1.0550921294854202e-06,1.5137904881711836e-09
21.84,-0.6225811326313764,-0.6225811326313736,-0.4940810208221826,-0.4940809640172136,0.1788680804097937,0.0786095701519502,0.215928407030438,-0.2347095883587321,0.41274339108212665,0.510474136670846,0.04322961182424563,-1.0480793085770879e-06,-1.0480793016661105e-06,1.4976062829585224e-09
21.85,-0.6284327320378696,-0.6284327320378724,-0.5004920702148143,-0.5004920124678176,0.17643860219978766,0.07797083759092618,0.21357551433516705,-0.23586688393730684,0.4092203236930535,0.5074021241010511,0.043020719530726434,-1.04084269969551e-06,-1.0408426927904655e-06,1.4818514380212808e-09
21.86,-0.6342489822688884,-0.6342489822688884,-0.5068749670604559,-0.5068749083746833,0.173999199364932,0.07732838093450366,0.21121111073960572,-0.23701176152748343,0.40554639793985964,0.5041030894404757,0.04281329686099895,-1.0333845561344424e-06,-1.0333845492482335e-06,1.4637392694874196e-09
21.87,-0.6400295561618877,-0.6400295561618877,-0.5132293523228515,-0.5132292927016038,0.17155000912098944,0.0766822371376074,0.20883532062994176,-0.23814417991282608,0.40187247218666444,0.5008040547798991,0.04260738789282327,-1.0257071648978044e-06,-1.0257071580168933e-06,1.4489036441583649e-09
21.880000000000003,-0.6457741285611104,-0.6457741285611132,-0.5195548685695061,-0.5195548080161336,0.1690911692342656,0.07603244341128533,0.20644826880321374,-0.2392640981380762,0.39819854643346925,0.4975050201193224,0.04240303624257147,-1.0178128524857e-06,-1.0178128456296544e-06,1.4303466075794573e-09
21.89,-0.6514823763358737,-0.6514823763358737,-0.5258511599917893,-0.5258510985097022,0.16662281801385906,0.07537903722048153,0.20405008046474282,-0.24037147550063295,0.3945246206802754,0.49420598545874694,0.04220028505742007,-1.0097039839923605e-06,-1.0097039771435731e-06,1.415854664742666e-09
21.900000000000002,-0.6571539783987455,-0.6571539783987455,-0.532117872424978,-0.5321178100176336,0.16414509430387175,0.07472205628178559,0.2016408812256477,-0.24146627154224534,0.3908506949270802,0.4909069507981703,0.04199917700774897,-1.0013829619404113e-06,-1.001382955108511e-06,1.3997376610258982e-09
21.91,-0.6627886157236048,-0.6627886157236048,-0.5383546533681469,-0.5383545900390538,0.16165813747561034,0.07406153856115902,0.19922079710044113,-0.2425484460409189,0.38704656695683265,0.48739944241978306,0.04179975427974644,-9.928522253441208e-07,-9.92852218537474e-07,1.3822945858271306e-09
21.92,-0.6683859713635882,-0.6683859713635882,-0.5445611520040127,-0.5445610877567351,0.15916208741974042,0.07339752227163868,0.19678995450470793,-0.24361795900303918,0.3832424389865837,0.48389193404139463,0.04160205856821979,-9.84114248675505e-07,-9.8411424187886e-07,1.3683139919054606e-09
21.93,-0.6739457304689166,-0.673945730468914,-0.5507370192186604,-0.5507369540568129,0.15665708453842084,0.0727300458710173,0.19434848025285945,-0.24467477065571935,0.3794383110163362,0.4803844256630074,0.041406131069611406,-9.751715407749217e-07,-9.751715339912773e-07,1.354063353701511e-09
21.94,-0.6794675803046064,-0.6794675803046064,-0.5568819076211966,-0.5568818415484409,0.1541432697373996,0.07205914805950069,0.1918965015559626,-0.2457188414393753,0.3756341830460873,0.4768769172846189,0.041212012475219356,-9.66026643886564e-07,-9.660266371213922e-07,1.3390594175288815e-09
21.95,-0.6849512102680602,-0.6849512102680575,-0.5629954715632569,-0.5629954045833133,0.15162078441810123,0.07138486777734347,0.1894341460196436,-0.246750132000531,0.3718300550758397,0.47336940890623164,0.04101974296462224,-9.566821326384423e-07,-9.566821258855288e-07,1.3256142217906948e-09
21.96,-0.6903963119065384,-0.6903963119065357,-0.5690773671584906,-0.5690772992751258,0.14908977046965616,0.0707072442024603,0.1869615416420626,-0.2477686031848598,0.36791711307983516,0.4696731472980804,0.04082936219930745,-9.471406129807347e-07,-9.471406062553388e-07,1.309507733207446e-09
21.970000000000002,-0.695802578934507,-0.6958025789345096,-0.575127252301874,-0.5751271835189036,0.14655037026093165,0.070026316748016,0.18447881681195502,-0.24877421603046462,0.36400417108383054,0.4659768856899291,0.04064090931650141,-9.374047212559744e-07,-9.374047145482387e-07,1.2956544048830746e-09
21.98,-0.7011697072508764,-0.7011697072508764,-0.5811447866889541,-0.5811447170102509,0.14400272663252356,0.06934212505999202,0.18198610030674028,-0.24976693176140077,0.3600912290878273,0.46228062408177917,0.040454422923201616,-9.274771231027046e-07,-9.2747711642307e-07,1.2801097794334471e-09
21.990000000000002,-0.7064973949560913,-0.7064973949560913,-0.5871296318350172,-0.5871295612644997,0.14144698288871055,0.06865470901473097,0.17948352129069378,-0.2507467117814454,0.3561782870918227,0.4585843624736279,0.0402699410904088,-9.173605125464834e-07,-9.173605058815079e-07,1.2674537474322353e-09
22.0,-0.711785342369123,-0.711785342369123,-0.5930814510940988,-0.5930813796357343,0.1388832827894056,0.06796410871645889,0.1769712093131791,-0.251713517668116,0.35226534509581947,0.4548881008654779,0.04008750134755799,-9.070576109104778e-07,-9.070576042756844e-07,1.2521527331625164e-09
22.01,-0.717033252044324,-0.717033252044324,-0.5989999096779349,-0.5989998373357451,0.13631177054206323,0.06727036449478438,0.17444929430693998,-0.2526673111669434,0.3482655890573933,0.4510238677549349,0.0399071406771478,-8.965711659411624e-07,-8.965711593225873e-07,1.2397883784185816e-09
22.02,-0.7222408287881585,-0.7222408287881585,-0.6048846746747909,-0.6048846014528431,0.13373259079356944,0.06657351690217636,0.17191790658644832,-0.25360805418600085,0.3442658330189685,0.44715963464439334,0.039728895509566084,-8.859039507258526e-07,-8.859039441256308e-07,1.227301083155651e-09
22.03,-0.727407779675808,-0.727407779675808,-0.6107354150681872,-0.610735340970602,0.13114588862210497,0.0658736067114194,0.16937717684630366,-0.25453570879069,0.34026607698054234,0.4432954015338504,0.03955280171810971,-8.750587627767703e-07,-8.750587562038538e-07,1.213433985291072e-09
22.040000000000003,-0.7325338140676474,-0.7325338140676474,-0.6165518017555194,-0.6165517267864647,0.12855180952898487,0.06517067491304647,0.16682723615968578,-0.255450237198795,0.33626632094211617,0.43943116842330743,0.039378894614199064,-8.640384230734766e-07,-8.640384165293419e-07,1.1995854978088627e-09
22.05,-0.7376186436255936,-0.7376186436255936,-0.6223335075665697,-0.6223334317302609,0.12595049943047426,0.06446476271275,0.16426821597685456,-0.256351601775797,0.3322665649036914,0.43556693531276586,0.0392072089427832,-8.528457750914265e-07,-8.528457685731295e-07,1.1865584530108493e-09
22.060000000000002,-0.7426619823293248,-0.7426619823293248,-0.6280802072819109,-0.6280801305826158,0.12334210464958019,0.0637559115287718,0.16170024812369482,-0.25723976503045715,0.3282024829063053,0.43155645682409216,0.03903777887793483,-8.414836838582795e-07,-8.414836773600208e-07,1.1748506998967664e-09
22.07,-0.7476635464923687,-0.7476635464923687,-0.6337915776511995,-0.6337915000932299,0.12072677190782138,0.06304416298926985,0.15912346480030495,-0.2581146896106729,0.3241384009089207,0.4275459783354199,0.03887063801863416,-8.299550350032714e-07,-8.299550285329957e-07,1.1619659785499257e-09
22.080000000000002,-0.7526230547780598,-0.7526230547780598,-0.6394672974113578,-0.6394672189990787,0.11810464831697498,0.06232955892966405,0.1565379985796249,-0.2589763382996069,0.32007431891153465,0.42353549984674616,0.038705819384738493,-8.18262733875974e-07,-8.182627274272949e-07,1.150483060295895e-09
22.09,-0.7575402282153649,-0.7575402282153626,-0.6451070473046433,-0.6451069680424659,0.11547588137080275,0.06161214138996069,0.1539439824061017,-0.2598246740120896,0.31601023691415003,0.4195250213580739,0.038543355413135846,-8.064097045679119e-07,-8.064096981547066e-07,1.1367813938362896e-09
22.1,-0.7624147902145721,-0.7624147902145745,-0.6507105100966195,-0.6507104299889989,0.11284061893674861,0.06089195261205486,0.15134154959438986,-0.2606596597913012,0.311946154916764,0.4155145428694002,0.03838327795408084,-7.943988890937725e-07,-7.94398882698464e-07,1.1264419240413184e-09
22.11,-0.7672464665828592,-0.7672464665828592,-0.6562773705939712,-0.6562772896454168,0.11019900924763466,0.060169035037011494,0.1487308338280829,-0.26148125880573275,0.30784059670782304,0.4113803673715748,0.038225618267710315,-7.822332463852666e-07,-7.822332400190521e-07,1.1143634720970776e-09
22.12,-0.7720349855397018,-0.7720349855397018,-0.6618073156622711,-0.6618072338773355,0.10755120089330555,0.05944343130232552,0.14611196915847444,-0.26228943434642976,0.30373503849888067,0.40724619187374794,0.038070407020736836,-7.699157515070332e-07,-7.699157451713304e-07,1.1022780128993591e-09
22.130000000000003,-0.7767800777321715,-0.7767800777321737,-0.6673000342435674,-0.6672999516268485,0.10489734281228315,0.05871518423916043,0.14348509000334553,-0.26308414982452005,0.2996294802899383,0.4031120163759211,0.03791767428331777,-7.574493947337668e-07,-7.574493884333054e-07,1.0896112522402408e-09
22.14,-0.7814814762500832,-0.7814814762500832,-0.6727552173738801,-0.6727551339300281,0.10223758428338854,0.057984336869566215,0.1408503311457748,-0.263865368769027,0.29552392208099737,0.3989778408780957,0.03776744952609726,-7.448371807106113e-07,-7.448371744468558e-07,1.0769330154842963e-09
22.150000000000002,-0.7861389166410103,-0.7861389166410103,-0.6781725582006045,-0.6781724739343127,0.09957207491733379,0.05725093240367578,0.13820782773296866,-0.2646330548249674,0.291418363872055,0.3948436653802688,0.037619761617418215,-7.320821276135536e-07,-7.320821213706773e-07,1.0671974821248487e-09
22.16,-0.7907521369251587,-0.7907521369251587,-0.6835517519997448,-0.683551666915751,0.09690096464831928,0.05651501423688106,0.13555771527511104,-0.2653871717517426,0.2872944123933094,0.39060903671185104,0.03747463882070371,-7.191872662543064e-07,-7.19187260045908e-07,1.055351156644576e-09
22.17,-0.7953208776101037,-0.7953208776101037,-0.6888924961930682,-0.6888924102961602,0.09422440372559322,0.05577662594698841,0.13290012964422476,-0.2661276834218167,0.2831704609145623,0.38637440804343176,0.037332108792002966,-7.061556393447854e-07,-7.061556331745642e-07,1.0431010878818638e-09
22.18,-0.7998448817053865,-0.7998448817053844,-0.6941944903651194,-0.6941944036601296,0.09154254270500323,0.05503581129135297,0.13023520707304764,-0.26685455381968615,0.2790465094358167,0.3821397793750139,0.03719219857770061,-6.929903006505644e-07,-6.929902945111234e-07,1.0323176562153277e-09
22.19,-0.8043238947369695,-0.8043238947369695,-0.6994574362801317,-0.6994573487719344,0.08885553244052069,0.05429261420399318,0.12756308415391537,-0.26756774704114233,0.27492255795706966,0.37790515070659464,0.037054934612386264,-6.796943141790246e-07,-6.796943080674633e-07,1.0222235770704098e-09
22.2,-0.8087576647615508,-0.8087576647615486,-0.7046810378987751,-0.7046809495922958,0.08616352407576959,0.05354707879268464,0.12488389783765114,-0.26826722729282954,0.27079860647832404,0.37367052203817686,0.03692034271688216,-6.662707534021983e-07,-6.6627074733163e-07,1.0101418254599717e-09
22.21,-0.8131459423807355,-0.8131459423807335,-0.7098650013948437,-0.7098649122950483,0.08346666903550676,0.052799249336034026,0.12219778543245834,-0.2689529588920936,0.2666794480851793,0.36935924882199345,0.036788448096424925,-6.527227005490022e-07,-6.527226945002907e-07,1.00144007311464e-09
22.220000000000002,-0.8174884807550625,-0.8174884807550645,-0.7150090351717571,-0.7150089452836557,0.08076511901711722,0.05204917028053298,0.11950488460281278,-0.26962490626712726,0.26256028969203454,0.36504797560581,0.03665927533899969,-6.390532457309361e-07,-6.390532397253797e-07,9.894048001886733e-10
22.23,-0.8217850356178974,-0.8217850356178974,-0.7201128498789647,-0.7201127592076162,0.07805902598208099,0.05129688623759205,0.11680533336835246,-0.27028303395741454,0.2584411312988912,0.360736702389628,0.036532848413824134,-6.252654863453389e-07,-6.252654803751472e-07,9.788519957346576e-10
22.240000000000002,-0.8260353652891601,-0.8260353652891601,-0.7251761584282423,-0.7251760669787463,0.07534854214741385,0.05054244198055505,0.11409927010276116,-0.27092730661446496,0.25432197290574643,0.35642542917344455,0.03640919066997755,-6.113625262427203e-07,-6.113625203095649e-07,9.682144897134312e-10
22.25,-0.8302392306889271,-0.8302392306889271,-0.7301986760098165,-0.7301985837873153,0.07263381997711824,0.049785882441693706,0.11138683353264327,-0.2715576890028512,0.2502028145126031,0.35211415595726264,0.03628832483517474,-5.973474750675667e-07,-5.97347469170604e-07,9.579001016840647e-10
22.26,-0.8343963953508782,-0.8343963953508782,-0.7351801201083975,-0.7351800271180806,0.06991501217360033,0.04902725270918344,0.10866816273638658,-0.27217414600153866,0.24611160861199585,0.34775047773967277,0.03617027301467922,-5.832234475505738e-07,-5.832234416872279e-07,9.48182642243318e-10
22.27,-0.8385066254355972,-0.8385066254355972,-0.7401202105190685,-0.7401201167661646,0.06719227166908229,0.048266598024059054,0.10594339714301076,-0.2727766426055149,0.24202040271139005,0.34338679952208445,0.03605505669035462,-5.689935628216958e-07,-5.689935569955174e-07,9.380659583992225e-10
22.28,-0.8425696897437256,-0.8425696897437256,-0.7450186693630462,-0.7450185748528306,0.06446575161699947,0.04750396377715261,0.10321267653099737,-0.273365143927716,0.2379291968107828,0.3390231213044945,0.03594269671985041,-5.546609437717676e-07,-5.546609379739234e-07,9.295387821788034e-10
22.290000000000003,-0.8465853597289675,-0.8465853597289675,-0.7498752211033124,-0.7498751258411012,0.061735605383386,0.04673939550601108,0.10047614102710008,-0.2739396152012485,0.23383799091017554,0.33465944308690465,0.03583321333591871,-5.402287163447372e-07,-5.402287105937778e-07,9.18207277257998e-10
22.3,-0.8505534095109449,-0.8505534095109449,-0.754689592560112,-0.7546894965512622,0.05900198653824766,0.045972938891796586,0.0977339311051298,-0.2745000217819104,0.22974678500956974,0.33029576486931633,0.03572662614585993,-5.257000090033714e-07,-5.257000032852864e-07,9.092815555705442e-10
22.310000000000002,-0.854473615887904,-0.854473615887904,-0.7594615129263205,-0.7594614161762339,0.056265048846923654,0.04520463975616713,0.0949861875847148,-0.27504632915100613,0.2257065338493542,0.32590421583665863,0.03562295413109311,-5.110779519937325e-07,-5.110779463189496e-07,8.988600764368914e-10
22.32,-0.8583457583492696,-0.8583457583492696,-0.7641907137826748,-0.7641906162967922,0.05352494626143749,0.04443454405813996,0.09223305163002977,-0.2755785029184609,0.22166628268914013,0.3215126668040025,0.03552221564684914,-4.963656768386393e-07,-4.963656712026227e-07,8.893193209872014e-10
22.330000000000002,-0.8621696190880493,-0.8621696190880493,-0.7688769291128742,-0.7688768308966807,0.050781832911837105,0.04366269789093604,0.08947466474849276,-0.27609650882622777,0.21762603152892457,0.3171211177713448,0.035424428421982304,-4.8156631569235e-07,-4.81566310094278e-07,8.800633956875896e-10
22.34,-0.8659449830130848,-0.865944983013083,-0.7735198953185396,-0.7735197963775603,0.04803586309752647,0.042889147478807066,0.08671116878942739,-0.27660031275199026,0.21358578036871048,0.3127295687386886,0.035329609558898016,-4.6668300079238945e-07,-4.66682995230415e-07,8.712478726244811e-10
22.35,-0.8696716377611488,-0.8696716377611505,-0.7781193512340528,-0.7781192515738505,0.04528719127857968,0.04211393917384469,0.08394270594268462,-0.27708988071315865,0.20954552920849495,0.3083380197060309,0.03523777553359297,-4.5171886388362115e-07,-4.517188583702703e-07,8.60622572507906e-10
22.36,-0.8733493737088981,-0.8733493737088981,-0.7826750381412225,-0.7826749377674059,0.042535972067066996,0.041337119452772166,0.08116941873722536,-0.2775651788711618,0.20557894855044034,0.303943290744507,0.03514894219580564,-4.366770357325245e-07,-4.366770302559088e-07,8.520021532864319e-10
22.37,-0.8769779839846535,-0.8769779839846535,-0.7871866997838681,-0.7871865987020823,0.039782360218339766,0.040558734913719134,0.0783914500396569,-0.2780261735360275,0.20161236789238435,0.2995485617829815,0.03506312476927234,-4.21560645523511e-07,-4.2156064008804925e-07,8.428359157568775e-10
22.380000000000003,-0.8805572644800438,-0.8805572644800455,-0.7916540823822115,-0.7916539805981403,0.0370265106223384,0.03977883227297853,0.07560894305272327,-0.2784728311712553,0.19764578723432835,0.2951538328214561,0.03498033785208681,-4.0637282041483536e-07,-4.0637281501775397e-07,8.342388814106282e-10
22.39,-0.8840870138614848,-0.8840870138614848,-0.7960769346471531,-0.7960768321665247,0.034268578294879976,0.03899745836174766,0.07282204131374467,-0.2789051183989785,0.19367920657627374,0.29075910385993214,0.03490059541715991,-3.911166850112391e-07,-3.9111667965395363e-07,8.255582382365176e-10
22.400000000000002,-0.8875670335815046,-0.8875670335815046,-0.8004550077944256,-0.8004549046230038,0.031508718368926825,0.038214660122852,0.0700308886930043,-0.27932300200541615,0.18971262591821775,0.28636437489840666,0.034823910812776616,-3.757953608851672e-07,-3.7579535558680336e-07,8.140717078315207e-10
22.41,-0.8909971278899114,-0.8909971278899114,-0.8047880555585668,-0.8047879517021536,0.02874708608587334,0.037430484607452935,0.0672356293920788,-0.2797264489466071,0.18584201732172667,0.2819911747729316,0.03475029676324576,-3.6041196618125104e-07,-3.604119609267292e-07,8.050417941441972e-10
22.42,-0.8943771038448047,-0.8943771038448047,-0.8090758342067823,-0.8090757296712212,0.02598383678680735,0.036644978971739184,0.06443640794211053,-0.280115426354433,0.18197140872523423,0.2776179746474551,0.034679765369641305,-3.4496961507507473e-07,-3.4496960985926083e-07,7.969259140963835e-10
22.43,-0.8977067713234286,-0.897706771323427,-0.813318102552652,-0.8133179973438233,0.023219125903774535,0.03585819047360273,0.06163336920201746,-0.28048990154292264,0.17810080012874316,0.27324477452198004,0.03461232811063073,-3.2947141739153585e-07,-3.2947141221551794e-07,7.887665236716678e-10
22.44,-0.900985943032865,-0.900985943032865,-0.8175146219697057,-0.8175145160935248,0.02045310895102928,0.035070166469298725,0.05882665835663936,-0.28084984201483704,0.17423019153225072,0.2688715743965035,0.03454799584338758,-3.13920478181573e-07,-3.139204730582074e-07,7.787732187650664e-10
22.450000000000003,-0.90421443452057,-0.90421443452057,-0.8216651564048268,-0.8216650498672512,0.017685941516299736,0.034280954410090304,0.05601642091481616,-0.28119521546853565,0.17035958293575829,0.2644983742710269,0.034486778804585824,-2.983198973821599e-07,-2.983198922832803e-07,7.731778914039086e-10
22.46,-0.9073920641847488,-0.9073920641847473,-0.8257694723915479,-0.8257693651985708,0.014917779252024504,0.03349060183887821,0.053202802707396635,-0.2815259898051171,0.1666067083703936,0.2601712907035694,0.03442868661147176,-2.826727692750719e-07,-2.8267276423682014e-07,7.622185610515016e-10
22.470000000000002,-0.910518653284569,-0.9105186532845705,-0.8298273390631824,-0.8298272312208312,0.012148777866597071,0.032699156386815684,0.050385949885174044,-0.2818421331358353,0.16285383380502758,0.25584420713611045,0.034373728263011084,-2.669821823411689e-07,-2.669821773472636e-07,7.538429227676712e-10
22.48,-0.9135940259502211,-0.9135940259502211,-0.8338385281657926,-0.8338384196801356,0.009379093115620574,0.03190666576990866,0.04756600891674641,-0.2821436137897874,0.15910095923966291,0.25151712356865297,0.03432191214110806,-2.512512187261007e-07,-2.5125121377279346e-07,7.461438985570235e-10
22.490000000000002,-0.9166180091928021,-0.9166180091928021,-0.8378028140710547,-0.837802704948194,0.006608880793128019,0.031113177785601846,0.04474312658629858,-0.2824304003218747,0.1553480846742969,0.247190040001194,0.03427324601189424,-2.354829539627512e-07,-2.3548294906377416e-07,7.364873845294416e-10
22.5,-0.919590432914052,-0.919590432914052,-0.84171997378893,-0.8417198640350022,0.003838296722833423,0.030318740309350764,0.04191744999130305,-0.2827024615210244,0.1515952101089322,0.2428629564337365,0.034227737027082004,-2.1968045669368275e-07,-2.1968045183993202e-07,7.283090863659377e-10
22.51,-0.9225111299159201,-0.9225111299159201,-0.8455897869802171,-0.8455896766013973,0.0010674967493601861,0.029523401291180168,0.039089126540137804,-0.2829597664186832,0.14798116960070307,0.23860631786219919,0.034185391725382694,-2.0384678830337455e-07,-2.0384678348239344e-07,7.221007181507498e-10
22.52,-0.9253799359099703,-0.9253799359099703,-0.8494120359689444,-0.8494119249714399,-0.0017033632705237,0.028727208752228978,0.036258303949617314,-0.2832022842975643,0.14436712909247518,0.23434967929066336,0.03414621603398317,-1.8798500260597262e-07,-1.8798499784004748e-07,7.126550310659635e-10
22.53,-0.9281966895266217,-0.9281966895266217,-0.8531865057546143,-0.8531863941446696,-0.004474127476672779,0.027930210781282164,0.03342513024243527,-0.2834299847006603,0.14075308858424604,0.23009304071912606,0.034110215270081325,-1.7209814567181736e-07,-1.720981409504052e-07,7.048870420909393e-10
22.540000000000003,-0.9309612323242261,-0.9309612323242261,-0.856912984024296,-0.8569128718081896,-0.007244640014330964,0.027132455531289894,0.030589753744515457,-0.28364283744050656,0.13713904807601687,0.2258364021475887,0.034077394142474904,-1.5618925544580442e-07,-1.5618925077446332e-07,6.963864821990256e-10
22.55,-0.9336734087979801,-0.9336734087979801,-0.8605912611645699,-0.8605911483486126,-0.010014745042898579,0.026333991215874233,0.027752323082268996,-0.2838408126086981,0.133525007567789,0.2215797635760529,0.034047756753202235,-1.4026136156697344e-07,-1.402613569454883e-07,6.880137286594282e-10
22.560000000000002,-0.9363330663886722,-0.9363330663886722,-0.8642211302733166,-0.8642210168638556,-0.0127842867446981,0.025534866105823586,0.024912987179755267,-0.28402388058565553,0.1300701205671338,0.21741750237094734,0.034021306599232,-1.243174851048301e-07,-1.2431748053151615e-07,6.799844783502795e-10
22.57,-0.9389400554912641,-0.9389400554912641,-0.8678023871713558,-0.8678022731747688,-0.015553109333739087,0.024735128525575533,0.022071895255743632,-0.2841920120506356,0.1266152335664798,0.21325524116584327,0.03399804657419892,-1.0836063833730147e-07,-1.0836063381119005e-07,6.72188864659794e-10
22.580000000000002,-0.9414942294633063,-0.9414942294633063,-0.8713348304139312,-0.8713347158366319,-0.018321057064480964,0.023934826849687927,0.019229196820674095,-0.28434517799198417,0.1231603465658246,0.2090929799607377,0.033977978970183204,-9.239382454950817e-08,-9.239382006290126e-08,6.656222635327138e-10
22.59,-0.9439954446331862,-0.9439954446331851,-0.8748182613020403,-0.874818146150474,-0.021087974240592416,0.023134009499299057,0.016385041673514178,-0.2844833497176253,0.11970545956517062,0.20493071875563362,0.0339611054795304,-7.64200377978419e-08,-7.642003336670034e-08,6.567723448872297e-10
22.6,-0.946443560308209,-0.9464435603082101,-0.8782524838936189,-0.878252368174261,-0.023853705223715715,0.02233272493857703,0.01353957989850968,-0.28460649886578826,0.1162505725645154,0.20076845755052805,0.03394742719671051,-6.044226280588205e-08,-6.044225841896345e-08,6.496716462912299e-10
22.61,-0.9488384387825156,-0.9488384387825156,-0.8816373050145454,-0.8816371887339068,-0.026618094442207127,0.021531021671158418,0.010692961861827024,-0.2847145974159592,0.11297426370295682,0.1967239754584799,0.03393694462021169,-4.446347469377887e-08,-4.4463470359284996e-08,6.414363212581541e-10
22.62,-0.9511799453448223,-0.9511799453448223,-0.8849725342695288,-0.8849724174341502,-0.029380986399905884,0.0207289482365772,0.007845338208084968,-0.2848076177000623,0.10969795484139708,0.19267949336643028,0.0339296576544681,-2.848663888804781e-08,-2.848663460948975e-08,6.32760189868647e-10
22.630000000000003,-0.9534679482860023,-0.9534679482860033,-0.8882579840528032,-0.8882578666692545,-0.032142225684867895,0.019926553206683677,0.004996859856773455,-0.28488553241386366,0.10642164597983733,0.18863501127438065,0.033925565611819024,-1.2514710975852772e-08,-1.2514706724368885e-08,6.284266598007765e-10
22.64,-0.9557023189064934,-0.9557023189064934,-0.8914934695586797,-0.891493351633566,-0.03490165697810749,0.019123885182054164,0.002147677998557208,-0.28494831462858927,0.10314533711827875,0.18459052918233249,0.03392466721449592,3.4493635656107635e-09,3.4493677462416054e-09,6.17694956327476e-10
22.650000000000002,-0.9578829315235373,-0.9578829315235373,-0.8946788087919563,-0.8946786903319106,-0.037659125062345936,0.01832099278839158,-0.000702055908537821,-0.2849959378027592,0.099869028256719,0.18054604709028288,0.033926960596636566,1.9402649244215642e-08,1.9402653384216484e-08,6.115003516819783e-10
22.66,-0.9600096634782495,-0.9600096634782495,-0.8978138225781397,-0.8978137035898242,-0.0404144748307293,0.017517924672917615,-0.0035521901430574355,-0.28502837579422885,0.09678971813451605,0.17664208366089587,0.03393244330632323,3.534222092760331e-08,3.534222501925255e-08,6.042332987510336e-10
22.67,-0.9620823951425179,-0.9620823951425179,-0.9008983345735307,-0.9008982150636393,-0.04316755129555952,0.016714729500756455,-0.0064025727241736104,-0.28504560287243325,0.093710408012312,0.17273812023150747,0.0339411123076428,5.126516380155044e-08,5.1265167834592395e-08,5.955181006981957e-10
22.68,-0.9641010099257332,-0.9641010099257322,-0.9039321712751416,-0.9039320512503973,-0.04591819959701014,0.015911455951310736,-0.009253051415862351,-0.2850475937308334,0.09063109789010904,0.16883415680212047,0.033952963982767634,6.716857346711347e-08,6.716857746269234e-08,5.899890626886725e-10
22.69,-0.966065394281346,-0.966065394281346,-0.9069151620304623,-0.9069150414976146,-0.04866626501184333,0.015108152714630115,-0.012103473731206958,-0.2850343234995525,0.087551787767905,0.16493019337273207,0.033967994134053756,8.30495561418565e-08,8.30495600713757e-08,5.802990055827132e-10
22.700000000000003,-0.9679754377132542,-0.9679754377132542,-0.9098471390470448,-0.9098470180128749,-0.051411592962100225,0.014304868487772723,-0.014953686936828666,-0.28500576775820696,0.08447247764570094,0.16102622994334367,0.03398619798615641,9.890522856270678e-08,9.890523244056315e-08,5.727940485553064e-10
22.71,-0.9698310327820187,-0.9698310327820178,-0.9127279374019555,-0.9127278158732718,-0.05415402902380746,0.013501651971159975,-0.017803538057446465,-0.2849619025489157,0.08160747926453887,0.15728473467918422,0.03400757018815891,1.1473271820106046e-07,1.1473272203036401e-07,5.658055914982296e-10
22.720000000000002,-0.9716320751109048,-0.9716320751109057,-0.91555739505105,-0.915557273034687,-0.05689341893566359,0.01269855186492514,-0.020652873880567992,-0.2849027043894914,0.07874248088337578,0.15354323941502343,0.0340321048157149,1.3052916325584363e-07,1.3052916704061336e-07,5.594663252623079e-10
22.73,-0.9733784633917584,-0.9733784633917584,-0.9183353528380765,-0.9183352303408994,-0.05962960860770314,0.011895616865256146,-0.023501540961313024,-0.2848281502868076,0.0758774825022137,0.14980174415086397,0.034059795373202195,1.462917127298402e-07,1.4629171646232676e-07,5.520345642561528e-10
22.740000000000002,-0.9750700993906983,-0.9750700993906983,-0.9210616545036461,-0.9210615315325444,-0.06236244412998242,0.011092895660732977,-0.026349385627371734,-0.2847382177503263,0.0730124841210506,0.1460602488867032,0.0340906347958845,1.620175264435697e-07,1.6201753012175803e-07,5.443548502187164e-10
22.75,-0.9767068879536455,-0.9767068879536455,-0.9237361466940073,-0.9237360232558978,-0.06509177178122257,0.010290436928660007,-0.029196253984098836,-0.2846328848057966,0.07014748573988853,0.14231875362254373,0.03412461545208306,1.7770377508385948e-07,1.7770377871706157e-07,5.381018687034991e-10
22.76,-0.978288737011675,-0.978288737011675,-0.9263586789696798,-0.9263585550715067,-0.06781743803746289,0.009488289331393934,-0.03204199191974565,-0.2845121300091057,0.06751290716288162,0.13876076257105077,0.034161729145354064,1.933476402732337e-07,1.9334764384832948e-07,5.299516464923953e-10
22.77,-0.9798155575861943,-0.9798155575861943,-0.9289291038139145,-0.9289289794626457,-0.07053928958069512,0.008686501512667522,-0.03488644511083128,-0.2843759324602807,0.06487832858587564,0.13520277151955906,0.034201967116671304,2.0894631451440215e-07,2.0894631804137532e-07,5.233247410865946e-10
22.78,-0.9812872637939487,-0.9812872637939487,-0.9314472766409918,-0.931447151843623,-0.07325717330748761,0.007885122093909699,-0.03772945902765472,-0.28422427181763726,0.062243750008868726,0.1316447804680661,0.034245320046613334,2.244970012943437e-07,2.2449700476563363e-07,5.156174469936538e-10
22.790000000000003,-0.9827037728518521,-0.9827037728518521,-0.9339130558043538,-0.9339129305679051,-0.07597093633759737,0.00708419967056251,-0.04057087893994908,-0.2840571283120668,0.059609171431861806,0.12808678941657314,0.03429177805755361,2.3999691502185616e-07,2.3999691844670826e-07,5.093230461765473e-10
22.8,-0.9840650050816434,-0.9840650050816434,-0.9363263026045733,-0.9363261769360882,-0.07868042602256953,0.006283782808395185,-0.04341054992267934,-0.28387448276145505,0.05697459285485583,0.12452879836508146,0.03434133071585221,2.5544328111776204e-07,2.554432844740884e-07,4.997787733464955e-10
22.810000000000002,-0.9853708839143686,-0.9853708839143686,-0.9386868812971534,-0.9386867552037017,-0.08138548995432365,0.005483920039815987,-0.046248316861984703,-0.2836763165852313,0.05458524664116047,0.12117431584625783,0.03439396703404953,2.7083333589694725e-07,2.708333392043322e-07,4.931828440286291e-10
22.82,-0.9866213358946877,-0.9866213358946877,-0.9409946591001654,-0.940994532588839,-0.08408597597372688,0.004684659860182203,-0.04908402446126758,-0.283462611819034,0.052195900427465955,0.11781983332743538,0.03444967547305932,2.861643267002001e-07,2.8616432996044356e-07,4.868895636050487e-10
22.830000000000002,-0.9878162906850066,-0.9878162906850066,-0.9432495062017167,-0.9432493792796325,-0.08678173217915269,0.0038860507241087563,-0.05191751724742928,-0.2832333511294942,0.0498065542137706,0.11446535080861175,0.03450844394436195,3.0143351183176126e-07,3.0143351502770064e-07,4.780617082126536e-10
22.84,-0.9889556810694333,-0.9889556810694329,-0.9454512957672507,-0.9454511684415483,-0.08947260693502398,0.003088141041775875,-0.05474863957725449,-0.28298851782912277,0.04741720800007609,0.1111108682897893,0.034570259812195775,3.16638160482996e-07,3.166381636466278e-07,4.740501660057411e-10
22.85,-0.9900394429575587,-0.9900394429575592,-0.9475999039466884,-0.9475997762245286,-0.0921584488803491,0.0022909791752363596,-0.05757723564394471,-0.28272809589130077,0.04502786178638073,0.10775638577096568,0.034635109895747404,3.3177555289892746e-07,3.3177555600347463e-07,4.660555435096845e-10
22.86,-0.9910675153880634,-0.9910675153880634,-0.9496952098813821,-0.9496950817699503,-0.09483910693722167,0.0014946134347228787,-0.060403149483802425,-0.2824520699653658,0.04289718170959708,0.10462427190581222,0.034702980471339975,3.468429801631312e-07,3.4684298321871753e-07,4.596034862992063e-10
22.87,-0.9920398405321434,-0.9920398405321434,-0.9517370957109283,-0.9517369672174308,-0.09751443031933668,0.0006990920749557895,-0.06322622498306658,-0.2821604253917826,0.04076650163281268,0.10149215804065764,0.03477385727461857,3.6183774433651283e-07,3.618377473341761e-07,4.5182411913853787e-10
22.880000000000003,-0.9929563636967662,-0.9929563636967667,-0.9537254465797876,-0.9537253177114512,-0.10018426854045925,-9.553670854804035e-05,-0.06604630588489976,-0.28185314821739543,0.03863582155602827,0.09836004417550308,0.03484772550273297,3.7675715835322476e-07,3.76757161299221e-07,4.4500534427209925e-10
22.89,-0.9938170333277452,-0.9938170333277452,-0.9556601506437451,-0.9556600214078197,-0.10284847142288962,-0.0008892247831648995,-0.06886323579652881,-0.2815302252107537,0.03650514147924463,0.09522793031034962,0.03492456981651766,3.915985460622995e-07,3.915985489565246e-07,4.3818819098082426e-10
22.900000000000002,-0.9946218010126405,-0.9946218010126405,-0.9575410990762099,-0.9575409694799648,-0.1055068891059219,-0.0016819240828519165,-0.07167685819653873,-0.2811916438775075,0.03437446140246023,0.09209581644519504,0.03500437434266968,4.0635924218601627e-07,4.063592450279263e-07,4.3130358231173026e-10
22.91,-0.9953706214834823,-0.9953706214834823,-0.959368186074328,-0.959368056125052,-0.10815937205426113,-0.0024735866118322488,-0.07448701644232086,-0.2808373924758561,0.03251442692106812,0.08920368111724696,0.03508712267592232,4.210365923060233e-07,4.21036595100989e-07,4.2524856750865426e-10
22.92,-0.9960634526193163,-0.9960634526193163,-0.9611413088649373,-0.9611411785699409,-0.11080577106644085,-0.0032641644482772894,-0.07729355377767587,-0.28046746003205364,0.03065439243967534,0.08631154578929782,0.035172797881217306,4.3562795288415446e-07,4.3562795561667147e-07,4.16842865854247e-10
22.93,-0.9967002554485739,-0.9967002554485737,-0.9628603677103476,-0.96286023707696,-0.11344593728321313,-0.004053609747985359,-0.08009631334057205,-0.28008183635595935,0.02879435795828323,0.08341941046134974,0.03526138249587468,4.501306911791625e-07,4.5013069385864555e-07,4.098767948210487e-10
22.94,-0.9972809941512638,-0.9972809941512638,-0.9645252659139544,-0.9645251349495229,-0.11607972219592816,-0.004841874748056433,-0.08289513817105883,-0.27968051205662187,0.026934323476890457,0.0805272751334006,0.03535285853176,4.6454218530916913e-07,4.645421879449177e-07,4.043421713178304e-10
22.950000000000003,-0.9978056360609873,-0.9978056360609873,-0.9661359098256707,-0.9661357785375624,-0.11870697765487534,-0.005628911770562321,-0.08568987121933794,-0.27926347855789635,0.025074288995497684,0.07763513980545149,0.035447207477450844,4.788598242516651e-07,4.788598268221034e-07,3.9549878625385505e-10
22.96,-0.998274151666775,-0.9982741516667748,-0.9676922088472006,-0.967692077242801,-0.12132755587762782,-0.006414673226211851,-0.08848035535398817,-0.2788307281140833,0.023495357899986864,0.07499924365161056,0.035544410300402236,4.930810077394265e-07,4.930810102629843e-07,3.894883830032008e-10
22.970000000000002,-0.9986865146147477,-0.9986865146147478,-0.9691940754371373,-0.9691939435238481,-0.12394130945735526,-0.007199111618010506,-0.09126643337034909,-0.27838225382558,0.021916426804475482,0.07236334749776871,0.03564444744911161,5.072031463923543e-07,5.072031488679102e-07,3.833080529042764e-10
22.98,-0.9990427017095984,-0.9990427017095984,-0.9706414251158779,-0.97064129290112,-0.126548091371103,-0.007982179544913976,-0.09404794799905959,-0.2779180496545424,0.020337495708964662,0.06972745134392777,0.035747298855285256,5.212236616480848e-07,5.212236640704054e-07,3.7631515248432e-10
22.990000000000002,-0.9993426929158971,-0.9993426929158971,-0.9720341764703868,-0.9720340439615971,-0.12914775498807954,-0.008763829705475155,-0.09682474191475478,-0.27743811044054295,0.01875856461345328,0.06709155519008592,0.03585294393600562,5.351399857758676e-07,5.351399881477093e-07,3.697445482892664e-10
23.0,-0.9995864713592172,-0.9995864713592172,-0.9733722511587669,-0.9733721183633983,-0.1317401540778905,-0.009544014901484113,-0.09959665774491745,-0.27694243191622253,0.01717963351794246,0.06445565903624499,0.03596136159590191,5.489495619251383e-07,5.489495642366102e-07,3.6161976874358947e-10
23.01,-0.9997740233270858,-0.9997740233270858,-0.9746555739146697,-0.9746554408401924,-0.13432514281877073,-0.01032268804160024,-0.10236353807888714,-0.2764310107229224,0.01589068313330794,0.06209082202356229,0.0360725302293236,5.626498440908234e-07,5.626498463552093e-07,3.5556020399025483e-10
23.02,-0.9999053382697539,-0.9999053382697539,-0.9758840725515285,-0.9758839392054276,-0.13690257580578505,-0.011099802144976465,-0.10512522547702555,-0.2759038444262942,0.014601732748673877,0.05972598501088043,0.03618642772251972,5.762382972243629e-07,5.762382994310298e-07,3.47816863674166e-10
23.03,-0.9999804088007909,-0.9999804088007909,-0.9770576779666191,-0.9770575443563956,-0.1394723080590076,-0.011875310344874664,-0.10788156248003732,-0.27536093153187635,0.013312782364039356,0.05736114799819773,0.03630303145582408,5.897123971781992e-07,5.897123993360509e-07,3.4145926631079523e-10
23.040000000000003,-0.999999230697499,-0.999999230697499,-0.9781763241449462,-0.9781761902781155,-0.1420341950316767,-0.012649165892271873,-0.11063239161844668,-0.2748022715006302,0.012023831979404837,0.05499631098551502,0.0364223183058484,6.030696308237382e-07,6.030696329291333e-07,3.3450832763794975e-10
23.05,-0.9999618029011514,-0.9999618029011514,-0.9792399481629569,-0.9792398140470491,-0.14458809261832561,-0.013421322159456801,-0.11337755542222915,-0.27422786476442546,0.010734881594770774,0.052631473972833166,0.03654426464768433,6.163074960513493e-07,6.163074981063971e-07,3.278718926421145e-10
23.060000000000002,-0.9998681275170521,-0.9998681275170521,-0.9802484901920815,-0.9802483558346404,-0.14713385716288852,-0.01419173264361601,-0.11611689643059776,-0.273637712741471,0.009743158868964265,0.050550992075264714,0.03666884635711696,6.294235018605709e-07,6.294235038599619e-07,3.203628158238424e-10
23.07,-0.9997182098144165,-0.9997182098144165,-0.981201893502096,-0.9812017589106793,-0.14967134546678096,-0.014960350970409349,-0.11885025720194346,-0.2730318178516785,0.008751436143158108,0.048470510177697004,0.03679603881285049,6.424151683948054e-07,6.424151703455935e-07,3.139569627476757e-10
23.080000000000002,-0.9995120582260759,-0.9995120582260759,-0.9821001044643158,-0.9820999696464945,-0.15220041479695495,-0.01572713089753397,-0.1215774803239284,-0.2724101835319537,0.007759713417351598,0.046390028280128545,0.03692581689874868,6.552800270592796e-07,6.552800289597497e-07,3.07249058041578e-10
23.09,-0.9992496843480029,-0.999249684348003,-0.9829430725546108,-0.9829429375179685,-0.1547209228939263,-0.01649202631827655,-0.12429840842373238,-0.2717728142514035,0.006767990691545441,0.044309546382560835,0.03705815500609129,6.680156205834953e-07,6.680156224264724e-07,2.993457833546197e-10
23.1,-0.9989311029386589,-0.9989311029386587,-0.9837307503562496,-0.9837306151083811,-0.15723272797978277,-0.017254991265053057,-0.12701288417845016,-0.27111971552645625,0.005776267965738932,0.04222906448499238,0.03719302703584956,6.806195031044959e-07,6.806195048945821e-07,2.921496419234672e-10
23.11,-0.9985563319181641,-0.9985563319181641,-0.9844630935625613,-0.9844629581110751,-0.15973568876614572,-0.018015979912935482,-0.12972075032563998,-0.2704508939358798,0.005087348724689728,0.040444634928595485,0.0373304064009815,6.930892402987054e-07,6.930892420456858e-07,2.865184230091496e-10
23.12,-0.9981253923672896,-0.9981253923672896,-0.9851400609794357,-0.9851399253319507,-0.16222966446213452,-0.018774946583165284,-0.1324218496740218,-0.26976635713569463,0.004398429483640278,0.038660205372197956,0.03747026602875048,7.054224095207062e-07,7.054224112133981e-07,2.790170931199895e-10
23.130000000000003,-0.9976383085262714,-0.9976383085262712,-0.9857616145276332,-0.9857614786917794,-0.16471451478227384,-0.01953184574665262,-0.13511602511432386,-0.2690661138739704,0.0037095102425908286,0.03687577581580043,0.037612578363068465,7.17616599872628e-07,7.176166015142205e-07,2.719958120050837e-10
23.14,-0.9970951077934475,-0.9970951077934475,-0.9863277192449303,-0.9863275832283485,-0.16719009995438477,-0.02028663202746111,-0.13780311963027603,-0.2683501740054996,0.003020591001541624,0.035091346259403536,0.037757315366866884,7.296694123914982e-07,7.29669413990533e-07,2.6635128343749067e-10
23.150000000000002,-0.9964958207237156,-0.9964958207237156,-0.9868383432880864,-0.9868382070984276,-0.16965628072745773,-0.02103926020627757,-0.14048297630975073,-0.26761854850633554,0.0023316717604921744,0.033306916703006006,0.03790444852449687,7.415784602227138e-07,7.41578461766134e-07,2.5848624623239507e-10
23.16,-0.9958404810268152,-0.9958404810268152,-0.9872934579346335,-0.9872933215795582,-0.17211291837947323,-0.021789685223865866,-0.14315543835604724,-0.26687124948819446,0.0019494293587849715,0.03182857219987788,0.03805394884416277,7.533413687310642e-07,7.533413702146136e-07,2.498437165040966e-10
23.17,-0.9951291255654319,-0.9951291255654319,-0.9876930375844928,-0.9876929010716712,-0.17455987472521114,-0.022537862184504955,-0.14582034909931996,-0.2661082902127033,0.0015671869570776328,0.03035022769674922,0.038205786860389765,7.649557756950198e-07,7.64955777141127e-07,2.4492733486357364e-10
23.18,-0.9943617943531226,-0.9943617943531229,-0.9880370597614145,-0.9880369230985251,-0.17699701212402108,-0.023283746359409982,-0.14847755200814727,-0.265329685105492,0.0011849445553704296,0.028871883193621092,0.03835993263652963,7.764193315842882e-07,7.764193329778277e-07,2.374018071677375e-10
23.19,-0.9935385305520655,-0.9935385305520655,-0.9883255051142417,-0.9883253683089719,-0.17942419348757035,-0.0240272931901362,-0.15112689070124258,-0.2645354497701193,0.0008027021536630909,0.027393538690492436,0.038516355767307185,7.877296996500194e-07,7.877297009933296e-07,2.3021152896283139e-10
23.200000000000003,-0.9926593804706327,-0.9926593804706327,-0.9885583574179995,-0.9885582204780445,-0.18184128228754384,-0.02476845829196528,-0.1537682089593018,-0.2637256010018215,0.00042045975195575215,0.02591519418736378,0.03867502538140951,7.988845562162394e-07,7.988845575166492e-07,2.2422057620439196e-10
23.21,-0.9917243935607842,-0.9917243935607847,-0.9887356035748066,-0.9887354665078693,-0.18424814256333386,-0.025507197457273065,-0.15640135073698797,-0.26290015680108114,0.0003470432954234684,0.024751246528086565,0.03883591014412204,8.098815909296508e-07,8.098815921758332e-07,2.1621222773883123e-10
23.220000000000002,-0.9907336224152878,-0.9907336224152873,-0.9888572336146143,-0.9888570964284045,-0.1866446389296879,-0.026243466658878837,-0.15902616017505147,-0.2620591363870002,0.0002736268388911586,0.023587298868808934,0.038998978260013466,8.207185069539213e-07,8.207185081516751e-07,2.0913606525181708e-10
23.23,-0.9896871227647581,-0.9896871227647581,-0.9889232406957644,-0.9889231033979989,-0.1890306365843128,-0.02697722205337503,-0.16164248161258082,-0.2612025602104763,0.0002002103823588749,0.02242335120953172,0.039164197475673186,8.313930213027509e-07,8.313930224468039e-07,2.0106207135052977e-10
23.240000000000002,-0.9885849534745251,-0.9885849534745251,-0.9889336211053763,-0.988933483703778,-0.19140600131547286,-0.027708419984437044,-0.16425015959938752,-0.2603304499671663,0.0001267939258265651,0.02125940355025409,0.03933153508250389,8.419028650619165e-07,8.419028661704604e-07,1.9611906844081033e-10
23.25,-0.9874271765413207,-0.9874271765413207,-0.9888883742595546,-0.9888882367618522,-0.19377059950952724,-0.028437016986113003,-0.16684903890851632,-0.259442828610236,5.3377469294281354e-05,0.020095455890976874,0.03950095791957289,8.522457837778497e-07,8.522457848391598e-07,1.8903967766181262e-10
23.26,-0.9862138570897921,-0.9862138570897921,-0.9887875027034219,-0.98878736511735,-0.19612429815845098,-0.029162969786092306,-0.16943896454888333,-0.25853972036288325,0.0002891997319627363,0.01925244921270663,0.03967243237652528,8.624195376866206e-07,8.624195386935555e-07,1.8059970965943367e-10
23.27,-0.9849450633688387,-0.9849450633688387,-0.9886310121109774,-0.988630874444275,-0.19846696486731566,-0.02988623530895285,-0.1720197817780383,-0.25762115073062575,0.0005250219946311075,0.01840944253443669,0.0398459243965617,8.724219020747603e-07,8.724219030317546e-07,1.7285892611365286e-10
23.28,-0.9836208667477725,-0.9836208667477725,-0.9884189112847753,-0.988418773545186,-0.20079846786173663,-0.030606770679386493,-0.17459133611504807,-0.2566871465133487,0.0007608442572995624,0.017566435856166452,0.04002139947948493,8.822506676400832e-07,8.822506685592202e-07,1.6722142236225305e-10
23.290000000000003,-0.9822413417123044,-0.9822413417123044,-0.9881512121554312,-0.9881510743507027,-0.20311867599528516,-0.03132453322540184,-0.17715347335349915,-0.2557377358171016,0.0009966665199680174,0.01672342917789621,0.04019882268481799,8.919036408941428e-07,8.919036417555079e-07,1.5786685507423095e-10
23.3,-0.980806565860354,-0.980806565860354,-0.9878279297809507,-0.9878277919188346,-0.20542745875686552,-0.03203948048150447,-0.1797060395746179,-0.25477294806563483,0.0012324887826363885,0.01588042249962627,0.040378158634996955,9.013786444397875e-07,9.013786452580539e-07,1.5109627197654997e-10
23.310000000000002,-0.9793166198976845,-0.9793166198976845,-0.9874490823458818,-0.987448944434133,-0.20772468627805618,-0.03275157019185333,-0.18224888116050364,-0.2537928140116727,0.0017762238859585205,0.015363096492573823,0.04055937151864294,9.106735174915781e-07,9.106735182630575e-07,1.4354986276911535e-10
23.32,-0.9777715876333635,-0.9777715876333635,-0.987014691160293,-0.9870145532066689,-0.21001022934041474,-0.0334607603133936,-0.18478184480747356,-0.2527973657479078,0.002319958989280459,0.014845770485521562,0.04074242509391511,9.197861162157928e-07,9.19786116943698e-07,1.365014356180534e-10
23.330000000000002,-0.9761715559750485,-0.9761715559750485,-0.9865247806585739,-0.9865246426708343,-0.21228395938274658,-0.034167009018964724,-0.1873047775395166,-0.251786636717717,0.0028636940926025914,0.014328444478469118,0.04092728269195011,9.287143142022725e-07,9.287143148857369e-07,1.291895191988545e-10
23.34,-0.9745166149240985,-0.9745166149240992,-0.9859793783980615,-0.985979240383968,-0.2145457485083353,-0.03487027470038417,-0.18981752672185234,-0.25076066172558287,0.00340742919592453,0.013811118471416856,0.041113907220389344,9.37456002901571e-07,9.374560035406294e-07,1.2177736491743522e-10
23.35,-0.9728068575705118,-0.972806857570511,-0.9853785150574881,-0.9853783770248042,-0.21679546949214212,-0.035570515971505026,-0.19231994007459327,-0.24971947694721844,0.003951164299246662,0.01329379246436441,0.041302261166999255,9.460090920968001e-07,9.460090926961915e-07,1.1516424435229905e-10
23.36,-0.9710423800876874,-0.9710423800876874,-0.9847222244352595,-0.9847220863917494,-0.21903299578795066,-0.03626769167124845,-0.1948118656865058,-0.24866311993938753,0.004799755166673644,0.013105055723532027,0.04149230660338758,9.54371510403229e-07,9.543715109648312e-07,1.0881376724970873e-10
23.37,-0.9692232817270192,-0.9692232817270192,-0.9840105434475492,-0.9840104054009777,-0.2212582015354999,-0.03696176086660953,-0.19729315202886938,-0.24759162964940828,0.005648346034100926,0.012916318982699576,0.041684005188818755,9.62541205774825e-07,9.625412062894558e-07,1.0056952488556818e-10
23.380000000000003,-0.9673496648123102,-0.9673496648123093,-0.983243512126225,-0.9832433740843576,-0.22347096156755325,-0.037652682855636097,-0.19976364796942714,-0.2465050464243359,0.00649693690152821,0.012727582241867125,0.04187731817413194,9.705161459899747e-07,9.705161464669966e-07,9.403569114570949e-11
23.39,-0.965421634734018,-0.965421634734018,-0.9824211736165975,-0.9824210355871987,-0.22567115141693925,-0.03834041717038066,-0.20222320278642916,-0.24540341201981877,0.0073455277689551905,0.012538845501034741,0.04207220640576653,9.782943192621074e-07,9.78294319689483e-07,8.499958392271356e-11
23.400000000000002,-0.963439299943326,-0.963439299943326,-0.9815435741749902,-0.9815434361658241,-0.22785864732356215,-0.03902492357982476,-0.20467166618276045,-0.2442867696086156,0.008194118636382473,0.01235010876020229,0.04226863032989659,9.858737347115398e-07,9.858737351027068e-07,7.850396545274539e-11
23.41,-0.9614027719460435,-0.9614027719460435,-0.9806107631661404,-0.9806106251849702,-0.23003332624135286,-0.03970616209277441,-0.20710888830015345,-0.2431551637887708,0.009342794181361344,0.012491022432204589,0.042466549996679356,9.932524230316098e-07,9.932524233823153e-07,7.103370894376912e-11
23.42,-0.9593121652963336,-0.9593121652963336,-0.9796227930604214,-0.9796226551150085,-0.2321950658451957,-0.04038409296072797,-0.20953471973347987,-0.24200864059143962,0.010491469726340623,0.01263193610420694,0.042665925064620566,1.000428437022971e-06,1.0004284373272812e-06,6.221596104328753e-11
23.43,-0.9571675975902688,-0.9571675975902698,-0.9785797194308921,-0.9785795815289953,-0.23434374453780693,-0.04105867668071412,-0.2119490115451199,-0.24084724748835395,0.011640145271319492,0.012772849776209239,0.04286671480506012,1.007399852211155e-06,1.0073998524706189e-06,5.355471161406264e-11
23.44,-0.9549691894592173,-0.9549691894592173,-0.9774816009501669,-0.9774814630995441,-0.23647924145657967,-0.04172987399810079,-0.2143516152794043,-0.239671033398926,0.012788820816298771,0.01291376344821159,0.04306887810678194,1.0141647674780097e-06,1.014164767707125e-06,4.775101614389447e-11
23.450000000000003,-0.9527170645630567,-0.9527170645630567,-0.9763284993871229,-0.9763283615955275,-0.2386014364803723,-0.042397645909374226,-0.21674238297712317,-0.23848004869697942,0.01393749636127805,0.013054677120213938,0.0432723734807504,1.0207213057555897e-06,1.0207213059381118e-06,3.841709568634555e-11
23.46,-0.9504113495832187,-0.9504113495832198,-0.9751204796034187,-0.9751203418786014,-0.24071021023627426,-0.043061953664887465,-0.21912116719010497,-0.2372743452171036,0.015379798312034702,0.013524448937125969,0.04347715906497843,1.0270676145812674e-06,1.0270676147327484e-06,3.220493291319035e-11
23.470000000000002,-0.9480521742155641,-0.948052174215563,-0.9738576095498471,-0.9738574718995555,-0.2428054441063208,-0.04372275877157854,-0.22148782099585232,-0.23605397626062288,0.016822100262791868,0.013994220754038165,0.04368319262952837,1.0332018668887666e-06,1.0332018670059187e-06,2.5161921136947312e-11
23.48,-0.9456396711630829,-0.9456396711630829,-0.9725399602625179,-0.972539822694494,-0.24488702023415523,-0.044380022995657034,-0.22384219801223798,-0.23481899660117644,0.01826440221354852,0.014463992570950194,0.043890431581650916,1.0391222616396023e-06,1.039122261712261e-06,1.5768370024171837e-11
23.490000000000002,-0.9431739761284369,-0.9431739761284369,-0.9711676058588542,-0.9711674683808365,-0.2469548215316722,-0.0450337083652595,-0.2261841524122552,-0.2335694624899011,0.019706704164305686,0.01493376438786239,0.04409883297106412,1.0448270245239089e-06,1.0448270245561296e-06,7.066691275915595e-12
23.5,-0.9406552278063217,-0.9406552278063217,-0.9697406235334302,-0.9697404861531521,-0.24900873168559295,-0.04568377717307291,-0.22851353893881532,-0.23230543166021161,0.02114900611506234,0.01540353620477442,0.044308353495375846,1.0503144087167793e-06,1.0503144087171943e-06,9.201032221828705e-14
23.51,-0.9380835678756663,-0.9380835678756663,-0.968259093553625,-0.9682589562788139,-0.2510486351640128,-0.04633019197892564,-0.23083021291959377,-0.2310269633321729,0.02287682532535607,0.01619952493855024,0.044518949505653146,1.055582695627666e-06,1.0555826955912556e-06,8.160228924033633e-12
23.52,-0.9354591409916635,-0.9354591409916635,-0.9667230992551098,-0.9667229620934875,-0.25307441722289903,-0.046972915612346025,-0.2331340302819166,-0.2297341182164581,0.024604644535649183,0.016995513672325775,0.044730577012141205,1.0606301956150865e-06,1.0606301955460328e-06,1.5648802872446015e-11
23.53,-0.9327820947776339,-0.9327820947776339,-0.9651327270371587,-0.9651325899964401,-0.255085963912545,-0.04761191117508781,-0.23542484756768498,-0.22842695851788744,0.026332463745942912,0.017791502406101594,0.04494319169013497,1.0654552487984748e-06,1.0654552486914125e-06,2.4537297245689842e-11
23.540000000000003,-0.9300525798167208,-0.9300525798167208,-0.9634880663577897,-0.9634879294456833,-0.25708316208397974,-0.04824714204362205,-0.23770252194833186,-0.22710554793854223,0.028060282956236637,0.018587491139877413,0.04515674888600601,1.070056225786764e-06,1.0700562256638333e-06,2.8498926123686248e-11
23.55,-0.9272707496434215,-0.9272707496434215,-0.9617892097287323,-0.96178907295294,-0.25906589939533264,-0.04887857187159575,-0.23996691123980854,-0.22576995168044914,0.029788102166529752,0.01938347987365295,0.04537120362338789,1.0744315286012607e-06,1.0744315284243064e-06,4.150386473746314e-11
23.560000000000002,-0.9244367607349493,-0.9244367607349493,-0.9600362527102237,-0.9600361160784386,-0.2610340643181529,-0.04950616459225564,-0.2422178739175959,-0.22442023644783013,0.031791724208221316,0.020501210186069874,0.045586510609522374,1.0785795912793272e-06,1.0785795910696326e-06,4.976880264065771e-11
23.57,-0.9215507725024334,-0.9215507725024334,-0.9582292939056345,-0.9582291574255427,-0.26298754614368247,-0.050129884420838496,-0.24445526913173615,-0.22305647044891236,0.033795346249912164,0.0216189404984864,0.04580262424176928,1.0824988808874614e-06,1.0824988806562747e-06,5.5533993812452506e-11
23.580000000000002,-0.9186129472819508,-0.9186129472819508,-0.9563684349559207,-0.9563682986351986,-0.26492623498908374,-0.05074969585692608,-0.2466789567218791,-0.2216787233972948,0.03579896829160372,0.022736670810903324,0.04601949861428201,1.0861878982984519e-06,1.0861878980364629e-06,6.370750336820304e-11
23.59,-0.9156234503253955,-0.9156234503253968,-0.9544537805339084,-0.9544536443802237,-0.2668500218036194,-0.05136556368676531,-0.24888879723234172,-0.22028706651286734,0.03780259033329457,0.02385440112331985,0.04623708752485206,1.0896451789893513e-06,1.089645178705842e-06,6.980272354010128e-11
23.6,-0.9125824497911845,-0.912582449791183,-0.9524854383384014,-0.9524853023594138,-0.2687587983747912,-0.05197745298555294,-0.25108465192717333,-0.2188815725222754,0.03980621237498613,0.024972131435736775,0.046455344481923455,1.092869293978227e-06,1.0928692936622144e-06,7.879414211384075e-11
23.61,-0.9094901167347932,-0.9094901167347932,-0.9504635190881331,-0.9504633832914902,-0.27065245733441656,-0.05258532911968486,-0.2532663828052239,-0.21746231565893037,0.04207437215608731,0.02640531904037483,0.04667422271178054,1.0958588506221334e-06,1.0958588502747127e-06,8.774417165950095e-11
23.62,-0.9063466250991421,-0.9063466250991421,-0.948388136515525,-0.9483880009088657,-0.27253089216468107,-0.05318915774896915,-0.2554338526152096,-0.21602937166256067,0.044342531937189296,0.02783850664501339,0.04689367516591048,1.0986124935399855e-06,1.0986124931627782e-06,9.651726501893e-11
23.630000000000003,-0.9031521517048068,-0.9031521517048053,-0.9462594073602997,-0.9462592719512526,-0.27439399720412083,-0.05378890482880313,-0.2575869248707719,-0.21458281777829774,0.046610691718291276,0.029271694249651953,0.04711365452854234,1.1011289055007367e-06,1.1011289050843504e-06,1.0796288514242503e-10
23.64,-0.8999068762400736,-0.8999068762400736,-0.9440774513629139,-0.9440773161590946,-0.27624166765356595,-0.05438453661231406,-0.2597254638655256,-0.21312273275529767,0.04887885149939246,0.030704881854290003,0.04733411322436498,1.1034068082699244e-06,1.1034068078325139e-06,1.1495084326159136e-10
23.650000000000002,-0.8966109812508314,-0.8966109812508314,-0.9418423912578141,-0.9418422562668282,-0.27807379958204337,-0.05497601965246301,-0.2618493346880879,-0.2116491968448908,0.05114701128049444,0.03213806945892857,0.047555003426424124,1.1054449636019315e-06,1.1054449631400135e-06,1.2306251374167806e-10
23.66,-0.8932646521303046,-0.8932646521303046,-0.9395543527665431,-0.9395542179959842,-0.27989028993261444,-0.055563320804111506,-0.2639584032370923,-0.2101622917982636,0.053666956381615886,0.03387865645371628,0.047776277064202885,1.1072421740726535e-06,1.1072421735907807e-06,1.3017444984529417e-10
23.67,-0.8898680771086238,-0.8898680771086238,-0.9372134645906625,-0.9372133300481108,-0.2816910365281759,-0.05614640722605145,-0.26605253623617214,-0.208662100863661,0.05618690148273822,0.03561924344850461,0.04799788583188351,1.1087972840509441e-06,1.1087972835378865e-06,1.4056836296349448e-10
23.68,-0.8864214472422384,-0.88642144724224,-0.9348198584045162,-0.9348197240975394,-0.28347593807720567,-0.05672524638299729,-0.26813160124891444,-0.20714870878311578,0.05870684658385967,0.03735983044329232,0.048219781196794,1.1101091805729157e-06,1.1101091800270386e-06,1.5171956509038535e-10
23.69,-0.8829249564031695,-0.8829249564031695,-0.9323736688478175,-0.9323735347839718,-0.28524489417946475,-0.05729980604754064,-0.2701954666937795,-0.20562220178869692,0.061226791684982004,0.039100417438080654,0.048441914408039646,1.1111767942925677e-06,1.1111767937248663e-06,1.6009961279676283e-10
23.700000000000003,-0.879378801268105,-0.879378801268105,-0.9298750335180875,-0.9298748997049125,-0.2869978053316363,-0.057870054302067084,-0.2722440018589817,-0.20408266759827848,0.06374673678610435,0.040841004432868984,0.04866423650532133,1.1119991004324148e-06,1.1119990998512714e-06,1.663325192404126e-10
23.71,-0.8757831813073362,-0.8757831813073379,-0.9273240929629049,-0.9273239594079273,-0.28873457293293026,-0.058435959540634845,-0.2742770769173243,-0.20253019541082617,0.06650429915919276,0.04287920460453868,0.04888669832793999,1.1125751196994216e-06,1.1125751191148795e-06,1.698378826286282e-10
23.720000000000002,-0.8721382987735395,-0.8721382987735378,-0.9247209906719993,-0.9247208573827337,-0.29045509929062935,-0.058997490470815414,-0.2762945629409831,-0.20096487590120082,0.06926186153228216,0.0449174047762091,0.04910925052398829,1.112903919263386e-06,1.1129039186508601e-06,1.8070535789578272e-10
23.73,-0.868444358690393,-0.868444358690393,-0.9220658730691935,-0.9220657400531355,-0.29215928762557647,-0.059554616115495326,-0.2782963319162393,-0.19938680121447705,0.07201942390537057,0.046955604947878794,0.04933184355973069,1.112984613596546e-06,1.1129846129602133e-06,1.906614667813672e-10
23.740000000000002,-0.8647015688410542,-0.8647015688410542,-0.9193588895041488,-0.9193587567687804,-0.2938470420776295,-0.060107305814639835,-0.2802822567581503,-0.19779606495977778,0.07477698627845997,0.04899380511954921,0.04955442772917088,1.112816365507474e-06,1.1128163648496296e-06,2.0023508838030898e-10
23.75,-0.860910139756465,-0.860910139756465,-0.9166001922439779,-0.9166000597967667,-0.2955182677110447,-0.06065552922701782,-0.28225221132515727,-0.19619276220362297,0.07753454865154838,0.05103200529121891,0.04977695316380737,1.1123983870431342e-06,1.1123983863710593e-06,2.0786455143237244e-10
23.76,-0.857070284703512,-0.857070284703512,-0.9137899364646745,-0.9137898043130698,-0.2971728705198209,-0.06119925633188743,-0.28420607043362417,-0.19457698946279167,0.08051422427780959,0.05335635913695862,0.04999936984257686,1.1117299404395098e-06,1.1117299397600602e-06,2.1358718116875785e-10
23.77,-0.8531822196730292,-0.8531822196730292,-0.9109282802423855,-0.9109281483938213,-0.29881075743298635,-0.06173845743064312,-0.28614370987230225,-0.19294884469670104,0.08349389990406975,0.05568071298269749,0.05022162760198508,1.1108103390791713e-06,1.1108103383719815e-06,2.2600608906031743e-10
23.78,-0.8492461633676496,-0.8492461633676496,-0.9080153845445184,-0.9080152530064105,-0.300431836319834,-0.06227310314842335,-0.288065006416717,-0.19130842729929817,0.08647357553033094,0.0580050668284372,0.05044367614642478,1.10963894834476e-06,1.109638947615067e-06,2.3713930938022003e-10
23.790000000000003,-0.8452623371895024,-0.8452623371895024,-0.9050514132206882,-0.9050512820004357,-0.30203601599510393,-0.06280316443567911,-0.2899698378434701,-0.18965583809046785,0.08945325115659215,0.0603294206741769,0.050665465058679464,1.10821518661125e-06,1.1082151858795179e-06,2.418851907716154e-10
23.8,-0.8412309652277599,-0.8412309652277599,-0.9020365329935007,-0.9020364020984856,-0.30362320622411243,-0.06332861256970318,-0.29185808294445453,-0.18799117930695702,0.09243292678285231,0.06265377451991579,0.05088694381061303,1.1065385261965766e-06,1.1065385254615313e-06,2.4721892894055513e-10
23.810000000000002,-0.8371522742460317,-0.8371522742460317,-0.8989709134491733,-0.8989707828867575,-0.30519331772782754,-0.06384941915611998,-0.2937296215409743,-0.18631455459281615,0.0956179628419812,0.06525121367686099,0.051108061774042784,1.104608494228998e-06,1.1046084934813614e-06,2.5590998500016785e-10
23.82,-0.8330264936696103,-0.8330264936696103,-0.8958547270279975,-0.895854596805526,-0.3067462621878912,-0.06436555613033519,-0.29558433449777033,-0.18462606898936124,0.09880299890110894,0.06784865283380527,0.051328768231796815,1.1024246735699683e-06,1.102424672794343e-06,2.70270265466022e-10
23.830000000000002,-0.8288538555725653,-0.8288538555725653,-0.8926881490146376,-0.8926880191394343,-0.308281952251587,-0.06487699575894706,-0.29742210373693867,-0.18292582892465498,0.10198803496023784,0.07044609199075048,0.051549012388951265,1.0999867036676214e-06,1.0999867028940264e-06,2.7449358981017385e-10
23.84,-0.8246345946646894,-0.8246345946646914,-0.8894713575282734,-0.8894712280076433,-0.3098003015367531,-0.06538371064111766,-0.29924281225174404,-0.1812139422025101,0.10517307101936559,0.07304353114769477,0.05176874338424807,1.097294281597605e-06,1.0972942808062505e-06,2.860136241131209e-10
23.85,-0.8203689482782981,-0.820368948278296,-0.8862045335125732,-0.8862044043538041,-0.31130122463664456,-0.06588567370990321,-0.3010463441203206,-0.1794905179910207,0.10835810707849447,0.07564097030463997,0.05198791030169063,1.0943471627777868e-06,1.094347161973231e-06,2.962755828808519e-10
23.86,-0.816057156354872,-0.816057156354872,-0.882887860725533,-0.8828877319358878,-0.31278463712473015,-0.0663828582335463,-0.3028325845192553,-0.17775566681061833,0.11173059613912671,0.07849689102496428,0.05220646218231492,1.091145161905005e-06,1.0911451611266253e-06,2.9213567151952663e-10
23.87,-0.8116994614315718,-0.8116994614315718,-0.8795215257291177,-0.8795213973158411,-0.31425045555945047,-0.06687523781672777,-0.3046014197370493,-0.17600950052165942,0.11510308519976016,0.08135281174528959,0.05242434803613405,1.0876881539542693e-06,1.087688153148568e-06,3.0828488235583636e-10
23.880000000000003,-0.8072961086275879,-0.8072961086275858,-0.876105717878783,-0.8761055898491001,-0.31569859748890505,-0.06736278640177906,-0.3063527371874534,-0.1742521323115468,0.11847557426039361,0.08420873246561492,0.052641516854253806,1.0839760747199945e-06,1.0839760739196055e-06,3.1231895112356903e-10
23.89,-0.8028473456303548,-0.8028473456303548,-0.8726406293128249,-0.8726405016739351,-0.31712898145549023,-0.06784547826985399,-0.3080864254226735,-0.1724836766813886,0.12184806332102585,0.08706465318593921,0.05285791762115685,1.0800089219747955e-06,1.0800089211525234e-06,3.27316929219509e-10
23.900000000000002,-0.7983534226816177,-0.7983534226816177,-0.8691264549415568,-0.8691263277006401,-0.3185415270004871,-0.06832328804206186,-0.30980237414643635,-0.1707042494321963,0.1252205523816593,0.08992057390626454,0.05307349932715087,1.0757867560245993e-06,1.0757867552110531e-06,3.3046843683527897e-10
23.91,-0.7938145925633577,-0.7938145925633577,-0.8655633924363619,-0.865563265600577,-0.31993615466858044,-0.06879619068055966,-0.31150047422691957,-0.16891396765062908,0.12876153308346863,0.09301891916476507,0.053288210980980265,1.071309700735601e-06,1.0713096999123952e-06,3.4134448021999244e-10
23.92,-0.7892311105835722,-0.7892311105835722,-0.8619516422185668,-0.8619515157950467,-0.3213127860123317,-0.06926416148960605,-0.3131806177095344,-0.16711294969428647,0.1323025137852792,0.09611726442326671,0.05350200162259593,1.0665779441379475e-06,1.0665779433125224e-06,3.4949707275571924e-10
23.93,-0.7846032345619142,-0.7846032345619164,-0.8582914074481707,-0.8582912814440262,-0.3226713435965901,-0.06972717611657409,-0.3148426978295606,-0.16530131517655436,0.13584349448708855,0.09921560968176724,0.053714820336080556,1.0615917393000385e-06,1.0615917384732922e-06,3.575748191621538e-10
23.94,-0.7799312248151893,-0.7799312248151893,-0.8545828940124087,-0.85458276843473,-0.3240117510028517,-0.07018521055292602,-0.31648660902462394,-0.16347918495100958,0.13938447518889913,0.10231395494026888,0.0539266162627247,1.0563514050293543e-06,1.0563514042102311e-06,3.620121615107565e-10
23.950000000000003,-0.7752153441427142,-0.7752153441427142,-0.8508263105141897,-0.8508261853700384,-0.32533393283355133,-0.07063824113514641,-0.31811224694702284,-0.16164668109538807,0.1429254558907097,0.1054123001987705,0.054137338614252115,1.0508573266426735e-06,1.0508573258201293e-06,3.715916232805507e-10
23.96,-0.7704558578115331,-0.7704558578115354,-0.8470218682603444,-0.8470217435567596,-0.3266378147163097,-0.07108624454563808,-0.31971950847588426,-0.15980392689512046,0.14661501955206782,0.10873564997130175,0.054346936686186315,1.045109956597512e-06,1.0451099557872796e-06,3.7428781650311667e-10
23.970000000000002,-0.7656530335414996,-0.7656530335414973,-0.8431697812497413,-0.8431696569937398,-0.3279233233081166,-0.07152919781357685,-0.3213082917291577,-0.1579510468264434,0.15030458321342724,0.11205899974383418,0.054555359871357505,1.0391098152970346e-06,1.0391098144674366e-06,3.9202451662933137e-10
23.98,-0.7608071414902079,-0.7608071414902079,-0.8392702661612664,-0.8392701423598352,-0.32919038629945013,-0.07196707831572785,-0.3228784960754372,-0.15608816653909105,0.15399414687478535,0.11538234951636543,0.05476255767354381,1.0328574915619004e-06,1.0328574907484703e-06,3.933493895569603e-10
23.990000000000002,-0.7559184542378105,-0.7559184542378105,-0.8353235423416095,-0.835323419001713,-0.3304389324183531,-0.07239986377722242,-0.3244300221456082,-0.15421541283857138,0.15768371053614477,0.11870569928889786,0.05496847972124191,1.0263536434837461e-06,1.0263536426867531e-06,3.945411989237474e-10
24.0,-0.7509872467716762,-0.7509872467716762,-0.831329831792947,-0.8313297089215242,-0.3316688914344348,-0.07282753227229621,-0.3259627718443143,-0.15233291366803692,0.1613732741975029,0.12202904906142911,0.055173075781562664,1.0195989989178478e-06,1.0195989981182722e-06,4.0536618643427905e-10
24.01,-0.7460137964709247,-0.7460137964709247,-0.8272893591604437,-0.827289236764405,-0.33288019416282477,-0.07325006222498737,-0.3274766483612417,-0.15044079808975433,0.16519067674933396,0.1255587182666173,0.055376295774246104,1.0125943560312933e-06,1.0125943552435118e-06,4.0918358990560116e-10
24.02,-0.7409983830908243,-0.7409983830908243,-0.8232023517196203,-0.8232022298058517,-0.33407277246806416,-0.07366743240979771,-0.32897155618221646,-0.14853919626617948,0.16900807930116368,0.1290883874718042,0.05557808978579119,1.0053405839829943e-06,1.0053405831851774e-06,4.247352895278323e-10
24.03,-0.7359412887470552,-0.7359412887470552,-0.8190690393635677,-0.8190689179389252,-0.33524655926793767,-0.07407962195231273,-0.33044740110011017,-0.14662823944064657,0.17282548185299476,0.1326180566769924,0.05577840808369364,9.97838623298386e-07,9.978386225177935e-07,4.2611266885755185e-10
24.040000000000003,-0.7308427978998407,-0.7308427978998407,-0.8148896545900158,-0.8148895336613298,-0.3364014885372473,-0.07448661032978542,-0.3319040902255492,-0.14470805991767913,0.17664288440482584,0.13614772588218058,0.05597720113078705,9.900894865216836e-07,9.900894857682728e-07,4.218940488847652e-10
24.05,-0.7257031973379466,-0.7257031973379466,-0.8106644324882564,-0.8106643120623303,-0.3375374953115261,-0.07488837737168003,-0.3333415319974291,-0.1427787910429279,0.18046028695665556,0.13967739508736748,0.05617441959968175,9.820942586669101e-07,9.820942578865588e-07,4.484604316863557e-10
24.060000000000002,-0.7205227761625494,-0.7205227761625494,-0.8063936107259184,-0.8063934908095248,-0.3386545156906926,-0.07528490326017877,-0.3347596361932217,-0.14084056718274557,0.18438406557313397,0.14339353864093257,0.05637001438729326,9.738540974260634e-07,9.738540966854646e-07,4.369933594771237e-10
24.07,-0.7153018257709745,-0.7153018257709745,-0.8020774295356002,-0.8020773101354858,-0.33975248684264503,-0.07567616853064987,-0.33615831393907925,-0.1388935237034069,0.188307844189611,0.14710968219449636,0.05656393662945699,9.653702339809667e-07,9.653702332487844e-07,4.4378142069136186e-10
24.080000000000002,-0.7100406398403044,-0.7100406398403044,-0.7977161317013555,-0.7977160128242349,-0.34083134700679557,-0.07606215407207775,-0.3375374777197293,-0.13693779694998168,0.1922316228060894,0.15082582574806144,0.056756137715620825,9.56643973024085e-07,9.566439723069723e-07,4.466841446725753e-10
24.09,-0.7047395143108607,-0.7047395143108631,-0.7933099625450393,-0.7933098441975993,-0.34189103549754396,-0.07644284112745614,-0.3388970413881537,-0.13497352422486736,0.19615540142256643,0.15454196930162523,0.05694656930360881,9.476766932650649e-07,9.476766925794158e-07,4.3912528619043207e-10
24.1,-0.6993987473695591,-0.6993987473695567,-0.788859169912499,-0.7888590521013991,-0.34293149270769346,-0.07681821129414312,-0.3402369201750554,-0.13300084376599478,0.20007918003904485,0.1582581128551903,0.05713518333445135,9.384698477638009e-07,9.38469847082591e-07,4.488038663299182e-10
24.11,-0.694018639433127,-0.694018639433127,-0.784364004159655,-0.784363886891519,-0.34395266011179837,-0.07718824652417941,-0.34155703069810095,-0.13101989472471043,0.20408727380941205,0.1621398372462304,0.05732193204727161,9.29024964062275e-07,9.290249634033348e-07,4.4681911632647526e-10
24.12,-0.6885994931312196,-0.6885994931312196,-0.7798247181383892,-0.7798246014198141,-0.34495448026946296,-0.07755292912456965,-0.3428572909709464,-0.12903081714335046,0.2080953675797807,0.16602156163727186,0.05750676799422558,9.19343644573134e-07,9.193436439364416e-07,4.4458261422026615e-10
24.130000000000003,-0.6831416132893875,-0.6831416132893849,-0.7752415671823435,-0.7752414510198967,-0.34593689682856754,-0.07791224175752659,-0.3441376204120292,-0.1270337519325087,0.21210346135014935,0.16990328602831334,0.05768964405548266,9.094275667045904e-07,9.094275660859207e-07,4.450938024549761e-10
24.14,-0.6776453069119328,-0.6776453069119328,-0.770614809092557,-0.7706146934927701,-0.3468998545284382,-0.07826616744067937,-0.3453979398531391,-0.12502884084801677,0.21611155512051655,0.17378501041935343,0.05787051345424598,8.992784830408329e-07,8.992784824291695e-07,4.5364310524985334e-10
24.150000000000002,-0.6721108831646401,-0.6721108831646401,-0.7659447041229461,-0.7659445890923218,-0.34784329920295964,-0.07861468954724514,-0.3466381715477534,-0.12301622646763798,0.2201196488908852,0.17766673481039488,0.05804932977179999,8.888982214322327e-07,8.888982208434511e-07,4.504128349799823e-10
24.16,-0.6665386533573856,-0.6665386533573856,-0.7612315149656858,-0.7612314005106964,-0.34876717778361727,-0.07895779180616475,-0.3478582391791379,-0.12099605216749011,0.22418952285391977,0.1816922155723084,0.058226046962579665,8.782886851618765e-07,8.782886845940124e-07,4.483407154286122e-10
24.17,-0.660928930926627,-0.660928930926627,-0.7564755067364236,-0.7564753928635057,-0.3496714383024845,-0.07929545830220316,-0.3490580678682136,-0.11896846209820641,0.22825939681695576,0.1857176963342234,0.05840061936925447,8.674518529108721e-07,8.674518523832518e-07,4.3018181833603076e-10
24.18,-0.6552820314177719,-0.6552820314177745,-0.751676946959371,-0.751676833674929,-0.3505560298951451,-0.07962767347601378,-0.3502375841811792,-0.11693360116084359,0.23232927077999033,0.18974317709613692,0.05857300173781661,8.563897788554931e-07,8.563897783603805e-07,4.171269525879316e-10
24.19,-0.6495982724674285,-0.6495982724674285,-0.7468361055522428,-0.7468359928626521,-0.3514209028035566,-0.07995442212416828,-0.3513967161368944,-0.1148916149825491,0.2363991447430263,0.19376865785805186,0.05874314923266827,8.45104592570034e-07,8.451045920909907e-07,4.1729916984909255e-10
24.200000000000003,-0.6438779737855393,-0.6438779737855393,-0.7419532548110991,-0.7419531427226959,-0.3522660083788446,-0.0802756893991513,-0.35253539321401883,-0.11284264989199705,0.24046901870606233,0.19779413861996684,0.05891101745169851,8.33598498950483e-07,8.335984984861446e-07,4.185029711349142e-10
24.21,-0.638121457137397,-0.6381214571373997,-0.7370286693950062,-0.7370285579140952,-0.3530912990840433,-0.08059146080932045,-0.3536535463579044,-0.11078685289460469,0.24457779054982276,0.2019407430355389,0.059076562441342115,8.218737781312546e-07,8.218737776903623e-07,4.1141380338806624e-10
24.220000000000002,-0.6323290463255477,-0.6323290463255449,-0.7320626263105886,-0.7320625154434431,-0.3538967284967694,-0.0809017222188324,-0.3547511079872347,-0.10872437164753965,0.24868656239358464,0.20608734745111246,0.05923974071161053,8.099327853255955e-07,8.099327849282004e-07,3.8419460038516844e-10
24.23,-0.626501067171567,-0.626501067171567,-0.7270554048964698,-0.7270552946493234,-0.35468225131182923,-0.08120645984753501,-0.35582801200042163,-0.10665535443452959,0.25279533423734507,0.21023395186668453,0.05940050925109059,7.977779506729288e-07,7.977779503089571e-07,3.648276678209999e-10
24.240000000000002,-0.6206378474977482,-0.6206378474977482,-0.7220072868075268,-0.7220071771865815,-0.3554478233437727,-0.08150566027082606,-0.3568841937817392,-0.10457995014048495,0.256904106081107,0.21438055628225808,0.05955882554189654,7.854117789057868e-07,7.854117785891853e-07,3.2926343769201495e-10
24.25,-0.6147397171086522,-0.6147397171086522,-0.7169185559990736,-0.7169184470104972,-0.3561934015293745,-0.0817993104194778,-0.35791959020721037,-0.1024983082259468,0.2610128779248674,0.21852716069783015,0.05971464757457303,7.728368492110338e-07,7.728368488926562e-07,3.438048463080192e-10
24.26,-0.608807007772558,-0.608807007772558,-0.7117894987108764,-0.7117893903607978,-0.35691894393005835,-0.08208739757943012,-0.3589341396502365,-0.10041057870137085,0.2651374466393788,0.22277157504860398,0.059867933862937185,7.60055814660876e-07,7.600558143875152e-07,3.06749718308088e-10
24.27,-0.6028400532028017,-0.6028400532028017,-0.7066204034510551,-0.7066202957455707,-0.35762440973425536,-0.08236990939155009,-0.35992778198696324,-0.09831691210125959,0.26926201535388883,0.2270159893993763,0.060018643458850336,7.470714021712288e-07,7.470714019203729e-07,2.9275263199780075e-10
24.28,-0.5968391890390042,-0.5968391890390042,-0.7014115609798554,-0.7014114539250217,-0.35830975925970016,-0.08264683385135897,-0.360900458601394,-0.09621745945815338,0.2733865840684003,0.23126040375015017,0.06016673596691407,7.338864118008881e-07,7.33886411607127e-07,2.3536040850340514e-10
24.290000000000003,-0.5908047528281929,-0.5908047528281929,-0.6961632642932927,-0.6961631578951314,-0.3589749539556626,-0.08291815930872873,-0.3618521123902378,-0.09411237227649367,0.2775111527829117,0.235504818100924,0.060312171559078795,7.205037165433636e-07,7.205037163803479e-07,2.0628149063272553e-10
24.3,-0.5847370840058131,-0.5847370840058131,-0.6908758086066716,-0.69087570287117,-0.3596199564051165,-0.08318387446754558,-0.3627826877675004,-0.09200180250636945,0.2816357214974217,0.23974923245169633,0.060454910989159005,7.069262616329897e-07,7.069262614931017e-07,1.8457000693197267e-10
24.310000000000002,-0.5786365238766366,-0.5786365238766366,-0.6855494913379807,-0.6855493862710841,-0.3602447303268441,-0.08344396838534349,-0.3636921306688055,-0.08988590251715782,0.2857528972569523,0.24406759309617637,0.060594915607242616,6.931570640800189e-07,6.931570639791291e-07,1.3892408177001291e-10
24.32,-0.5725034155955618,-0.5725034155955618,-0.680184612091162,-0.6801845076987821,-0.360849240577477,-0.08369843047290627,-0.3645803885554573,-0.08776482507107324,0.2898700730164814,0.24838595374065492,0.06073214737398987,6.791992121432666e-07,6.791992120692952e-07,1.0640364299519768e-10
24.330000000000002,-0.5663381041483126,-0.5663381041483126,-0.6747814726392583,-0.6747813689272656,-0.3614334531534731,-0.08394725049383972,-0.3654474104182352,-0.085638723296635,0.29398724877601196,0.25270431438513496,0.060866568874810074,6.650558645807103e-07,6.650558645644083e-07,2.4512220658536687e-11
24.34,-0.5601409363320322,-0.5601409363320351,-0.6693403769074415,-0.6693402738816691,-0.3619973351930287,-0.08419041856411333,-0.366293146780925,-0.08350775066206671,0.29810442453554103,0.2570226750296135,0.06099814333390932,6.507302501290724e-07,6.507302501643002e-07,5.413576920706639e-11
24.35,-0.5539122607357791,-0.5539122607357762,-0.6638616309559047,-0.6638615286221505,-0.36254085497792854,-0.08442792515157245,-0.3671175497035817,-0.08137206094863883,0.3022216002950716,0.26134103567409356,0.06112683462819872,6.362256666780919e-07,6.362256667533591e-07,1.1830274342433438e-10
24.36,-0.5476524277209076,-0.5476524277209076,-0.658345542962673,-0.6583454413266905,-0.36306398193532696,-0.084659761075422,-0.367920572785528,-0.07923180822396736,0.3063082348397713,0.26570906321782073,0.061252607301056534,6.21545480521124e-07,6.215454806425818e-07,1.9541248734866536e-10
24.37,-0.541361789401377,-0.541361789401377,-0.652792423206234,-0.6527923222737406,-0.3635666866394714,-0.08488591750568011,-0.3687021711680828,-0.07708714681528026,0.3103948693844725,0.2700770907615495,0.06137542657593316,6.066931256126784e-07,6.0669312576832e-07,2.5654083801764423e-10
24.380000000000003,-0.5350406996239342,-0.5350406996239312,-0.6472025840481096,-0.6472024838247855,-0.36404894081335465,-0.08510638596260453,-0.369462301537023,-0.07493823128266436,0.31448150392917373,0.27444511830527824,0.06149525836979188,5.916721026455463e-07,5.916721028479164e-07,3.4203090895887535e-10
24.39,-0.5286895139482125,-0.5286895139482125,-0.6415763399152866,-0.6415762404067662,-0.36451071733030604,-0.08532115831608976,-0.3702009221247797,-0.07278521639230422,0.31856813847387344,0.27881314584900546,0.061612069306377144,5.764859782667053e-07,5.764859784924813e-07,3.9164178356311567e-10
24.400000000000002,-0.5223085896267315,-0.5223085896267315,-0.6359140072825061,-0.6359139084943871,-0.36495199021551894,-0.08553022678503826,-0.37091799271236503,-0.07062825708972623,0.32265477301857465,0.2831811733927342,0.06172582672930033,5.611383839879136e-07,5.611383842770825e-07,5.153254591076292e-10
24.41,-0.5158982855848018,-0.5158982855848018,-0.6302159046544883,-0.6302158065923296,-0.36537273464750947,-0.08573358393670252,-0.3716134746310323,-0.06846750847305931,0.32668788980241753,0.2875743091958775,0.06183649871493586,5.456330154293698e-07,5.456330157686884e-07,6.218805133260556e-10
24.42,-0.5094589624003356,-0.5094589624003356,-0.6244823525480035,-0.6244822552173189,-0.3657729269595145,-0.08593122268600231,-0.37228733076366577,-0.06630312576632469,0.33072100658626186,0.2919674449990224,0.06194405408511737,5.299736311470404e-07,5.29973631512216e-07,6.890448417883884e-10
24.43,-0.5029909822835641,-0.5029909822835672,-0.6187136734738489,-0.6187135768801126,-0.36615254464082175,-0.08612313629481377,-0.3729395255459105,-0.06413526429276749,0.3347541233701048,0.29636058080216576,0.062048462419629385,5.141640515571311e-07,5.141640519751119e-07,8.129327479699426e-10
24.44,-0.4964947090566635,-0.4964947090566635,-0.6129101919186928,-0.6129100960673418,-0.36651156633803716,-0.08630931837123344,-0.37357002496702785,-0.06196407944824069,0.3387872401539491,0.30075371660531064,0.06214969406848108,4.98208157985458e-07,4.982081584508637e-07,9.34159011863242e-10
24.450000000000003,-0.48997050813328985,-0.48997050813328985,-0.6070722343268509,-0.607072139223274,-0.3668499718562846,-0.08648976286881778,-0.3741787965704906,-0.05978972667465606,0.34282035693779345,0.3051468524084555,0.062247720163958575,4.821098913906918e-07,4.821098919220299e-07,1.1021098285744368e-09
24.46,-0.4834187464980249,-0.483418746498028,-0.6012001290818985,-0.6012000347314445,-0.3671677421603427,-0.08666446408579516,-0.37476580945431087,-0.05761236143351173,0.3467772803110709,0.30954039666341443,0.06234251263244499,4.658732513235231e-07,4.658732518831905e-07,1.2013298371944089e-09
24.470000000000002,-0.4768397926857363,-0.4768397926857332,-0.595294206488199,-0.5952941128961784,-0.36746485937571627,-0.08683341666425556,-0.37533103427110254,-0.05543213917950943,0.3507342036843498,0.3139339409183749,0.06243404420600073,4.495022945041893e-07,4.4950229512447605e-07,1.379941179088055e-09
24.48,-0.470234016760835,-0.470234016760835,-0.5893547987523521,-0.589354705924026,-0.3677413067896397,-0.08699661558931468,-0.37587444322788416,-0.05324921533427395,0.3546911270576273,0.31832748517333376,0.06252228843369796,4.3300113379551863e-07,4.3300113447624624e-07,1.572115072965191e-09
24.490000000000002,-0.46360179029647813,-0.46360179029647813,-0.5833822399644687,-0.5833821479050592,-0.3679970688520191,-0.08715405618825468,-0.3763960100856157,-0.05106374526018519,0.3586480504309062,0.3227210294282942,0.06260721969269868,4.163739367873953e-07,4.1637393751556026e-07,1.748824514625319e-09
24.5,-0.4569434863536556,-0.4569434863536556,-0.5773768660794084,-0.5773767747940962,-0.3682321311763059,-0.08730573412964175,-0.37689571015847595,-0.04887588423433559,0.36260497380418366,0.32711457368325314,0.06268881319907102,3.996249244575534e-07,3.996249252351286e-07,1.9457626154582786e-09
24.51,-0.45025947946020867,-0.45025947946020867,-0.5713390148978689,-0.5713389243917867,-0.3684464805403063,-0.08745164542242038,-0.37737352031288046,-0.04668578742262483,0.36646345650426054,0.3314838242859631,0.06276704501833566,3.827583698462478e-07,3.8275837067545847e-07,2.1664077113884716e-09
24.52,-0.4435501455897626,-0.4435501455897626,-0.5652690260473872,-0.5652689363256281,-0.36864010488692517,-0.08759178641498559,-0.3778294189662407,-0.04449360985400207,0.37032193920433604,0.3358530748886715,0.06284189207573485,3.657785966337812e-07,3.657785975209443e-07,2.425410064741048e-09
24.53,-0.43681586214057855,-0.43681586214057855,-0.5591672409632354,-0.5591671520308442,-0.36881299332484385,-0.08772615379423272,-0.37826338608546534,-0.04229950639486857,0.374180421904413,0.3402223254913815,0.06291333216621682,3.486899777249697e-07,3.486899786606983e-07,2.6835546851434745e-09
24.540000000000003,-0.43005700791432494,-0.43005700791432494,-0.553034002869216,-0.5530339147311948,-0.3689651361291335,-0.08785474458458571,-0.3786754031852087,-0.040103631723651306,0.37803890460448986,0.3445915760940914,0.0629813439641296,3.3149693372258593e-07,3.314969347149379e-07,2.9935479951915818e-09
24.55,-0.4232739630947699,-0.4232739630947699,-0.5468696567583544,-0.5468695694196634,-0.3690965247418015,-0.08797755614700431,-0.37906545332586444,-0.037906140305559034,0.38189738730456535,0.34896082669679984,0.06304590703261617,3.1420393148406944e-07,3.1420393252779186e-07,3.321799337773544e-09
24.560000000000002,-0.416467109226396,-0.416467109226396,-0.540674549373494,-0.5406744628390437,-0.36920715177227287,-0.08809458617797077,-0.3794335211113079,-0.03570718636753162,0.38563573553807856,0.3532812181309445,0.06310700183270512,2.968154825255809e-07,2.9681548362741436e-07,3.712183298035301e-09
24.57,-0.40963682919293853,-0.40963682919293853,-0.5344490291877917,-0.5344489434624518,-0.3692970109978065,-0.08820583270845596,-0.37977959268638833,-0.033506923873393636,0.38937408377159044,0.3576016095650876,0.06316460973208972,2.793361415093232e-07,2.7933614265430965e-07,4.098955700864332e-09
24.580000000000002,-0.40278350719584854,-0.40278350719584854,-0.5281934463851166,-0.5281933614737068,-0.3693660973638445,-0.08831129410286578,-0.3801036557341748,-0.03130550649922353,0.39311243200510365,0.3619220009992323,0.06321871301359,2.617705045365737e-07,2.6177050575887415e-07,4.669358994049765e-09
24.59,-0.3959075287326812,-0.3959075287326845,-0.5219081528403547,-0.5219080687476506,-0.369414406984297,-0.08841096905796808,-0.3804056994729576,-0.029103087608948197,0.39685078023861553,0.36624239243337536,0.06326929488329151,2.4412320769051643e-07,2.441232089690616e-07,5.237294530925852e-09
24.6,-0.38900928057541545,-0.3890092805754122,-0.515593502099602,-0.5155934188303374,-0.3694419371417608,-0.08850485660180062,-0.38068571465300394,-0.02689982023017401,0.40058912847212874,0.37056278386752,0.06331633947835388,2.2639892519049631e-07,2.263989265292445e-07,5.9132266803287286e-09
24.61,-0.38208915074868466,-0.38208915074868466,-0.5092498493603094,-0.5092497669191646,-0.3694486862876715,-0.08859295609256079,-0.3809436935530763,-0.02469585703026428,0.40418632388538794,0.37481002532080204,0.06335983187448511,2.0860236782382913e-07,2.0860236921128032e-07,6.651176571172269e-09
24.62,-0.37514752850797023,-0.37514752850797023,-0.5028775514512617,-0.5028774698428748,-0.3694346540423916,-0.08867526721747711,-0.38117962997670923,-0.022491350292673466,0.4077835192986485,0.3790572667740856,0.0633997580930745,1.9073828112781133e-07,1.907382825988581e-07,7.712383471919549e-09
24.630000000000003,-0.3681848043176929,-0.3681848043176896,-0.49647696681253634,-0.4964768860415007,-0.36939984119523117,-0.088751789991663,-0.3813935192482572,-0.02028645189354806,0.41138071471190896,0.3833045082273691,0.0634361051079817,1.7281144382153002e-07,1.7281144534621378e-07,8.822817030894637e-09
24.64,-0.36120136982925244,-0.36120136982925244,-0.4900484554753406,-0.49004837554619574,-0.3693442497044037,-0.08882252475695336,-0.3815853582087013,-0.01808131327860365,0.4149779101251682,0.38755174968065115,0.06346886085197238,1.5482666580746152e-07,1.548266674123299e-07,1.0365581085846783e-08
24.650000000000002,-0.3541976178589976,-0.3541976178589976,-0.48359237904173313,-0.4835922999589758,-0.36926788269691585,-0.08888747218072454,-0.38175514521123266,-0.015876085440288186,0.4185751055384287,0.3917989911339347,0.06349801422280042,1.3678878663103688e-07,1.367887882717592e-07,1.1994567301813597e-08
24.66,-0.34717394236613,-0.34717394236613,-0.477109100664314,-0.47710902243239484,-0.3691707444683916,-0.08894663325469822,-0.3819028801166075,-0.013670918895240308,0.4220109233902508,0.39594920306986264,0.06352355508892962,1.1870267341285157e-07,1.1870267510323147e-07,1.4240453273859773e-08
24.67,-0.3401307384305441,-0.3401307384305441,-0.47059898502578257,-0.4705989076490999,-0.3690528404828309,-0.08900000929372852,-0.38202856428827525,-0.011465963662052282,0.4254467412420741,0.4000994150057921,0.06354547429488987,1.0057321919720863e-07,1.0057322095722651e-07,1.7499865883769505e-08
24.68,-0.3330684022306042,-0.3330684022306075,-0.46406239831843,-0.46406232180133533,-0.36891417737230164,-0.08904760193457499,-0.38213220058729014,-0.009261369239346253,0.4288825590938962,0.40424962694172006,0.0635637636662663,8.240534106473962e-08,8.240534290371355e-08,2.2316197679419155e-08
24.69,-0.3259873310208594,-0.3259873310208594,-0.4574997082235257,-0.4574996325703271,-0.3687547629365672,-0.08908941313465933,-0.3822137933670033,-0.007057284584172539,0.4323183769457195,0.4083998388776495,0.06357841601431566,6.420397827278101e-08,6.420398016126776e-08,2.874894774100909e-08
24.700000000000003,-0.31888792310969827,-0.31888792310969827,-0.4509112838906666,-0.4509112091056164,-0.36857460614264775,-0.08912544517080812,-0.38227334846753874,-0.00485385809073867,0.43575419479754285,0.412550050813579,0.06358942514020569,4.5974090243094956e-08,4.597409220882397e-08,3.092987677840725e-08
24.71,-0.31177057783694384,-0.3117705778369472,-0.4442974959169842,-0.4442974220042881,-0.36837371712431544,-0.0891557006379818,-0.3823108732100608,-0.0026512375694771667,0.43900931767009777,0.4165798992309035,0.06359678583887664,2.772065486877917e-08,2.7720656881284157e-08,3.234502646552662e-08
24.720000000000002,-0.3046356955513944,-0.30463569555139103,-0.43765871632629866,-0.43765864329011833,-0.3681521071815243,-0.08918018244798866,-0.38232637639083433,-0.00044957022646029745,0.44226444054265385,0.42060974764822945,0.06360049390252001,9.448666363209846e-09,9.448668450271598e-09,3.383437762412003e-08
24.73,-0.2974836775882906,-0.2974836775882906,-0.43099531854822415,-0.43099524639266396,-0.3679097887797756,-0.08919889382818706,-0.3823198682750781,0.0017509973568305076,0.44551956341520876,0.424639596065554,0.0636005461236714,-8.836866446926273e-09,-8.836864308703015e-09,3.4516717583741606e-08
24.740000000000002,-0.2903149262467603,-0.2903149262467603,-0.42430767739711933,-0.4243076061262387,-0.36764677554941516,-0.0892118383201734,-0.38229136059061974,0.003950319243372943,0.44877468628776485,0.42866944448287997,0.06359694029791618,-2.7130922258811196e-08,-2.7130920061369285e-08,3.487611826132825e-08
24.75,-0.2831298447671764,-0.2831298447671764,-0.4175961690510387,-0.41759609866884884,-0.367363082284868,-0.08921901977845825,-0.3822408665213534,0.0061482501601025745,0.45202980916031976,0.4326992929002045,0.06358967522620479,-4.542846913924148e-08,-4.542846687082159e-08,3.497305550938857e-08
24.76,-0.2759288373084776,-0.2759288373084776,-0.4108611710305571,-0.41086110154101474,-0.36705872494380554,-0.08922044236913089,-0.3821684007005053,0.00834464551703494,0.45508593556868504,0.4365861205251638,0.0635787507167763,-6.372446649527408e-08,-6.372446416333036e-08,3.4542025723110363e-08
24.77,-0.2687123089254347,-0.2687123089254347,-0.4041030621775373,-0.4041029935845537,-0.36673372064624776,-0.08921611056851093,-0.3820739792037064,0.010539361426004265,0.4581420619770492,0.4404729481501218,0.06356416758668655,-8.201386710038339e-08,-8.201386470252455e-08,2.9237236562548102e-08
24.78,-0.2614806655458665,-0.2614806655458665,-0.39732222263382044,-0.39732215494125156,-0.36638808767360087,-0.08920602916178988,-0.38195761954188384,0.012732254719012107,0.46119818838541454,0.4443597757750812,0.06354592766294231,-1.0029161903735151e-07,-1.0029161657062352e-07,2.4595554538626432e-08
24.790000000000003,-0.2542343139478063,-0.2542343139478063,-0.390519033819843,-0.39051896703149636,-0.3660218454676284,-0.08919020324166127,-0.38181934065396966,0.014923182966179834,0.4642543147937798,0.4482466034000405,0.06352403378323813,-1.1855266768279193e-07,-1.1855266515539282e-07,2.1318787384227898e-08
24.8,-0.2469736617366209,-0.2469736617366209,-0.3836938784131818,-0.38369381253281676,-0.3656350146293578,-0.08916863820694004,-0.3816591628994302,0.01711200449329875,0.467310441202144,0.4521334310249985,0.06349848979629462,-1.3679195773330655e-07,-1.3679195514149277e-07,1.8947120998608143e-08
24.810000000000002,-0.23969911732208266,-0.23969911732208266,-0.376847140327029,-0.37684707535834866,-0.36522761691792177,-0.08914133976117296,-0.38147710805062435,0.01929857839897219,0.4701503884919064,0.455855384698751,0.06346930056179913,-1.5500443514837592e-07,-1.5500443250489141e-07,1.705425075480709e-08
24.82,-0.23241108989539686,-0.23241108989539686,-0.36997920468859663,-0.36997914063525794,-0.3647996752493343,-0.08910831391123808,-0.38127319928499087,0.021482764571344116,0.47299033578166777,0.45957733837250214,0.06343647194994666,-1.731850492320275e-07,-1.7318504650900265e-07,1.5723209682053784e-08
24.830000000000002,-0.22510998940618457,-0.22510998940618457,-0.36309045781745336,-0.36309039468305715,-0.3643512136952012,-0.08906956696593564,-0.38104746117707117,0.02366442370440892,0.4758302830714301,0.4632992920462546,0.06340001084058172,-1.9132875447858133e-07,-1.913287517012329e-07,1.4516105720806952e-08
24.84,-0.21779622653942327,-0.21779622653942673,-0.35618128720379777,-0.3561812249918943,-0.363882257481367,-0.08902510553457024,-0.3807999196903715,0.0258434173138976,0.4786702303611915,0.46702124572000575,0.0633599251219411,-2.0943051277921843e-07,-2.0943050990859097e-07,1.3706825315029262e-08
24.85,-0.21047021269234922,-0.21047021269234575,-0.34925208148664527,-0.3492520202007381,-0.3633928329864943,-0.08897493652552382,-0.38053060216906687,0.028019607752735497,0.4815101776509539,0.47074319939375825,0.06331622368899728,-2.2748529514282634e-07,-2.2748529223104698e-07,1.2799857490023088e-08
24.86,-0.20313235995130274,-0.20313235995130274,-0.3423032304320034,-0.34230317007553573,-0.36288296774058293,-0.08891906714482095,-0.3802395373295545,0.03019285822606739,0.48411797860534567,0.4742793529387928,0.06326891644140399,-2.454880840274676e-07,-2.454880810313173e-07,1.2204870598694849e-08
24.87,-0.19578308106856918,-0.19578308106856918,-0.33533512491090206,-0.33533506548726977,-0.3623526904234177,-0.08885750489468658,-0.37992675525185804,0.032363032805845585,0.48672577955973834,0.47781550648382864,0.06321801428104412,-2.6343387496408077e-07,-2.6343387191976003e-07,1.1556299453002617e-08
24.880000000000003,-0.1884227894391479,-0.18842278943914442,-0.32834815687743946,-0.3283480983899884,-0.361802030862958,-0.08879025757209574,-0.3795922873708889,0.03452999644497764,0.48933358051413106,0.4813516600288645,0.06316352910918124,-2.8131767883243786e-07,-2.813176757330796e-07,1.1017289275982232e-08
24.89,-0.18105189907750238,-0.18105189907750238,-0.3213427193467351,-0.32134266179875104,-0.3612310200336596,-0.08871733326731669,-0.37923616646756686,0.036693614991029286,0.49194138146852284,0.48488781357389904,0.06310547382321588,-2.991345236930121e-07,-2.9913452050553324e-07,1.0655670241618656e-08
24.900000000000002,-0.17367082459427194,-0.17367082459427194,-0.31431920637279304,-0.3143191497675139,-0.3606396900547303,-0.08863874036244744,-0.37885842665980757,0.03885375519948078,0.4945491824229155,0.4884239671189349,0.06304386231304886,-3.1687945667435713e-07,-3.168794534313687e-07,1.0234138998583161e-08
24.91,-0.1662799811729501,-0.1662799811729501,-0.30727801302636953,-0.3072779573669819,-0.3600280741883258,-0.08855448752994508,-0.37845910339337885,0.041010284746531664,0.49691017503631824,0.4917544389936564,0.0629787094570528,-3.3454754613804205e-07,-3.345475428171946e-07,9.926384158214694e-09
24.92,-0.15887978454653057,-0.15887978454653057,-0.30021953537273366,-0.30021948066236576,-0.35939620683767726,-0.08846458373115075,-0.37803823343263065,0.04316307224145322,0.4992711676497218,0.49508491086837914,0.06291003111765425,-3.5213388338561913e-07,-3.521338800230419e-07,9.549144195341975e-09
24.93,-0.15147065097412232,-0.15147065097412585,-0.2931441704493958,-0.2931441166911242,-0.35874412354515695,-0.08836903821480688,-0.3775958548511056,0.045311987238484876,0.5016321602631245,0.49841538274310065,0.06283784413652918,-3.696335848235588e-07,-3.696335813908555e-07,9.286773277420131e-09
24.94,-0.14405299721753528,-0.14405299721753528,-0.28605231624375715,-0.2860522634406099,-0.35807186099027716,-0.08826786051557148,-0.37713200702203215,0.04745690024827308,0.503993152876528,0.5017458546178234,0.06276216632941424,-3.8704179365633973e-07,-3.8704179015916907e-07,9.035640892724348e-09
24.950000000000003,-0.1366272405178374,-0.1366272405178374,-0.2789443716707569,-0.27894431982570095,-0.3573794569876302,-0.08816106045252514,-0.3766467306087021,0.04959768274885045,0.5063541454899316,0.5050763264925461,0.06268301648053509,-4.043536819126059e-07,-4.04353678362788e-07,8.778992361640736e-09
24.96,-0.12919379857188507,-0.1291937985718886,-0.27182073655040323,-0.271820685666354,-0.35666695048475894,-0.08804864812767484,-0.3761400675547486,0.05173420719615378,0.5084550554030012,0.5081823915725308,0.06260041433665926,-4.2156445236030127e-07,-4.21564448716218e-07,8.644190138036086e-09
24.970000000000002,-0.12175308950883129,-0.12175308950882777,-0.26468181158528314,-0.26468176166510693,-0.35593438155996493,-0.08793063392445324,-0.3756120610743113,0.05386634703407956,0.5105559653160715,0.5112884566525164,0.06251438060077068,-4.386693401858821e-07,-4.386693364797031e-07,8.448684835677043e-09
24.98,-0.11430553186659195,-0.11430553186659195,-0.2575279983380572,-0.2575279493845579,-0.3551817914200586,-0.08780702850621346,-0.3750627556421129,0.055993976704076166,0.5126568752291409,0.5143945217325011,0.062424936925375936,-4.556636150621074e-07,-4.5566361130669e-07,8.24164421728923e-09
24.990000000000002,-0.1068515445683242,-0.1068515445683242,-0.2503596992088241,-0.2503596512247562,-0.35440922239803585,-0.08767784281472092,-0.37449219698343433,0.0581169716542716,0.5147577851422113,0.5175005868124868,0.062332105905440645,-4.72542582903579e-07,-4.7254257907157725e-07,8.109325723973861e-09
25.0,-0.09939154689884817,-0.09939154689884817,-0.24317731741252327,-0.24317727040058826,-0.3536167179507008,-0.08754308806864064,-0.3739004320640062,0.06023520834813663,0.5168586950552808,0.5206066518924715,0.062235911070963865,-4.893015875737095e-07,-4.893015836766262e-07,7.964583371334403e-09
25.01,-0.0919259584810658,-0.0919259584810658,-0.2359812569562368,-0.23598121091907664,-0.35280432265621964,-0.08740277576202254,-0.3732875090798133,0.06234856427268328,0.5186877101882267,0.5234708467499295,0.062136376879192566,-5.059360127998569e-07,-5.05936008836939e-07,7.832844005431448e-09
25.02,-0.0844551992523571,-0.0844551992523571,-0.22877192261646812,-0.2287718775566749,-0.3519720822116134,-0.08725691766278379,-0.3726534774468198,0.06445691794619812,0.5205167253211719,0.5263350416073865,0.06203352870648149,-5.224412838525372e-07,-5.224412798424192e-07,7.675729615493115e-09
25.03,-0.07697968944095888,-0.07697968944095888,-0.2215497199163728,-0.22154967583647864,-0.35112004343018777,-0.08710552581118772,-0.37199838779062083,0.0665601489255115,0.5223457404541176,0.5291992364648447,0.06192739283980343,-5.38812869377292e-07,-5.388128652956647e-07,7.57522238435879e-09
25.040000000000003,-0.06949984954232695,-0.06949984954232695,-0.21431505510294852,-0.21431501200543288,-0.35024825423889944,-0.0869486125183218,-0.3713222919360211,0.06865813781280293,0.5241747555870635,0.5320634313223027,0.06181799646791368,-5.550462829767566e-07,-5.550462788247722e-07,7.48042917163199e-09
25.05,-0.062016100295483385,-0.062016100295483385,-0.20706833512418346,-0.2070682930114731,-0.3493567636756607,-0.08678619036457266,-0.37062524289655074,0.07075076626194306,0.5260037707200087,0.5349276261797598,0.06170536767217541,-5.71137084973139e-07,-5.711370807700327e-07,7.35918984052926e-09
25.060000000000002,-0.054528862659350065,-0.054528862659350065,-0.19980996760616565,-0.1998099264806268,-0.3484456218865805,-0.08661827219809994,-0.36990729486391816,0.07283791698437454,0.5275506076844018,0.5375338472692776,0.06158953541704982,-5.870808841082487e-07,-5.870808798435709e-07,7.264208245941157e-09
25.07,-0.04703855778906986,-0.04703855778906986,-0.19254036083015422,-0.19254032069410273,-0.34751488012314435,-0.08644487113330872,-0.3691685031974062,0.07491947375453269,0.5290974446487943,0.5401400683587945,0.06147052954025718,-6.028733390978092e-07,-6.028733347609348e-07,7.193674116499324e-09
25.080000000000002,-0.03954560701231674,-0.03954560701231674,-0.1852599237096134,-0.18525988456530443,-0.34656459073933105,-0.0862660005493202,-0.3684089244132181,0.07699532141480647,0.5306442816131872,0.5427462894483122,0.06134838074261487,-6.185101602274035e-07,-6.185101558437893e-07,7.08737612460371e-09
25.09,-0.032050431805596226,-0.03205043180559977,-0.17796906576721513,-0.17796902761684966,-0.3455948071886682,-0.08608167408844242,-0.36762861617377385,0.07906534588004382,0.5321911185775797,0.5453525105378291,0.06122312057755718,-6.33987111052503e-07,-6.339871065927296e-07,7.034485935215895e-09
25.1,-0.024553453770540974,-0.02455345377053742,-0.17066819711178588,-0.17066815995751414,-0.3446055840212236,-0.08589190565463958,-0.366827637276966,0.08112943414160148,0.5337379555419728,0.5479587316273469,0.06109478144034443,-6.493000097307355e-07,-6.493000052294162e-07,6.932572394300941e-09
25.11,-0.01705509461018162,-0.01705509461018162,-0.16335772841527635,-0.16335769225918395,-0.3435969768805413,-0.0856967094120013,-0.36600604764537553,0.0831874742709439,0.5349939174576971,0.5502923258258786,0.06096339655696613,-6.644447307913026e-07,-6.644447262071897e-07,6.899163562763196e-09
25.12,-0.009555776105247387,-0.009555776105247387,-0.15603807088961275,-0.15603803573373431,-0.34256904250050574,-0.08549609978321163,-0.3651639083154552,0.08523935542279124,0.5362498793734217,0.5526259200244112,0.06082899997274573,-6.794172063215309e-07,-6.794172016893327e-07,6.817899447213865e-09
25.130000000000003,-0.002055920090426819,-0.0020559200904232662,-0.14870963626360093,-0.14870960210991743,-0.3415218387021547,-0.08529009144801804,-0.3643012814266825,0.08728496783782196,0.5375058412891465,0.5549595142229439,0.06069162654065262,-6.94213427666901e-07,-6.942134229942418e-07,6.73086830811709e-09
25.14,0.005444051569356749,0.005444051569356749,-0.14137283675976667,-0.1413728036101949,-0.34045542439042714,-0.08507869934170079,-0.36341823021068953,0.08932420284493141,0.5387618032048707,0.5572931084214756,0.060551311909329095,-7.088294467424983e-07,-7.088294420067463e-07,6.579204252058684e-09
25.150000000000002,0.012943717002674982,0.012943717002674982,-0.13402808507113717,-0.13402805292754275,-0.33936985955084553,-0.08486193865354277,-0.3625148189803701,0.09135695286305068,0.5400177651205954,0.5596267026200082,0.06040809251083768,-7.232613773652807e-07,-7.23261372554876e-07,6.413215041359335e-09
25.16,0.0204426543553247,0.0204426543553247,-0.12667579433806184,-0.12667576320225535,-0.33826520524614623,-0.08463982482529991,-0.3615911131189717,0.0933831114025283,0.5409757905128733,0.5616745496120662,0.06026200554813696,-7.375053966071632e-07,-7.375053917513847e-07,6.2179671879900225e-09
25.17,0.02794044181405708,0.02794044181405708,-0.11931637812495573,-0.11931634799868596,-0.3371415236128427,-0.08441237354967292,-0.36064717906917854,0.09540257306608073,0.5419338159051513,0.5637223966041249,0.060113088982293554,-7.515577462036127e-07,-7.515577412994196e-07,6.037058243912597e-09
25.18,0.035436657630304506,0.035436657630300954,-0.11195025039704387,-0.11195022128200455,-0.3359988778577311,-0.08417960076877941,-0.35968308432218327,0.09741523354931311,0.5428918412974292,0.565770243596183,0.05996138151943534,-7.654147337263217e-07,-7.654147287616879e-07,5.879954344575936e-09
25.19,0.042930880143903866,0.042930880143903866,-0.10457782549705835,-0.10457779739489151,-0.3348373322543322,-0.08394152267262832,-0.3586988974067563,0.09942098964081592,0.5438498666897073,0.5678180905882417,0.05980692259745483,-7.790727338044534e-07,-7.790727287925222e-07,5.7157044647472785e-09
25.200000000000003,0.05042268780681477,0.05042268780681477,-0.09719951812196623,-0.09719949103424919,-0.3336569521392815,-0.0836981556975949,-0.35769468787831965,0.10141973922184219,0.5448078920819854,0.5698659375803005,0.05964975237247084,-7.92528189401398e-07,-7.925281843324142e-07,5.570591960166472e-09
25.21,0.05791165920683156,0.05791165920682802,-0.089815743299612,-0.0898157172278675,-0.3324578039086494,-0.08344951652489788,-0.3566705263080217,0.10341138126556917,0.5454625945835551,0.5716165236251387,0.05948991170505391,-8.057776128903016e-07,-8.057776077643317e-07,5.432496148373097e-09
25.220000000000002,0.06539737309128407,0.06539737309128762,-0.082426916365372,-0.08242689131107099,-0.3312399550142059,-0.08319562207907853,-0.35562648427182414,0.10539581583595052,0.5461172970851249,0.5733671096699775,0.05932744214622502,-8.188175872267389e-07,-8.188175820314869e-07,5.3136123038599326e-09
25.23,0.07287940839074716,0.07287940839074716,-0.07503345293882707,-0.07503342890337444,-0.3300034739596324,-0.08293648952648164,-0.3545626343396022,0.10737294408616203,0.5467719995866945,0.5751176957148157,0.059162385923234626,-8.316447669617921e-07,-8.3164476171602e-07,5.181549905986691e-09
25.240000000000002,0.08035734424270448,0.08035734424270448,-0.06763576890033501,-0.06763574588508363,-0.3287484302966606,-0.08267213627373846,-0.35347905006426034,0.10934266825664861,0.5474267020882644,0.5768682817596545,0.058994785925129335,-8.442558793730903e-07,-8.442558740782321e-07,5.054397614122362e-09
25.25,0.08783076001523608,0.08783076001523608,-0.06023428036767593,-0.06023425837392304,-0.32747489462116625,-0.08240257996625246,-0.35237580597087226,0.11130489167277573,0.548081404589834,0.5786188678044928,0.05882468568811554,-8.566477253876825e-07,-8.566477200559643e-07,4.921935085298231e-09
25.26,0.09529923533067529,0.09529923533067529,-0.05282940367262822,-0.052829382701608314,-0.32618293856919517,-0.08212783848668737,-0.3512529775458441,0.11325951874209327,0.5484291032250669,0.580062350470547,0.058652129380726545,-8.688171806228717e-07,-8.688171752238005e-07,4.823048240141467e-09
25.27,0.10276235008925481,0.10276235008925481,-0.04542155533755353,-0.04542153539044885,-0.3248726348129347,-0.08184792995345795,-0.3501106412261096,0.1152064549512153,0.5487768018602998,0.5815058331366006,0.05847716178880279,-8.80761196163371e-07,-8.807611907117557e-07,4.715563772945416e-09
25.28,0.11021968449273732,0.11021968449273732,-0.03801115205196742,-0.03801113312989741,-0.3235440570566256,-0.08156287271922352,-0.3489488743883548,0.11714560686232316,0.5491245004955326,0.582949315802655,0.05829982830029126,-8.924767995674432e-07,-8.924767940831861e-07,4.596171559040184e-09
25.290000000000003,0.11767081906802888,0.11767081906802888,-0.030598610649100893,-0.03059859275312985,-0.3221972800324163,-0.0812726853693843,-0.34776775533828147,0.11907688210929732,0.5494721991307656,0.5843927984687092,0.05812017488987399,-9.039610957273236e-07,-9.039610901716749e-07,4.51377383655958e-09
25.3,0.1251153346907743,0.1251153346907743,-0.023184348082453298,-0.02318433121359053,-0.32083237949615945,-0.08097738672058098,-0.34656736329991267,0.12100018939348531,0.5498198977659984,0.5858362811347628,0.05793824810343396,-9.152112674590263e-07,-9.152112618766865e-07,4.3994381457178465e-09
25.310000000000002,0.13255281260893267,0.13255281260893267,-0.015768781402339144,-0.015768765561530843,-0.3194494322231502,-0.08067699581919767,-0.34534777840493835,0.12291543847911056,0.5498586376466829,0.5869645446373802,0.05775409504236467,-9.262245765639943e-07,-9.262245709178032e-07,4.318718267485091e-09
25.32,0.1399828344663322,0.1399828344663322,-0.008352327732428895,-0.008352312920568759,-0.3180485160038081,-0.08037153193986785,-0.3441090816821141,0.12482254018833035,0.5498973775273673,0.5880928081399972,0.05756776334773476,-9.369983642384949e-07,-9.369983585473589e-07,4.227195844268359e-09
25.330000000000002,0.14740498232620244,0.14740498232620244,-0.0009354042462859221,-0.0009353904642045213,-0.3166297096393011,-0.08006101458398411,-0.34285135504670466,0.12672140639594842,0.5499361174080517,0.5892210716426145,0.05737930118431226,-9.475300519479202e-07,-9.475300462214891e-07,4.132576513291322e-09
25.34,0.15481883869468333,0.15481883869467983,0.006481571856095747,0.006481584607624069,-0.3151930929371138,-0.07974546347821079,-0.34157468128998636,0.12861195002378978,0.5499748572887362,0.5903493351452315,0.05718875722446031,-9.578171420096537e-07,-9.578171362293224e-07,4.055050791568224e-09
25.35,0.16222398654430542,0.16222398654430895,0.013898183371776516,0.013898195092030101,-0.3137387467065547,-0.07942489857300127,-0.3402791440688084,0.13049408503474452,0.5500135971694207,0.5914775986478489,0.05699618063191135,-9.678572181065492e-07,-9.678572122804182e-07,3.975098107661434e-09
25.360000000000003,0.16962000933746174,0.16962000933746524,0.02131401311830366,0.021314023806626756,-0.31226675275421806,-0.07909934004111799,-0.33896482789521093,0.13236772642648822,0.5497431604858548,0.5922842994791829,0.056801621045426895,-9.776479459253085e-07,-9.776479400503688e-07,3.900378318061046e-09
25.37,0.17700649104981675,0.17700649104981675,0.028728643957209296,0.02872865361300157,-0.3107771938793755,-0.0787688082761572,-0.33763181812611176,0.13423279022488402,0.5494727238022891,0.5930910003105168,0.056605128562353314,-9.871870736005706e-07,-9.871870676845608e-07,3.823615156145296e-09
25.380000000000003,0.18438301619372177,0.18438301619372527,0.0361416588174743,0.036141667440188215,-0.3092701538693189,-0.07843332389107699,-0.3362802009530553,0.1360891934770781,0.5492022871187232,0.5938977011418508,0.05640675372207998,-9.964724322214513e-07,-9.964724262602081e-07,3.7525382318732085e-09
25.39,0.1917491698415824,0.1917491698415824,0.04355264071895328,0.043552648308108254,-0.3077457174946542,-0.0780929077167295,-0.33491006339204094,0.1379368542442912,0.5489318504351575,0.5947044019731846,0.05620654748941147,-1.0055019361993045e-06,-1.0055019302066538e-06,3.675752311555289e-09
25.400000000000002,0.19910453764919822,0.19910453764919822,0.050961172795878945,0.05096117935104717,-0.3062039705045234,-0.07774758080039744,-0.3335214932734148,0.13977569159431702,0.5486614137515916,0.5955111028045187,0.056004561237856895,-1.01427358371875e-06,-1.0142735776840896e-06,3.6083632363938905e-09
25.41,0.20644870587906944,0.20644870587906944,0.058366838320271855,0.05836684384108197,-0.30464499962178904,-0.07739736440433485,-0.3321145792318453,0.1416056255937337,0.5480833209971889,0.5959917053990376,0.05580084673285005,-1.0227854569944128e-06,-1.0227854509208097e-06,3.541770954748346e-09
25.42,0.21378126142366957,0.21378126142366957,0.06576922072539891,0.065769225211543,-0.30306889253815206,-0.07704228000431161,-0.3306894106963747,0.14342657729983663,0.547505228242786,0.5964723079935565,0.05559545611490509,-1.0310357226317457e-06,-1.0310357165091694e-06,3.4834287411566285e-09
25.43,0.22110179182868261,0.22110179182867915,0.07316790362919807,0.07316790708042471,-0.3014757379092212,-0.07668234928816282,-0.32924607788055243,0.14523846875230034,0.5469271354883833,0.5969529105880754,0.055388441882717104,-1.039022631821318e-06,-1.0390226256604398e-06,3.421304476241931e-09
25.44,0.22840988531620351,0.22840988531620351,0.08056247085771742,0.0805624732738281,-0.29986562534952194,-0.07631759415434206,-0.32778467177265597,0.14704122296457733,0.5463490427339805,0.5974335131825944,0.05517985687621676,-1.046744520602494e-06,-1.0467445144187104e-06,3.35315241388263e-09
25.450000000000003,0.23570513080790054,0.23570513080790054,0.08795250646848954,0.08795250784935178,-0.2982386454274635,-0.07594803671047926,-0.3263052841259959,0.14883476391504188,0.5457709499795776,0.5979141157771134,0.05496975425958521,-1.054199810057721e-06,-1.054199803834263e-06,3.2964784836106657e-09
25.46,0.2429871179481383,0.24298711794813485,0.09533759477395984,0.09533759511949692,-0.29659488966023756,-0.07557369927194324,-0.32480800744931204,0.1506190165378876,0.5448884514020993,0.5980659180121993,0.054758187504238984,-1.061387006361103e-06,-1.0613870000964622e-06,3.2426478300026596e-09
25.470000000000002,0.2502554371270568,0.2502554371270602,0.1027173203648689,0.102717319675057,-0.29493445050867023,-0.07519460436040848,-0.3232929349972623,0.1523939067137847,0.5440059528246207,0.5982177202472854,0.054545210371792115,-1.0683047009310553e-06,-1.0683046946266005e-06,3.1900553542165476e-09
25.48,0.2575096795036255,0.2575096795036255,0.1100912681335841,0.11009126640846628,-0.29325742137202915,-0.07481077470242657,-0.3217601607610052,0.1541593612603085,0.5431234542471424,0.5983695224823713,0.054330876897003874,-1.0749515704649992e-06,-1.0749515641310054e-06,3.134250810282765e-09
25.490000000000002,0.2647494370286201,0.2647494370286201,0.11745902329749812,0.11745902053717067,-0.29156389658275866,-0.07442223322800208,-0.3202097794588797,0.15591530792214373,0.5422409556696638,0.5985213247174573,0.05411524137071948,-1.0813263769879344e-06,-1.0813263706147059e-06,3.085147388138571e-09
25.5,0.2719743024675887,0.2719743024675887,0.12482017142232234,0.12482016762693782,-0.2898539714011825,-0.07402900306917336,-0.31864188652718317,0.15766167536107736,0.5413584570921854,0.5986731269525433,0.05389835832281245,-1.0874279677552945e-06,-1.0874279613561128e-06,3.0314659821727172e-09
25.51,0.2791838694237553,0.2791838694237553,0.13217429844541548,0.13217429361519004,-0.28812774201014113,-0.07363110755859752,-0.31705657811105437,0.15939839314578244,0.5401765144196651,0.5984952753408087,0.05368028250513606,-1.0932552752737634e-06,-1.093255268842995e-06,2.982299510009874e-09
25.52,0.2863777323608796,0.2863777323608796,0.13952099069907167,0.1395209848342744,-0.28638530550958285,-0.07322857022814076,-0.3154539510554517,0.1611253917414074,0.5389945717471452,0.5983174237290743,0.05346106887449025,-1.0988073171278034e-06,-1.0988073106702843e-06,2.9326442929756567e-09
25.53,0.29355548662606823,0.29355548662606823,0.14685983493378876,0.14685982803475214,-0.2846267599111012,-0.07282141480747248,-0.31383410289624475,0.16284260249897523,0.5378126290746249,0.5981395721173396,0.05324077257561431,-1.1040831958894493e-06,-1.1040831894000812e-06,2.8869783808148686e-09
25.540000000000003,0.30071672847253633,0.30071672847253633,0.1541904183415135,0.1541904104086257,-0.28285220413242246,-0.07240966522266487,-0.312197131851409,0.16454995764460253,0.5366306864021045,0.597961720505605,0.0530194489242107,-1.1090820989170802e-06,-1.1090820923843422e-06,2.847888841621818e-09
25.55,0.30786105508231826,0.30786105508231826,0.16151232857886216,0.16151231961256676,-0.2810617379918413,-0.07199334559479711,-0.31054313681232815,0.16624739026854535,0.5354487437295846,0.5977838688938706,0.05279715339000747,-1.1138032980917423e-06,-1.1138032915507114e-06,2.7950981090870545e-09
25.560000000000002,0.3149880645889259,0.3149880645889259,0.16882515379031443,0.16882514379111838,-0.2792554622026061,-0.07157248023856322,-0.30887221733520814,0.1679348343140837,0.5339740022736893,0.5972773633817746,0.052573941579867826,-1.1182461497200036e-06,-1.118246143152073e-06,2.751922118209485e-09
25.57,0.3220973560999538,0.3220973560999538,0.1761284826313804,0.17612847159984346,-0.27743347836725357,-0.0711470936608865,-0.307184473632606,0.16961222456624953,0.5324992608177945,0.5967708578696789,0.052349869220954,-1.1224100940829262e-06,-1.1224100874801962e-06,2.713431635266257e-09
25.580000000000002,0.3291885297196289,0.3291885297196289,0.18342190429173835,0.18342189222848368,-0.2755958889718943,-0.0707172105595368,-0.3054800065650653,0.1712794966404085,0.5310245193618991,0.596264352357583,0.05212499214395013,-1.1262946551723885e-06,-1.1262946485442527e-06,2.6724091949270395e-09
25.59,0.33626118657130494,0.3362611865713016,0.1907050085183396,0.19070499542404656,-0.2737427973804479,-0.07028285582175396,-0.3037589176328733,0.17293658697070327,0.5295497779060043,0.5957578468454873,0.05189936626635475,-1.1298994403718954e-06,-1.1298994337144781e-06,2.634265533636715e-09
25.6,0.3433149288198954,0.3433149288198987,0.19797738563850198,0.19797737151390288,-0.2718743078288252,-0.069844054522875,-0.3020213089679304,0.17458343279836794,0.528075036450109,0.5952513413333913,0.051673047575846884,-1.133224140005551e-06,-1.1332241333317817e-06,2.5923328138118743e-09
25.610000000000003,0.3503493596942654,0.3503493596942687,0.20523862658291975,0.2052386114288125,-0.2699905254190735,-0.06940083192496624,-0.3002672833257375,0.17621997215992138,0.5263157877437789,0.5944190296791775,0.05144609211373398,-1.1362685269911132e-06,-1.136268520283798e-06,2.5583229301571266e-09
25.62,0.3573640835095297,0.3573640835095297,0.2124883229087043,0.21248830672594224,-0.26809155611345664,-0.06895321347546028,-0.29849694407750565,0.17784614387524697,0.5245565390374494,0.5935867180249639,0.05121855595848848,-1.1390324562710052e-06,-1.1390324495479817e-06,2.518705295113435e-09
25.630000000000003,0.36435870568932327,0.36435870568932655,0.2197260668223592,0.2197260496118483,-0.2661775067284947,-0.06850122480579739,-0.2967103952023776,0.17946188753556996,0.5227972903311193,0.5927544063707499,0.05099049520937741,-1.1415158644514922e-06,-1.1415158577024336e-06,2.4841558491147262e-09
25.64,0.3713328327879928,0.3713328327879928,0.22695145120268403,0.22695143296539658,-0.2642484849289645,-0.0680448917300715,-0.29490774127978014,0.18106714349133773,0.5210380416247898,0.5919220947165363,0.050761965970195395,-1.1437187691712425e-06,-1.1437187624050203e-06,2.447482166279571e-09
25.650000000000002,0.3782860725127278,0.3782860725127278,0.2341640696237227,0.2341640503606838,-0.26230459922183086,-0.0675842402436814,-0.2930890874818881,0.18266185284001354,0.5192787929184597,0.5910897830623225,0.05053302433310244,-1.1456412686364215e-06,-1.14564126184149e-06,2.416065327358594e-09
25.66,0.3852180337456272,0.3852180337456272,0.24136351637758738,0.24136349608987798,-0.2603459589501532,-0.06711929652198532,-0.29125453956621905,0.18424595741379068,0.5172449280978939,0.5899363448248857,0.05030372636257717,-1.147283540947619e-06,-1.1472835341432148e-06,2.3788917209196876e-09
25.67,0.39212832656569935,0.39212832656569935,0.24854938649729647,0.24854936518606033,-0.25837267428693045,-0.06665008691896093,-0.2894042038683459,0.18581939976723705,0.5152110632773275,0.5887829065874485,0.05007412807948838,-1.148645843600249e-06,-1.1486458367752744e-06,2.3466879936057115e-09
25.68,0.3990165622707952,0.39901656227079196,0.25572127577954706,0.2557212534459838,-0.2563848562289054,-0.06617663796586966,-0.2875381872947361,0.18738212316487685,0.5131771984567617,0.5876294683500117,0.049844285445292326,-1.1497285127351486e-06,-1.149728505895547e-06,2.3134586991480114e-09
25.69,0.4058823533994726,0.4058823533994726,0.26287878080746824,0.2628787574528298,-0.25438261659031697,-0.06569897636992521,-0.28565659731571424,0.1889340715687193,0.5111433336361952,0.5864760301125744,0.04961425434636106,-1.150531962548773e-06,-1.1505319556854494e-06,2.2842682652198514e-09
25.700000000000003,0.4127253137527908,0.4127253137527908,0.27002149897327926,0.27002147459888276,-0.25236606799661965,-0.06521712901296682,-0.28375954195854936,0.19047518962574073,0.5091094688156288,0.5853225918751372,0.049384090578447094,-1.1510566845229775e-06,-1.1510566776532235e-06,2.2502915600911057e-09
25.71,0.4195450584160343,0.41954505841603107,0.2771490285009665,0.2771490031081838,-0.2503353238781402,-0.06473112295013667,-0.2818471298006675,0.19200542265532988,0.5068124230087185,0.5838545121038407,0.04915384983129027,-1.151303246793578e-06,-1.1513032399102238e-06,2.219648956368567e-09
25.720000000000002,0.4263412037803639,0.4263412037803639,0.28426096846888366,0.2842609420591388,-0.248290498463697,-0.06424098540856127,-0.27991946996299133,0.19352471663670318,0.5045153772018075,0.5823864323325436,0.04892358767337214,-1.1512722933176844e-06,-1.1512722864211136e-06,2.189797118983127e-09
25.73,0.43311336756439156,0.43311336756439156,0.29135691883226905,0.291356891407052,-0.24623170677418427,-0.06374674378603809,-0.27797667210340593,0.1950330181963002,0.5022183313948972,0.580918352561247,0.0486933595368232,-1.1509645431451165e-06,-1.1509645362286855e-06,2.1629054626204333e-09
25.740000000000002,0.4398611688356966,0.4398611688356966,0.29843648044579607,0.2984364520066486,-0.2441590646160887,-0.06324842564972524,-0.2760188464103469,0.19653027459516484,0.49992128558798615,0.57945027278995,0.048463220702486536,-1.1503807895926754e-06,-1.1503807826539863e-06,2.137541082084523e-09
25.75,0.4465842280322334,0.4465842280322334,0.3054992550859872,0.3054992256345064,-0.2420726885749862,-0.06274605873483591,-0.27404610359651965,0.19801643371632122,0.4976242397810759,0.5779821930186534,0.04823322628514501,-1.1495218994184153e-06,-1.1495218924725215e-06,2.108346302543144e-09
25.76,0.45328216698369495,0.45328216698369495,0.31254484547363115,0.31254481501147613,-0.23997269600897908,-0.06223967094333691,-0.27205855489274244,0.1994914440521532,0.4950769278149557,0.5762077257920224,0.04800343121891518,-1.1483888120167318e-06,-1.1483888050673372e-06,2.078888920738731e-09
25.77,0.4599546089327811,0.4599546089327811,0.31957285529612633,0.3195728238250081,-0.23785920504209537,-0.061729290342651164,-0.270056312041915,0.20095525469179412,0.4925296158488364,0.574433258565392,0.047773890242812506,-1.1469825385301835e-06,-1.1469825315596732e-06,2.055472571430802e-09
25.78,0.4666011785563917,0.4666011785563917,0.32658288922977324,0.3265828567514647,-0.2357323345576447,-0.061214945164364,-0.2680394872931142,0.20240781530853427,0.4899823038827163,0.572658791338761,0.04754465788649302,-1.1453041608780468e-06,-1.145304153917983e-06,2.0235504351943867e-09
25.790000000000003,0.47322150198673785,0.47322150198673785,0.3335745529620116,0.33357451947833955,-0.23359220419153104,-0.06069666380293331,-0.26600819339581605,0.20384907614725536,0.4874349919165961,0.57088432411213,0.047315788456175206,-1.143354831020793e-06,-1.1433548240460955e-06,1.999721083566e-09
25.8,0.4798152068323722,0.4798152068323722,0.3405474532135999,0.3405474187264453,-0.2314389343255231,-0.060174474814403904,-0.26396254359424176,0.20527898801189792,0.4848876799504768,0.5691098568854995,0.047087336020746245,-1.141135769835988e-06,-1.1411357628512792e-06,1.9752578510395925e-09
25.810000000000002,0.4863819221991358,0.4863819221991358,0.34750119776073757,0.3475011622720427,-0.22927264608048326,-0.05964840691512527,-0.2619026516218303,0.20669750225297073,0.48210442373967105,0.5670389789037905,0.04685935439805673,-1.1386482662717468e-06,-1.1386482592930057e-06,1.9470223718617732e-09
25.82,0.4929212787110207,0.4929212787110207,0.35443539545712727,0.35443535896888606,-0.227093461309554,-0.05911848898047312,-0.25982863169583426,0.2081045707551075,0.47932116752886633,0.5649681009220823,0.04663189714140706,-1.1358936764030436e-06,-1.1358936694130705e-06,1.9243027584471714e-09
25.830000000000002,0.4994329085309473,0.4994329085309473,0.361349656255977,0.36134961877024424,-0.22490150259130418,-0.058584750043574656,-0.257740598512041,0.2095001459246818,0.47653791131806056,0.5628972229403731,0.04640501752623029,-1.1328734223284287e-06,-1.132873415348141e-06,1.89652997839494e-09
25.84,0.5059164453814552,0.5059164453814522,0.3682435912319367,0.3682435527508217,-0.22269689322283465,-0.05804721929403702,-0.2556386672396166,0.21088418067748357,0.4737546551072558,0.5608263449586649,0.04617876853697361,-1.1295889913096047e-06,-1.1295889843251306e-06,1.873233211123209e-09
25.85,0.5123715245653031,0.5123715245653061,0.37511681260299135,0.37511677312865477,-0.22047975721283805,-0.0575059260766796,-0.25352295351607346,0.21225662842646648,0.47097139889645007,0.5587554669769559,0.04595320285418272,-1.126041934654265e-06,-1.1260419276404457e-06,1.8572338244984063e-09
25.860000000000003,0.5187977829859949,0.5187977829859979,0.38196893375224134,0.3819688932869068,-0.2182502192746335,-0.05696089989026947,-0.2513935734423592,0.21361744306957406,0.4679678469198568,0.5563998214695168,0.045728372841791834,-1.1222338666266873e-06,-1.1222338596238185e-06,1.8311455540931962e-09
25.87,0.5251948591681859,0.5251948591681859,0.3887995692496789,0.3887995277956232,-0.21600840481914219,-0.05641217038626018,-0.2492506435780677,0.21496657897764918,0.46496429494326463,0.5540441759620787,0.04550433053462233,-1.1181664635803723e-06,-1.1181664565874508e-06,1.8060105640007977e-09
25.880000000000003,0.5315623932780275,0.5315623932780305,0.3956083348738679,0.3956082924334189,-0.21375443994783286,-0.05585976736753372,-0.24709428093676974,0.2163039909824356,0.46196074296667133,0.5516885304546397,0.045281127626092925,-1.1138414627645532e-06,-1.113841455761307e-06,1.7867122686575584e-09
25.89,0.5379000271434049,0.5379000271434049,0.40239484763352434,0.4023948042090734,-0.21148845144563955,-0.05530372078714568,-0.244924602981464,0.21762963436467947,0.45895719099007914,0.5493328849472016,0.04505881545614458,-1.1092606612070344e-06,-1.1092606542153252e-06,1.7624222652762486e-09
25.900000000000002,0.5442074042740845,0.5442074042740845,0.4091587257891047,0.4091586813830936,-0.20921056677381475,-0.054744060747073324,-0.2427417276201455,0.2189434648423337,0.4559536390134859,0.5469772394397625,0.04483744499938148,-1.1044259147705016e-06,-1.1044259077692815e-06,1.744008204516204e-09
25.91,0.5504841698817655,0.5504841698817655,0.4158995888742429,0.415899543489167,-0.2069209140627718,-0.05418081749696663,-0.2405457732014929,0.22024543855887535,0.4527466783329371,0.5443500707025636,0.0446170668534318,-1.0993391368896432e-06,-1.0993391298910979e-06,1.7230844395661321e-09
25.92,0.5567299709000376,0.5567299709000376,0.4226170577171677,0.42261701135558233,-0.204619622104872,-0.05361402143290238,-0.23833685851067052,0.2215355120717423,0.4495397176523871,0.5417229019653637,0.044397731227529755,-1.0940022975719499e-06,-1.0940022905844102e-06,1.7006772361953671e-09
25.93,0.5629444560042404,0.5629444560042375,0.42931075446202477,0.4293107071265385,-0.20230682034718217,-0.05304370309614071,-0.2361151027652458,0.22281364234089301,0.4463327569718383,0.5390957332281647,0.044179487931320864,-1.0884174222527965e-06,-1.088417415266072e-06,1.6812952179262334e-09
25.94,0.5691272756312252,0.5691272756312252,0.4359803025901466,0.4359802542834182,-0.19998263888418813,-0.05246989317188446,-0.2338806256112219,0.22407978671749873,0.44312579629128834,0.5364685644909649,0.04396238636389322,-1.0825865906227694e-06,-1.0825865836343618e-06,1.6630080877398355e-09
25.950000000000003,0.5752780819990183,0.5752780819990183,0.44262532694120005,0.44262527766594995,-0.19764720845048772,-0.05189262248804114,-0.23163354711918002,0.22533390293277197,0.43991883561073836,0.533841395753765,0.043746475503035266,-1.0765119355035657e-06,-1.0765119285288089e-06,1.6415839452686384e-09
25.96,0.5813965291263834,0.5813965291263805,0.4492454537343177,0.4492454034933182,-0.19530066041342686,-0.05131192201398737,-0.22937398778053597,0.22657594908694026,0.4365264969257932,0.5309574746851455,0.043531803894723296,-1.0701956417516478e-06,-1.0701956347821494e-06,1.6226494607542562e-09
25.970000000000002,0.5874822728522827,0.5874822728522827,0.45584031058912206,0.45584025938519546,-0.19294312676571085,-0.0507278228593356,-0.22710206850390288,0.22780588363836762,0.43313415824084683,0.528073553616525,0.04331841964283836,-1.0636399450369982e-06,-1.063639938065307e-06,1.6059089326568678e-09
25.98,0.5935349708552335,0.5935349708552335,0.46240952654664175,0.46240947438267205,-0.19057474011798997,-0.05014035627270333,-0.22481791061156417,0.22902366539283203,0.4297418195559016,0.5251896325479055,0.04310637039911537,-1.0568471306843241e-06,-1.0568471237260944e-06,1.5860275711891845e-09
25.990000000000002,0.5995542826725748,0.5995542826725748,0.4689527320902204,0.46895267896914106,-0.18819563369138553,-0.049549553640484224,-0.2225216358360532,0.23022925349296414,0.42634948087095526,0.522305711479285,0.042895703353324995,-1.0498195325628346e-06,-1.0498195256223878e-06,1.5656598212272237e-09
26.0,0.605539869719601,0.605539869719601,0.4754695591662684,0.4754695050910651,-0.18580594131000772,-0.048955446485621806,-0.22021336631683572,0.2314226074078532,0.4229571421860101,0.5194217904106655,0.042686465223689254,-1.0425595318858116e-06,-1.042559524950481e-06,1.5486140921822202e-09
26.01,0.6114913953086191,0.6114913953086191,0.48195964120498097,0.4819595861786979,-0.18340579739342294,-0.04835806646638426,-0.21789322459709692,0.23260368692282452,0.41939849845880395,0.5162973314639725,0.04247870224753185,-1.0350695559963041e-06,-1.0350695490693223e-06,1.5312758227225183e-09
26.02,0.6174085246678838,0.6174085246678838,0.4884226131409548,0.48842255716668465,-0.18099533694909362,-0.04775744537514221,-0.21556133362062957,0.23377245212939568,0.41583985473159907,0.5131728725172807,0.04227246017216428,-1.0273520772360878e-06,-1.0273520703214065e-06,1.5134965244853215e-09
26.03,0.6232909249604288,0.6232909249604288,0.4948581114337224,0.49485805451461623,-0.17857469556478422,-0.04715361513714752,-0.21321781672882156,0.23492886341541502,0.41228121100439286,0.5100484135705877,0.04206778424600771,-1.0194096117452367e-06,-1.0194096048509418e-06,1.4943930419513922e-09
26.040000000000003,0.6291382653027888,0.6291382653027888,0.5012657740882018,0.5012657162274612,-0.1761440094009343,-0.0465466078093142,-0.21086279765774077,0.23607288145538943,0.4087225672771867,0.5069239546238948,0.04186471920995165,-1.0112447183102669e-06,-1.0112447114200674e-06,1.4792365547785747e-09
26.05,0.6349502167836113,0.6349502167836113,0.5076452406750582,0.5076451818759357,-0.17370341518299975,-0.04593645557900034,-0.20849640053531612,0.23720446720100388,0.4051639235499818,0.503799495677203,0.04166330928894922,-1.0028599971012575e-06,-1.0028599902237216e-06,1.462628422021063e-09
26.060000000000002,0.640726452482158,0.640726452482158,0.5139961523509782,0.5139960926167833,-0.17125305019376175,-0.045323190762792606,-0.20611874987861317,0.23832358187184208,0.40145898277009806,0.5004520656972375,0.04146359818385023,-9.94258088568567e-07,-9.942580817039825e-07,1.4463536556995277e-09
26.07,0.6464666474866937,0.6464666474866937,0.5203181518788546,0.520318091212945,-0.16879305226560493,-0.0447068458052907,-0.20372997059119993,0.23943018694630808,0.39775404199021563,0.4971046357172733,0.041265629063470546,-9.854416722077097e-07,-9.85441665364311e-07,1.4287436958534833e-09
26.080000000000002,0.652170478912763,0.652170478912763,0.5266108836478806,0.5266108220536713,-0.16632355977276403,-0.04408745327789432,-0.201330187960603,0.24052424415275717,0.3940491012103318,0.4937572057373079,0.04106944455689905,-9.764134654144385e-07,-9.764134585846969e-07,1.4130954882340186e-09
26.09,0.6578376259213522,0.6578376259213495,0.5328739936935508,0.532873931174507,-0.16384471162354178,-0.043465045877590626,-0.19891952765585225,0.24160571546083784,0.3903441604304494,0.4904097757573437,0.04087508674604119,-9.671762222565605e-07,-9.67176215437983e-07,1.3983235590977676e-09
26.1,0.6634677697369336,0.6634677697369362,0.5391071297175851,0.5391070662772197,-0.1613566472524896,-0.042839656425743125,-0.19649811572510906,0.24267456307305338,0.38663921965056564,0.4870623457773783,0.04068259715839931,-9.57732732301264e-07,-9.577327255083076e-07,1.3809586843612548e-09
26.110000000000003,0.6690605936654074,0.66906059366541,0.5453099411077171,0.5453098767496014,-0.1588595066125758,-0.04221131786688094,-0.1940660785933805,0.24373074941654257,0.38280881234283615,0.4835107652332012,0.04049201676008887,-9.48085819491018e-07,-9.48085812712124e-07,1.3663104297631503e-09
26.12,0.6746157831118997,0.6746157831118997,0.5514820789574415,0.5514820136851964,-0.15635343016730285,-0.041580063267489926,-0.19162354306031232,0.24477423713508778,0.378978405035108,0.4799591846890253,0.04030338594909037,-9.382383408806927e-07,-9.382383341225209e-07,1.3506679896728728e-09
26.130000000000003,0.6801330255984688,0.6801330255984714,0.5576231960856405,0.5576231299029341,-0.15383855888280662,-0.040945925814803455,-0.18917063629806183,0.2458049890813516,0.3751479977273785,0.47640760414484823,0.040116744548735615,-9.281931855342762e-07,-9.28193178797352e-07,1.3352712133191349e-09
26.14,0.6856120107816797,0.6856120107816797,0.563732947056083,0.5637328799666416,-0.15131503421993836,-0.040308938815594844,-0.1867074858492462,0.24682296830934852,0.37131759041965035,0.47285602360067236,0.039932131801428246,-9.179532733313844e-07,-9.179532666118922e-07,1.3209664809536636e-09
26.150000000000002,0.6910524304700603,0.6910524304700603,0.5698109881968968,0.5698109202044934,-0.14878299812629153,-0.039669135694969285,-0.18423421962496708,0.2478281380671537,0.36748718311192086,0.46930444305649527,0.03974958636259729,-9.075215538015269e-07,-9.075215470964973e-07,1.30756141892603e-09
26.16,0.6964539786414377,0.6964539786414377,0.5758569776198673,0.5758569087283245,-0.1462425930282299,-0.039026549995157374,-0.1817509659029036,0.2488204617898538,0.363552845219639,0.46556868022590536,0.03956914629488231,-8.969010049583725e-07,-8.969009982799377e-07,1.2921120852807113e-09
26.17,0.7018163514601514,0.7018163514601514,0.5818705752396838,0.5818705054528787,-0.14369396182287042,-0.03838121537430782,-0.17925785332547808,0.24979990309274216,0.3596185073273557,0.46183291739531407,0.03939084906254959,-8.860946321964658e-07,-8.860946255389038e-07,1.2780926726680884e-09
26.18,0.7071392472941446,0.707139247294142,0.5878514427930628,0.5878513721149218,-0.14113724787004758,-0.03773316560528135,-0.1767550108980862,0.25076642576476327,0.3556841694350738,0.45809715456472416,0.03921473152613745,-8.751054670838587e-07,-8.751054604542675e-07,1.2630268153397825e-09
26.19,0.7124223667319296,0.7124223667319296,0.5937992438577898,0.5937991722922851,-0.1385725949842435,-0.037082434574444136,-0.17424256798739224,0.25171999376221005,0.3517498315427905,0.45436139173413287,0.03904082993732999,-8.639365662796439e-07,-8.639365596747016e-07,1.2489070686057304e-09
26.200000000000003,0.7176654125994315,0.7176654125994315,0.5997136438716151,0.5997135714227748,-0.1360001474265104,-0.03642905628046134,-0.17172065431968592,0.2526605712026746,0.34781549365050723,0.45062562890354163,0.03886917993405681,-8.52591010361281e-07,-8.525910037879767e-07,1.2337757957491442e-09
26.21,0.7228680899767025,0.7228680899767,0.605594310151097,0.6055942368229973,-0.13342004989634515,-0.035773064833090826,-0.1691893999792988,0.2535881223592599,0.34379934545251856,0.44672668760415035,0.03869981653581818,-8.410719027629465e-07,-8.410718962008547e-07,1.2227619222146494e-09
26.220000000000002,0.7280301062145119,0.7280301062145119,0.6114409119103165,0.6114408377070784,-0.13083244752354978,-0.035114494451976286,-0.16664893540707731,0.2545026116550501,0.33978319725452844,0.44282774630475763,0.03853277413923281,-8.293823685681656e-07,-8.29382362027585e-07,1.2100916167217235e-09
26.23,0.7331511709508051,0.7331511709508051,0.6172531202794549,0.6172530452052556,-0.12823748586008046,-0.034453379465440394,-0.1640993913989088,0.2554040036578486,0.33576704905653976,0.43892880500536635,0.038368086513807534,-8.175255534967341e-07,-8.175255469879392e-07,1.1958032116608682e-09
26.240000000000002,0.7382309961270456,0.7382309961270456,0.6230306083233322,0.6230305323823943,-0.12563531087184282,-0.033789754309277525,-0.16154089910430056,0.2562922630751808,0.33175090085854964,0.43502986370597363,0.03820578679792603,-8.055046227875562e-07,-8.05504616314992e-07,1.1809924043929885e-09
26.25,0.7432692960044044,0.7432692960044044,0.6287730510597668,0.6287729742563597,-0.12302606893049513,-0.03312365352554554,-0.15897359002500472,0.2571673547495678,0.32773475266056096,0.43113092240658235,0.038045907495054876,-7.933227601369941e-07,-7.933227536732417e-07,1.1714427907030606e-09
26.26,0.7482657871798417,0.7482657871798417,0.6344801254778687,0.6344800478163144,-0.12040990680520851,-0.03245511176135769,-0.15639759601369277,0.258029243654073,0.3236593744030096,0.42709072390471353,0.037888480470165506,-7.809831665261946e-07,-7.809831600875096e-07,1.1591851906257111e-09
26.27,0.7532201886020465,0.7532201886020465,0.6401515105562068,0.6401514320408719,-0.11778697165441272,-0.03178416376767295,-0.1538130492726701,0.25887789488812296,0.31958399614545974,0.42305052540284616,0.03773353694636866,-7.684890592843385e-07,-7.684890528830396e-07,1.1449757716550816e-09
26.28,0.758132221587245,0.758132221587245,0.6457868872808656,0.6457868079161686,-0.11515741101751846,-0.031110844398086236,-0.1512200823526325,0.25971327367360336,0.31550861788790846,0.4190103269009773,0.037581107501759456,-7.558436710131122e-07,-7.558436646371951e-07,1.1331732008030388e-09
26.290000000000003,0.763001609834877,0.763001609834877,0.6513859386633903,0.6513858584537956,-0.11252137280661816,-0.03043518860761736,-0.1486188281514599,0.2605353453512402,0.31143323963035713,0.41497012839910846,0.03743122206647215,-7.430502484834234e-07,-7.430502421433727e-07,1.1197584507939954e-09
26.3,0.7678280794431375,0.7678280794431375,0.6569483497586173,0.6569482687086342,-0.10987900529816619,-0.029757231451498972,-0.14600941991304436,0.2613440753772547,0.30735786137280724,0.4109299298972411,0.03728390991993911,-7.301120516986503e-07,-7.301120453871886e-07,1.1078775542959736e-09
26.310000000000002,0.7726113589243836,0.7726113589243836,0.6624738076823886,0.6624737257965786,-0.10723045712463809,-0.029077008083963473,-0.14339199122615157,0.26213942932030804,0.3032461663147818,0.40677118965859893,0.037139199688354926,-7.170323528260525e-07,-7.170323465357259e-07,1.0975316786104421e-09
26.32,0.7773511792204056,0.7773511792204056,0.6679620016291532,0.6679619189121203,-0.10457587726617036,-0.028394553757028474,-0.14076667602330975,0.2629213728587267,0.2991344712567578,0.4026124494199583,0.036997119342340117,-7.038144351906306e-07,-7.038144289398322e-07,1.084208910244928e-09
26.330000000000002,0.7820472737175619,0.7820472737175619,0.6734126228894487,0.6734125393458474,-0.10191541504218009,-0.027709903819281123,-0.1381336085797265,0.263689871778017,0.2950227761987324,0.3984537091813161,0.03685769619480371,-6.904615923730706e-07,-6.904615861502595e-07,1.0731215988447035e-09
26.34,0.7866993782617749,0.7866993782617727,0.6788253648672636,0.678825280501794,-0.09924922010296713,-0.02702309371466096,-0.13549292351222716,0.2644448919686674,0.2909110811407084,0.39429496894267546,0.036720956899000914,-6.76977127141154e-07,-6.769771209475862e-07,1.0620353852286857e-09
26.35,0.7913072311733887,0.7913072311733909,0.6841999230972968,0.6841998379147014,-0.09657744242128997,-0.02633415898124113,-0.1328447557782157,0.26518639942423916,0.28679938608268296,0.3901362287040333,0.03658692744678335,-6.633643505338238e-07,-6.633643443865259e-07,1.0482593770909665e-09
26.360000000000003,0.7958705732618963,0.7958705732618984,0.6895359952620571,0.6895359092671297,-0.09390023228394269,-0.025643135250008026,-0.1301892406746519,0.2659143602397519,0.2826744916695343,0.3858823286790877,0.03645563316703946,-6.496265809730062e-07,-6.496265748549231e-07,1.0376159160146703e-09
26.37,0.8003891478405061,0.8003891478405061,0.6948332812088924,0.6948331944064706,-0.09121774028328944,-0.024950058243639165,-0.12752651383704375,0.26662874061035574,0.2785495972563871,0.38162842865414365,0.03632709872432062,-6.357671432366541e-07,-6.357671371475749e-07,1.0272111109345203e-09
26.380000000000003,0.8048627007405896,0.8048627007405917,0.7000914829668723,0.700091395361836,-0.08853011730879425,-0.024254963775279248,-0.12485671123845098,0.2673295068303025,0.27442470284323844,0.3773745286291981,0.0362013481176521,-6.217893676122022e-07,-6.217893615554645e-07,1.0164440770833066e-09
26.39,0.8092909803259757,0.8092909803259757,0.7053103047635243,0.7053102163608043,-0.08583751453854581,-0.02355788774731419,-0.12217996918849941,0.2680166252922048,0.27029980843009127,0.37312062860425405,0.03607840467952335,-6.076965889945107e-07,-6.076965829703414e-07,1.0058381130802398e-09
26.400000000000002,0.8136737375071054,0.8136737375071054,0.7104894530415061,0.7104893638460743,-0.08314008343073621,-0.02285886615014319,-0.11949642433239833,0.2686900624865986,0.2661749140169426,0.36886672857930847,0.03595829107505742,-5.934921459838094e-07,-5.934921400053528e-07,9.932429351393515e-10
26.41,0.8180107257550427,0.8180107257550427,0.7156286364750901,0.7156285464919617,-0.0804379757151553,-0.02215793506094874,-0.11680621364996273,0.2693497850017931,0.262060011905598,0.3645415857414661,0.03584102930135297,-5.791793800807854e-07,-5.791793741315332e-07,9.83588251046232e-10
26.42,0.8223017011153424,0.8223017011153424,0.7207275659865631,0.7207274752208017,-0.07773134338464963,-0.021455130642464196,-0.11410947445463526,0.2699957595240223,0.257945109794252,0.36021644290362226,0.03572664068699847,-5.647616347290163e-07,-5.647616288307352e-07,9.705318703418051e-10
26.43,0.8265464222217717,0.8265464222217697,0.7257859547624821,0.7257858632191939,-0.07502033868657533,-0.020750489141739176,-0.11140634439250491,0.2706279528378918,0.2538302076829074,0.3558913000657799,0.035615145891753686,-5.502422546349583e-07,-5.502422487650642e-07,9.613833360932248e-10
26.44,0.8307446503098876,0.8307446503098876,0.7308035182698196,0.7308034259541509,-0.07230511411422813,-0.020044046888902455,-0.10869696144131975,0.271246331827123,0.2497153055715614,0.35156615722793605,0.035506564906395865,-5.356245848034402e-07,-5.356245789631279e-07,9.522100525892792e-10
26.450000000000003,0.8348961492304673,0.8348961492304673,0.7357799742719439,0.73577988118909,-0.06958582239827803,-0.01933584029592236,-0.10598146390949088,0.2718508634755933,0.2456004034602154,0.34724101439009214,0.03540091705272649,-5.20911969822957e-07,-5.209119640231353e-07,9.41434021458341e-10
26.46,0.8390006854627909,0.8390006854627889,0.7407150428445172,0.7407149489997144,-0.06686261649816712,-0.018625905855364513,-0.10325999043508445,0.27244151486867535,0.24151862912724484,0.342868946265767,0.03529822098373603,-5.061077531023916e-07,-5.061077473333363e-07,9.324090719777168e-10
26.470000000000002,0.8430580281277777,0.8430580281277777,0.7456084463912406,0.7456083517897644,-0.06413564959350536,-0.01791428013914708,-0.10053267998479853,0.27301825319487494,0.23743685479427284,0.33849687814144036,0.03519849468392325,-4.912152760314092e-07,-4.912152703096931e-07,9.208786939542425e-10
26.48,0.8470679490009708,0.8470679490009708,0.7504599096594454,0.7504598143066202,-0.06140507507546726,-0.017200999797292865,-0.0977996718529224,0.2735810457477625,0.2333550804613023,0.33412481001711525,0.03510175546976427,-4.7623787734207834e-07,-4.7623787165104047e-07,9.121988734928971e-10
26.490000000000002,0.851030222525382,0.851030222525382,0.755269159755609,0.7552690636567978,-0.058671046538145685,-0.01648610155667871,-0.09506110566027569,0.2741298599282053,0.2292733061283303,0.3297527418927886,0.035008019990329806,-4.61178892269265e-07,-4.611788866119585e-07,9.031858769334214e-10
26.5,0.8549446258241684,0.8549446258241684,0.7600359261606793,0.7600358293212859,-0.05593371776992616,-0.015769622219781988,-0.09231712135312195,0.2746646632468944,0.22519153179535975,0.32538067376846347,0.03491730422804534,-4.4604165189837675e-07,-4.460416462933964e-07,8.913702911822593e-10
26.51,0.8588109387131767,0.8588109387131767,0.7647599407453026,0.764759843170776,-0.05319324274483023,-0.015051598663423864,-0.08956785920205715,0.27518542332716794,0.22116583446091137,0.32098626171510114,0.0348296234995917,-4.308294825269843e-07,-4.3082947695119863e-07,8.833928314002319e-10
26.52,0.8626289437133262,0.8626289437133262,0.7694409377849044,0.7694408394807315,-0.050449775613855455,-0.014332067837509444,-0.08681345980086802,0.2756921079081306,0.21714013712646443,0.3165918496617403,0.03474499245694206,-4.1554570485297093e-07,-4.155456993226628e-07,8.729870866091967e-10
26.53,0.8663984260628425,0.8663984260628425,0.7740786539746354,0.7740785549463473,-0.047703470696304526,-0.013611066763764744,-0.0840540640653571,0.2761846848480677,0.21311443979201605,0.312197437608378,0.03466342508853186,-4.001936334610545e-07,-4.001936279712043e-07,8.635281120069496e-10
26.540000000000003,0.8701191737293371,0.8701191737293371,0.7786728284441826,0.7786727286973496,-0.04495448247110498,-0.012888632534470226,-0.0812898132321329,0.2766631221281541,0.20908874245756767,0.3078030255550156,0.03458493472055808,-3.8477657608032567e-07,-3.8477657064920346e-07,8.513530923444549e-10
26.55,0.873790977421735,0.873790977421735,0.7832232027724436,0.783223102312675,-0.04220296556811966,-0.012164802311190936,-0.07852084885736116,0.277127387856453,0.20506304512312074,0.3034086135016548,0.034509534018403516,-3.692978330707697e-07,-3.6929782767907845e-07,8.423563404023969e-10
26.560000000000002,0.8774136306020465,0.8774136306020465,0.7877295210020621,0.7877294198350105,-0.03944907475944884,-0.0114396133235032,-0.07574731281547484,0.27757745027221054,0.20111605872206076,0.29901656450240033,0.03443723498818375,-3.537606967085605e-07,-3.537606913526989e-07,8.34059978169918e-10
26.57,0.8809869294969855,0.8809869294969855,0.792191529653826,0.7921914277851801,-0.03669296495072438,-0.01071310286771761,-0.07296934729783938,0.27801327775043955,0.1971690723210022,0.2946245155031474,0.03436804897841221,-3.381684506656435e-07,-3.381684453491088e-07,8.253534748110574e-10
26.580000000000002,0.8845106731094314,0.8845106731094314,0.7966089777409251,0.7966088751764168,-0.03393479117239634,-0.009985308305598408,-0.07018709481137145,0.2784348388067904,0.19322208591994225,0.29023246650389284,0.034301986681779195,-3.2252436944768537e-07,-3.225243641706309e-07,8.167562867448682e-10
26.59,0.8879846632297351,0.8879846632297335,0.8009816167830672,0.800981513528466,-0.031174708571013787,-0.00925626706307908,-0.06740069817710605,0.2788421021027148,0.1892750995188837,0.2858404175046399,0.034239058137043,-3.0683171783896235e-07,-3.0683171259736773e-07,8.089096024880889e-10
26.6,0.8914087044468666,0.8914087044468683,0.8053092008204655,0.8053090968815768,-0.028412872400491368,-0.008526016628974183,-0.06461030052871257,0.27923503645091086,0.1853281131178237,0.2814483685053854,0.03417927273102719,-2.910937503472488e-07,-2.9109374515999126e-07,7.982813955833189e-10
26.610000000000003,0.8947826041594136,0.8947826041594151,0.8095914864276523,0.8095913818103251,-0.025649438013389425,-0.007794594553687076,-0.061816045310953256,0.27961361082105496,0.18148202904351657,0.27708337625743285,0.03412263920072195,-2.753137107805448e-07,-2.753137056309571e-07,7.903476704753063e-10
26.62,0.8981061725864051,0.8981061725864051,0.8138282327271918,0.8138281274373108,-0.022884560852163532,-0.007062038447913843,-0.05901807627808385,0.279977794345818,0.17763594496921076,0.27271838400948184,0.03406916563548571,-2.5949483164339204e-07,-2.594948265340208e-07,7.821436295960334e-10
26.630000000000003,0.9013792227779935,0.9013792227779951,0.8180192014032275,0.818019095446713,-0.0201183964404211,-0.006328385981342984,-0.056216537492192124,0.28032755632716017,0.17378986089490361,0.2683533917615293,0.034018859479342425,-2.436403337205406e-07,-2.436403286720179e-07,7.70907785351871e-10
26.64,0.9046015706259687,0.9046015706259687,0.8221641567148688,0.8221640500976832,-0.017351100374186162,-0.005593674881351022,-0.05341157332147261,0.2806628662429027,0.1699437768205978,0.2639883995135783,0.033971727533371084,-2.2775342568837065e-07,-2.2775342067277993e-07,7.640555405446675e-10
26.650000000000002,0.9077730348741135,0.9077730348741135,0.8262628655094777,0.826262758237618,-0.014582828313128876,-0.004857942931693854,-0.050603328438433834,0.28098369375358445,0.16609769274629066,0.2596234072656257,0.0339277759581861,-2.1183730352508645e-07,-2.1183729855339674e-07,7.556438902122521e-10
26.66,0.9108934371284007,0.9108934371284007,0.8303150972357638,0.830314989315262,-0.011813735971824002,-0.004121227971193774,-0.047791947818035994,0.2812900087095822,0.16237413508251414,0.25531001334327214,0.03388701027650053,-1.9589515022622184e-07,-1.9589514530226894e-07,7.467631983814076e-10
26.67,0.9139626018670257,0.9139626018670257,0.8343206239567605,0.834320515393689,-0.009043979110985673,-0.0033835678924220994,-0.044977576735755344,0.28158178115851096,0.1586505774187363,0.250996619420917,0.0338494353757729,-1.7993013536055091e-07,-1.7993013047931246e-07,7.387549228586191e-10
26.68,0.9169803564502815,0.9169803564502801,0.8382792203626445,0.8382791111631102,-0.006273713528708286,-0.002645000640377387,-0.04216036076557411,0.28185898135289156,0.15492701975495982,0.24668322549856342,0.033815055510931745,-1.6394541466763224e-07,-1.6394540983392798e-07,7.30125017527156e-10
26.69,0.9199465311302685,0.9199465311302685,0.8421906637834168,0.84219055395356,-0.00350309505169652,-0.001905564211159031,-0.039340445777891704,0.28212157975808266,0.15120346209118196,0.24236983157620828,0.0337838743071741,-1.479441297386197e-07,-1.4794412494064241e-07,7.23381731688614e-10
26.700000000000003,0.922860959060443,0.922860959060443,0.8460547342014111,0.8460546237474116,-0.00073227952651303,-0.0011652966506363112,-0.03651797793735586,0.2823695470604803,0.14747990442740413,0.23805643765385318,0.033755894762836025,-1.3192940759992888e-07,-1.3192940285235572e-07,7.145269004261201e-10
26.71,0.9257234763050023,0.925723476305001,0.8498712142636852,0.8498711031917563,0.002038577189199392,-0.0004242360531127332,-0.03369310370060999,0.2826028541759765,0.14389980836988248,0.23381889352683566,0.03373111925233008,-1.1590436047037578e-07,-1.1590435577103348e-07,7.06101141433275e-10
26.720000000000002,0.9285339218481062,0.9285339218481062,0.8536398892942473,0.8536397776106345,0.0048093192354850545,0.00031757944001436735,-0.030865969813954803,0.28282147225867793,0.14031971231235957,0.22958134939981667,0.033709549529147356,-9.987208537259873e-08,-9.987208073559962e-08,6.95656888618998e-10
26.73,0.9312921376029327,0.9312921376029327,0.8573605473061133,0.857360435017101,0.007579790758829169,0.0010601116415990565,-0.02803672331092168,0.2830253727098769,0.1367396162548379,0.22534380527279915,0.033691186728919645,-8.383566392489161e-08,-8.383565932685578e-08,6.888172065147582e-10
26.740000000000002,0.9339979684205755,0.9339979684205755,0.8610329790132567,0.8610328661251606,0.010349835920943046,0.0018033223200969093,-0.02520551150975476,0.28321452718727946,0.133159520197315,0.22110626114578014,0.03367603137254005,-6.77981619318091e-08,-6.779815738942596e-08,6.795701024439751e-10
26.75,0.9366512620987631,0.9366512620987631,0.8646569778423603,0.8646568643615291,0.013119298907515287,0.0025471732009200864,-0.022372482010799718,0.2833889076144756,0.12957942413979334,0.21686871701876265,0.0336640833693359,-5.176262926620545e-08,-5.176262477014915e-08,6.718099222618018e-10
26.76,0.9392518693904258,0.9392518693904258,0.8682323399444455,0.8682322258772638,0.015888023936983145,0.0032916259677974015,-0.019537782693796468,0.28354848619065975,0.12616291829091208,0.21273084770167744,0.033655342020293744,-3.5732099529228734e-08,-3.5732095073087726e-08,6.650940767762644e-10
26.77,0.9417996440120892,0.9417996440120892,0.871758864206337,0.8717587495592197,0.018655855269293795,0.004036642264139518,-0.016701561715073594,0.283693235400591,0.12274641244203204,0.2085929783845937,0.03364980602133106,-1.970958983521509e-08,-1.9709585430671694e-08,6.567194106428947e-10
26.78,0.9442944426521025,0.9442944426521025,0.8752363522619748,0.875236237041372,0.021422637214664572,0.004782183694409255,-0.013863967504641894,0.28382312802479087,0.11932990659315079,0.20445510906750852,0.033647473466612135,-3.6981006451553e-09,-3.6980962907995355e-09,6.486389325554209e-10
26.790000000000003,0.9467361249787,0.9467361249787,0.8786646085035724,0.8786644927159653,0.02418821414234054,0.005528211825497135,-0.011025148763184703,0.28393813714997695,0.11591340074426953,0.20031723975042331,0.033648341851905315,1.229938447616652e-08,1.2299388780287468e-08,6.406326591540626e-10
26.8,0.9491245536478946,0.9491245536478946,0.8820434400926206,0.8820433237445208,0.026952430489348728,0.0062746881881021776,-0.008185254458942914,0.28403823617972385,0.11249689489538948,0.19617937043333958,0.03365240807797742,2.8279899019767463e-08,2.8279903279804233e-08,6.336199633544322e-10
26.810000000000002,0.9514595943112035,0.9514595943112035,0.885372656970733,0.8853725400686866,0.029715130769248504,0.007021574278118046,-0.005344433824492091,0.28412339884535354,0.10926318809387381,0.1921644405327444,0.033659668454023725,4.4240493719815976e-08,4.42404979349692e-08,6.265636455483168e-10
26.82,0.9537411156232051,0.9537411156232051,0.8886520718703382,0.8886519544209197,0.03247615958087753,0.007768831558024585,-0.0025028363534096232,0.28419359921704723,0.10602948129235927,0.18814951063215063,0.03367011870112969,6.017823668547084e-08,6.017824085472607e-08,6.194298023899916e-10
26.830000000000002,0.9559689892489271,0.9559689892489271,0.8918815003252131,0.8918813823350299,0.03523536161709315,0.008516421458284804,0.0003393882031702913,0.2842488117151721,0.1027957744908436,0.18413458073155542,0.0336837539557607,7.609021356047574e-08,7.609021766695895e-08,6.098611511467814e-10
26.84,0.9581430898710656,0.9581430898710646,0.8950607606808566,0.8950606421565462,0.03799258167350707,0.009264305378747359,0.003182089840116087,0.2842890111218255,0.09956206768932906,0.18011965083096165,0.03370056877327897,9.197352757867039e-08,9.197353164139277e-08,6.031855551458935e-10
26.85,0.9602632951970327,0.9602632951970337,0.8981896741047167,0.8981895550529443,0.040747664657222016,0.010012444690054648,0.006025118301974697,0.28431417259258557,0.09632836088781338,0.17610472093036647,0.0337205571314828,1.0782529978603517e-07,1.0782530379869205e-07,5.956406177953454e-10
26.860000000000003,0.9623294859658399,0.9623294859658409,0.901268064596234,0.9012679450236974,0.04350045559554272,0.01076080073505644,0.008868323086765965,0.2843242716684677,0.09329563420964528,0.17223530384269597,0.03374371243416676,1.2364266904763e-07,1.2364267300591094e-07,5.875205732015333e-10
26.87,0.9643415459548003,0.9643415459548003,0.9042957589967547,0.9042956389101806,0.04625079964470463,0.011509334830229246,0.011711553449897659,0.284319284288081,0.09026290753147824,0.16836588675502687,0.033770027514699624,1.3942279214473885e-07,1.394227960587635e-07,5.809649945758547e-10
26.880000000000003,0.96629936198607,0.9662993619860709,0.9072725869992717,0.9072724664054126,0.0489985420985842,0.012258008267101378,0.014554658408202971,0.2842991867999763,0.08723018085331012,0.1644964696673564,0.033799494639616685,1.5516284389283097e-07,1.551628477511516e-07,5.727703164100133e-10
26.89,0.9682028239330135,0.9682028239330135,0.9101983811579891,0.9101982600636305,0.05174352839738762,0.01300678231368383,0.0173974867441025,0.2842639559751889,0.0841974541751431,0.1606270525796873,0.03383210551222587,1.7086001713462196e-07,1.7086002093205933e-07,5.638641834053585e-10
26.900000000000002,0.9700518247263981,0.9700518247263981,0.9130729768977608,0.9130728553097137,0.05448560413636325,0.013755618215906923,0.020239887009892543,0.284213569019964,0.08116472749697498,0.1567576354920168,0.033867851276223354,1.8651152279558492e-07,1.8651152655050767e-07,5.577410413590045e-10
26.91,0.9718462603604167,0.9718462603604167,0.9158962125233333,0.9158960904484361,0.05722461507447253,0.01450447719906287,0.023081707532161596,0.2841480035886616,0.07835003203477145,0.1530554864877386,0.03390672251931709,2.02114589981095e-07,2.0211459368875975e-07,5.509673493789001e-10
26.92,0.973586029898538,0.973586029898538,0.9186679292284471,0.9186678066735674,0.05996040714307235,0.015253320469254253,0.025922796416336814,0.28406723779683624,0.07553533657256692,0.14935333748345908,0.03394870927685569,2.176664659278571e-07,2.1766646958429338e-07,5.436550486760972e-10
26.93,0.9752710354791845,0.9752710354791837,0.9213879711047668,0.9213878480767986,0.06269282645457895,0.016002109214848435,0.028763001551361952,0.28397125023448594,0.07272064111036339,0.1456511884791809,0.03399380103546081,2.331644160316615e-07,2.3316441964088969e-07,5.369898500690154e-10
26.94,0.9769011823212362,0.9769011823212362,0.9240561851506582,0.9240560616565202,0.06542171931113033,0.01675080460793805,0.03160217061450882,0.2838600199794663,0.06990594564815886,0.1419490394749014,0.03404198673666079,2.4860572387513935e-07,2.4860572742930463e-07,5.292027540724262e-10
26.950000000000003,0.9784763787293632,0.9784763787293632,0.9266724212797806,0.9266722973264208,0.068146932213219,0.017499367805807495,0.03444015107632348,0.2837335266110622,0.06709125018595433,0.13824689047062189,0.0340932547805235,2.639876911791905e-07,2.639876946779224e-07,5.214040714791712e-10
26.96,0.9799965360991829,0.9799965360991822,0.9292365323295418,0.9292364079239327,0.07086831186833781,0.018247759952405632,0.03727679020570923,0.28359175022370814,0.06451041118152064,0.1347328243781879,0.03414759302928531,2.793076378099224e-07,2.7930764125394804e-07,5.137550101337919e-10
26.970000000000002,0.9814615689222441,0.9814615689222441,0.931748374069375,0.9317482492185128,0.07358570519960254,0.018995942179824383,0.04011193507514708,0.2834346714408623,0.061929572177086036,0.13121875828575266,0.034204988810977034,2.945629017439555e-07,2.9456290513536906e-07,5.064577020127561e-10
26.98,0.9828713947908361,0.9828713947908361,0.9342078052088398,0.9342076799197491,0.07629895935434967,0.019743875609783853,0.0429454325660562,0.2832622714290164,0.05934873317265235,0.12770469219331868,0.03426542892304221,3.097508390198511e-07,3.09750842374415e-07,5.015545267353405e-10
26.990000000000002,0.9842259344026268,0.9842259344026268,0.9366146874055867,0.9366145616853143,0.07900792171275224,0.02049152135512334,0.045777129374294546,0.28307453191184095,0.056767894168217745,0.12419062610088345,0.03432889963594743,3.248688237589281e-07,3.248688270528169e-07,4.931258318140372e-10
27.0,0.9855251115651197,0.9855251115651197,0.9389688852731256,0.9389687591287422,0.08171243989639063,0.02123884052129888,0.04860687201580225,0.28287143518446184,0.05418705516378406,0.12067656000844947,0.034395386696783374,3.399142479917905e-07,3.399142512293313e-07,4.853756956202926e-10
27.01,0.9867688531999417,0.9867688531999417,0.941270266388447,0.9412701398270493,0.08441236177683004,0.021985794207886936,0.0514345068323879,0.2826529641278566,0.051854583032848414,0.11737033418576205,0.03446487533285413,3.5488452169302187e-07,3.5488452488018493e-07,4.785511690588363e-10
27.02,0.9879570893469539,0.9879570893469539,0.9435187012994701,0.9435185743281763,0.08710753548417666,0.02273234351009445,0.05425987999765945,0.2824191022233697,0.049522110901913594,0.11406410836307582,0.034537350255254375,3.697770726909799e-07,3.697770758326974e-07,4.724981193173115e-10
27.03,0.9890897531681864,0.9890897531681864,0.945714063532324,0.945713936158277,0.08979780941562002,0.023478449520275255,0.05708283752310124,0.28216983356733516,0.04718963877097794,0.1107578825403884,0.034612795662432194,3.8458934660534627e-07,3.845893496928182e-07,4.651494775549858e-10
27.040000000000003,0.9901667809515977,0.9901667809515977,0.9478562295984618,0.9478561018288265,0.09248303224396087,0.024224073329452915,0.059903225264296873,0.281905142885804,0.044857166640042294,0.10745165671770099,0.034691195243737004,3.993188067291653e-07,3.99318809766909e-07,4.58506060463582e-10
27.05,0.9911881121146593,0.9911881121146593,0.9499450790016074,0.9499449508435699,0.09516305292612315,0.024969176028850005,0.06272088892730103,0.2816250155493693,0.04252469450910747,0.10414543089501474,0.03477253218295155,4.1396293399414974e-07,4.139629369783654e-07,4.513117541507375e-10
27.060000000000002,0.9921536892077623,0.9921536892077623,0.9519804942445323,0.9519803657053024,0.0978377207116501,0.025713718711423757,0.06553567407515917,0.28132943758808027,0.04045370325848739,0.1010656341463743,0.03485678916180646,4.285192268457805e-07,4.2851922977958926e-07,4.4460973718754353e-10
27.07,0.9930634579174499,0.9930634579174499,0.9539623608356662,0.9539622319224732,0.10050688515118403,0.026457662473408305,0.06834742613457681,0.28101839570643966,0.038382712007868046,0.09798583739773496,0.034943948363476675,4.429852011808566e-07,4.4298520405985505e-07,4.372579880882036e-10
27.080000000000002,0.993917367069472,0.993917367069472,0.9558905672955355,0.9558904380156316,0.10317039610492897,0.027200968415863457,0.07115599040273982,0.28069187729847966,0.03631172075724796,0.09490604064909453,0.03503399147605959,4.5735839022953417e-07,4.5735839304950485e-07,4.292780668753082e-10
27.09,0.994715368631664,0.9947153686316637,0.9577650051630345,0.9577648755236918,0.10582810375109483,0.027943597646229865,0.07396121205428485,0.2803498704629043,0.03424072950662861,0.09182624390045517,0.035126899696032866,4.716363444443039e-07,4.7163634722117295e-07,4.2373674260627295e-10
27.1,0.9954574177166482,0.9954574177166485,0.9595855690015301,0.9595854390100397,0.1084798585943311,0.02868551127989093,0.07676293614842221,0.2799923640182991,0.03216973825600853,0.08874644715181473,0.03522265373169335,4.858166314722356e-07,4.858166341883963e-07,4.155199142041e-10
27.110000000000003,0.9961434725843598,0.9961434725843601,0.9613521564047839,0.9613520260684584,0.11112551147412317,0.029426670441741146,0.07956100763621124,0.27961934751839157,0.030371871751891204,0.08591039521489702,0.035321233806574474,4.998968359329337e-07,4.998968386022943e-07,4.094383905269186e-10
27.12,0.9967734946443929,0.9967734946443929,0.9630646680027198,0.9630645373288912,0.1137649135731942,0.030167036267761193,0.08235527136798812,0.27923081126736377,0.028574005247774516,0.08307434327798031,0.035422619662843415,5.138745594254757e-07,5.138745620467914e-07,4.0317636222586643e-10
27.130000000000003,0.997347448458173,0.9973474484581734,0.9647230074670151,0.9647228764630323,0.11639791642587578,0.03090656990659965,0.08514557210094693,0.2788267463352044,0.026776138743657193,0.08023829134106261,0.035526790564677155,5.277474203688182e-07,5.27747422932924e-07,3.9550848990266623e-10
27.14,0.9978653017409493,0.9978653017409493,0.9663270815165085,0.9663269501897419,0.11902437192644671,0.031645232521161124,0.08793175450687482,0.2784071445730938,0.024978272239540505,0.07740223940414591,0.03563372530161684,5.415130538699575e-07,5.41513056392881e-07,3.9031751169767124e-10
27.150000000000002,0.9983270253636113,0.9983270253636113,0.9678767999224602,0.9678766682802966,0.12164413233748136,0.032382985290201526,0.09071366318004101,0.27797199862881816,0.02318040573542318,0.07456618746722819,0.03574340219190185,5.551691117100521e-07,5.551691141741366e-07,3.82396434106913e-10
27.16,0.9987325933543267,0.9987325933543267,0.9693720755136176,0.9693719435634612,0.1242570502981461,0.03311978940992937,0.09349114264523947,0.27752130196220065,0.021665772237314904,0.0719898256577099,0.03585579908578205,5.687132621293167e-07,5.687132645344484e-07,3.744482718343575e-10
27.17,0.9990819829000033,0.9990819829000033,0.9708128241811231,0.9708126919303965,0.1268629788324946,0.03385560609561453,0.09626403736598736,0.2770550488605445,0.020151138739206088,0.06941346384819069,0.03597089336880951,5.82143189785389e-07,5.821431921381043e-07,3.6750884481957596e-10
27.18,0.999375174347571,0.9993751743475708,0.9721989648832434,0.9721988323393859,0.12946177135773268,0.03459039658320296,0.09903219175287675,0.27657323445407866,0.018636505241097813,0.0668371020386724,0.03608866196510928,5.954565956423075e-07,5.954565979541055e-07,3.6236375524803466e-10
27.19,0.9996121512050882,0.9996121512050882,0.9735304196499313,0.9735302868203977,0.1320532816924697,0.03532412213093878,0.10179545017208057,0.27607585473140234,0.017121871742988997,0.0642607402291532,0.03620908134063062,6.086511969011221e-07,6.08651199156679e-07,3.5481038145362447e-10
27.200000000000003,0.9997929001426693,0.9997929001426693,0.9748071135872053,0.9748069804794678,0.13463736406492896,0.0360567440209926,0.104553656954014,0.27556290655491456,0.015607238244880183,0.061684378419633985,0.03633212750637793,6.217247268333614e-07,6.217247290288775e-07,3.46639758578175e-10
27.21,0.9999174109932341,0.9999174109932341,0.9760289748813682,0.9760288415029141,0.13721387312115835,0.036788223561096935,0.10730665640214969,0.2750343876762273,0.014384353573293566,0.059382191980824596,0.036457776021623485,6.346749347116432e-07,6.346749368695712e-07,3.420028591715192e-10
27.220000000000002,0.9999856767530801,0.9999856767530801,0.977195934803046,0.9771958011613775,0.13978266393320649,0.03751852208618816,0.11005429280198648,0.27449029675155046,0.013161468901706514,0.05708000554201439,0.036586001997101665,6.474995858096744e-07,6.474995879046195e-07,3.333255201355019e-10
27.23,0.9999976935822764,0.9999976935822764,0.9783079277110487,0.9783077938136835,0.14234359200726265,0.03824760096005535,0.11279641043017204,0.27393063335703866,0.011938584230119897,0.05477781910320499,0.03671678009818523,6.601964611385736e-07,6.601964632026447e-07,3.29743422836783e-10
27.240000000000002,0.9999534608048796,0.9999534608048796,0.9793648910560699,0.9793647569105396,0.14489651329180156,0.038975421576995586,0.11553285356377922,0.27335539800409875,0.010715699558532845,0.05247563266439478,0.036850084548046266,6.727633575995262e-07,6.72763359595923e-07,3.2026289567278566e-10
27.25,0.9998529809089715,0.9998529809089715,0.9803667653842,0.9803666309980498,0.14744128418567287,0.039701945363476515,0.11826346648973499,0.2727645921546445,0.009492814886946229,0.050173446225585394,0.03698588913080139,6.851980876645958e-07,6.851980896070129e-07,3.129417968527375e-10
27.26,0.9996962595465199,0.9996962595465199,0.9813134943402715,0.9813133597210612,0.14997776154618475,0.04042713377980525,0.1209880935144011,0.2721582182362924,0.00856855454436013,0.048158378887122696,0.03712416719464301,6.974984794877459e-07,6.974984813815789e-07,3.064625741925723e-10
27.27,0.9994833055330601,0.9994833055330601,0.982205024671031,0.9822048898263321,0.15250580269715455,0.041150948321804263,0.12370657897330714,0.2715362796574889,0.0076442942017743605,0.04614331154866071,0.03726489165495765,7.096623767799404e-07,7.096623786280398e-07,3.0042045452765536e-10
27.28,0.9992141308471991,0.9992141308471991,0.9830413062281317,0.98304117116553,0.155025265436934,0.04187335052249369,0.12641876724103412,0.27089878082256214,0.0067200338591882625,0.04412824421019802,0.03740803499743282,7.216876387744486e-07,7.216876405644821e-07,2.9233966134597995e-10
27.290000000000003,0.9988887506299423,0.9988887506299423,0.9838222919709573,0.9838221566980495,0.1575360080464084,0.042594301953780916,0.12912450274124807,0.2702457271466923,0.005795773516602164,0.042113176871735325,0.0375535692811546,7.335721401366402e-07,7.335721418733219e-07,2.849860819132004e-10
27.3,0.9985071831838408,0.9985071831838408,0.9845479379692652,0.9845478024936605,0.16003788929696788,0.0433137642281564,0.1318236299568829,0.2695771250707884,0.004871513174016395,0.04009810953327334,0.03770146614169668,7.453137709709234e-07,7.453137726643355e-07,2.7925287756866203e-10
27.310000000000002,0.998069449971963,0.998069449971963,0.9852182034056594,0.9852180677349784,0.16253076845845185,0.04403169900039671,0.13451599344047255,0.26889298207626444,0.004251073688300661,0.03838149073676714,0.03785169679420279,7.569104367999291e-07,7.569104384465093e-07,2.729006567260188e-10
27.32,0.9975755756166866,0.9975755756166866,0.9858330505778856,0.98583291471976,0.1650145053070647,0.044748067969273574,0.1372014378246279,0.26819330669970665,0.003630634202585146,0.03666487194026155,0.03800423203646414,7.683600585159378e-07,7.68360060109194e-07,2.6542969084071334e-10
27.330000000000002,0.997025587898314,0.997025587898314,0.9863924449009532,0.9863923088630245,0.16748896013326364,0.04546283287927051,0.1398798078326629,0.26747810854742643,0.003010194716869411,0.034948253143755346,0.038159042251994874,7.796605723600636e-07,7.79660573913045e-07,2.600927415581614e-10
27.34,0.9964195177535092,0.9964195177535095,0.9868963549090781,0.986896218698999,0.16995399374961598,0.04617595552230533,0.14255094828936296,0.26674739830988664,0.0023897552311538967,0.03323163434724976,0.038316097413106084,7.908099299985816e-07,7.908099314912265e-07,2.5134649244811526e-10
27.35,0.9957573992735583,0.995757399273558,0.9873447522574563,0.9873446158828879,0.17240946749863426,0.04688739773946013,0.14521470413189874,0.2660011877759938,0.0017693157454381624,0.031515015550743555,0.03847536708398124,8.018060984119058e-07,8.018060998614074e-07,2.454403971124952e-10
27.360000000000003,0.9950392697024508,0.9950392697024504,0.9877376117238542,0.9877374751924679,0.17485524326056398,0.04759712142271705,0.14787092042088132,0.26523948984725043,0.0014561854530822373,0.030106496751531823,0.03863682042375538,8.126470600611224e-07,8.126470614488971e-07,2.3632756913761596e-10
27.37,0.9942651694347858,0.9942651694347858,0.9880749112100305,0.9880747745295063,0.1772911834611635,0.048305088516701455,0.15051944235155787,0.26446231855175795,0.0011430551607264235,0.028697977952320586,0.03880042618960009,8.233308127769678e-07,8.233308141214223e-07,2.3028578698716005e-10
27.380000000000003,0.9934351420134995,0.993435142013499,0.9883566317429789,0.9883564949210046,0.1797171510794422,0.04901126102043145,0.15316011526514758,0.2636696890580562,0.0008299248683704985,0.027289459153108854,0.038966152739815865,8.338553699402396e-07,8.338553712360641e-07,2.2328050806094526e-10
27.39,0.9925492341274152,0.9925492341274152,0.9885827574759927,0.9885826205202648,0.1821330096553567,0.04971560098907357,0.1557927846603142,0.26286161768880484,0.0005167945760146846,0.025880940353897618,0.03913396803693654,8.442187604609797e-07,8.442187616985398e-07,2.145422568590418e-10
27.400000000000002,0.9916074956086182,0.9916074956086182,0.9887532756895596,0.9887531386077817,0.18453862329750248,0.05041807053570619,0.15841729620477504,0.26203812193428205,0.00020366428365875945,0.024472421554685885,0.03930383965084551,8.54419028827047e-07,8.544190300355318e-07,2.108086750832784e-10
27.41,0.9906099794296516,0.9906099794296516,0.9888681767920748,0.9888680395919578,0.1869338566907453,0.05111863183308753,0.16103349574704348,0.2611992204657047,0.00019960371707536647,0.02337992195784292,0.03947573476190849,8.644542353261619e-07,8.644542364802055e-07,2.0259538086229458e-10
27.42,0.9895567417005376,0.9895567417005376,0.988927454320382,0.9889273170096431,0.18931857510383843,0.05181724711543251,0.1636412293283055,0.26034493314835466,0.00019554315049197203,0.02228742236099957,0.03964962016412456,8.743224559695784e-07,8.743224570714525e-07,1.9469695215898815e-10
27.43,0.9884478416656207,0.9884478416656213,0.9889311049401351,0.9889309675264983,0.19169264439699868,0.0525138786801944,0.16624034319442288,0.25947528105450707,0.00019148258390857902,0.02119492276415661,0.03982546226829828,8.840217827071895e-07,8.840217837671388e-07,1.8853516040037835e-10
27.44,0.9872833417002357,0.9872833417002357,0.9888791284459887,0.9888789909371833,0.19405593102945773,0.05320848888985342,0.16883068380806943,0.25859028647615057,0.0001874220173251846,0.020102423167313258,0.040003227105236565,8.935503235524278e-07,8.935503245717444e-07,1.8253960829048965e-10
27.450000000000003,0.9860633073071983,0.9860633073071983,0.9887715277616059,0.9887713901653669,0.19640830206696225,0.05390104017371198,0.17141209786098874,0.25768997293748885,0.00018336145074179016,0.01900992357046991,0.04018288032897139,9.029062027210433e-07,9.029062036787245e-07,1.726915210863597e-10
27.46,0.9847878071131214,0.9847878071131221,0.9886083089394975,0.9886081712635644,0.19874962518926162,0.054591495029695784,0.17398443228637941,0.2567743652072214,0.0004883934399133072,0.018239585606153286,0.04036438722001359,9.120875607074308e-07,9.12087561627889e-07,1.671544478734267e-10
27.470000000000002,0.9834569128645549,0.9834569128645549,0.9883894811606786,0.9883893434127958,0.2010797686975509,0.05527981602616187,0.17654753427139913,0.25584348931059014,0.0007934254290849326,0.01746924764183639,0.040547712688639125,9.210925546038196e-07,9.210925554781022e-07,1.5991595560823185e-10
27.48,0.9820706994239499,0.9820706994239499,0.9881150567341548,0.9881149189220706,0.20339860152186773,0.055965965803712416,0.17910125126979087,0.2548973725411853,0.0010984574182564496,0.016698909677519767,0.040732821278211595,9.299193581766008e-07,9.299193589955853e-07,1.5090531765108257e-10
27.490000000000002,0.9806292447654456,0.9806292447654456,0.9877850510962274,0.9877849132276935,0.20570599322848043,0.05664990707701522,0.18164543101462238,0.25393604347250365,0.001403489407428075,0.015928571713202874,0.04091967716854378,9.385661620814334e-07,9.385661628580906e-07,1.4418182667820742e-10
27.5,0.979132629970487,0.979132629970487,0.9873994828096262,0.987399344892398,0.20800181402721285,0.05733160263662992,0.18417992153114418,0.2529595319692495,0.001708521396599592,0.01515823374888625,0.04110824417930201,9.470311741338611e-07,9.470311748751848e-07,1.3867727266484374e-10
27.51,0.9775809392232618,0.9775809392232618,0.986958373562466,0.9869582356043012,0.21028593477875035,0.058011015350840925,0.18670457114975555,0.2519678691983719,0.0023209309407199387,0.014714388537361461,0.041298485773455934,9.553126195382955e-07,9.553126202248367e-07,1.2943290480100097e-10
27.52,0.9759742598059655,0.9759742598059655,0.9864617481670257,0.9864616101756845,0.2125582270019029,0.05868810816749562,0.1892192285190813,0.2509610876398316,0.002933340484840068,0.014270543325836828,0.0414903650607777,9.6340874105455e-07,9.634087417065189e-07,1.2389415938932432e-10
27.53,0.9743126820938915,0.9743126820938915,0.9859096345583526,0.9859094965415969,0.21481856288083215,0.059362844115849744,0.1917237426191547,0.2499392210970811,0.0035457500289604147,0.013826698114312039,0.0416838448013922,9.713177994002953e-07,9.713178000111212e-07,1.1701809069379624e-10
27.540000000000003,0.9725962995503482,0.9725962995503482,0.9853020637926919,0.9853019257582849,0.2170668152722408,0.060035186308417594,0.19421796277470418,0.2489023047072672,0.0041581595730807615,0.013382852902787248,0.041878887409385016,9.790380734384097e-07,9.790380740075656e-07,1.0993720747966179e-10
27.55,0.9708252087214009,0.9708252087214009,0.9846390700457387,0.984638932001445,0.21930285771252475,0.06070509794282906,0.19670173866853874,0.24785037495113074,0.00477056911720089,0.012939007691262617,0.042075454956467584,9.865678605239236e-07,9.86567861046553e-07,1.0180099095149379e-10
27.560000000000002,0.9689995092304419,0.9689995092304419,0.9839206906107167,0.9839205525643011,0.22152656442488625,0.061372542303691886,0.19917492035503342,0.2467834696626053,0.005686913027033281,0.012824150691769131,0.04227350917570556,9.939054768093314e-07,9.93905477281412e-07,9.274424132351995e-11
27.57,0.9671193037725861,0.9671193037725861,0.9831469658962796,0.9831468278555073,0.22373781032640905,0.06203748276446023,0.2016373582737068,0.24570162803810733,0.006603256936865347,0.012709293692275686,0.042473011465313085,1.0010492575707186e-06,1.0010492580060995e-06,8.628211431957871e-11
27.580000000000002,0.9651846981088947,0.9651846981088947,0.9823179394242383,0.9823178013968744,0.22593647103509423,0.06269988278930849,0.20408890326289245,0.2446048906455075,0.0075196008466977375,0.0125944366927822,0.04267392289251651,1.0079975576171574e-06,1.0079975580105629e-06,7.865775423790435e-11
27.59,0.9631958010604263,0.9631958010604273,0.981433657827114,0.981433519820922,0.2281224228768557,0.06335970593501122,0.20652940657349533,0.24349329943277784,0.008435944756529803,0.012479579693288756,0.04287620419749048,1.0147487515960174e-06,1.0147487519533726e-06,7.209754003890051e-11
27.6,0.9611527245021165,0.9611527245021155,0.980494170845512,0.9804940328682553,0.23029554289248172,0.06401691585282851,0.2089587198828359,0.2423668977363068,0.009352288666362193,0.01236472269379527,0.04307981579737087,1.0213012344231776e-06,1.0213012347517425e-06,6.690078817269742e-11
27.610000000000003,0.9590555833564809,0.9590555833564799,0.979499531325329,0.9794993933847681,0.2324557088445413,0.06467147629039657,0.2113766953085736,0.24122573028887503,0.010567414923101877,0.01257949967416638,0.04328471779034688,1.0276534217062983e-06,1.027653421988891e-06,5.808070759766815e-11
27.62,0.956904495587157,0.956904495587157,0.978449795214775,0.9784496573186692,0.23460279922426935,0.06532335109362457,0.21378318542270972,0.2400698432272859,0.01178254117984113,0.012794276654537414,0.04349086995983672,1.0338037500987052e-06,1.0338037503387367e-06,4.9804844052886254e-11
27.630000000000003,0.9546995821922646,0.9546995821922635,0.9773450215612284,0.977344883717335,0.23673669325840108,0.06597250420859577,0.21617804326566417,0.23889928409964362,0.012997667436580814,0.013009053634908525,0.043698231778749944,1.0397506778128673e-06,1.039750678007853e-06,4.085179043659045e-11
27.64,0.9524409671976009,0.9524409671976009,0.9761852725079181,0.9761851347239899,0.2388572709159557,0.06661889968347467,0.21856112236042327,0.23771410187227185,0.014212793693320066,0.013223830615279559,0.04390676241383973,1.045492685022853e-06,1.045492685194647e-06,3.634917685701597e-11
27.650000000000002,0.9501287776496636,0.9501287776496636,0.9749706132904208,0.9749704755742084,0.24096441291500215,0.06726250167041946,0.22093227672675556,0.23651434693626736,0.015427919950059751,0.01343860759565067,0.044116420730149125,1.0510282744402577e-06,1.0510282745656055e-06,2.6788955853165412e-11
27.66,0.9477631436085054,0.9477631436085054,0.9737011122329977,0.9737009745922479,0.24305800072935746,0.06790327442749898,0.2232913608954898,0.23530007111367998,0.01693499667185777,0.013981811001571951,0.044327165295553445,1.0563559716542104e-06,1.0563559717485683e-06,2.0372551162046226e-11
27.67,0.9453441981404173,0.9453441981404173,0.9723768407447487,0.9723767031872032,0.2451379165952593,0.06854118232061517,0.22563822992285446,0.23407132766331665,0.018442073393656326,0.014525014407493427,0.044538954385403944,1.061474325783629e-06,1.0614743258427601e-06,1.2899901824360203e-11
27.68,0.9428720773104439,0.9428720773104451,0.9709978733155963,0.9709977358489926,0.24720404351798747,0.06917618982543047,0.22797273940487298,0.23282817128615946,0.019949150115454343,0.01506821781341471,0.044751745987274674,1.066381909928249e-06,1.0663819099455103e-06,3.805593923735282e-12
27.69,0.9403469201747302,0.9403469201747302,0.969564287512093,0.9695641501441643,0.24925626527845035,0.0698082615292997,0.23029474549181014,0.2315706581303941,0.021456226837252897,0.015611421219336185,0.04496549780581627,1.0710773217098568e-06,1.0710773216954128e-06,3.2188127112031957e-12
27.700000000000003,0.9377688687726993,0.9377688687726993,0.9680761639730642,0.9680760267115365,0.2512944664397121,0.07043736213320728,0.23260410490266814,0.23029884579604173,0.022963303559051452,0.01615462462525766,0.04518016726772016,1.0755591838829126e-06,1.0755591838316495e-06,1.1549090215051199e-11
27.71,0.9351380681190626,0.9351380681190639,0.9665335864050665,0.9665334492576609,0.2533185323534948,0.07106345645370858,0.2349006749397268,0.2290127933391906,0.024753857412340412,0.017023200369576982,0.04539571152679647,1.0798261448549673e-06,1.0798261447693505e-06,1.950371786290196e-11
27.720000000000002,0.9324546661956634,0.9324546661956634,0.9649366415776792,0.9649365045521111,0.2553283491666274,0.07168650942487587,0.2371843135031229,0.22771256127582007,0.026544411265630008,0.017891776113896612,0.0456120874691682,1.0838768793042242e-06,1.0838768791905354e-06,2.6192156624893635e-11
27.73,0.9297188139431537,0.9297188139431537,0.9632854193186311,0.963285282422607,0.25732380382744013,0.07230648610024884,0.23945487910546692,0.2263982115852107,0.02833496511891897,0.018760351858215937,0.04582925171858508,1.0877100888040392e-06,1.0877100886504975e-06,3.578133926827306e-11
27.740000000000002,0.9269306652524986,0.9269306652524986,0.9615800125087363,0.961579875749957,0.2593047840921376,0.07292335165478993,0.24171223088649132,0.22506980771294116,0.030125518972208568,0.019628927602535567,0.046047160641860894,1.0913245023849716e-06,1.0913245021991446e-06,4.381248810154251e-11
27.75,0.9240903769563281,0.9240903769563281,0.9598205170766789,0.9598203804628376,0.26127117853110104,0.07353707138684268,0.2439562286277268,0.22372741457345824,0.03191607282549753,0.02049750334685489,0.046265770354435666,1.0947188772286731e-06,1.094718877017073e-06,5.048321933893447e-11
27.76,0.92119810882011,0.92119810882011,0.9580070319936133,0.9580068955323938,0.26322287653516185,0.07414761072009553,0.24618673276720174,0.2223710985522232,0.03398003666515528,0.021686567980771388,0.04648503672606707,1.0978919993062664e-06,1.0978919990658816e-06,5.804496568371159e-11
27.77,0.9182540235331643,0.9182540235331643,0.9561396592675969,0.9561395229666759,0.265159768321822,0.07475493520554914,0.24840360441416173,0.22100092750742525,0.0360440005048123,0.022875632614687464,0.04670491538665312,1.1008426840306007e-06,1.1008426837523684e-06,6.801063761562704e-11
27.78,0.9152582866995123,0.9152582866995123,0.9542185039378535,0.9542183678048971,0.26708174494142894,0.07535901052348673,0.2506067053638034,0.21961697077126166,0.03810796434447005,0.02406469724860396,0.04692536173218934,1.1035697769085084e-06,1.103569776606128e-06,7.48377911549041e-11
27.790000000000003,0.9122110668285607,0.9122110668285607,0.9522436740688635,0.9522435381115292,0.2689886982833048,0.07595980248544944,0.2527958981120189,0.21821929915077337,0.040171928184127806,0.02525376188252046,0.047146330930861964,1.106072154311022e-06,1.1060721539701835e-06,8.54282529715134e-11
27.8,0.909112535325624,0.909112535325624,0.9502152807442866,0.9502151449702225,0.27088052108182686,0.0765572770362148,0.25497104587014696,0.21680798492824324,0.042235892023784825,0.026442826516436535,0.04736777792928169,1.1083487240562406e-06,1.1083487237039982e-06,8.942706542582595e-11
27.810000000000002,0.9059628664822822,0.9059628664822822,0.9481334380607125,0.9481333024775552,0.27275710692246147,0.07715140025577856,0.2571320125797255,0.2153831018611419,0.0445616614942845,0.0279456946860254,0.047589657458858306,1.1103984262905708e-06,1.1103984258985255e-06,1.0083882935233541e-10
27.82,0.9027622374665772,0.9027622374665772,0.9459982631212431,0.9459981277366198,0.27461835024774994,0.07774213836134033,0.2592786629272408,0.21394472518162522,0.046887430964783344,0.02944856285561373,0.04781192404231975,1.1122202340230203e-06,1.1122202336026052e-06,1.0957840316937357e-10
27.830000000000002,0.8995108283130474,0.8995108283130474,0.9438098760289059,0.9438097408504312,0.276464146363246,0.07832945770929176,0.26141086235887107,0.21249293159557725,0.04921320043528302,0.03095143102520259,0.0480345320003779,1.11381315399256e-06,1.1138131535603114e-06,1.1418992995837589e-10
27.84,0.8962088219126001,0.8962088219126018,0.9415683998798987,0.9415682649151761,0.27829439144340395,0.0789133247972085,0.26352847709521543,0.2110277992811967,0.05153896990578186,0.032454299194790925,0.04825743545854223,1.1151762274175248e-06,1.1151762269584621e-06,1.2294401538308416e-10
27.85,0.8928564040022265,0.8928564040022249,0.9392739607566606,0.9392738260132834,0.28010898253742317,0.07949370626584501,0.2656313741460092,0.20954940788712267,0.053864739376281535,0.03395716736437979,0.0484805883540845,1.1163085306548082e-06,1.1163085301838468e-06,1.2789594615158177e-10
27.860000000000003,0.8894537631545469,0.8894537631545453,0.9369266877207909,0.9369265532063369,0.2819078175750306,0.08007056890113197,0.26771942132481713,0.20805783853009915,0.056439238155601576,0.03576538939808478,0.04870394444315576,1.1172091760949798e-06,1.1172091755894502e-06,1.3923565082703731e-10
27.87,0.8860010907672133,0.8860010907672133,0.9345267128057788,0.9345265785278144,0.2836907953722295,0.08064387963617632,0.26979248726369953,0.2065531737921734,0.059013736934920694,0.03757361143178913,0.048927457308056796,1.1178773128006636e-06,1.1178773122690397e-06,1.485382692767293e-10
27.880000000000003,0.8824985810521372,0.8824985810521355,0.9320741710095769,0.9320740369756566,0.2854578156369916,0.08121360555326418,0.271850441427852,0.20503549771742907,0.061588235714240734,0.03938183346549413,0.04915108036466552,1.1183121273877772e-06,1.1183121268394354e-06,1.5545841804477283e-10
27.89,0.8789464310245666,0.8789464310245666,0.9295692002870194,0.9295690665046812,0.2872087789748895,0.08177971388586594,0.27389315413020365,0.20350489580825026,0.06416273449355986,0.04119005549919848,0.04937476687002,1.118512844816566e-06,1.1185128442297397e-06,1.6885037684466096e-10
27.900000000000002,0.8753448404920038,0.8753448404920038,0.9270119415420452,0.9270118080188144,0.28894358689469957,0.08234217202064388,0.2759204965459833,0.201961455021115,0.06673723327287989,0.04299827753290347,0.04959846993006144,1.1184787290646758e-06,1.1184787284768398e-06,1.7170391798690993e-10
27.91,0.8716940120429667,0.8716940120429667,0.924402538619786,0.9244024053631743,0.290662141813933,0.0829009474994611,0.27793234072723483,0.2004052637619174,0.06954598659234264,0.0451016869486634,0.04982214250753568,1.1182090841332926e-06,1.1182090835264136e-06,1.7999535316741468e-10
27.92,0.867994151035593,0.867994151035593,0.9217411382984679,0.9217410053159701,0.29236434706432873,0.08345600802139332,0.27992855961728724,0.19883641188081763,0.07235473991180638,0.04720509636442407,0.050045737430056116,1.1177032546785814e-06,1.1177032540386593e-06,1.9276432956311737e-10
27.93,0.8642454655860886,0.8642454655860904,0.9190278902811584,0.9190277575802545,0.2940501068972894,0.08400732144474192,0.28190902706516907,0.1972549906666184,0.07516349323126914,0.049308505780183996,0.05026920739832785,1.1169606268582322e-06,1.1169606261980153e-06,2.0203809195094573e-10
27.94,0.8604481665570219,0.8604481665570219,0.9162629471873395,0.9162628147754951,0.29571932648927124,0.08455485578904873,0.283873617839965,0.19566109284066602,0.07797224655073288,0.051411915195944666,0.05049250499453412,1.1159806291918817e-06,1.1159806285260386e-06,2.0704947854393e-10
27.950000000000003,0.856602467545462,0.856602467545462,0.9134464645443349,0.9134463324289971,0.29737191194711,0.08509857923711188,0.28582220764510896,0.19405481255027984,0.08078099987019663,0.05351532461170534,0.050715582690885816,1.1147627333799037e-06,1.114762732696558e-06,2.159775344804584e-10
27.96,0.8527085848709641,0.8527085848709659,0.9105786007785506,0.9105784689671507,0.29900777031330944,0.08563846013700384,0.28775467313260816,0.19243624536170445,0.0838082158968848,0.05590209527661655,0.05093839285833367,1.1133064550528093e-06,1.113306454352451e-06,2.2504339378893914e-10
27.970000000000002,0.848766737563402,0.848766737563402,0.9076595172065635,0.9076593857065172,0.3006268095712701,0.0861744670040894,0.2896708919171961,0.19080548825259,0.08683543192357404,0.05828886594152859,0.051160887775444544,1.1116113546386086e-06,1.1116113539229534e-06,2.338521861209984e-10
27.98,0.8447771473506495,0.8447771473506495,0.90468937802606,0.9046892468447625,0.3022289386504575,0.08670656852304538,0.29157074259040683,0.18916263960399643,0.0898626479502622,0.0606756366064398,0.051383019637440644,1.1096770381746612e-06,1.1096770374408296e-06,2.4391667542808985e-10
27.990000000000002,0.8407400386461001,0.8407400386461001,0.9016683503065819,0.9016682194514126,0.3038140674315357,0.08723473354988069,0.29345410473456657,0.18750779919192698,0.09288986397695145,0.06306240727135184,0.05160474056540222,1.1075031580987105e-06,1.1075031573583988e-06,2.5037143298577707e-10
28.0,0.8366556385360561,0.8366556385360561,0.8985966039801432,0.8985964734584635,0.30538210675142796,0.08775893111395745,0.2953208589366994,0.1858410681783888,0.09591708000363962,0.06544917793626305,0.051826002615633526,1.105089414109306e-06,1.105089413361583e-06,2.5736871858258574e-10
28.01,0.8325241767669465,0.8325241767669465,0.8954743118316647,0.8954741816508156,0.30693296840833595,0.08827913042001159,0.29717088680234066,0.18416254910198196,0.09914573862782518,0.0681058905573992,0.05204675778919102,1.1024355539429598e-06,1.1024355531810623e-06,2.669796631422632e-10
28.02,0.8283458857324064,0.8283458857324064,0.8923016494892567,0.8923015196565618,0.30846656516670046,0.08879530085017431,0.2990040709692535,0.18247234586801994,0.10237439725200959,0.0707626031785344,0.052266958041573344,1.0995413741721194e-06,1.0995413733995963e-06,2.7566630071020543e-10
28.03,0.8241210004602051,0.8241210004602051,0.8890787954143393,0.8890786659371007,0.3099828107621081,0.08930741196599376,0.3008202951210451,0.18077056373818412,0.10560305587619513,0.07341931579967054,0.05248655529257285,1.096406721017018e-06,1.0964067202545766e-06,2.771375968778062e-10
28.040000000000003,0.819849758599025,0.819849758599025,0.8858059308916045,0.8858058017771052,0.311481619906144,0.0898154335104556,0.30261944400067653,0.17905730931971037,0.10883171450038069,0.07607602842080669,0.05270550143628656,1.0930314912269146e-06,1.0930314904349252e-06,2.933279406249838e-10
28.05,0.8155324004050947,0.8155324004050947,0.8824832400188188,0.8824831112743226,0.31296290829118895,0.09031933541000413,0.30440140342386185,0.17733269055411452,0.1120603731245651,0.07873274104194189,0.05292374835128577,1.089415632669899e-06,1.0894156318713103e-06,3.0146237885336546e-10
28.060000000000002,0.8111691687286741,0.8111691687286741,0.8791109096964675,0.879110781329215,0.31442659259516187,0.09081908777656236,0.3061660602923527,0.17559681670545674,0.11547232165295453,0.08164445861449907,0.05314124791094336,1.0855591453182156e-06,1.085559144518812e-06,3.076701070298364e-10
28.07,0.8067603090003945,0.8067603090003945,0.8756891296172421,0.8756890016344553,0.31587259048620664,0.0913146609095514,0.3079133026071038,0.17384979834814895,0.11888427018134275,0.08455617618705522,0.053357951993916734,1.0814620819421528e-06,1.0814620811309504e-06,3.1841483673700543e-10
28.080000000000002,0.8023060692174534,0.8023060692174534,0.8722180922553701,0.8722179646642466,0.31730082062732307,0.09180602529790877,0.3096430194813135,0.17209174735430766,0.12229621870973219,0.08746789375961239,0.05357381249478449,1.0771245488247483e-06,1.077124548024299e-06,3.205391958249985e-10
28.09,0.7978066999296638,0.797806699929666,0.8686979928557892,0.8686978656635056,0.3187112026809418,0.09229315162210583,0.311355101153335,0.17032277688065614,0.1257081672381204,0.09037961133216854,0.05378878133483482,1.0725467066569072e-06,1.0725467058325085e-06,3.369061159050474e-10
28.1,0.7932624542253642,0.7932624542253621,0.8651290294231576,0.8651289026368707,0.3201036573134459,0.09277601075616328,0.313049438999456,0.16854300135497974,0.12912011576650984,0.09329132890472572,0.05400281047300403,1.0677287710508798e-06,1.0677287702488866e-06,3.3458799750495776e-10
28.110000000000003,0.7886735877171729,0.7886735877171708,0.8615114027107325,0.861511276337572,0.3214781061996278,0.09325457376966581,0.3147259255465384,0.16675253646213745,0.13269617098329262,0.09644168069329917,0.05421585191696167,1.062671013567218e-06,1.0626710127565435e-06,3.4538296824360025e-10
28.12,0.7840403585276232,0.7840403585276232,0.8578453162090626,0.8578451902561364,0.3228344720270998,0.09372881192977428,0.31638445448451946,0.16495149912963458,0.13627222620007415,0.0995920324818715,0.05442785773434127,1.057373762165803e-06,1.0573737613450999e-06,3.5719464819566604e-10
28.130000000000003,0.7793630272746352,0.779363027274633,0.8541309761345415,0.8541308506089367,0.3241726785006438,0.09419869670323598,0.31802492067876154,0.16314000751276234,0.13984828141685693,0.10274238427044496,0.05463878006411181,1.0518374020385135e-06,1.05183740121299e-06,3.671685965473973e-10
28.14,0.7746418570568588,0.7746418570568588,0.8503685914178263,0.8503684663266015,0.32549265034649594,0.09466419975839328,0.31964722018225655,0.161318180979307,0.14342433663363846,0.10589273605901729,0.05484857112808961,1.0460623762753585e-06,1.046062375454386e-06,3.7328262411391186e-10
28.150000000000002,0.7698771134388739,0.7698771134388739,0.84655837369206,0.8465582490422521,0.32679431331658976,0.09512529296718868,0.32125125024767065,0.1594861400938339,0.14700039185042124,0.10904308784759074,0.05505718324258434,1.0400491865514283e-06,1.040049185729798e-06,3.8204802624784743e-10
28.16,0.7650690644362524,0.7650690644362524,0.8427005372809866,0.8427004130796086,0.32807759419272586,0.09558194840716872,0.322836909339233,0.15764400660155395,0.15072044787228644,0.11241436142840294,0.055264568830178856,1.0337983937375173e-06,1.0337983929193169e-06,3.89221040365281e-10
28.17,0.7602179805004834,0.7602179805004834,0.8387952991868873,0.8387951754409239,0.3293424207906933,0.09603413836348312,0.32440409714445795,0.1557919034117745,0.15444050389415298,0.11578563500921635,0.05547068043163658,1.0273106185731962e-06,1.0273106177576195e-06,3.9706606316255615e-10
28.18,0.7553241345037589,0.7553241345037612,0.834842879078377,0.8348427557947882,0.33058872196432887,0.09648183533088238,0.32595271458570524,0.1539299545809446,0.15816055991601818,0.11915690859002855,0.05567547071793565,1.0205865422566185e-06,1.02058654144971e-06,4.022106534956503e-10
28.19,0.7503878017236258,0.7503878017236258,0.8308434992780387,0.830843376463762,0.33181642760952185,0.09692501201571165,0.327482663831561,0.1520582852952967,0.16188061593788472,0.12252818217084194,0.05587889250242213,1.0136269070690207e-06,1.0136269062665044e-06,4.097209207320916e-10
28.200000000000003,0.7454092598275017,0.7454092598275017,0.8267973847499378,0.8267972624118793,0.33302546866815175,0.09736364133790029,0.3289938483080493,0.15017702185309448,0.16560067195975126,0.12589945575165534,0.056080898753081865,1.0064325169090171e-06,1.0064325161192413e-06,4.1316253816539963e-10
28.21,0.7403887888570554,0.7403887888570577,0.8227047630869493,0.8227046412319902,0.3342157771319778,0.09779769643294836,0.3304861727096616,0.14828629164649137,0.16944381327847918,0.12947269659824923,0.05628144260492439,9.990042379032227e-07,9.990042371119334e-07,4.243430188167975e-10
28.220000000000002,0.7353266712124551,0.7353266712124551,0.8185658644979571,0.8185657431329538,0.3353872860464644,0.0982271506539091,0.3319595430102026,0.14638622314300603,0.17328695459720847,0.13304593744484436,0.056480477372474656,9.913429988364642e-07,9.913429980707697e-07,4.211028419319903e-10
28.23,0.7302231916364862,0.7302231916364862,0.8143809217949232,0.8143808009267002,0.3365399295145418,0.09865197757336648,0.3334138664734517,0.1444769458666252,0.17713009591593643,0.13661917829143821,0.056677956562369444,9.834497917970975e-07,9.834497910496777e-07,4.2173412842221646e-10
28.240000000000002,0.7250786371985243,0.7250786371985243,0.8101501703797652,0.8101500500151219,0.3376736427003205,0.09907215098540909,0.3348490516636294,0.14255859037853788,0.1809732372346657,0.14019241913803338,0.056873833886050947,9.753256725586468e-07,9.753256718111222e-07,4.3294873214652037e-10
28.25,0.7198932972784023,0.7198932972784023,0.8058738482311367,0.805873728376845,0.3387883618327322,0.09948764490759836,0.33626500845567314,0.14063128825750942,0.18481637855339364,0.14376565998462723,0.05706806327255515,9.669717610169548e-07,9.669717602812652e-07,4.375650044005924e-10
28.26,0.7146674635501238,0.7146674635501238,0.8015521958910312,0.8015520765538312,0.3398840242091196,0.09989843358293275,0.33766164804531257,0.13869517207990317,0.18876099763045104,0.14752077803710636,0.057260598881387736,9.583892416967221e-07,9.583892409786292e-07,4.388041516985537e-10
28.270000000000003,0.709401429965458,0.709401429965458,0.7971854564512532,0.7971853376378577,0.34096056819876297,0.10030449148180609,0.33903888295894374,0.13675037539935958,0.19270561670750844,0.1512758960895855,0.05745139511548341,9.495793641262074e-07,9.495793634154135e-07,4.4646381207369795e-10
28.28,0.7040954927374055,0.7040954927374055,0.7927738755397448,0.7927737572568386,0.34201793324634666,0.10070579330396025,0.3403966270633007,0.13479703272613752,0.19665023578456442,0.15503101414206333,0.057640406634242955,9.405434431494775e-07,9.405434424706563e-07,4.384967888800864e-10
28.290000000000003,0.6987499503235362,0.6987499503235362,0.7883177013067689,0.788317583561004,0.3430560598753656,0.10110231398043304,0.34173479557491543,0.13283527950612886,0.20059485486162182,0.15878613219454246,0.0578275883666413,9.312828594051914e-07,9.312828587344291e-07,4.458303805904122e-10
28.3,0.6933651034092017,0.6933651034092017,0.7838171844109515,0.7838170672089522,0.3440748896914706,0.10149402867549925,0.343053305069368,0.1308652520995551,0.2045394739386778,0.16254125024702026,0.05801289552440191,9.217990594723169e-07,9.217990588222706e-07,4.44797986929496e-10
28.310000000000002,0.6879412548906207,0.6879412548906207,0.779272578005181,0.7792724613535388,0.3450743653857531,0.10188091278860568,0.3443520734903225,0.12888708775935245,0.20856339269065588,0.16645713286567237,0.05819628361523097,9.120935562934029e-07,9.120935556591367e-07,4.4703476873770244e-10
28.32,0.6824787098578429,0.6824787098578429,0.7746841377223698,0.7746840216276475,0.346054430737969,0.10226294195630005,0.34563102015834496,0.12690092460925737,0.21258731144263254,0.17037301548432307,0.05837770845610525,9.021679293549911e-07,9.021679287320417e-07,4.524951625508368e-10
28.330000000000002,0.6769777755775854,0.6769777755775854,0.7700521216610735,0.7700520061298001,0.3470150306197004,0.10264009205415275,0.3468900657795011,0.1249069016216,0.21661123019461065,0.17428889810297518,0.0585571261866074,8.920238249096601e-07,8.920238243108371e-07,4.4853678497720144e-10
28.34,0.6714387614759515,0.6714387614759542,0.7653767903709768,0.7653766754096502,0.34795611099745705,0.10301233919867217,0.34812913245372756,0.1229051585948155,0.2206351489465873,0.17820478072162588,0.05873449328230126,8.81662956225826e-07,8.816629556362449e-07,4.5565435694906354e-10
28.35,0.6658619791210264,0.6658619791210237,0.7606584068382253,0.7606582924533147,0.34887761893571695,0.10337965974921204,0.3493481436829826,0.12089583613068307,0.2246590676985654,0.182120663340278,0.058909766568143056,8.710871036293755e-07,8.710871030746285e-07,4.4262995218451357e-10
28.360000000000003,0.6602477422053418,0.6602477422053391,0.7558972364706552,0.7558971226685925,0.34977950259990037,0.10374203030987228,0.35054702437916274,0.11887907561130191,0.22873966219043673,0.18617529400851837,0.059082903231918726,8.602981147881605e-07,8.602981142387993e-07,4.528213822277899e-10
28.37,0.6545963665282466,0.6545963665282466,0.7510935470828444,0.7510934338700304,0.350661711259289,0.10409942773139133,0.35172570087179034,0.11685501917581458,0.2328202566823066,0.1902299246767573,0.05925386083770255,8.492979045870985e-07,8.492979040742781e-07,4.3695288624198734e-10
28.380000000000003,0.6489081699781325,0.6489081699781297,0.7462476088810472,0.7462474962638531,0.35152419528987955,0.10445182911303082,0.35288410091546546,0.11482380969688874,0.23690085117417795,0.19428455534499772,0.059422597339329176,8.3808845539185e-07,8.380884549104125e-07,4.2432176448487673e-10
28.39,0.6431834725145555,0.6431834725145555,0.7413596944480194,0.741359582432777,0.3523669061771711,0.10479921180445216,0.354022153697086,0.1127855907569654,0.24098144566604782,0.19833918601323666,0.0595890710938735,8.266718169308573e-07,8.266718164758203e-07,4.1512894960601436e-10
28.400000000000002,0.6374225961502389,0.6374225961502389,0.7364300787276521,0.7364299673206625,0.35318979651889965,0.1051415534075844,0.35513978984282063,0.11074050662428607,0.24506204015791916,0.20239381668147705,0.05975324087512748,8.150501063022841e-07,8.150501058776344e-07,4.0128415056173806e-10
28.41,0.6316258649329588,0.6316258649329588,0.7314590390095317,0.7314589282170636,0.35399282002770005,0.1054788317784835,0.3562369414248501,0.108688702228709,0.24917636780302915,0.20656439879071187,0.059915065887071954,8.032255079393202e-07,8.032255075440573e-07,3.871738399014807e-10
28.42,0.6257936049273178,0.6257936049273178,0.7264468549133317,0.7264467447416154,0.3547759315337117,0.10581102502918227,0.35731354196786036,0.10663032313732433,0.25329069544814065,0.21073498089994816,0.06007450577733163,7.912002734922208e-07,7.912002731297831e-07,3.682782380590873e-10
28.43,0.6199261441964037,0.6199261441964065,0.7213938083730888,0.7213936988283206,0.35553908698711845,0.10613811152953212,0.35836952645529224,0.10456551552988078,0.25740502309325064,0.21490556300918298,0.060231520650607606,7.789767217450394e-07,7.789767213838596e-07,3.809991105986395e-10
28.44,0.6140238127833352,0.6140238127833352,0.7163001836213307,0.7163000747096757,0.35628224346062837,0.10646006990903349,0.3594048313353435,0.10249442617403293,0.2615193507383621,0.2190761451184193,0.060386071082079634,7.665572382895003e-07,7.665572379796097e-07,3.3963537346944104e-10
28.450000000000003,0.6080869426926981,0.6080869426926981,0.7111662671731145,0.7111661589006963,0.3570053591518847,0.10677687905865829,0.36041939452672495,0.10041720240042146,0.26563367838347357,0.2232467272276556,0.060538118130771104,7.539442755874481e-07,7.539442753062231e-07,3.204945738878338e-10
28.46,0.6021158678718698,0.6021158678718725,0.7059923478098861,0.7059922401827946,0.35770839338582044,0.10708851813266125,0.36141315542416386,0.09833399207759771,0.26975860693511033,0.2275098122481124,0.06068762335286766,7.41140352464309e-07,7.41140352221805e-07,2.8761968562158076e-10
28.470000000000002,0.5961109241922343,0.5961109241922343,0.7007787165632386,0.7007786095875308,0.3583913066169465,0.10739496655038143,0.362386054903658,0.09624494358680244,0.2738835354867486,0.23177289726857073,0.06083454881498318,7.281480539703122e-07,7.281480537674544e-07,2.5061590039980606e-10
28.48,0.5900724494302934,0.5900724494302934,0.6955256666985647,0.6955255603802548,0.3590540604315721,0.10769620399803306,0.36333803532747505,0.09415020579661254,0.27800846403838536,0.2360359822890275,0.06097885710736418,7.149700310196683e-07,7.149700308422382e-07,2.2853839358560395e-10
28.490000000000002,0.5840007832486542,0.5840007832486542,0.6902334936985268,0.6902333880435956,0.3596966175499711,0.10799221043048528,0.3642690405488988,0.09204992803746474,0.2821333925900236,0.24029906730948583,0.06112051135702535,7.016089999742348e-07,7.016089998388121e-07,1.8203330472818205e-10
28.5,0.5778962671769416,0.5778962671769416,0.6849024952464631,0.6849023902608558,0.3603189418284746,0.10828296607303166,0.365179015916721,0.08994426007606948,0.2862583211416604,0.24456215232994263,0.06125947524080875,6.880677423520831e-07,6.880677422395138e-07,1.5806479108549866e-10
28.51,0.5717592445925751,0.5717592445925751,0.679532971209631,0.6795328668992511,0.3609209982615061,0.10856845142314715,0.36606790827947383,0.08783335208972637,0.29037065875096013,0.24889377164683124,0.061395712998357305,6.743491042376926e-07,6.743491041728051e-07,9.527440063737055e-11
28.520000000000003,0.5655900607014568,0.5655900607014568,0.6741252236223416,0.6741251199930567,0.36150275298354984,0.10884864725223507,0.36693566598940885,0.08571735464055281,0.2944829963602598,0.2532253909637199,0.06152918944499661,6.60455995955822e-07,6.604559959299601e-07,3.915768460167545e-11
28.53,0.5593890625185539,0.5593890625185539,0.668679556668971,0.668679453726612,0.36206417327105617,0.1091235346073603,0.3677822389062148,0.08359641864963688,0.2985953339695581,0.25755701028060696,0.061659869984515156,6.463913914192543e-07,6.463913914419466e-07,3.510617652824351e-11
28.540000000000003,0.5531565988483792,0.5531565988483792,0.6631962766668495,0.6631961744172047,0.36260522754428204,0.10939309481297212,0.3686075784004783,0.0814706953711276,0.30270767157885786,0.26188862959749554,0.06178772062183669,6.321583276708287e-07,6.321583277164738e-07,7.220520749091297e-11
28.55,0.5468930202653709,0.5468930202653709,0.6576756920490314,0.6576755904978545,0.3631258853690671,0.1096573094726141,0.36941163735688515,0.07934033636627329,0.3068200091881561,0.2662202489143826,0.06191270797557559,6.177599041201631e-07,6.177599042352314e-07,1.8626696298239905e-10
28.560000000000002,0.5405986790941727,0.5405986790941727,0.6521181133469458,0.652118012499947,0.3636261174585461,0.1099161604706203,0.37019437017715984,0.07720549347742096,0.31089663479710966,0.2705960485881649,0.06203479929046744,6.031992821689536e-07,6.031992823113822e-07,2.3612194884424025e-10
28.57,0.5342739293898158,0.5342739293898158,0.6465238531729293,0.6465237530357834,0.3641058956747958,0.1101696299738007,0.37095573278274807,0.07506631880198747,0.3149732604060618,0.2749718482619456,0.062153962449667845,5.884796842187123e-07,5.884796844073639e-07,3.205745355830515e-10
28.580000000000002,0.5279191269178035,0.5279191269178035,0.6408932262026416,0.6408931267809791,0.3645651930304181,0.11041770043311182,0.37169568261723657,0.07292296466641496,0.31904988601501527,0.27934764793572786,0.06227016598691022,5.736043931850454e-07,5.736043934132355e-07,3.9781780498184863e-10
28.59,0.5215346291340992,0.5215346291341023,0.635226549157368,0.6352264504567806,0.36500398369005776,0.11066035458531463,0.37241417864851234,0.07077558360012294,0.3231265116239674,0.28372344760950857,0.0623833790985153,5.585767516094742e-07,5.58576751885607e-07,4.943507687204472e-10
28.6,0.515120795165023,0.51512079516502,0.6295241407861898,0.6295240428122328,0.3654222429718562,0.11089757545461876,0.3731111813706643,0.06862432830946855,0.32720313723292094,0.28809924728329084,0.06249357165524527,5.434001609308514e-07,5.434001612474721e-07,5.826658262275103e-10
28.610000000000003,0.5086779857870383,0.5086779857870353,0.6237863218480828,0.6237862246062646,0.3658199473488388,0.11112934635431275,0.37378665280562007,0.06646935165172585,0.3312211305693775,0.29249462497639156,0.06260071421399262,5.280780805694274e-07,5.280780809491454e-07,7.190565217721539e-10
28.62,0.5022065634064768,0.5022065634064768,0.6180134150938489,0.6180133185896388,0.36619707445023897,0.11135565088838054,0.3744405565045263,0.06431080660909821,0.33523912390583266,0.2968900026694908,0.0627047780292984,5.126140271705104e-07,5.126140275906065e-07,8.19517270492106e-10
28.630000000000003,0.49570689203914137,0.49570689203913826,0.6122057452479631,0.6122056494867926,0.3665536030627574,0.11157647295310281,0.3750728575488687,0.062148846262773956,0.33925711724228924,0.3012853803625915,0.06280573506469092,4.970115735497549e-07,4.970115740055828e-07,9.171374383800256e-10
28.64,0.48917933728983237,0.48917933728983237,0.6063636389903337,0.6063635439775859,0.366889513131753,0.11179179673864423,0.3756835225513321,0.059983623767037225,0.3432751105787444,0.3056807580556907,0.06290355800383705,4.81274347804983e-07,4.81274348307725e-07,1.0446058636834625e-09
28.650000000000002,0.48262426633178335,0.48262426633178335,0.6004874249378892,0.6004873306789092,0.36720478576237325,0.11200160673062622,0.376272519656401,0.057815292323446704,0.34729310391520096,0.31007613574879145,0.06299822026149901,4.6540603233780065e-07,4.654060328992932e-07,1.2064573500341768e-09
28.66,0.47604204788600746,0.47604204788600746,0.5945774336261231,0.5945773401262153,0.36749940322061586,0.11220588771168348,0.3768398185407056,0.05564400515509327,0.3512298743589745,0.3144663790488875,0.06308969599428985,4.4941036282664104e-07,4.4941036344278737e-07,1.3710104935975695e-09
28.67,0.4694330522005566,0.4694330522005566,0.5886339974904887,0.5886339047549101,0.3677733489343263,0.11240462476300642,0.37738539041310704,0.05346991548094819,0.3551666448027495,0.31885662234898515,0.06317796011121858,4.332911271304196e-07,4.332911277960004e-07,1.5361053237467169e-09
28.68,0.4627976510296955,0.46279765102969866,0.5826574508477043,0.5826573588816704,0.3680266074941304,0.11259780326586688,0.3779092080145297,0.05129317649031371,0.35910341524652306,0.32324686564908117,0.0632629882840196,4.170521641921887e-07,4.17052164911012e-07,1.7235812399012217e-09
28.69,0.4561362176129905,0.4561362176129905,0.576648129876934,0.5766480386856215,0.3682591646543012,0.1127854089031286,0.3784112456175365,0.049113941317387486,0.36304018569029806,0.3276371089491788,0.06334475695725768,4.0069736294279235e-07,4.0069736369767594e-07,1.883924542656463e-09
28.700000000000003,0.4494491266543148,0.4494491266543148,0.5706063726009066,0.5706062821894424,0.36847100733355964,0.1129674276607418,0.37889147902565073,0.04693236301595202,0.366976956134073,0.33202735224927643,0.06342324335820224,3.842306610518653e-07,3.842306618521619e-07,2.0828545463883085e-09
28.71,0.4427367543007717,0.4427367543007749,0.5645325188668759,0.5645324292403446,0.3686621236158106,0.11314384582922046,0.379349885572427,0.044748594534201186,0.3708103697296286,0.33638777761147315,0.06349842550646426,3.6765604374822125e-07,3.6765604465124096e-07,2.4561535724022905e-09
28.720000000000002,0.4359994781215362,0.4359994781215362,0.5584269103275042,0.558426821490951,0.36883250275081403,0.11331465000510435,0.3797864441202692,0.04256278868971355,0.3746437833251856,0.34074820297367137,0.06357028222338833,3.5097754282065186e-07,3.5097754371287634e-07,2.5421127371636715e-09
28.73,0.42923767708662014,0.42923767708662014,0.5522898904216735,0.5522898023800918,0.3689821351547881,0.11347982709240319,0.3802011350590006,0.0403750981445855,0.3784771969207413,0.3451086283358681,0.06363879314119343,3.341992347583034e-07,3.341992357238823e-07,2.8892313649378057e-09
28.740000000000002,0.42245173154554244,0.42245173154554244,0.5461218043551268,0.5461217171134697,0.36911101241094996,0.1136393643040247,0.38059394030418475,0.03818567538073381,0.3823106105162983,0.3494690536980663,0.06370393871185631,3.1732524009842056e-07,3.173252411353412e-07,3.267690369795823e-09
28.75,0.4156420232059537,0.4156420232059537,0.5399229990810819,0.5399229126442588,0.3692191272699876,0.1137932491631841,0.38096484329520175,0.03599467267537878,0.3861440241118539,0.353829479060263,0.06376570021573058,3.0035972173325654e-07,3.0035972282653837e-07,3.639908260655384e-09
28.76,0.4088089351121526,0.4088089351121526,0.5336938232807007,0.5336937376535718,0.36930647365046887,0.11394146950479775,0.38131382899307875,0.03380224207671942,0.3898525280134566,0.3581355705869588,0.06382405976989539,2.83306883591683e-07,2.8330688473820296e-07,4.046918858541863e-09
28.770000000000003,0.4019528516235426,0.4019528516235426,0.5274346273434799,0.5274345425308613,0.3693730466391828,0.11408401347685744,0.3816408838780789,0.03160853537980998,0.39356103191505926,0.36244166211365453,0.06387900033622768,2.6617096927916695e-07,2.6617097047586584e-07,4.495978252143393e-09
28.78,0.3950741583930123,0.3950741583930123,0.5211457633475405,0.5211456793542052,0.36941884249141643,0.11422086954178833,0.38194599594705086,0.02941370410264955,0.39726953581666063,0.3667477536403488,0.0639305057291928,2.4895626063448084e-07,2.489562618841832e-07,5.019766694778376e-09
28.790000000000003,0.3881732423452421,0.3881732423452421,0.5148275850398238,0.5148275018704945,0.369443858631165,0.11435202647778735,0.38222915471053887,0.027217899462494165,0.40097803971826335,0.37105384516704454,0.0639785606233462,2.316670762725348e-07,2.3166707759309921e-07,5.700267933044138e-09
28.8,0.3812504916549401,0.3812504916549401,0.5084804478161941,0.5084803654755511,0.36944809365127745,0.11447747338014422,0.3824903511896582,0.025021272352402087,0.4046865436198647,0.3753599366937388,0.06402315056054232,2.143077701549645e-07,2.1430777153674835e-07,6.447660960912719e-09
28.810000000000002,0.37430629572500745,0.37430629572500745,0.5021047087014464,0.5021046271941189,0.36943154731353484,0.11459719966254338,0.3827295779127371,0.022823973318021905,0.40824928726951504,0.3795874839719183,0.06406426195684449,1.9688273000806333e-07,1.9688273144602966e-07,7.303669140395849e-09
28.82,0.36734104516463406,0.36734104516463406,0.4957007263292249,0.49570064565979993,0.3693942205486644,0.1147111950583471,0.38294682891172677,0.020626152534633322,0.4118120309191641,0.3838150312500964,0.06410188210913016,1.7939637585173696e-07,1.7939637731579026e-07,8.160997036250871e-09
28.830000000000002,0.36035513176732753,0.36035513176732753,0.4892688609218495,0.48926878109486244,0.36933611545628675,0.11481944962185998,0.38314209971838603,0.018427959784450377,0.4153747745688144,0.38804257852827595,0.06413599920138842,1.6185315830641311e-07,1.6185315984763647e-07,9.522355655147625e-09
28.84,0.3533489484888744,0.3533489484888777,0.48280947427005644,0.48280939528999695,0.36925723530479804,0.1149219537295741,0.3833153873602355,0.016229544434196382,0.4189375182184634,0.39227012580645404,0.06416660231070191,1.4425755724689626e-07,1.4425755886932143e-07,1.124672553754024e-08
28.85,0.3463228894252401,0.34632288942523676,0.4763229297126326,0.476322851583947,0.369157584531186,0.115018698081394,0.383466690356295,0.014031055412959867,0.42250026186811374,0.3964976730846336,0.06419368141291243,1.266140800398885e-07,1.2661408173177516e-07,1.3362547363475254e-08
28.860000000000003,0.3392773497903877,0.3392773497903844,0.4698095921160083,0.4698095148430882,0.3690371687407804,0.11510967370184302,0.383596008712594,0.011832641190340698,0.4258972142249739,0.4006229073056204,0.06421722738796141,1.0892725996192176e-07,1.0892726168480566e-07,1.581682926986972e-08
28.87,0.33221272589406736,0.33221272589406736,0.46326982785370585,0.4632697514408971,0.3688959947069377,0.11519487194124993,0.3837033439174715,0.009634449754894966,0.42929416658183284,0.40474814152660576,0.0642372320249056,9.120165442300099e-08,9.120165623253987e-08,1.9841074750211376e-08
28.880000000000003,0.3251294151195105,0.3251294151195071,0.4567040047857314,0.4567039292373361,0.3687340703706599,0.11527428447691423,0.38378869893665835,0.007436628592887497,0.43269111893869294,0.4088733757475925,0.064253688026601,7.34418436065809e-08,7.344184546969046e-08,2.536850136180537e-08
28.89,0.3180278159010804,0.3180278159010804,0.4501124922379139,0.45011241755817766,0.36855140484014864,0.11534790331425245,0.3838520782081489,0.005239324667360238,0.4360880712955519,0.4129986099685779,0.06426658901405187,5.5652428471164583e-08,5.565243039975048e-08,3.465411815104594e-08
28.900000000000002,0.3109083277018608,0.3109083277018608,0.44349566098108656,0.44349558717421095,0.36834800839029136,0.11541572078792386,0.3838934876368653,0.003042684397524875,0.43948502365241204,0.4171238441895647,0.0642759295304221,3.783802925150237e-08,3.7838031236236315e-08,4.614814290617737e-08
28.91,0.3037713509911855,0.3037713509911855,0.43685388321026614,0.4368538102804051,0.36812389246208505,0.11547772956293521,0.38391293458911924,0.000846853638487496,0.4426970858146029,0.42112357178590765,0.06428170504470561,2.0003283626723878e-08,2.0003285688112634e-08,4.868500772265912e-08
28.92,0.2966172872221128,0.2966172872221128,0.430187532523701,0.4301874604749545,0.36787906966199146,0.11553392263572487,0.38391042788686924,-0.0013480223386868094,0.4459091479767949,0.42512329938225196,0.06428391195505147,2.1528451382701874e-09,2.152847230549825e-09,4.9258978235622534e-08
28.93,0.28944653880884336,0.28944653880884674,0.42349698390186274,0.4234969127382827,0.3676135537612287,0.11558429333522598,0.3838859778017821,-0.00354179886656202,0.4491212101389857,0.4291230269785949,0.0642825475917421,-1.5708618794629814e-08,-1.570861663782574e-08,4.968681161813552e-08
28.94,0.28225950910408465,0.28225950910408465,0.41678261368633773,0.41678254341193105,0.3673273596949957,0.11562883532390868,0.3838395960491005,-0.005734331900564565,0.4523332723011777,0.43312275457493926,0.06427761021982199,-3.3576428359882726e-08,-3.3576426150013816e-08,4.8957351014321655e-08
28.950000000000003,0.2750566023763626,0.2750566023763626,0.4100447995586896,0.410044730177406,0.36702050356163374,0.11566754259880081,0.38377129578132146,-0.007925478037855012,0.4555453344633697,0.4371224821712836,0.06426909904137458,-5.1445893323176506e-08,-5.1445891036872527e-08,4.44409423486002e-08
28.96,0.26783822378728145,0.2678382237872849,0.40328392051918666,0.403283852034928,0.36669300262171944,0.11570040949248718,0.3836810915816813,-0.0101150945358313,0.4585544470489465,0.4409742152194343,0.06425701419744274,-6.931231466555943e-08,-6.931231230330524e-08,3.408130574047962e-08
28.970000000000002,0.26060477936873355,0.26060477936873355,0.39650035686548246,0.396500289282105,0.36634487529709375,0.11572743067408686,0.38356899945746825,-0.012303039330256877,0.4615635596345244,0.4448259482675864,0.06424135676959666,-8.717098640143028e-08,-8.717098401320457e-08,2.739702522585472e-08
28.98,0.25335667600006356,0.25335667600006356,0.38969449017125685,0.3896944234925581,0.36597614116982763,0.11574860115020974,0.3834350368331457,-0.014489171053007635,0.4645726722201012,0.44867768131573715,0.06422212878114063,-1.0501719757693984e-07,-1.0501719508194513e-07,2.3757963111394376e-08
28.990000000000002,0.2460943213851681,0.2460943213851681,0.3828667032647072,0.3828666374944387,0.36558682098111794,0.1157639162658897,0.3832792225433058,-0.016673349049431373,0.4675817848056791,0.45252941436388927,0.06419933319796282,-1.2284623361613622e-07,-1.2284623107521169e-07,2.068378055613799e-08
29.0,0.23881812402958275,0.23881812402958275,0.37601738020704983,0.37601731534891353,0.36517693663012285,0.1157733717054965,0.3831015768254489,-0.018855433395314227,0.47059089739125587,0.45638114741204,0.06417297392902362,-1.4065337861079996e-07,-1.40653376012948e-07,1.8469886615674913e-08
29.01,0.2315284932174902,0.2315284932174902,0.36914690627090085,0.36914684232854256,0.36474651117272905,0.1157769634936254,0.3829021213125951,-0.021035284913448433,0.47338014207462187,0.4600632300676363,0.06414305582648297,-1.5843391686087838e-07,-1.5843391417720788e-07,1.6938737324527574e-08
29.020000000000003,0.22422583898870163,0.22422583898870163,0.36225566791860764,0.3622556048956241,0.364295568820255,0.11577468799596367,0.3826808790257355,-0.023212765189796168,0.47616938675798787,0.46374531272323255,0.06410958468546672,-1.7618313465084245e-07,-1.76183131922686e-07,1.5484776480113403e-08
29.03,0.21691057211559187,0.21691057211559187,0.3553440527805104,0.355343990680449,0.3638241349380891,0.11576654192013561,0.382437874366119,-0.025387736589244446,0.47895863144135287,0.46742739537882755,0.06407256724346932,-1.9389632227584386e-07,-1.9389631948871085e-07,1.4374346945971853e-08
29.040000000000003,0.20958310407999373,0.20958310407999373,0.34841244963313833,0.3484123884594898,0.36333223604426296,0.1157525223165238,0.38217313310738743,-0.02756006227094665,0.48174787612471887,0.4711094780344238,0.06403201117939522,-2.1156877567929389e-07,-2.1156877281148115e-07,1.3554990466529963e-08
29.05,0.20224384705005213,0.20224384705005213,0.3414612483773408,0.3414611881335486,0.36281989980795964,0.11573262657906763,0.3818866823875576,-0.029729606203245756,0.48453712080808387,0.4747915606900188,0.06398792511223719,-2.2919579827085368e-07,-2.2919579533532606e-07,1.2807946933552018e-08
29.060000000000002,0.1948932138570399,0.1948932138570399,0.3344908400163556,0.3344907807058059,0.3622871550479573,0.11570685244603965,0.38157855070085495,-0.03189623317817533,0.48709081544096894,0.478283290944918,0.06394031859939261,-2.4677270281381336e-07,-2.4677269982178123e-07,1.2124647891155876e-08
29.07,0.18753161797213597,0.18753161797213597,0.3275016166338152,0.3275015582598468,0.36173403173100827,0.11567519800079794,0.3812487678894088,-0.034059808825534624,0.4896445100738531,0.48177502119981597,0.06388920213461907,-2.642948132014489e-07,-2.6429481015526143e-07,1.1525717852907671e-08
29.080000000000002,0.18015947348316783,0.18015947348316783,0.32049397137169183,0.32049391393758575,0.36116056097015337,0.11563766167251548,0.38089736513480404,-0.036220199626533695,0.49219820470673825,0.48526675145471515,0.06383458714562833,-2.817574662611344e-07,-2.8175746314415665e-07,1.1062626983480715e-08
29.09,0.17277719507131914,0.17277719507132264,0.3134682984081873,0.3134682419171734,0.3605667750229718,0.11559424223688561,0.38052437494950114,-0.038377272927005206,0.49475189933962244,0.4887584817096131,0.063776485991321,-2.9915601350294363e-07,-2.9915601031611414e-07,1.0652734165050816e-08
29.1,0.1653851979878076,0.1653851979878041,0.3064249929355432,0.3064249373908032,0.35995270728976575,0.11554493881680519,0.3801298311681258,-0.04053089695018051,0.4973055939725075,0.4922502119645123,0.06371491195866293,-3.164858229653955e-07,-3.16485819706362e-07,1.0297565648363419e-08
29.110000000000003,0.1579838980305131,0.15798389803050958,0.29936445113784543,0.29936439654250024,0.35931839231168416,0.11548975088303297,0.3797137689386332,-0.042680940809026284,0.4996093807547137,0.4955319580410151,0.06364987925920466,-3.3374228096405556e-07,-3.337422776378727e-07,9.966321498556814e-09
29.12,0.15057371152061022,0.15057371152061022,0.29228707016870825,0.29228701652582817,0.3586638657687774,0.11542867825482456,0.37927622471334943,-0.04482727451813943,0.5019131675369191,0.4988137041175167,0.06358140302524552,-3.5092079388177044e-07,-3.509207904922094e-07,9.659048737871486e-09
29.130000000000003,0.14315505527913627,0.14315505527913275,0.28519324812893515,0.28519319544154176,0.3579891644779899,0.11536172110054331,0.378817236239899,-0.04696976900519871,0.5042169543191252,0.5020954501940195,0.06350949930564492,-3.6801678991726927e-07,-3.6801678646990764e-07,9.36740312152637e-09
29.14,0.13572834660354877,0.13572834660354877,0.2780833840441588,0.27808333231521143,0.35729432639109265,0.11528887993824818,0.37833684255201877,-0.04910829612197017,0.5065207411013305,0.505377196270521,0.06343418506128295,-3.850257208753982e-07,-3.8502571733924376e-07,9.184203178269858e-09
29.150000000000002,0.12829400324425247,0.12829400324425247,0.2709578778423492,0.27095782707475846,0.35657939059254384,0.11521015563625625,0.37783508396026305,-0.05124272865486497,0.5088245278835367,0.5086589423470238,0.06335547816017177,-4.019430637769439e-07,-4.0194306017226765e-07,8.968126491763996e-09
29.16,0.12085244338110117,0.12085244338110117,0.26381713033135484,0.2638170805279789,0.35584439729729395,0.11512554941368126,0.37731200204260607,-0.0533729403350484,0.5108654540877127,0.5117122530748679,0.06327339737222142,-4.187643227182569e-07,-4.1876431906699016e-07,8.719144774812838e-09
29.17,0.113404085599875,0.113404085599875,0.2566615431763403,0.2566614943399782,0.3550893878485221,0.11503506284094844,0.376767639634947,-0.05549880584809858,0.5129063802918893,0.5147655638027131,0.06318796236366321,-4.354850305504643e-07,-4.35485026854629e-07,8.48671031465585e-09
29.18,0.10594934886873525,0.10594934886873879,0.2494915188771999,0.2494914710105976,0.35431440471531106,0.11493869784028478,0.37620204082151737,-0.057620200843214474,0.5149473064960652,0.5178188745305572,0.0630991936911322,-4.521007505725594e-07,-4.521007467908421e-07,8.364766680596329e-09
29.19,0.09848865251465745,0.09848865251465745,0.2423074607458996,0.24230741385175392,0.35351949149025663,0.11483645668618452,0.375615250925203,-0.05973700194197173,0.5169882327002419,0.5208721852584024,0.06300711279541463,-4.6860707805795876e-07,-4.686070742298836e-07,8.169051050257292e-09
29.200000000000003,0.09102241619984433,0.09102241619984433,0.23510977288382526,0.23510972696477062,0.3527046928870191,0.11472834200584987,0.375007316497777,-0.06184908674662681,0.5190291589044185,0.5239254959862476,0.06291174199486077,-4.849996421696368e-07,-4.849996382806232e-07,8.018590668791363e-09
29.21,0.08355105989811999,0.08355105989812353,0.22789886015902136,0.22789881521763983,0.35187005473780536,0.11461435677960798,0.37437828531005357,-0.06395633384796909,0.5207957497010057,0.5267332045418026,0.06281310447846938,-5.012741074034155e-07,-5.012741034434797e-07,7.89974132143722e-09
29.220000000000002,0.07607500387130639,0.07607500387130639,0.22067512818341706,0.2206750842222409,0.3510156239907898,0.11449450434130223,0.37372820634196563,-0.06605862283272078,0.5225623404975936,0.5295409130973585,0.0627112242986468,-5.174261752394216e-07,-5.174261712271702e-07,7.754248983100648e-09
29.23,0.06859466864558737,0.06859466864558737,0.213438983290045,0.21343894031154276,0.3501414487074783,0.114368788378659,0.3730571297725695,-0.0681558342904854,0.524328931294181,0.5323486216529135,0.062606126363644,-5.334515858351763e-07,-5.33451581744372e-07,7.668557718113525e-09
29.240000000000002,0.06111047498783996,0.06111047498783996,0.20619083251013726,0.2061907905167272,0.349247578059999,0.11423721293362968,0.37236510696998393,-0.07024784982024558,0.5260955220907689,0.5351563302084694,0.06249783642967777,-5.493461194341909e-07,-5.49346115285317e-07,7.55238590620771e-09
29.25,0.053622843881987556,0.053622843881987556,0.19893108355026737,0.1989310425443143,0.3483340623283403,0.1140997824027074,0.3716521904812657,-0.07233455203641105,0.5278621128873562,0.5379640387640244,0.062386381092738794,-5.651055980798736e-07,-5.651055938683888e-07,7.452562458893642e-09
29.26,0.0461321965053056,0.0461321965053056,0.1916601447694003,0.1916601047532081,0.3474009528975215,0.11395650153721919,0.3709184340222277,-0.07441582457441798,0.5293444358602544,0.5405103591884156,0.06227178778009254,-5.807258870380028e-07,-5.807258827668176e-07,7.354907410406761e-09
29.270000000000003,0.03863895420473397,0.03863895420473397,0.18437842515592515,0.18437838613174484,0.3464483022547017,0.11380737544359244,0.37016389246719966,-0.07649155209588117,0.5308267588331527,0.5430566796128069,0.062154084741475935,-5.96202896357978e-07,-5.962028920105886e-07,7.2917951733537754e-09
29.28,0.0311435384731763,0.0311435384731763,0.17708633430465034,0.1770862962746795,0.3454761639862287,0.11365240958359679,0.36938862183874627,-0.07856162029330044,0.5323090818060504,0.5456030000371972,0.062033301039998455,-6.11532582246721e-07,-6.115325778627025e-07,7.1689041958601484e-09
29.290000000000003,0.023646370925791173,0.023646370925791173,0.1697842823937635,0.16978424536013872,0.3444845927746236,0.1134916097745601,0.36859267929733386,-0.08062591589432452,0.5337914047789486,0.5481493204615884,0.06190946654274843,-6.267109487270717e-07,-6.267109442689778e-07,7.113476897773447e-09
29.3,0.016147873276276346,0.016147873276276346,0.16247268016175923,0.1624726441265663,0.3434736443955057,0.11332498218955986,0.3677761231309608,-0.08268432666557282,0.5352737277518463,0.5506956408859787,0.06178261191111367,-6.417340487896439e-07,-6.417340442805614e-07,7.026403686112314e-09
29.310000000000002,0.008648467313147458,0.008648467313147458,0.15515193888433526,0.15515190384959854,0.3424433757144547,0.11315253335758839,0.3669390127447505,-0.08473674141601865,0.5364634487420683,0.5529662568394902,0.061652768590819494,-6.565979859957105e-07,-6.565979814483972e-07,6.925566960272954e-09
29.32,0.001148574876012559,0.001148574876012559,0.1478224703512582,0.14782243631895098,0.3413938446838123,0.11297427016369391,0.3660814086505113,-0.08678304999993648,0.5376531697322898,0.5552368727930008,0.06151996880169082,-6.712989158094707e-07,-6.712989111888587e-07,6.883091631076682e-09
29.330000000000002,-0.006351382168156269,-0.006351382168156269,0.14048468684320042,0.14048465381523445,0.3403251103394222,0.1127901998490943,0.36520337245627343,-0.08882314331941636,0.5388428907225119,0.5575074887465122,0.06138424552714513,-6.858330467915397e-07,-6.858330421199288e-07,6.685740272155789e-09
29.34,-0.013850981948752816,-0.013850981948749263,0.133139001108553,0.13313896908678519,0.33923723279731,0.11260033001126724,0.3643049668557959,-0.09085691332644709,0.5400326117127334,0.559778104700023,0.06124563250341897,-7.001966421116279e-07,-7.001966373670788e-07,6.507399755970751e-09
29.35,-0.0213498026152633,-0.021349802615266852,0.12578582634019123,0.1257857953264271,0.3381302732502991,0.11240466860401388,0.3633862556180632,-0.09288425302457454,0.5412223327029554,0.5620487206535344,0.06110416420853937,-7.143860206310082e-07,-7.143860158383267e-07,6.30578449149518e-09
29.360000000000003,-0.028847422361009564,-0.028847422361013113,0.11842557615226736,0.11842554614824803,0.3370042939645736,0.11220322393749667,0.3624473035767611,-0.09490505647013542,0.5421127626663026,0.5640308659072809,0.06095987585104097,-7.283975582902946e-07,-7.283975534677503e-07,6.0923923962690914e-09
29.37,-0.03634341944685426,-0.03634341944685426,0.11105866455691386,0.11105863556432616,0.3358593582761716,0.11199600467825235,0.3614881766197431,-0.09691921877307257,0.5430031926296494,0.5660130111610266,0.06081280335843823,-7.422276893445656e-07,-7.422276844268958e-07,5.970500160926411e-09
29.380000000000003,-0.04383737222493778,-0.04383737222494133,0.10368550594095507,0.10368547796143412,0.3346955305874219,0.11178301984917881,0.3605089416784951,-0.09892663609733493,0.5438936225929966,0.5679951564147732,0.06066298336545993,-7.558729072862369e-07,-7.55872902303489e-07,5.818819193809487e-09
29.39,-0.05132885916239232,-0.05132885916239232,0.09630651504263298,0.09630648807774832,0.3335128763633275,0.11156427882949631,0.35950966671759194,-0.10092720566086642,0.5447840525563433,0.5699773016685189,0.06051045320204916,-7.693297662675347e-07,-7.693297612469076e-07,5.644173663198602e-09
29.400000000000002,-0.05881745886505292,-0.05881745886505292,0.08892210692822954,0.08892208097949875,0.33231146212787477,0.11133979135468282,0.35849042072416165,-0.10292082573518838,0.5456744825196905,0.5719594469222654,0.06035525088113958,-7.825948821552076e-07,-7.825948770799033e-07,5.497058979196667e-09
29.41,-0.06630275010116084,-0.06630275010116084,0.08153269696875756,0.08153267203764292,0.33109135546029844,0.11110956751638425,0.3574512736973518,-0.10490739564458043,0.5462606151349922,0.5736419771345737,0.060197415086211285,-7.95664933481155e-07,-7.956649283760968e-07,5.331293604517657e-09
29.42,-0.07378431182505771,-0.07378431182505771,0.07413870081657895,0.07413867690448017,0.3298526249912768,0.1108736177622982,0.35639229663780836,-0.10688681576486385,0.5468467477502942,0.5753245073468826,0.060036985158635515,-8.08536662698367e-07,-8.085366575027745e-07,5.235486518728883e-09
29.43,-0.08126172320086923,-0.0812617232008657,0.06674053438203117,0.06674051149029238,0.32859534039907273,0.11063195289603235,0.3553135615371681,-0.10885898752179336,0.5474328803655959,0.5770070375591908,0.0598740010848141,-8.212068768678749e-07,-8.212068716285895e-07,5.098000385115626e-09
29.44,-0.0887345636261771,-0.0887345636261771,0.059338613810014935,0.05933859193992823,0.3273195724056111,0.11038458407693667,0.3542151413675684,-0.11082381338906126,0.5480190129808977,0.5786895677714997,0.059708503483120665,-8.33672448963263e-07,-8.336724436957542e-07,4.95272898836948e-09
29.450000000000003,-0.09620241275567774,-0.09620241275567774,0.051933355456621325,0.05193333460941337,0.32602539277250714,0.11013152281991065,0.3530971100711808,-0.1127811968859216,0.5486051455961997,0.5803720979838086,0.05954053359065165,-8.459303187033362e-07,-8.459303133563581e-07,4.861330375212368e-09
29.46,-0.10366485052482673,-0.10366485052482319,0.04452517586568012,0.04452515604252268,0.3247128742970239,0.10987278099518343,0.35195954254976614,-0.1147310425744375,0.5488836854126722,0.5817455533577625,0.05937013324979255,-8.579774932598871e-07,-8.579774878725681e-07,4.739293127197778e-09
29.470000000000002,-0.11112145717346712,-0.11112145717346712,0.03711449174532942,0.03711447294734198,0.32338209080797764,0.10960837082806908,0.35080251465426465,-0.11667325605635818,0.5491622252291447,0.5831190087317168,0.05919734489460921,-8.698110484026134e-07,-8.698110429802533e-07,4.618503576424592e-09
29.48,-0.11857181326943754,-0.11857181326943754,0.02970171994461113,0.029701702172846678,0.32203311716159133,0.10933830489869595,0.3496261031744149,-0.11860774396963249,0.5494407650456172,0.5844924641056707,0.059022211537069005,-8.814281291930071e-07,-8.814281237159179e-07,4.519644804530116e-09
29.490000000000002,-0.12601549973217907,-0.12601549973217907,0.02228727742997394,0.02228726068543299,0.32066602923727494,0.10906259614170938,0.3484303858284101,-0.12053441398456388,0.5497193048620898,0.5858659194796251,0.0588447767531006,-8.928259507337555e-07,-8.928259452066247e-07,4.421374133038294e-09
29.5,-0.13345209785628734,-0.13345209785628734,0.014871581261857855,0.01487156554548489,0.31928090393336445,0.10878125784594951,0.3472154412525972,-0.12245317479961355,0.5499978446785623,0.5872393748535789,0.058665084668500005,-9.040017989944693e-07,-9.040017934227336e-07,4.323195542171658e-09
29.51,-0.1408811893350787,-0.1408811893350787,0.007455048571216952,0.007455033883893425,0.31787781916279295,0.10849430365410265,0.34598134899121574,-0.12436393613685834,0.5499672256440313,0.5882960333234366,0.058483179944689045,-9.14953031512511e-07,-9.149530258932733e-07,4.231507232800464e-09
29.520000000000003,-0.1483023562841163,-0.1483023562841163,3.80965360596176e-05,3.808287861166848e-05,0.31645685384870875,0.108201747562327,0.34472818948618694,-0.1262666087371084,0.5499366066095005,0.5893526917932943,0.058299107764334904,-9.256770780452506e-07,-9.256770723837837e-07,4.139896065193737e-09
29.53,-0.155715181264716,-0.155715181264716,-0.007378857642017789,-0.007378870268819336,0.31501808792003627,0.10790360391985221,0.3434560440669507,-0.12816110435469422,0.5499059875749696,0.5904093502631517,0.05811291381683764,-9.361714412708944e-07,-9.361714355365591e-07,4.073981665959906e-09
29.540000000000003,-0.16311924730742722,-0.16311924730742722,-0.01479539676129849,-0.01479540835674596,0.3135616023069795,0.10759988742855325,0.34216499494036023,-0.130047335751926,0.5498753685404387,0.5914660087330094,0.05792464428369431,-9.464336972533904e-07,-9.464336914731441e-07,3.991941654785024e-09
29.55,-0.17051413793548725,-0.17051413793548725,-0.02221110364341245,-0.022211114206851006,0.3120874789364702,0.1072906131424988,0.3408551251806298,-0.13192521669323562,0.5498447495059078,0.5925226672028667,0.05773434582374518,-9.564614961710127e-07,-9.564614903590843e-07,3.903733016995775e-09
29.560000000000002,-0.1778994371882481,-0.1778994371882481,-0.029625561156802913,-0.029625570687640997,0.31059580072755916,0.10697579646747278,0.3395265187193449,-0.13379466193900671,0.5495051437717239,0.5932565878503239,0.057542065558311685,-9.662525628020835e-07,-9.662525569308939e-07,3.837268873755041e-09
29.57,-0.18527472964457412,-0.18527472964457412,-0.03703835224018972,-0.03703836073788856,0.30908665158675247,0.10665545316047137,0.33817926033553264,-0.13565558723910018,0.5491655380375401,0.5939905084977807,0.05734785105623185,-9.758046968927347e-07,-9.7580469098517e-07,3.758802419653757e-09
29.580000000000002,-0.19263960044620926,-0.19263960044620926,-0.04444905992602894,-0.04444906739011322,0.3075601164032914,0.10632959932917306,0.33681343564580374,-0.13750790932608167,0.5488259323033563,0.5947244291452377,0.05715175031880314,-9.85115773767531e-07,-9.851157678300476e-07,3.6795224404997604e-09
29.59,-0.19999363532111286,-0.19999363532110936,-0.05185726736396377,-0.051857273794014495,0.3060162810443781,0.10599825143138321,0.33542913109455813,-0.13935154590815896,0.5484863265691725,0.5954583497926945,0.05695381176463705,-9.941837446833524e-07,-9.941837386988382e-07,3.6137988069350654e-09
29.6,-0.20733642060675878,-0.20733642060676225,-0.059262557844289694,-0.05926256323994075,0.30445523235034233,0.1056614262744531,0.3340264339442667,-0.14118641566183868,0.5481467208349886,0.5961922704401517,0.056754084214436507,-1.0030066371347068e-06,-1.003006631126141e-06,3.537079910157687e-09
29.610000000000003,-0.2146675432734177,-0.21466754327342116,-0.0666645148213592,-0.06666451918231059,0.3028770581297638,0.10531914101467264,0.3326054322658244,-0.14301243822430595,0.5475000377881297,0.5965993268963458,0.05655261687570021,-1.0115825553463909e-06,-1.0115825492863995e-06,3.4791501531166354e-09
29.62,-0.2219865909473692,-0.2219865909473692,-0.07406272193704402,-0.07406272526305135,0.30128184715452616,0.10497141315663774,0.3311662149289844,-0.14482953418553657,0.5468533547412711,0.5970063833525396,0.0563494593273642,-1.0199096803983898e-06,-1.0199096742951009e-06,3.4188161511018505e-09
29.630000000000003,-0.2292931519341114,-0.22929315193411487,-0.08145676304415513,-0.0814567653350269,0.29966968915482395,0.10461826055259181,0.3297088715928709,-0.146637625080152,0.5462066716944123,0.5974134398087336,0.0561446615043868,-1.027986270614456e-06,-1.027986264472814e-06,3.3580413696574263e-09
29.64,-0.23658681524151537,-0.23658681524151537,-0.08884622222981577,-0.08884622348542758,0.29804067481412266,0.10425970140174101,0.32823349269657154,-0.14843663337901944,0.5455599886475536,0.5978204962649275,0.0559382736822831,-1.03581066174252e-06,-1.0358106555721787e-06,3.2943919964922646e-09
29.650000000000002,-0.24386717060294316,-0.24386717060294316,-0.09623068383890572,-0.096230684059186,0.29639489576404715,0.10389575424954486,0.3267401694498215,-0.15022648248061038,0.5449133056006947,0.5982275527211216,0.055730346461619965,-1.043381267176735e-06,-1.0433812609681473e-06,3.238128964837493e-09
29.66,-0.25113380850032535,-0.25113380850032535,-0.10360973249740305,-0.10360973168233677,0.2947324445792357,0.10352643798697976,0.32522899382376946,-0.15200709670212176,0.5439631811284981,0.5983054563665787,0.055520930752474884,-1.0506965780615607e-06,-1.0506965718116605e-06,3.1854907314878552e-09
29.67,-0.25838632018719615,-0.25838632018719615,-0.11098295313576624,-0.11098295128540193,0.2930534147721292,0.10315177184977771,0.32370005854183653,-0.15377840127036865,0.5430130566563012,0.5983833600120358,0.05531007775886848,-1.0577551634374793e-06,-1.0577551571470372e-06,3.1343630538026544e-09
29.68,-0.26562429771168555,-0.2656242977116821,-0.11834993101227512,-0.11834992812671774,0.2913579007877124,0.10277177541763913,0.32215345707066595,-0.1555403223124597,0.5420629321841045,0.5984612636574929,0.055097838963177125,-1.0645556703173242e-06,-1.064555663993436e-06,3.0816010283134855e-09
29.69,-0.27284733393946614,-0.27284733393946614,-0.125710251736377,-0.12571024781578452,0.28964599799819735,0.10238646861342038,0.3205892836111681,-0.1572927868462563,0.5411128077119076,0.59853916730295,0.054884266110532695,-1.0710968237487295e-06,-1.0710968173905635e-06,3.031125103360483e-09
29.700000000000003,-0.2800550225766547,-0.2800550225766547,-0.13306350129196148,-0.1330634963365578,0.2879178026976671,0.10199587170229425,0.3190076330896627,-0.15903572277063255,0.5401626832397106,0.5986170709484071,0.05466941119321722,-1.0773774267863745e-06,-1.0773774204090768e-06,2.9753683012255588e-09
29.71,-0.2872469581926658,-0.2872469581926624,-0.1404092660606798,-0.1404092600707446,0.2861734120966516,0.1016000052908873,0.31740860114911595,-0.1607690588555358,0.5389144592875907,0.5983653837804932,0.05445332643505798,-1.0833963605336172e-06,-1.0833963541260573e-06,2.9266966964548714e-09
29.720000000000002,-0.29442273624301735,-0.29442273624301735,-0.14774713284521104,-0.14774712582107694,0.28441292431665977,0.10119889032638912,0.31579228414048127,-0.16249272473186332,0.5376662353354703,0.5981136966125791,0.05423606427583186,-1.0891525840106553e-06,-1.0891525775658215e-06,2.882859972214453e-09
29.73,-0.30158195309208274,-0.30158195309208274,-0.15507668889246953,-0.1550766808345359,0.28263643838466834,0.10079254809563752,0.3141587791141412,-0.16420665088115743,0.5364180113833504,0.5978620094446652,0.054017677355684725,-1.0946451340990149e-06,-1.0946451276065463e-06,2.8450583121100056e-09
29.740000000000002,-0.3087242060358086,-0.3087242060358086,-0.16239752191687057,-0.16239751282558984,0.2808440542275401,0.10038100022417774,0.31250818381145395,-0.16591076862513124,0.53516978743123,0.597610322276751,0.0537982184995731,-1.0998731253680782e-06,-1.09987311885313e-06,2.797702335071039e-09
29.75,-0.3158490933243467,-0.3158490933243467,-0.16970922012348338,-0.16970920999936429,0.27903587266641205,0.0999642686752964,0.3108405966564033,-0.16760501011503118,0.5339215634791101,0.5973586351088371,0.053577740701734,-1.1048357500126338e-06,-1.1048357434766934e-06,2.751342850794322e-09
29.76,-0.32295621418466564,-0.32295621418466564,-0.1770113722312117,-0.1770113610748264,0.2772119954110203,0.09954237574902935,0.3091561167473576,-0.16928930832084532,0.5323822580161987,0.5967787722043676,0.053356297110190576,-1.1095322775822591e-06,-1.1095322710211947e-06,2.708264734249119e-09
29.770000000000003,-0.330045168843091,-0.330045168843091,-0.18430356749592477,-0.18430355530790082,0.2753725250539796,0.09911534408114515,0.30745484384893784,-0.1709635970203676,0.5308429525532871,0.5961989092998979,0.05313394101130019,-1.1139620547592766e-06,-1.1139620481776681e-06,2.664774366188736e-09
29.78,-0.3371155585477924,-0.3371155585477924,-0.19158539573356187,-0.19158538251458218,0.2735175650650124,0.09868319664210197,0.30573687838399366,-0.17262781078812278,0.5293036470903761,0.5956190463954286,0.052910725814349926,-1.1181245051436473e-06,-1.1181244985265124e-06,2.628686549427835e-09
29.790000000000003,-0.3441669855912132,-0.3441669855912132,-0.19885644734320448,-0.19885643309401527,0.27164721978512907,0.0982459567359803,0.3040023214256928,-0.17428188498416214,0.5277643416274646,0.595039183490959,0.052686705036207426,-1.12201912888521e-06,-1.1220191222483652e-06,2.5876003192337845e-09
29.8,-0.3511990533324415,-0.3511990533324415,-0.2061163133301168,-0.20611629805151696,0.2697615944207584,0.0978036479993891,0.30225127468972135,-0.1759257557427406,0.5262250361645536,0.5944593205864896,0.052461932286032346,-1.1256455024546974e-06,-1.1256454958041445e-06,2.545563295956006e-09
29.810000000000002,-0.358211366219521,-0.358211366219521,-0.21336458532875127,-0.2133645690216028,0.26786079503782995,0.0973562944003477,0.3004838405266003,-0.17755935996087926,0.5244033037261252,0.5935545421456534,0.05223646125005528,-1.1290032782690362e-06,-1.1290032715847128e-06,2.5124403003320482e-09
29.82,-0.36520352981170073,-0.36520352981170073,-0.22060085562571916,-0.22060083829093677,0.2659449285558079,0.09690392023714153,0.29870012191411416,-0.17918263528682496,0.5225815712876974,0.5926497637048176,0.05201034567642919,-1.1320921842333798e-06,-1.1320921775307208e-06,2.474667314312503e-09
29.830000000000002,-0.3721751508016223,-0.3721751508016223,-0.22782471718272423,-0.22782469882128553,0.26401410274167664,0.0964465501371535,0.29690022244985653,-0.18079552010841402,0.5207598388492691,0.5917449852639813,0.05178363936016007,-1.1349120234566135e-06,-1.1349120167233635e-06,2.44254684289997e-09
29.84,-0.3791258370374431,-0.37912583703743985,-0.2350357636594552,-0.23503574427239388,0.2620684262038801,0.09598420905566955,0.2950842463438955,-0.18239795354134827,0.5189381064108414,0.5908402068231455,0.05155639612812299,-1.1374626737101212e-06,-1.1374626669463654e-06,2.4114012045230188e-09
29.85,-0.3860551975448953,-0.3860551975448953,-0.24223358943645937,-0.24223356902486165,0.2601080083862076,0.09551692227465935,0.29325229841154965,-0.18398987541739248,0.517116373972413,0.5899354283823093,0.051328669824167034,-1.1397440869836961e-06,-1.1397440802200135e-06,2.370505737872268e-09
29.860000000000003,-0.392962842549274,-0.39296284254927727,-0.2494177896379244,-0.24941776820294181,0.2581329595616474,0.09504471540153149,0.2914044840662905,-0.1855712262724991,0.5150224570009385,0.5887108213986372,0.05110051429431776,-1.1417562891039013e-06,-1.1417562823077102e-06,2.34212713369536e-09
29.87,-0.3998483834973756,-0.3998483834973756,-0.25658796015448315,-0.2565879376973223,0.25614339082617504,0.09456761436786366,0.2895409093127589,-0.18714194733487355,0.5129285400294649,0.5874862144149655,0.05087198337208047,-1.143499378998547e-06,-1.1434993721957804e-06,2.305825587333147e-09
29.880000000000003,-0.40671143307933405,-0.4067114330793373,-0.26374369766594497,-0.2637436741878648,0.2541394140925045,0.09408564542810874,0.28766168073990117,-0.18870198051298143,0.5108346230579903,0.5862616074312935,0.0506431308638495,-1.1449735283636242e-06,-1.144973521547038e-06,2.2730596479918957e-09
29.89,-0.41355160525042,-0.41355160525042,-0.270884599663948,-0.27088457516627346,0.2521211420838025,0.09359883515827395,0.28576690551422884,-0.19025126838351203,0.5087407060865167,0.5850370004476219,0.050414010534430675,-1.1461789809763534e-06,-1.1461789741288541e-06,2.246901903494671e-09
29.900000000000002,-0.42036851525275226,-0.42036851525275226,-0.2780102644746477,-0.278010238958756,0.25008868832733433,0.09310721045457662,0.2838566913731959,-0.19178975417930189,0.5066467891150422,0.5838123934639498,0.050184676092679716,-1.1471160520637458e-06,-1.1471160452163124e-06,2.2115235512363216e-09
29.91,-0.4271617796369408,-0.4271617796369408,-0.28512029128127425,-0.28512026474859786,0.24804216714808913,0.09261079853207477,0.28193114661869734,-0.19331738177722851,0.5042924603734517,0.5822748431233866,0.0499551811772625,-1.147785127851575e-06,-1.147785120971134e-06,2.1877281660839394e-09
29.92,-0.433931016283655,-0.433931016283655,-0.2922142801466941,-0.2922142525987283,0.2459816936623434,0.09210962692327186,0.2799903801106884,-0.19483409568608268,0.5019381316318603,0.5807372927828229,0.049725579342542084,-1.1481866646761985e-06,-1.1481866577970498e-06,2.153898005646255e-09
29.93,-0.4406758444251185,-0.4406758444251153,-0.29929183203590104,-0.29929180347419604,0.24390738377118848,0.09160372347669771,0.27803450126092977,-0.19633984103442528,0.4995838028902697,0.5791997424422597,0.04949592404459775,-1.1483211885682243e-06,-1.1483211816722646e-06,2.126654391659371e-09
29.94,-0.44739588466652663,-0.44739588466652663,-0.30635254883847723,-0.3063525192646356,0.24181935415400585,0.0910931163554641,0.2760636200268463,-0.19783456355843884,0.49722947414867835,0.577662192101696,0.04926626862737812,-1.1481892943712713e-06,-1.1481892874597297e-06,2.0998376245128557e-09
29.950000000000003,-0.4540907590073878,-0.4540907590073878,-0.31339603339095445,-0.3133960028066427,0.2397177222619139,0.09057783403579557,0.2740778469055143,-0.1993182095897792,0.49487514540708694,0.5761246417611323,0.04903666630899592,-1.1477916451313463e-06,-1.147791638195795e-06,2.076326604834798e-09
29.96,-0.4607600908627855,-0.46076009086278236,-0.3204218894991835,-0.3204218579061232,0.23760260631115243,0.09005790530553545,0.272077292927767,-0.20079072604343717,0.4922736417880123,0.5742827927310155,0.0488071701681664,-1.147128971291933e-06,-1.1471289643581857e-06,2.04588110858238e-09
29.970000000000002,-0.46740350508456147,-0.46740350508456147,-0.32742972196062103,-0.32742968936058503,0.23547412527643297,0.08953335926262726,0.27006206965242135,-0.2022520604056176,0.48967213816893673,0.572440943700898,0.04857783313079427,-1.146202070055613e-06,-1.1462020631136942e-06,2.0192122922456694e-09
29.98,-0.47402062798241423,-0.47402062798241423,-0.33441913658652556,-0.3344191029813515,0.23333239888425644,0.0890042253135713,0.268032289160627,-0.20370216072164193,0.48707063454986205,0.5705990946707812,0.048348707956713255,-1.1450118045028268e-06,-1.1450117975464933e-06,1.9950963354080897e-09
29.990000000000002,-0.48061108734493174,-0.48061108734493174,-0.341389740224177,-0.34138970561575466,0.23117754760616482,0.08847053317185706,0.2659880640503337,-0.20514097558388394,0.4844691309307865,0.5687572456406638,0.048119847226581455,-1.1435591028285952e-06,-1.1435590958677043e-06,1.968878592037697e-09
30.0,-0.4871745124605095,-0.4871745124605095,-0.3483411407789557,-0.3483411051692291,0.2290096926519752,0.08793231285637028,0.2639295074308843,-0.20656845411974337,0.48186762731171184,0.5669153966105469,0.0478913033289374,-1.1418449575723022e-06,-1.1418449506069108e-06,1.943383619304639e-09
30.01,-0.49371053413821536,-0.49371053413821536,-0.35527294723641306,-0.35527291062738786,0.2268289559629572,0.08738959468977606,0.26185673291772077,-0.20798454597966903,0.479033575414862,0.564779604436143,0.047663128447418567,-1.1398704247503333e-06,-1.1398704177863973e-06,1.9169627268306785e-09
30.020000000000003,-0.5002187847285533,-0.5002187847285533,-0.3621847696842638,-0.3621847320779991,0.22463546020497466,0.08684240929687716,0.25976985462721636,-0.20938920132523375,0.4761995235180122,0.5626438122617389,0.04743537454814763,-1.1376366230581025e-06,-1.1376366160787226e-06,1.895864759901543e-09
30.03,-0.5066988981441436,-0.5066988981441436,-0.3690762193343174,-0.3690761807329263,0.22242932876158547,0.08629078760294731,0.2576689871716213,-0.21078237081727233,0.4733654716211633,0.5605080200873357,0.04720809336728794,-1.135144732933302e-06,-1.1351447259484233e-06,1.8726883299596463e-09
30.040000000000003,-0.5131505098803153,-0.5131505098803153,-0.37594690854434837,-0.3759468689500045,0.22021068572710173,0.08573476083204183,0.25555424565413054,-0.21216400560408857,0.4705314197243135,0.5583722279129317,0.04698133639877311,-1.1323959957648677e-06,-1.1323959887785518e-06,1.849074045303907e-09
30.05,-0.5195732570356093,-0.5195732570356093,-0.38279645083990016,-0.3827964102548283,0.21797965589960905,0.08517436050528177,0.2534257456640681,-0.21353405730973737,0.4676973678274647,0.5562364357385284,0.04675515488221227,-1.1293917129839848e-06,-1.1293917059827096e-06,1.8296366236158343e-09
30.060000000000002,-0.5259667783321916,-0.5259667783321916,-0.3896244609360246,-0.3896244193625101,0.21573636477394703,0.08460961843911469,0.2512836032721873,-0.21489247802238898,0.4646467017235635,0.5538187086203913,0.04652959979097415,-1.126133245099581e-06,-1.1261332381033325e-06,1.8055752137719534e-09
30.07,-0.5323307141361752,-0.5323307141361752,-0.3964305547589542,-0.39643051219933306,0.21348093853465,0.08404056674355127,0.24912793502608627,-0.21623922028278503,0.46159603561966334,0.551400981502255,0.046304721820453004,-1.1226220108934148e-06,-1.1226220038968967e-06,1.7835075261344487e-09
30.080000000000002,-0.5386647064778489,-0.5386647064778489,-0.40321434946770607,-0.40321430592437474,0.21121350404884917,0.08346723782037743,0.24695885794574157,-0.21757423707278992,0.45854536951576214,0.548983254384118,0.046080571376519136,-1.11885948639312e-06,-1.1188594794069164e-06,1.7593641003330387e-09
30.09,-0.5449683990718138,-0.5449683990718108,-0.4099754634756133,-0.4099754189510218,0.20893418885913767,0.08288966436134221,0.24477648951915246,-0.21889748180404411,0.455494703411862,0.5465655272659817,0.045857198564155155,-1.1148472040187207e-06,-1.1148471970251324e-06,1.7402590744891412e-09
30.1,-0.5512414373370235,-0.5512414373370235,-0.4167135164718052,-0.41671347096845396,0.2066431211763906,0.08230787934632125,0.24258094769809968,-0.22020890830673073,0.4524440373079608,0.5441478001478446,0.045634653176282035,-1.11058675152792e-06,-1.110586744541937e-06,1.717977914030117e-09
30.110000000000003,-0.5574834684167266,-0.5574834684167295,-0.42342812944256775,-0.4234280829630196,0.20434042987256434,0.08172191604145654,0.2403723508940162,-0.22150847081845518,0.4491939089516026,0.5414617314273427,0.045412984682775465,-1.1060797711695547e-06,-1.1060797641864933e-06,1.69741479912951e-09
30.12,-0.5636941411983265,-0.5636941411983265,-0.43011892469269186,-0.43011887723956216,0.2020262444734376,0.08113180799727222,0.2381508179739675,-0.22279612397324947,0.4459437805952456,0.5387756627068417,0.045192242219675396,-1.1013279586358227e-06,-1.101327951657384e-06,1.6769780478490392e-09
30.130000000000003,-0.5698731063331142,-0.5698731063331172,-0.4367855258667185,-0.43678547744267243,0.1997006951513255,0.08053758904676525,0.23591646825674145,-0.22407182279070467,0.44269365223888735,0.5360895939863397,0.044972474578590146,-1.0963330621255318e-06,-1.0963330551444203e-06,1.6588023866291073e-09
30.14,-0.5760200162559298,-0.5760200162559298,-0.4434275579700765,-0.4434275085778418,0.1973639127177687,0.07993929330347377,0.23366942150904785,-0.22533552266524,0.43944352388253033,0.5334035252658388,0.04475373019629755,-1.091096881317144e-06,-1.0910968743423566e-06,1.63898542167877e-09
30.150000000000002,-0.582134525204711,-0.582134525204711,-0.45004464739022104,-0.45004459703257527,0.19501602861615974,0.07933695515952006,0.23140979794182176,-0.2265871793555121,0.43619339552617215,0.5307174565453369,0.04453605714454336,-1.0856212664250853e-06,-1.0856212594571515e-06,1.6195500461985462e-09
30.16,-0.5882162892399417,-0.5882162892399417,-0.4566364219176139,-0.45663637059738726,0.19265717491436118,0.07873060928363057,0.22913771820663426,-0.22782674897397284,0.4327620783212943,0.527778148277944,0.04431950312003971,-1.0799081171658509e-06,-1.0799081102054957e-06,1.600439763283749e-09
30.17,-0.5942649662639984,-0.5942649662639984,-0.4632025107666757,-0.46320245848675734,0.19028748429727188,0.0781202906191312,0.22685330339220552,-0.2290541879765789,0.4293307611164153,0.5248388400105501,0.044104115434663665,-1.0739593817657433e-06,-1.0739593748082255e-06,1.5828885348657367e-09
30.18,-0.6002802160403934,-0.6002802160403906,-0.4697425445966371,-0.46974249135996854,0.1879070900593654,0.07750603438191991,0.2245566750210216,-0.2302694531526625,0.4258994439115375,0.5218995317431573,0.04388994100585851,-1.0677770559269772e-06,-1.0677770489784022e-06,1.564406166607864e-09
30.19,-0.6062617002129129,-0.6062617002129129,-0.47625615553232875,-0.4762561013419008,0.18551612609718654,0.07688787605841446,0.2222479550460495,-0.23147250161496585,0.4224681267066585,0.5189602234757633,0.04367702634723703,-1.0613631818423563e-06,-1.0613631749046337e-06,1.5459567985261833e-09
30.200000000000003,-0.6122090823246492,-0.6122090823246492,-0.4827429771848437,-0.4827429220437074,0.18311472690183106,0.07626585140347739,0.21992726584755218,-0.2326632907898457,0.41903680950177946,0.5160209152083695,0.04346541755938895,-1.0547198471613783e-06,-1.054719840230245e-06,1.5289012931449691e-09
30.21,-0.6181220278369268,-0.618122027836924,-0.48920264467217456,-0.48920258858343235,0.18070302755137063,0.0756399964383166,0.21759473023000198,-0.2338417784076547,0.4154435955619365,0.5128448932544124,0.043255160320893105,-1.0478491839563397e-06,-1.0478491770292128e-06,1.5128312147290324e-09
30.220000000000002,-0.6240002041481196,-0.6240002041481196,-0.4956347946397373,-0.4956347376065405,0.17828116370325445,0.075010347448363,0.21525047141908699,-0.23500792249330324,0.4118503816220923,0.5096688713004542,0.04304629987953437,-1.0407533676815017e-06,-1.0407533607791495e-06,1.4926680168194223e-09
30.23,-0.6298432806123574,-0.6298432806123574,-0.5020390652807802,-0.5020390073063405,0.17584927158668978,0.07437694098112425,0.2128946130588119,-0.23616168135700769,0.40825716768224934,0.5064928493464973,0.04283888104372616,-1.0334346162224617e-06,-1.0334346093322345e-06,1.475687322932317e-09
30.240000000000002,-0.6356509285581352,-0.6356509285581352,-0.5084150963567777,-0.5084150374443552,0.1734074879949637,0.07373981384401476,0.21052727920869013,-0.23730301358523065,0.40466395374240516,0.5033168273925391,0.04263294817413915,-1.0258951887581746e-06,-1.0258951818846367e-06,1.45814615568562e-09
30.25,-0.6414228213067844,-0.6414228213067844,-0.5147625292176593,-0.5147624693705661,0.17095595027776048,0.07309900310216354,0.20814859434102675,-0.23843187803181767,0.4010707398025622,0.5001408054385821,0.042428545175536334,-1.0181373848172637e-06,-1.0181373779450624e-06,1.4442456455673344e-09
30.26,-0.6471586341908601,-0.6471586341908601,-0.5210810068220008,-0.5210809460436053,0.16849479633343034,0.07245454607619685,0.20575868333828712,-0.239548233809335,0.39733583148364593,0.4967459265488444,0.042225715488813945,-1.010163543160858e-06,-1.0101635363030188e-06,1.4279758151163158e-09
30.270000000000003,-0.6528580445723996,-0.6528580445723996,-0.5273701737571025,-0.5273701120508235,0.1660241646012337,0.07180648033999908,0.2033576714905533,-0.24065204028061304,0.39360092316472967,0.4933510476591068,0.04202450208324911,-1.0019760408389033e-06,-1.0019760339974212e-06,1.4116770578707322e-09
30.28,-0.6585207318610721,-0.6585207318610721,-0.5336296762589829,-0.5336296136282892,0.16354419405355405,0.07115484371844959,0.200945684493062,-0.24174325705050248,0.3898660148458147,0.48995616876937037,0.04182494744895353,-9.935772921146335e-07,-9.935772852861667e-07,1.3964409911198113e-09
30.290000000000003,-0.6641463775322103,-0.6641463775322103,-0.5398591622322766,-0.5398590986806933,0.16105502418808076,0.0704996742851371,0.19852284844382426,-0.2428218439578432,0.3861311065268984,0.4865612898796327,0.041627093589532954,-9.849697474306751e-07,-9.849697406171872e-07,1.3811635496470632e-09
30.3,-0.6697346651447287,-0.6697346651447287,-0.5460582812700401,-0.5460582168011396,0.15855679501996256,0.06984101036004979,0.19608928984132634,-0.2438877610676556,0.3823961982079835,0.48316641098989627,0.04143098201495278,-9.76155892395969e-07,-9.761558856016511e-07,1.365397587514544e-09
30.310000000000002,-0.6752852803589227,-0.6752852803589227,-0.5522266846734621,-0.5522266192908731,0.15604964707393132,0.06917889050724378,0.1936451355823047,-0.24494096866355283,0.3785405945232327,0.47957176240847105,0.041236653734607887,-9.67138246765753e-07,-9.671382399897844e-07,1.3501534945840203e-09
30.32,-0.6807979109541498,-0.6807979109541498,-0.5583640254714777,-0.5583639591788757,0.15353372137639804,0.06851335353248764,0.19119051295959705,-0.24598142724038513,0.3746849908384833,0.4759771138270471,0.04104414925059789,-9.579193634146055e-07,-9.579193566500153e-07,1.3366325044775429e-09
30.330000000000002,-0.6862722468463927,-0.6862722468463927,-0.5644699584402849,-0.5644698912414012,0.1510091594475198,0.06784443848088449,0.18872554966006663,-0.2470090974971129,0.3708293871537324,0.4723824652456219,0.04085350855120569,-9.485018272956114e-07,-9.485018205517344e-07,1.3215958264269744e-09
30.34,-0.6917079801057008,-0.6917079801056982,-0.5705441401227618,-0.570544072021377,0.1484761032932406,0.06717218463447122,0.18625037376259546,-0.24802394032991743,0.366973783468983,0.46878781666419794,0.04066477110457904,-9.38888254468917e-07,-9.388882477525743e-07,1.305568174027285e-09
30.35,-0.6971048049735116,-0.6971048049735116,-0.5765862288477985,-0.5765861598477398,0.14593469539729764,0.0664966315097946,0.1837651137361446,-0.24902591682555186,0.3631181797842322,0.4651931680827727,0.04047797585261427,-9.290812910886515e-07,-9.290812843903727e-07,1.2917137662329962e-09
30.360000000000003,-0.7024624178798466,-0.7024624178798492,-0.5825958847494891,-0.5825958148546403,0.1433850787132186,0.06581781885546556,0.18126989843788283,-0.25001498825493496,0.35916355834013736,0.46141896023163026,0.04029316120504133,-9.190836123759705e-07,-9.190836056805568e-07,1.281076361034232e-09
30.37,-0.7077805174603978,-0.7077805174603978,-0.5885727697862735,-0.5885726990005671,0.1408273966562697,0.06513578664968978,0.17876485711137377,-0.2509911160669933,0.35520893689604394,0.45764475238048913,0.040110365033708364,-9.088979215643445e-07,-9.08897914919403e-07,1.2616560513926313e-09
30.380000000000003,-0.7130588045734633,-0.7130588045734657,-0.5945165477599528,-0.5945164760873668,0.1382617930953886,0.064450575097777,0.1762501193848268,-0.25195426188275233,0.35125431545194913,0.4538705445293466,0.03992962466706509,-8.985269491293413e-07,-8.985269424936229e-07,1.2503948209114511e-09
30.39,-0.7182969823167846,-0.7182969823167846,-0.6004268843345721,-0.6004268117791415,0.13568841234510398,0.06376222462962651,0.1737258152694036,-0.25290438748968336,0.34729969400785565,0.4500963366782055,0.039750976884843844,-8.879734515049309e-07,-8.879734448968308e-07,1.235953052830938e-09
30.400000000000002,-0.723494756044245,-0.723494756044245,-0.6063034470552656,-0.6063033736210711,0.13310739915740094,0.06307077589719196,0.1711920751575825,-0.2538414548363074,0.34334507256376084,0.446322128827063,0.03957445791293669,-8.772402103479626e-07,-8.772402037533177e-07,1.2244447507163953e-09
30.41,-0.7286518333824428,-0.7286518333824428,-0.6121459053669273,-0.6121458310580972,0.13051889871359185,0.06237626977192222,0.16864902982157234,-0.25476542602705604,0.3393136676806761,0.4423895816757083,0.039400103418466045,-8.663300314071254e-07,-8.663300248495279e-07,1.20884547856144e-09
30.42,-0.7337679242471373,-0.7337679242471373,-0.6179539306328172,-0.6179538554535339,0.12792305661614425,0.06167874734218169,0.1660968104117782,-0.255676263317401,0.33528226279758994,0.4384570345243522,0.03922794850504947,-8.552457437110972e-07,-8.552457371738868e-07,1.1966087139879946e-09
30.43,-0.7388427408595667,-0.7388427408595644,-0.6237271961530433,-0.6237271201075358,0.12532001888049288,0.06097824991064697,0.16353554845531557,-0.25657392910924587,0.3312508579145052,0.4345244873729975,0.03905802770825509,-8.439901984791387e-07,-8.439901919651966e-07,1.1841105684583608e-09
30.44,-0.7438759977626344,-0.7438759977626344,-0.6294653771829501,-0.629465300275493,0.12270993192682031,0.060274818991682896,0.1609653758545656,-0.257458385946587,0.3272194530314191,0.4305919402216414,0.03889037499124595,-8.325662682606705e-07,-8.325662617701388e-07,1.1718496240437454e-09
30.450000000000003,-0.7488674118369667,-0.7488674118369667,-0.6351681509513597,-0.6351680731862815,0.12009294257183317,0.05956849630869618,0.158386424885777,-0.25832959651144544,0.3231880481483329,0.4266593930702853,0.038725023740612534,-8.209768459707667e-07,-8.20976839510202e-07,1.1586693669390357e-09
30.46,-0.7538167023168382,-0.7538167023168358,-0.6408351966787514,-0.640835118060427,0.11746919802049267,0.05885932379146708,0.15579882819770358,-0.25918752362007613,0.31910252585103666,0.4225906168293664,0.03856200676239108,-8.092248439950378e-07,-8.092248375587142e-07,1.1467748841864783e-09
30.470000000000002,-0.7587235908059641,-0.7587235908059641,-0.646466195595305,-0.6464661161281534,0.11483884585773435,0.058147343573459666,0.15320271881028066,-0.26003213021944804,0.315017003553739,0.41852184058844605,0.03840135627826478,-7.97313193245941e-07,-7.97313186827911e-07,1.136178926534502e-09
30.48,-0.7635878012931586,-0.7635878012931586,-0.6520608309588056,-0.6520607506473003,0.11220203404017869,0.057432597989110774,0.1505982301133338,-0.2608633793840056,0.31093148125644277,0.41445306434752716,0.038243103921946915,-7.85244842253785e-07,-7.852448358667879e-07,1.1235683049835295e-09
30.490000000000002,-0.7684090601678689,-0.7684090601678689,-0.6576187880724974,-0.6576187069211549,0.10955891088779146,0.056715129571096784,0.14798549586531878,-0.2616812343127103,0.3068459589591451,0.4103842881066068,0.038087280735743266,-7.730227563271241e-07,-7.730227499699608e-07,1.111415960625465e-09
30.5,-0.7731870962355524,-0.7731870962355524,-0.6631397543027553,-0.6631396723161384,0.10690962507555439,0.05599498104757994,0.1453646501920906,-0.2624856583263635,0.3027604366618489,0.40631551186568793,0.03793391716729154,-7.606499166229463e-07,-7.606499102978754e-07,1.09911098622838e-09
30.51,-0.7779216407329398,-0.7779216407329398,-0.6686234190966847,-0.6686233362794071,0.10425432562509582,0.055272195339432874,0.14273582758569758,-0.26327661486521503,0.29864376724290814,0.40213338267535176,0.03778304306647583,-7.481293193001282e-07,-7.481293130087358e-07,1.0867705662478163e-09
30.520000000000003,-0.7826124273431516,-0.7826124273431516,-0.6740694739995866,-0.6740693903563069,0.10159316189630974,0.05454681555744228,0.14009916290319635,-0.2640540674868567,0.29452709782396747,0.39795125348501553,0.03763468768251315,-7.354639746590119e-07,-7.354639684024667e-07,1.074465243256483e-09
30.53,-0.787259192210678,-0.787259192210678,-0.679477612672309,-0.6794775282077299,0.0989262835789542,0.05381888499949155,0.13745479136548971,-0.26481797986440275,0.29041042840502823,0.39376912429468086,0.03748887966121016,-7.226569063017996e-07,-7.226569000769838e-07,1.0629244687811764e-09
30.540000000000003,-0.7918616739562202,-0.7918616739562202,-0.6848475309084774,-0.6848474456273521,0.09625384068423135,0.05308844714772265,0.13480284855617744,-0.26556831578496054,0.2862937589860875,0.3895869951043447,0.037345647042387194,-7.097111502998854e-07,-7.09711144097134e-07,1.0532452887938275e-09
30.55,-0.7964196136913936,-0.7964196136913936,-0.6901789266516067,-0.6901788405587305,0.09357598353634937,0.052355545665677294,0.1321434704204237,-0.26630503914839093,0.28217708956714826,0.38540486591400996,0.03720501725746746,-6.966297543403721e-07,-6.96629748176561e-07,1.0409132924864028e-09
30.560000000000002,-0.8009327550332899,-0.8009327550332899,-0.6954715000120925,-0.6954714131123098,0.09089286276406683,0.05162022439541747,0.1294767932638344,-0.2670281139663591,0.27805241843958184,0.38113289722592225,0.03706701712722807,-6.834157770044258e-07,-6.834157708727084e-07,1.0299544169627779e-09
30.57,-0.8054008441188987,-0.8054008441188987,-0.7007249532840785,-0.7007248655822755,0.08820462929221963,0.05088252735462543,0.12680295375134248,-0.2677375043616822,0.27392774731201686,0.37686092853783604,0.03693167285971176,-6.700722868929754e-07,-6.70072280795421e-07,1.0188552556952546e-09
30.580000000000002,-0.8098236296193868,-0.8098236296193868,-0.7059389909622032,-0.7059389024633153,0.08551143433323181,0.050142498733683726,0.12412208890609885,-0.2684331745679634,0.2698030761844504,0.37258895984974827,0.036799010048293904,-6.566023618911898e-07,-6.566023558289766e-07,1.0077642924926529e-09
30.59,-0.8142008627542363,-0.8142008627542342,-0.7111133197582199,-0.7111132304672254,0.0828134293786109,0.049400182892735026,0.1214343361083647,-0.26911508892952873,0.2656784050568854,0.36831699116166206,0.03666905366990549,-6.430090883982609e-07,-6.430090823683968e-07,9.973693144814578e-10
30.6,-0.8185322973052372,-0.8185322973052372,-0.7162476486175053,-0.7162475585394239,0.08011076619042046,0.04865562435872161,0.11873983309440353,-0.26978321190165117,0.26155373392931897,0.36404502247357434,0.03654182808340576,-6.292955605641248e-07,-6.292955545695839e-07,9.8667619672407e-10
30.610000000000003,-0.8228176896303363,-0.8228176896303383,-0.7213416887354075,-0.7213415978753084,0.07740359679275594,0.04790886782240541,0.11603871795536935,-0.27043750805107764,0.2574442514946609,0.3597072328497375,0.03641735702810485,-6.154648795747564e-07,-6.154648736140245e-07,9.764226425240924e-10
30.62,-0.8270567986773492,-0.8270567986773492,-0.726395153573513,-0.7263950619365077,0.07469207346318225,0.04715995813536821,0.11333112913618808,-0.2710779420568475,0.25333476906000424,0.35536944322590214,0.03629566362243105,-6.015201529166458e-07,-6.015201469879467e-07,9.666433147674893e-10
30.630000000000003,-0.8312493859975076,-0.8312493859975095,-0.7314077588757645,-0.7314076664670046,0.07197634872416789,0.046408940306992365,0.11061720543442904,-0.27170447871140874,0.24922528662534615,0.3510316536020653,0.03617677036274092,-5.874644936690321e-07,-5.874644877761813e-07,9.564223371518496e-10
30.64,-0.8353952157588804,-0.8353952157588804,-0.7363792226844258,-0.7363791295091123,0.06925657533451844,0.04565585950142215,0.10789708599916438,-0.2723170829220334,0.2451158041906895,0.34669386397822993,0.03606069912226965,-5.733010198238908e-07,-5.733010139710025e-07,9.457156007911072e-10
30.650000000000002,-0.8394940547596366,-0.8394940547596366,-0.7413092653559756,-0.7413091714193488,0.06653290628076612,0.04490076103450606,0.10517091032981261,-0.2729157197125265,0.24100632175603143,0.3423560743543931,0.0359474711502175,-5.59032853605923e-07,-5.590328477959074e-07,9.347211964523797e-10
30.66,-0.843545672441163,-0.843545672441163,-0.7461976095768111,-0.7461975148841533,0.06380549476857832,0.04414369037071982,0.10243881827496305,-0.2735003542252348,0.23693513301945948,0.33797685242605574,0.035837107070970285,-5.446631208272379e-07,-5.446631150446316e-07,9.263841464577904e-10
30.67,-0.8475498409010335,-0.8475498409010335,-0.7510439803788589,-0.7510438849354981,0.06107449421413347,0.0433846931200712,0.0997009500311793,-0.27407095172335183,0.2328639442828861,0.3335976304977168,0.0357296268834507,-5.301949501795855e-07,-5.30194944435465e-07,9.164352193638616e-10
30.68,-0.8515063349058279,-0.8515063349058261,-0.7558481051550369,-0.7558480089663426,0.05834005823549397,0.04262381503498545,0.09695744614177827,-0.274627477593518,0.22879275554631415,0.32921840856937945,0.035625049960596664,-5.156314726861844e-07,-5.156314669809342e-07,9.06591241342579e-10
30.69,-0.8554149319038018,-0.8554149319038018,-0.7606097136745998,-0.7606096167459799,0.055602340643958775,0.041861102007172885,0.09420844749558135,-0.2751698973487197,0.22472156680974076,0.3248391866410405,0.03552339504896485,-5.009758210286486e-07,-5.009758153730685e-07,8.952004118314785e-10
30.700000000000003,-0.8592754120374045,-0.8592754120374045,-0.7653285380983176,-0.7653284404352261,0.05286149543542433,0.04109660006447767,0.09145409532563482,-0.2756981766314811,0.22065037807316737,0.3204599647127016,0.035424680268454856,-4.862311290057542e-07,-4.86231123384115e-07,8.864615219286197e-10
30.71,-0.8630875581556464,-0.8630875581556446,-0.7700043129935602,-0.7700042146014915,0.05011767678171104,0.0403303553677094,0.08869453120789786,-0.2762122812173545,0.21664037273875664,0.3160639320585971,0.035328923112152515,-4.7140053086730527e-07,-4.7140052528314575e-07,8.773157146042161e-10
30.720000000000002,-0.8668511558263136,-0.8668511558263136,-0.7746367753492294,-0.7746366762337152,0.047371039021890785,0.03956241420745588,0.08592989705989335,-0.2767121770187017,0.2126303674043445,0.311667899404491,0.03523614044628737,-4.564871608075949e-07,-4.564871552681371e-07,8.671889510216683e-10
30.73,-0.8705659933480275,-0.8705659933480275,-0.7792256645905303,-0.7792255647571485,0.04462173665361853,0.03879282300087912,0.08316033513931947,-0.27719783008877374,0.20862036206993373,0.30727186675038654,0.03514634851030332,-4.414941524172322e-07,-4.4149414691401353e-07,8.585363942144237e-10
30.740000000000002,-0.8742318617621608,-0.8742318617621608,-0.7837707225936599,-0.7837706220480254,0.04186992432442367,0.03802162828849332,0.08038598804261937,-0.2776692066260781,0.20461035673552158,0.30287583409628044,0.03505956291703692,-4.2642463810027564e-07,-4.2642463263634636e-07,8.495509010093475e-10
30.75,-0.8778485548645799,-0.8778485548645799,-0.7882716937003014,-0.7882715924480683,0.03911575682302548,0.037248876730926125,0.07760699870350585,-0.278126272979039,0.20060035140111085,0.29847980144217595,0.03497579865300166,-4.1128174859544897e-07,-4.1128174317087295e-07,8.406966972416597e-10
30.76,-0.8814158692172515,-0.8814158692172515,-0.792728324732017,-0.7927282227788823,0.03635938907061967,0.036474615105662404,0.07482351039143705,-0.2785689956509504,0.1966740751775918,0.294091674157054,0.0348950700787752,-3.9606861244878555e-07,-3.960686070688953e-07,8.311565913622709e-10
30.770000000000003,-0.8849336041596836,-0.8849336041596836,-0.7971403650044862,-0.7971402623561847,0.03360097611216559,0.03569889030377199,0.07203566671004223,-0.27899734130521503,0.19274779895407276,0.28970354687193206,0.03481739092948552,-3.807883555348446e-07,-3.807883502084178e-07,8.20404180332266e-10
30.78,-0.8884015618202135,-0.8884015618202135,-0.8015075663416069,-0.8015074630039112,0.030840673107664834,0.03492174932662018,0.06924361159549317,-0.27941127677087485,0.1888215227305551,0.2853154195868117,0.03474277431539381,-3.654441006195608e-07,-3.654440953211151e-07,8.137093862558849e-10
30.790000000000003,-0.891819547127137,-0.891819547127137,-0.8058296830894555,-0.8058295790681799,0.02807863532343355,0.034143239282562715,0.06644748931481884,-0.27981076904842117,0.18489524650703607,0.2809272923016898,0.034671232722569285,-3.5003896678431623e-07,-3.500389615349223e-07,8.039060716353407e-10
30.8,-0.8951873678196818,-0.8951873678196818,-0.8101064721301044,-0.8101063674310985,0.025315018123368865,0.033363407383624095,0.06364744446416087,-0.2801957853158946,0.1809689702835184,0.2765391650165694,0.03460277801365494,-3.3457606914144566e-07,-3.3457606393241247e-07,7.955634906252176e-10
30.810000000000002,-0.8985048344588221,-0.8985048344588221,-0.8143376928952981,-0.8143375875244526,0.022549976960209578,0.03258230094216054,0.06084362196696624,-0.2805662929352656,0.1771484981241047,0.2721836147483218,0.03453742142871974,-3.19058518279125e-07,-3.190585131247606e-07,7.851644064149501e-10
30.82,-0.9017717604379342,-0.9017717604379342,-0.818523107379984,-0.8185230013432245,0.019783667366792074,0.031799967367507544,0.05803616707211485,-0.2809222594590943,0.17332802596469232,0.2678280644800758,0.034475173586194216,-3.0348941996299894e-07,-3.03489414841239e-07,7.782490046266833e-10
30.830000000000002,-0.9049879619932929,-0.9049879619932929,-0.8226624801557008,-0.8226623734589933,0.017016244947301556,0.031016454162611624,0.0552252253519794,-0.2812636526374709,0.16950755380527863,0.26347251421182816,0.03441604448388699,-2.878718746088249e-07,-2.878718695341176e-07,7.692548771727136e-10
30.84,-0.9081532582144091,-0.9081532582144075,-0.8267555783838193,-0.8267554710331662,0.014247865368520796,0.030231808920647942,0.05241094270041399,-0.2815904404252304,0.16568708164586626,0.25911696394358213,0.034360043500078576,-2.722089770187952e-07,-2.722089719990398e-07,7.591851201085632e-10
30.85,-0.9112674710542046,-0.9112674710542046,-0.8308021718286497,-0.8308020638300868,0.011478684351067137,0.029446079321622468,0.04959346533066959,-0.281902590989443,0.16186660948645254,0.25476141367533456,0.03430717939468963,-2.565038159998978e-07,-2.565038110104806e-07,7.529510209767828e-10
30.860000000000003,-0.914330425339027,-0.9143304253390284,-0.8348020328703712,-0.8348019242299756,0.008708857660646663,0.028659313128960227,0.046772939773233047,-0.2822000727171721,0.15817342147541918,0.2504629289120124,0.034257460310520106,-2.407594739128882e-07,-2.4075946897232635e-07,7.440307409034223e-10
30.87,-0.9173419487785084,-0.9173419487785084,-0.8387549365178555,-0.8387548272417381,0.005938541099280381,0.027871558186079344,0.04394951287358724,-0.2824828542235076,0.1544802334643871,0.24616444414869168,0.03421089377455789,-2.249790264710616e-07,-2.2497902158349626e-07,7.345993666257993e-10
30.880000000000003,-0.9203018719752477,-0.9203018719752492,-0.84266066042132,-0.8426605505156256,0.003167890496540454,0.027082862412951037,0.04112333178988961,-0.28275090435985945,0.15078704545335375,0.2418659593853695,0.03416748669935177,-2.091655423724914e-07,-2.091655375182494e-07,7.282300508722267e-10
30.89,-0.9232100284343459,-0.9232100284343459,-0.8465189848848177,-0.8465188743557306,0.00039706170079800707,0.026293273802646278,0.038294543990566324,-0.2830041922225174,0.1470938574423217,0.23756747462204883,0.034127245384447266,-1.9332208291839015e-07,-1.93322078121172e-07,7.184086779130483e-10
30.900000000000002,-0.9260662545727685,-0.9260662545727685,-0.8503296928786201,-0.8503295817323572,-0.0023737894295617346,0.025502840417869235,0.03546329725181958,-0.2832426871614717,0.14340066943128832,0.23326898985872663,0.03409017551788223,-1.7745170186045378e-07,-1.7745169711660542e-07,7.092405007806116e-10
30.91,-0.9288703897285485,-0.9288703897285485,-0.8540925700514058,-0.8540924582942176,-0.005144507034891943,0.02471161038747765,0.03262973965504549,-0.2834663587894896,0.13985553001512552,0.2290517382453544,0.034056282177738637,-1.61557445053917e-07,-1.615574403322856e-07,7.048247035241576e-10
30.92,-0.931622276169823,-0.931622276169823,-0.857807404742326,-0.8578072923805,-0.007914935263057934,0.023919631902990783,0.029794019584159805,-0.28367517699144773,0.1363103905989615,0.22483448663198066,0.0340255698337488,-1.4564235009673077e-07,-1.4564234543707616e-07,6.94567939321527e-10
30.93,-0.934321759103705,-0.9343217591037037,-0.8614739879929069,-0.861473875032764,-0.010684918278201005,0.02312695321508496,0.026956285722829192,-0.28386911193391356,0.1327652511827987,0.22061723501860844,0.033998042348951915,-1.297094463018067e-07,-1.2970944169244935e-07,6.861499033704297e-10
30.94,-0.9369686866849912,-0.9369686866849912,-0.8650921135588124,-0.8650920000067046,-0.013454300269510833,0.022333622630077175,0.024116687051605225,-0.2840481340749777,0.12922011176663464,0.2163999834052347,0.033973702981399866,-1.1376175428762236e-07,-1.1376174971764603e-07,6.794474129874694e-10
30.950000000000003,-0.9395629100247034,-0.9395629100247034,-0.868661577921429,-0.868661463783745,-0.01622292545997668,0.021539688506397054,0.02127537284495921,-0.2842122141743267,0.1256749723504706,0.21218273179186098,0.03395255438590775,-9.780228578393224e-08,-9.780228126805569e-08,6.706452929541299e-10
30.96,-0.9421042831984624,-0.9421042831984612,-0.8721821802993267,-0.8721820655824873,-0.018990638115161648,0.020745199251047657,0.01843249266821465,-0.2843613233035595,0.12229781359261034,0.20807042425114056,0.03393459861584812,-8.183404349298984e-08,-8.183403902683463e-08,6.625813570748507e-10
30.970000000000002,-0.9445926632546975,-0.9445926632546975,-0.8756537226595554,-0.8756536073700113,-0.021757282551962548,0.019950203316055064,0.015588196374375593,-0.28449543285673795,0.1189206548347489,0.20395811671041866,0.033919837124984975,-6.586002083280862e-08,-6.586001640919436e-08,6.55666361029108e-10
30.98,-0.9470279102226854,-0.9470279102226854,-0.8790760097287662,-0.8790758938730044,-0.024522703147354052,0.019154749194907714,0.0127426341008484,-0.28461451456117326,0.11554349607688863,0.1998458091696982,0.03390827076934644,-4.988320174981187e-08,-4.988319737933983e-08,6.472617571562518e-10
30.990000000000002,-0.9494098871204286,-0.9494098871204286,-0.8824488490042185,-0.8824487325887554,-0.02728674434716076,0.018358885418985105,0.00989595626605424,-0.28471854048843726,0.11216633731902718,0.19573350162897632,0.03389989980913168,-3.39065605939326e-08,-3.390655627955597e-08,6.385006237272546e-10
31.0,-0.9517384599623535,-0.9517384599623535,-0.8857720507645909,-0.8857719337959739,-0.030049250674792694,0.01756266055397696,0.007048313565930501,-0.2848074830656038,0.10878917856116693,0.1916211940882559,0.03389472391065221,-1.7933061945141215e-08,-1.7933057671341847e-08,6.321131476915643e-10
31.01,-0.9540134977668516,-0.9540134977668516,-0.8890454280806603,-0.8890453105654699,-0.03281006673999727,0.016766123196292653,0.004199856970318709,-0.28488131508670467,0.1055989880766725,0.1876369515091374,0.03389274214830232,-1.9656604122175736e-09,-1.965656188063214e-09,6.244586511562501e-10
31.020000000000003,-0.9562348725636465,-0.9562348725636465,-0.8922687968258161,-0.8922686787706622,-0.03556903724759877,0.015969321969461648,0.0013507377192366805,-0.28494000972440797,0.10240879759217808,0.18365270893001887,0.03389395300655926,1.399269944357684e-08,1.3992703600988755e-08,6.143502128634059e-10
31.03,-0.9584024594009914,-0.9584024594009914,-0.8954419756864163,-0.8954418570979386,-0.038326007006233676,0.015172305520524905,-0.0014988926809670394,-0.284983540541902,0.09921860710768479,0.17966846635090178,0.033898354382008056,2.9939083191765636e-08,2.9939087315683514e-08,6.09225258958486e-10
31.040000000000003,-0.9605161363526984,-0.9605161363526984,-0.8985647861719864,-0.8985646670568564,-0.04108082093707996,0.014375122516418223,-0.004348882461578712,-0.2850118815049915,0.09602841662319037,0.17568422377178325,0.03390594358539155,4.587056681715218e-08,4.5870570879416595e-08,6.000078889064706e-10
31.05,-0.962575784524996,-0.962575784524996,-0.9016370526252602,-0.9016369329901776,-0.04383332408258034,0.013577821640347385,-0.007199079595606881,-0.28502500699439437,0.09283822613869706,0.17169998119266616,0.033916717343681645,6.178423660185839e-08,6.178424062326937e-08,5.939284324891607e-10
31.060000000000002,-0.9645812880632179,-0.9645812880632179,-0.9046586022320597,-0.9046584820837547,-0.04658336161515868,0.01278045158815571,-0.010049331801993818,-0.28502289181823515,0.089852940338987,0.16786620443630068,0.03393067180217034,7.767718941675827e-08,7.767719338028223e-08,5.853964737447967e-10
31.07,-0.9665325341583186,-0.9665325341583186,-0.9076292650310163,-0.9076291443762458,-0.04933077884592886,0.01198306106468444,-0.012899486549952838,-0.2850055112247333,0.08686765453927799,0.16403242767993656,0.03394780252657897,9.354653265208901e-08,9.35465365701646e-08,5.787626961532076e-10
31.080000000000002,-0.96842941305322,-0.96842941305322,-0.9105488739231308,-0.9105487527686826,-0.05207542123339609,0.011185698780126312,-0.015749391063433538,-0.28497284091507674,0.08388236873956792,0.1601986509235711,0.03396810450518299,1.0938938439786217e-07,1.0938938827499412e-07,5.728535851173695e-10
31.09,-0.9702718180489841,-0.9702718180489832,-0.9134172646811712,-0.9134171430338609,-0.0548171343921484,0.010388413446372738,-0.018598892325716515,-0.284924857056481,0.08089708293985891,0.15636487416720699,0.03399157215095167,1.2520287349243597e-07,1.2520287730601322e-07,5.636600411030438e-10
31.1,-0.9720596455108159,-0.9720596455108159,-0.9162342759589183,-0.9162341538255867,-0.0575557641015475,0.009591253773354983,-0.0214478370841398,-0.2848615362954238,0.07791179714014884,0.1525310974108415,0.03401819930369983,1.4098413949475974e-07,1.4098414326224606e-07,5.571016399483477e-10
31.110000000000003,-0.9737927948738913,-0.9737927948738921,-0.9189997493002259,-0.9189996266877445,-0.06029115631439039,0.008794268465379822,-0.024296071854958242,-0.28478285577105056,0.07514820038796345,0.14886934136478783,0.03404797923225035,1.567303328578462e-07,1.5673033658119423e-07,5.508849911640596e-10
31.12,-0.9754711686490171,-0.9754711686490171,-0.9217135291479479,-0.9217134060632138,-0.06302315716558632,0.007997506217460005,-0.027143442928337962,-0.28468879312874973,0.07238460363577905,0.14520758531873545,0.03408090463660677,1.7243861490795487e-07,1.724386185819743e-07,5.43951179542695e-10
31.130000000000003,-0.9770946724281102,-0.977094672428111,-0.9243754628526877,-0.9243753393026226,-0.0657516129808117,0.007201015711640125,-0.029989796373487403,-0.2845793265338857,0.06962100688359366,0.1415458292726818,0.03411696765013296,1.881061578931642e-07,1.8810616150150008e-07,5.346422925559274e-10
31.14,-0.9786632148895111,-0.9786632148895111,-0.9269854006813706,-0.9269852766729262,-0.06847637028514114,0.006404845613318089,-0.03283497804392634,-0.28445443468568954,0.06685741013140925,0.13788407322662943,0.034156159841740134,2.0373014496949393e-07,2.0373014852397844e-07,5.271299534120413e-10
31.150000000000002,-0.98017670780312,-0.98017670780312,-0.9295431958256861,-0.9295430713658372,-0.0711972758116986,0.005609044567562851,-0.035678833582894566,-0.2843140968312972,0.06409381337922386,0.13422231718057576,0.03419847221807856,2.193077702980495e-07,2.1930777380432117e-07,5.204970875566362e-10
31.16,-0.9816350660353595,-0.9816350660353595,-0.9320487044103303,-0.932048579506077,-0.07391417651026436,0.004813661195428758,-0.03852120842890181,-0.28415829277993176,0.06156744362083332,0.1307531695693834,0.03424389522573355,2.3483623904502204e-07,2.3483624248582803e-07,5.113422498238882e-10
31.17,-0.9830382075539636,-0.9830382075539636,-0.9345017855011059,-0.9345016601594749,-0.07662691955589043,0.004018744090266915,-0.041361947821420116,-0.2839870029172217,0.05904107386244189,0.12728402195818983,0.03429241875342409,2.5031276731923846e-07,2.5031277071267125e-07,5.049131876350139e-10
31.180000000000003,-0.9843860534325919,-0.9843860534325919,-0.9369023011128486,-0.9369021753408904,-0.07933535235749581,0.0032243418140341282,-0.04420089680671999,-0.2838002082196556,0.056514704104050455,0.12381487434699626,0.03434403213420478,2.657345822831836e-07,2.657345856374921e-07,4.997511374866296e-10
31.19,-0.9856785278552689,-0.9856785278552689,-0.9392501162171878,-0.9392499900219761,-0.08203932256644955,0.002430502893599814,-0.04703790024385178,-0.28359789026915677,0.053988334345659916,0.1203457267358039,0.03439872414766745,2.810989221183058e-07,2.810989254248636e-07,4.933416009745454e-10
31.200000000000003,-0.9869155581206493,-0.9869155581206493,-0.9415450987501434,-0.9415449721387771,-0.08473867808514036,0.0016372758170513613,-0.0498728028107734,-0.28338003126777433,0.05146196458726848,0.11687657912461033,0.03445648302214279,2.9640303600420026e-07,2.9640303925096426e-07,4.851665233972025e-10
31.21,-0.9880970746461069,-0.9880970746461063,-0.9437871196195515,-0.9437869925991533,-0.08743326707553073,0.0008447090299983879,-0.0527054490106257,-0.2831466140524985,0.04918702599248544,0.11361954475813915,0.03451729643690412,3.116441840977924e-07,3.116441872996867e-07,4.792514102350144e-10
31.220000000000002,-0.9892230109716484,-0.9892230109716484,-0.945976052712333,-0.9459759252900461,-0.09012293796770435,5.285093187642687e-05,-0.055535683178156006,-0.28289762211016645,0.04691208739770159,0.11036251039166682,0.0345811515243667,3.268196376166044e-07,3.2681964075627625e-07,4.707658418104276e-10
31.23,-0.9902933037636521,-0.9902933037636521,-0.948111774901574,-0.9481116470845673,-0.09280753946837755,-0.0007382501277495524,-0.05836334948629188,-0.282633039592477,0.04463714880291855,0.10710547602519564,0.03464803487228772,3.419266787069164e-07,3.4192668179844483e-07,4.644151201861388e-10
31.240000000000002,-0.9913078928184317,-0.9913078928184317,-0.9501941660534678,-0.9501940378489308,-0.09548692056942763,-0.0015285458528812579,-0.061188291952865105,-0.2823528513310963,0.0423622102081347,0.10384844165872331,0.034717932525963995,3.569626005478499e-07,3.56962603585681e-07,4.5725396555570824e-10
31.25,-0.9922667210656196,-0.9922667210656196,-0.95222310903406,-0.9522229804492034,-0.09816093055637286,-0.0023179880047823546,-0.06401035444748714,-0.2820570428528467,0.04008727161335166,0.10059140729225213,0.03479082999042683,3.719247072472842e-07,3.719247102473303e-07,4.525129802986229e-10
31.26,-0.99316973457138,-0.99316973457138,-0.9541984897158432,-0.9541983607579004,-0.10082941901685649,-0.0031065284056724387,-0.06682938069857709,-0.28174560039497604,0.03807655471452229,0.09756479840253934,0.03486671223263481,3.8681031394594e-07,3.8681031686984973e-07,4.420028152930861e-10
31.270000000000003,-0.9940168825414413,-0.9940168825414413,-0.9561201969841746,-0.9561200676603995,-0.10349223584910627,-0.003894118942419159,-0.06964521430054259,-0.2814185109204982,0.03606583781569291,0.09453818951282654,0.03494556368366391,4.0161674659533464e-07,4.0161674948377554e-07,4.376545188001114e-10
31.28,-0.9948081173239532,-0.9948081173239532,-0.9579881227435272,-0.9579879930611935,-0.1061492312703775,-0.004680711570228074,-0.07245769872111435,-0.2810757621335974,0.03405512091686425,0.09151158062311482,0.035027368240894904,4.16341342228399e-07,4.1634134505097454e-07,4.2871576264644e-10
31.290000000000003,-0.9955433944121683,-0.9955433944121683,-0.9598021619235696,-0.9598020318899726,-0.10880025582537825,-0.005466258316329659,-0.07526667730883518,-0.2807173424950927,0.03204440401803488,0.08848497173340203,0.03511210927019873,4.309814486819219e-07,4.309814514525945e-07,4.219046886786708e-10
31.3,-0.9962226724469438,-0.9962226724469438,-0.961562212485076,-0.9615620821075295,-0.11144516039467635,-0.006250711283663014,-0.0780719933007039,-0.2803432412379486,0.030033687119206214,0.08545836284369031,0.03519976960811893,4.4553442475614435e-07,4.45534427478389e-07,4.156340077316142e-10
31.310000000000002,-0.9968459132190698,-0.9968459132190698,-0.9632681754256667,-0.963268044711505,-0.11408379620308715,-0.007034022654555732,-0.08087348982997446,-0.27995344838283076,0.028298496898186316,0.08267919612692122,0.03529033156405243,4.599976401453709e-07,4.599976428177971e-07,4.0916092932464375e-10
31.32,-0.9974130816714167,-0.9974130816714167,-0.9649199547853757,-0.9649198237419511,-0.11671601482804216,-0.007816144694399488,-0.08367100993411107,-0.27954795475369715,0.026563306677167036,0.07990002941015312,0.035383776922428986,4.7436847543796956e-07,4.7436847805337193e-07,4.015886684240996e-10
31.330000000000002,-0.997924145900909,-0.997924145900909,-0.9665174576520501,-0.9665173262867339,-0.11934166820793778,-0.008597029755320713,-0.08646439656289877,-0.2791267519934163,0.02482811645614714,0.07712086269338403,0.0354800869448892,4.886443220886161e-07,4.886443246570893e-07,3.955693991827708e-10
31.34,-0.9983790771603185,-0.9983790771603183,-0.9680605941665736,-0.9680604624867554,-0.1219606086504624,-0.009376630279845949,-0.08925349258671125,-0.2786898325794077,0.02309292623512786,0.07434169597661594,0.03557924237246283,5.028225824738053e-07,5.028225849899842e-07,3.8872664856042773e-10
31.35,-0.9987778498598816,-0.9987778498598816,-0.9695492775279269,-0.9695491455410125,-0.12457268884091047,-0.010154898804561354,-0.09203814080493436,-0.2782371898392892,0.021357736014107963,0.07156252925984685,0.03568122342774592,5.169006698432788e-07,5.169006723058492e-07,3.8167815667623314e-10
31.360000000000003,-0.999120441568739,-0.9991204415687392,-0.9709834239980606,-0.9709832917114752,-0.12717776185045626,-0.010931787963765741,-0.09481818395454598,-0.277768817966535,0.019907828341540076,0.06904643020229619,0.03578600981708065,5.308760083477804e-07,5.308760107592139e-07,3.75008194450798e-10
31.37,-0.9994068330161979,-0.9994068330161979,-0.9723629529066143,-0.9723628203277993,-0.12977568114442983,-0.011707250493116772,-0.09759346471885366,-0.27728471203613086,0.018457920668972706,0.06653033114474641,0.03589358073273705,5.447460330529341e-07,5.447460354183157e-07,3.6912604510270203e-10
31.380000000000003,-0.9996370080928146,-0.9996370080928147,-0.9736877866554526,-0.9736876537918645,-0.13236630059055965,-0.01248123923326963,-0.10036382573638752,-0.27678486802021274,0.017008012996404823,0.06401423208719573,0.03600391485509689,5.585081899739386e-07,5.585081922836466e-07,3.617346220794273e-10
31.39,-0.9998109538513017,-0.9998109538513017,-0.974957850723024,-0.9749577175821371,-0.13494947446717995,-0.013253707133507835,-0.1031291096099495,-0.27626928280369195,0.015558105323837449,0.06149813302964595,0.0361169903548427,5.721599360755669e-07,5.721599383123944e-07,3.5162259485599773e-10
31.400000000000002,-0.9999286605072563,-0.9999286605072563,-0.9761730736685612,-0.9761729402578647,-0.13752505747144508,-0.014024607255365397,-0.10588915891582021,-0.2757379541998513,0.014108197651269564,0.05898203397209528,0.03623278489515218,5.856987392582891e-07,5.85698741449428e-07,3.4576222174307745e-10
31.41,-0.9999901214397098,-0.9999901214397098,-0.9773333871360935,-0.9773332534630911,-0.1400929047274888,-0.014793892776240146,-0.108643816213119,-0.2751908809659071,0.012951724435530016,0.05674314899796075,0.03635127563389941,5.991220785178664e-07,5.99122080665307e-07,3.4020795705309836e-10
31.42,-0.9999953331915011,-0.9999953331915011,-0.9784387258582943,-0.9784385919305055,-0.14265287179458014,-0.015561516992997314,-0.1113929240533224,-0.2746280628185276,0.011795251219790056,0.05450426402382542,0.03647243922586442,6.124274439037181e-07,6.124274460018009e-07,3.3374461012685294e-10
31.430000000000003,-0.9999442954694706,-0.9999442954694706,-0.9794890276601518,-0.9794888934851101,-0.14520481467524649,-0.01632743332556314,-0.11413632498993502,-0.27404950044930054,0.010638778004050097,0.05226537904969009,0.03659625182495267,6.256123365813715e-07,6.256123386254504e-07,3.2652057692371874e-10
31.44,-0.9998370111444767,-0.9998370111444767,-0.9804842334624667,-0.9804840990477193,-0.14774858982337372,-0.017091595320507805,-0.11687386158831617,-0.273455195540141,0.009482304788310547,0.05002649407555556,0.03672268908642597,6.386742688949121e-07,6.386742708896339e-07,3.2001459813661844e-10
31.450000000000003,-0.9996734862512342,-0.9996734862512342,-0.9814242872851748,-0.9814241526382826,-0.15028405415228044,-0.017853956654617264,-0.11960537643565997,-0.2728451507786338,0.008325831572570589,0.04778760910142023,0.036851726169147225,6.516107644710667e-07,6.516107664056095e-07,3.117409966025597e-10
31.46,-0.9994537299879753,-0.9994537299879754,-0.9823091362504963,-0.9823090013790332,-0.15281106504276554,-0.018614471138453246,-0.12233071215112853,-0.27221936987329537,0.007469294926774629,0.0458385260364771,0.03698333773783938,6.644193582400204e-07,6.644193601231127e-07,3.0483809592902557e-10
31.470000000000002,-0.9991777547159321,-0.9991777547159321,-0.9831387305859113,-0.9831385954974632,-0.15532948035113625,-0.019373092719901185,-0.125049711396137,-0.27157785756875746,0.006612758280978365,0.04388944297153327,0.0371174979653626,6.770975965811332e-07,6.770975984208158e-07,2.9921050889452873e-10
31.48,-0.9988455759586408,-0.9988455759586408,-0.9839130236269558,-0.9839128883291217,-0.1578391584171908,-0.020129775487705292,-0.12776221688478992,-0.27092061966085274,0.0057562216351824055,0.04194035990659015,0.03725418053500957,6.896430374200846e-07,6.89643039207287e-07,2.9207782208997935e-10
31.490000000000002,-0.9984572124010686,-0.9984572124010686,-0.984631971819851,-0.9846318363202418,-0.16033995807220316,-0.020884473674990325,-0.1304680713944691,-0.2702476630116031,0.004899684989386141,0.03999127684164632,0.0373933586428228,7.020532503052013e-07,7.020532520327763e-07,2.837315631905156e-10
31.5,-0.9980126858885634,-0.9980126858885634,-0.9852955347239508,-0.9852953990301877,-0.1628317386468511,-0.02163714166276962,-0.1331671177765697,-0.26955899556409696,0.004043148343590181,0.03804219377670319,0.03753500499993509,7.143258165254185e-07,7.143258182123455e-07,2.7846346016167493e-10
31.51,-0.9975120214256245,-0.9975120214256245,-0.9859036750140167,-0.9859035391337325,-0.16531435997913418,-0.022387733983438563,-0.135859198967384,-0.26885462635724877,0.003491364028347358,0.03639387107497107,0.03767909183493566,7.264583293392635e-07,7.26458330960747e-07,2.690551852906581e-10
31.520000000000003,-0.9969552471744957,-0.9969552471744957,-0.9864563584823176,-0.9864562224231557,-0.1677876824222571,-0.023136205324253332,-0.13854415799913417,-0.2681345655404338,0.002939579713104535,0.034745548373238955,0.037825590896265096,7.384483939609776e-07,7.384483955394504e-07,2.6331699890666384e-10
31.53,-0.9963423944535819,-0.9963423944535819,-0.9869535540405541,-0.9869534178101677,-0.1702515668524846,-0.02388251053079408,-0.14122183801114857,-0.26739882438798546,0.0023877953978619073,0.03309722567150743,0.03797447345464011,7.502936278866446e-07,7.502936294163334e-07,2.5657500608163345e-10
31.540000000000003,-0.9956734977356869,-0.9956734977356869,-0.9873952337216073,-0.9873950973276593,-0.1727058746769671,-0.02462660461041219,-0.14389208226118388,-0.26664741531355096,0.0018360110826190846,0.03144890296977531,0.03812571030551205,7.619916609566402e-07,7.6199166243833e-07,2.4991645553496467e-10
31.55,-0.9949485946460751,-0.9949485946460751,-0.9877813726811114,-0.9877812361312741,-0.17515046784153662,-0.025368442735660923,-0.146554734136889,-0.2658803518842955,0.0012842267673764567,0.02980058026804378,0.03827927177156125,7.735401355984939e-07,7.735401370174297e-07,2.407043196261864e-10
31.560000000000002,-0.9941677259603539,-0.9941677259603539,-0.9881119491988519,-0.9881118125008063,-0.1775852088384722,-0.026107980247709234,-0.1492096371674104,-0.2650976488349456,0.0010402971148330655,0.02846228539937193,0.0384351277052298,7.849367069517887e-07,7.849367083304873e-07,2.352511392472801e-10
31.57,-0.9933309356021809,-0.9933309356021809,-0.988386944679987,-0.9883868078414219,-0.1800099607142348,-0.026845172659737855,-0.15185663503513744,-0.26429932208166435,0.000796367462289761,0.02712399053070056,0.03859324749129597,7.961790431942894e-07,7.961790445331269e-07,2.2982096552760324e-10
31.580000000000002,-0.9924382706407932,-0.9924382706407932,-0.9886063436560928,-0.9886062066847058,-0.18242458707717063,-0.02757997566031721,-0.15449557158758587,-0.26348538873574856,0.0005524378097463699,0.025785695662028714,0.03875360004949259,8.072648257015369e-07,8.072648269881092e-07,2.2220506543897652e-10
31.59,-0.9914897812883595,-0.9914897812883601,-0.9887701337860355,-0.9887699966895307,-0.1848289521051824,-0.028312345116766828,-0.15712629084941637,-0.2626558671171399,0.00030850815720306543,0.02444740079335734,0.03891615383717251,8.181917492758317e-07,8.181917505085312e-07,2.1423671681499792e-10
31.6,-0.9904855208971559,-0.9904855208971559,-0.9888783058566629,-0.9888781686427524,-0.18722292055337467,-0.029042237078495636,-0.15974863703458733,-0.261810776767743,6.457850465967434e-05,0.023109105924685493,0.03908087685202437,8.289575224307288e-07,8.289575236161153e-07,2.0733522924730297e-10
31.610000000000003,-0.9894255459565651,-0.9894255459565645,-0.9889308537833249,-0.9889307164597266,-0.18960635776164997,-0.029769607780322362,-0.16236245455864165,-0.26095013846454096,0.0001298749760579462,0.02208836326966459,0.03924773663484189,8.395598676824712e-07,8.395598688148994e-07,1.9937015374850936e-10
31.62,-0.9883099160898968,-0.9883099160898968,-0.9889277746102143,-0.9889276371846528,-0.1919791296622938,-0.030494413645776052,-0.16496758805112027,-0.26007397423249906,0.00019517144745619488,0.021067620614644046,0.03941670027234884,8.499965217789729e-07,8.499965228806375e-07,1.952520539719771e-10
31.630000000000003,-0.9871386940510375,-0.9871386940510369,-0.9888690685105338,-0.9888689309907396,-0.1943411027875158,-0.031216611290375496,-0.16756388236810735,-0.2591823073572491,0.00026046791885446676,0.020046877959623143,0.03958773440008391,8.602652361300311e-07,8.602652371661898e-07,1.8489711147840704e-10
31.64,-0.9859119457209181,-0.9859119457209181,-0.9887547387864862,-0.9887546011801943,-0.19669214427694598,-0.0319361575248879,-0.17015118260489837,-0.2582751623975465,0.0003257643902527154,0.019026135304602603,0.03976080520534811,8.703637769183481e-07,8.703637779230875e-07,1.805411957560915e-10
31.650000000000002,-0.9846297401038087,-0.9846297401038087,-0.9885847918690881,-0.9885846541840388,-0.19903212188512376,-0.032653009358565264,-0.17272933410879313,-0.2573525651974923,0.00039106086165098725,0.0180053926495817,0.03993587843021855,8.802899256893371e-07,8.80289926639525e-07,1.7195441701681236e-10
31.66,-0.983292149323437,-0.983292149323437,-0.9883592373178087,-0.9883590995617473,-0.20136090398892456,-0.033367124002358986,-0.17529818249200932,-0.2564145428985071,0.0007652163364753381,0.017307941194739773,0.04011291937463053,8.900414794899003e-07,8.90041480395068e-07,1.6499707576046306e-10
31.67,-0.981899248618932,-0.981899248618932,-0.9880780878200326,-0.9880779500007072,-0.2036783595949691,-0.034078458872111375,-0.17785757364471425,-0.25546112395105836,0.001139371811299822,0.016610489739897597,0.04029189289953349,8.996162513888462e-07,8.996162522320967e-07,1.548496260493595e-10
31.680000000000003,-0.9804511163405908,-0.9804511163405908,-0.9877413591903443,-0.9877412213155075,-0.20598435834699058,-0.03478697159172434,-0.1804073537481726,-0.2544923381261207,0.0015135272861243056,0.01591303828505542,0.04047276343012174,9.090120707405669e-07,9.090120715443691e-07,1.4872109199791172e-10
31.69,-0.9789478339454724,-0.9789478339454724,-0.9873490703696405,-0.9873489324470479,-0.2082787705331672,-0.03549261999630372,-0.18294736928800912,-0.25350821652637273,0.0018876827609486566,0.015215586830213495,0.040655494959145784,9.182267837123947e-07,9.182267844826426e-07,1.4361102085149722e-10
31.700000000000003,-0.977389485992815,-0.977389485992815,-0.9869012434240643,-0.9869011054614736,-0.21056146709341853,-0.036195362135279865,-0.18547746706757862,-0.25250879159711326,0.0022618382357731406,0.01451813537537132,0.04084005105030543,9.27258253666241e-07,9.272582543776186e-07,1.3367678471084133e-10
31.71,-0.9757761601392803,-0.975776160139281,-0.9863979035437634,-0.986397765548935,-0.21283231962666377,-0.03689515627550338,-0.1879974942214466,-0.25149409713689624,0.0029427490758354817,0.0141478964465029,0.04102639484173019,9.361043615124798e-07,9.361043621802735e-07,1.2649166484283387e-10
31.720000000000002,-0.9741079471340219,-0.9741079471340219,-0.9858390790414726,-0.9858389410221687,-0.21509120039804996,-0.03759196090431553,-0.19050729822897372,-0.25046416830786866,0.0036236599158980644,0.013777657517634349,0.04121448904954858,9.447630062858758e-07,9.4476300691968e-07,1.2103313210467456e-10
31.73,-0.9723849408135824,-0.9723849408135824,-0.9852248013509235,-0.9852246633149079,-0.21733798234612503,-0.03828573473259294,-0.19300672692800164,-0.24941904164581352,0.004304570755960406,0.013407418588765927,0.04140429597155172,9.532321055896742e-07,9.53232106178293e-07,1.1333898167230552e-10
31.740000000000002,-0.9706072380966114,-0.9706072380966114,-0.9845551050250739,-0.9845549669801108,-0.21957253908999996,-0.03897643669776653,-0.1954956285286393,-0.24835875506987912,0.004985481596022989,0.013037179659897376,0.041595777490952904,9.615095960396891e-07,9.615095965848766e-07,1.0586542367149703e-10
31.75,-0.9687749389784189,-0.9687749389784189,-0.9838300277341657,-0.9838298896880205,-0.22179474493644613,-0.03966402596681305,-0.1979738516271432,-0.2472833478919967,0.0056663924360853294,0.012666940731028956,0.041788895080248016,9.695934338263545e-07,9.695934343249683e-07,9.76569874681171e-11
31.76,-0.966888146525347,-0.966888146525347,-0.9830496102636053,-0.9830494722240425,-0.2240044748869705,-0.040348461939220384,-0.20044124521989087,-0.24619286082597305,0.006650230312944474,0.012625995946076083,0.04198360980517967,9.774815952143245e-07,9.774815956689303e-07,8.98200090732755e-11
31.770000000000003,-0.9649469668689739,-0.9649469668689739,-0.9822138965116695,-0.982213758486454,-0.22620160464484612,-0.04102970424992457,-0.20289765871744367,-0.24508733599625157,0.007634068189803618,0.01258505116112321,0.042179882328808455,9.851720771045236e-07,9.85172077517546e-07,8.233412368357568e-11
31.78,-0.9629515092001433,-0.9629515092001433,-0.9813229334870367,-0.9813227954839325,-0.22838601062210329,-0.041707712772219366,-0.20534294195869635,-0.24396681694633784,0.008617906066662413,0.012544106376170353,0.042377672915695754,9.926628975823193e-07,9.926628979650577e-07,7.699209951354803e-11
31.790000000000003,-0.9609018857628228,-0.9609018857628228,-0.980376771306142,-0.9803766333329116,-0.23055756994648183,-0.04238244762063704,-0.20777694522510795,-0.2428313486468776,0.009601743943521557,0.01250316159121748,0.04257694143620022,9.999520965420228e-07,9.999520968796486e-07,6.854693589880515e-11
31.8,-0.9587982118477906,-0.9587982118477906,-0.9793754631903585,-0.9793753252547632,-0.23271616046834231,-0.043053869153800356,-0.21019951925501137,-0.24168097750338366,0.010585581820380352,0.012462216806264623,0.0427776473708923,1.0070377362073057e-06,1.0070377365011734e-06,6.022593673187907e-11
31.810000000000002,-0.9566406057861495,-0.9566406057861495,-0.9783190654630041,-0.9783189275728021,-0.23486166076753706,-0.04372193797724518,-0.21261051525800037,-0.24051575136360345,0.011866815239596153,0.012750796371703123,0.042979749815090285,1.0139179018042732e-06,1.0139179020560427e-06,5.209380392933731e-11
31.82,-0.9544291889426717,-0.9544291889426717,-0.9772076375461718,-0.9772074997091204,-0.23699395016023989,-0.04438661494621353,-0.2150097849293863,-0.2393357195245195,0.0131480486588115,0.013039375937141521,0.04318320748352056,1.0205907021720861e-06,1.0205907023891356e-06,4.5348754276611034e-11
31.830000000000002,-0.9521640857089716,-0.9521640857089716,-0.9760412419573894,-0.9760411041812411,-0.23911290870573476,-0.04504786116841617,-0.2173971804647244,-0.23814093273897943,0.014429282078027302,0.013327955502580023,0.04338797871510652,1.0270542704290953e-06,1.0270542706124167e-06,3.868272847194141e-11
31.84,-0.9498454234965087,-0.9498454234965098,-0.9748199443061015,-0.9748198065986062,-0.24121841721316117,-0.04570563800676481,-0.219772554574404,-0.23693144322194415,0.015710515497242648,0.013616535068018422,0.04359402147788846,1.0333067646389749e-06,1.0333067647702878e-06,2.7988705164024636e-11
31.85,-0.9474733327294212,-0.9474733327294212,-0.9735438132899775,-0.9735436756588817,-0.24331035724822375,-0.04635990708207327,-0.2221357604982993,-0.2357073046563513,0.01699174891645845,0.013905114633456922,0.04380129337407811,1.0393463684213455e-06,1.0393463685211762e-06,2.1497373463831514e-11
31.860000000000003,-0.9450479468371905,-0.9450479468371893,-0.972212920691052,-0.9722127831440971,-0.24538861113984406,-0.04701063027572739,-0.22448665202047674,-0.23446857219858794,0.018563174317666478,0.014521596049991661,0.044009751645251616,1.0451712917775025e-06,1.0451712918352438e-06,1.2564079978790969e-11
31.87,-0.942569402247131,-0.942569402247131,-0.970827341371683,-0.9708272039166056,-0.24745306198678874,-0.04765776973232287,-0.22682508348395441,-0.23321530248356348,0.020134599718873946,0.015138077466526184,0.044219353177683,1.0507797716732825e-06,1.0507797717079105e-06,7.61498850247085e-12
31.880000000000003,-0.9400378383767238,-0.9400378383767226,-0.9693871532703401,-0.9693870159148729,-0.24950359366424485,-0.04830128786227106,-0.22915090980551311,-0.2319475536293793,0.021706025120081976,0.015754558883060925,0.044430054507822586,1.0561700728994872e-06,1.056170072888832e-06,2.368546699914803e-12
31.89,-0.937453397625769,-0.937453397625769,-0.9678924373972266,-0.9678923001490949,-0.25154009083034246,-0.048941147344372375,-0.23146398649054756,-0.2306653852415895,0.023277450521289447,0.016371040299595446,0.044641811827922095,1.0613404886616884e-06,1.0613404886260129e-06,8.017581797705159e-12
31.900000000000002,-0.9348162253683773,-0.9348162253683773,-0.9663432778297143,-0.9663431406966385,-0.2535624389326557,-0.049577311128356734,-0.23376416964796135,-0.22936885841704446,0.024848875922497474,0.016987521716130185,0.044854580991810306,1.0662893415031016e-06,1.066289341424706e-06,1.7815521293031684e-11
31.91,-0.932126469944793,-0.932126469944793,-0.9647397617076214,-0.9647396246973156,-0.2555705242146361,-0.05020974243739044,-0.2360513160050985,-0.2280580357473158,0.02670165818044558,0.01792843890097623,0.045068317520822326,1.0710149839221472e-06,1.0710149838206293e-06,2.3332614547659335e-11
31.92,-0.9293842826530493,-0.9293842826530493,-0.9630819792283064,-0.963081842348477,-0.25756423372201614,-0.050838404770549996,-0.23832528292270388,-0.2267329813216945,0.028554440438394346,0.018869356085822606,0.04528297660988422,1.0755157993161402e-06,1.0755157991671545e-06,3.4638589537763244e-11
31.930000000000003,-0.9265898177404585,-0.9265898177404585,-0.9613700236415973,-0.9613698868999434,-0.25954345530916156,-0.05146326190526129,-0.24058592840991552,-0.22539376072975723,0.03040722269634311,0.019810273270668987,0.04549851313375693,1.0797902026057904e-06,1.0797902024359916e-06,3.994178193582696e-11
31.94,-0.9237432323949348,-0.9237432323949348,-0.9596039912445439,-0.9596038546487581,-0.2615080776453801,-0.0520842778997052,-0.2428331111392771,-0.22404044106349816,0.03226000495429122,0.02075119045551503,0.045714881653441446,1.0838366412344036e-06,1.0838366410308512e-06,4.845398336037165e-11
31.950000000000003,-0.9208446867361537,-0.9208446867361537,-0.957783981376003,-0.9577838449337682,-0.2634579902211832,-0.05270141709518798,-0.24506669046177212,-0.22267309091901993,0.03411278721223998,0.02169210764036141,0.04593203642274813,1.0876535958617706e-06,1.0876535956136204e-06,5.978776781003394e-11
31.96,-0.917894343806544,-0.9178943438065454,-0.955910096411051,-0.9559099601300417,-0.26539308335450185,-0.0533146441184771,-0.24728652642187082,-0.2212917803977799,0.03623650931107739,0.022952170414823107,0.046149931395032415,1.0912395812107123e-06,1.0912395809425664e-06,6.54031346090476e-11
31.970000000000002,-0.9148923695621177,-0.9148923695621177,-0.9539824417552201,-0.9539823056431033,-0.2673132481968601,-0.05392392388410153,-0.2494924797725883,-0.21989658110738589,0.038360231409915554,0.024212233189285257,0.04636852023009905,1.0945931470246473e-06,1.094593146721907e-06,7.476765836973536e-11
31.98,-0.9118389328631359,-0.9118389328631359,-0.9520011258385802,-0.952000989903011,-0.2692183767394884,-0.054529221596616835,-0.2516844119905478,-0.2184875661619408,0.04048395350875297,0.025472295963746956,0.046587756301277705,1.0977128787892365e-06,1.0977128784622502e-06,8.178549333282796e-11
31.990000000000002,-0.908734205464605,-0.908734205464605,-0.9499662601096266,-0.9499661243582512,-0.27110836181941117,-0.055130502752834085,-0.25386218529104704,-0.2170648101819298,0.042607675607591135,0.026732358738209106,0.046807592702672,1.1005973987038287e-06,1.1005973983512662e-06,8.932532692438259e-11
32.0,-0.9055783620066238,-0.9055783620066238,-0.9478779590290204,-0.947877823469476,-0.2729830971254651,-0.05572773314401296,-0.2560256626431167,-0.2156283892936454,0.04473139770642855,0.027992421512670805,0.047027982256582404,1.1032453665210662e-06,1.1032453661339925e-06,9.936049800372663e-11
